accountId,accountType,bankName,riskScore,openedAt,homeH3R8
ACC-00000001,VICTIM,ICICI-Sim,0.195,2024-06-06T00:00:00+00:00,8860b19695fffff
ACC-00000002,VICTIM,SBI-Sim,0.158,2021-10-03T00:00:00+00:00,883d8dcdd5fffff
ACC-00000003,VICTIM,Axis-Sim,0.081,2021-07-12T00:00:00+00:00,8860b19695fffff
ACC-00000004,VICTIM,SBI-Sim,0.054,2025-05-14T00:00:00+00:00,8842ceb4a1fffff
ACC-00000005,VICTIM,Axis-Sim,0.044,2023-11-05T00:00:00+00:00,8860b52c97fffff
ACC-00000006,VICTIM,SBI-Sim,0.126,2024-11-30T00:00:00+00:00,88608b0961fffff
ACC-00000007,VICTIM,ICICI-Sim,0.096,2022-01-28T00:00:00+00:00,88618921d1fffff
ACC-00000008,VICTIM,ICICI-Sim,0.171,2025-11-10T00:00:00+00:00,883d8dcdd5fffff
ACC-00000009,VICTIM,ICICI-Sim,0.068,2023-11-13T00:00:00+00:00,883d8dcd5dfffff
ACC-00000010,VICTIM,ICICI-Sim,0.123,2022-07-29T00:00:00+00:00,88608b0a6bfffff
ACC-00000011,VICTIM,SBI-Sim,0.177,2026-02-03T00:00:00+00:00,8860b52c97fffff
ACC-00000012,VICTIM,HDFC-Sim,0.153,2021-09-17T00:00:00+00:00,883d8dcf1dfffff
ACC-00000013,VICTIM,BOI-Sim,0.129,2022-09-19T00:00:00+00:00,883da115a5fffff
ACC-00000014,VICTIM,PNB-Sim,0.053,2024-04-09T00:00:00+00:00,8860a259bbfffff
ACC-00000015,VICTIM,Axis-Sim,0.09,2021-09-12T00:00:00+00:00,88608b4733fffff
ACC-00000016,VICTIM,PNB-Sim,0.16,2024-11-17T00:00:00+00:00,883da115a5fffff
ACC-00000017,VICTIM,Axis-Sim,0.164,2024-02-09T00:00:00+00:00,88608b0a6bfffff
ACC-00000018,VICTIM,BOI-Sim,0.096,2021-08-12T00:00:00+00:00,883da11233fffff
ACC-00000019,VICTIM,BOI-Sim,0.134,2023-03-03T00:00:00+00:00,88618c4f2bfffff
ACC-00000020,VICTIM,HDFC-Sim,0.007,2025-06-13T00:00:00+00:00,883d8dcc0dfffff
ACC-00000021,VICTIM,ICICI-Sim,0.182,2023-05-28T00:00:00+00:00,8860a259bbfffff
ACC-00000022,VICTIM,ICICI-Sim,0.183,2023-04-12T00:00:00+00:00,88608b0961fffff
ACC-00000023,VICTIM,HDFC-Sim,0.09,2021-11-05T00:00:00+00:00,883da11233fffff
ACC-00000024,VICTIM,Axis-Sim,0.066,2021-11-25T00:00:00+00:00,8860b19695fffff
ACC-00000025,VICTIM,BOI-Sim,0.101,2022-06-07T00:00:00+00:00,8842ceb559fffff
ACC-00000026,VICTIM,BOI-Sim,0.138,2024-09-25T00:00:00+00:00,88608b56d7fffff
ACC-00000027,VICTIM,SBI-Sim,0.101,2025-12-28T00:00:00+00:00,883d8dcd5dfffff
ACC-00000028,VICTIM,ICICI-Sim,0.08,2021-07-01T00:00:00+00:00,88608b56d7fffff
ACC-00000029,VICTIM,Axis-Sim,0.192,2022-09-03T00:00:00+00:00,8860145943fffff
ACC-00000030,VICTIM,PNB-Sim,0.13,2024-05-15T00:00:00+00:00,883da11623fffff
ACC-00000031,VICTIM,SBI-Sim,0.163,2021-11-28T00:00:00+00:00,883da11409fffff
ACC-00000032,VICTIM,Axis-Sim,0.103,2023-06-06T00:00:00+00:00,8842cea623fffff
ACC-00000033,VICTIM,Axis-Sim,0.149,2024-08-08T00:00:00+00:00,88618c45b9fffff
ACC-00000034,VICTIM,ICICI-Sim,0.098,2024-04-17T00:00:00+00:00,883d8dcd5dfffff
ACC-00000035,VICTIM,Axis-Sim,0.001,2023-11-10T00:00:00+00:00,88608b56d7fffff
ACC-00000036,VICTIM,ICICI-Sim,0.061,2022-07-19T00:00:00+00:00,883da11233fffff
ACC-00000037,VICTIM,PNB-Sim,0.018,2023-07-02T00:00:00+00:00,88618c4d05fffff
ACC-00000038,VICTIM,HDFC-Sim,0.166,2024-03-08T00:00:00+00:00,88618c4d05fffff
ACC-00000039,VICTIM,SBI-Sim,0.08,2024-10-30T00:00:00+00:00,8860b52c97fffff
ACC-00000040,VICTIM,HDFC-Sim,0.009,2021-07-31T00:00:00+00:00,8842ceb559fffff
ACC-00000041,VICTIM,Axis-Sim,0.082,2024-03-19T00:00:00+00:00,8860b52c97fffff
ACC-00000042,VICTIM,ICICI-Sim,0.092,2023-07-19T00:00:00+00:00,8861892ecbfffff
ACC-00000043,VICTIM,ICICI-Sim,0.178,2022-10-16T00:00:00+00:00,883da11623fffff
ACC-00000044,VICTIM,BOI-Sim,0.018,2022-11-27T00:00:00+00:00,88618921d1fffff
ACC-00000045,VICTIM,PNB-Sim,0.066,2024-12-17T00:00:00+00:00,88608b0a6bfffff
ACC-00000046,VICTIM,SBI-Sim,0.182,2022-08-01T00:00:00+00:00,883da11233fffff
ACC-00000047,VICTIM,Axis-Sim,0.134,2025-01-26T00:00:00+00:00,883da11233fffff
ACC-00000048,VICTIM,BOI-Sim,0.143,2025-11-13T00:00:00+00:00,88618c4d05fffff
ACC-00000049,VICTIM,SBI-Sim,0.121,2023-08-22T00:00:00+00:00,8842ceb559fffff
ACC-00000050,VICTIM,ICICI-Sim,0.131,2022-11-27T00:00:00+00:00,88608b56d7fffff
ACC-00000051,VICTIM,ICICI-Sim,0.041,2022-09-12T00:00:00+00:00,88608b4733fffff
ACC-00000052,VICTIM,ICICI-Sim,0.006,2021-07-26T00:00:00+00:00,883da11409fffff
ACC-00000053,VICTIM,HDFC-Sim,0.034,2026-03-15T00:00:00+00:00,8860145943fffff
ACC-00000054,VICTIM,HDFC-Sim,0.147,2021-07-27T00:00:00+00:00,883da11409fffff
ACC-00000055,VICTIM,SBI-Sim,0.038,2022-01-21T00:00:00+00:00,88608b56d7fffff
ACC-00000056,VICTIM,ICICI-Sim,0.121,2022-05-06T00:00:00+00:00,883d8dcc0dfffff
ACC-00000057,VICTIM,ICICI-Sim,0.011,2021-12-15T00:00:00+00:00,88608b0961fffff
ACC-00000058,VICTIM,ICICI-Sim,0.191,2022-11-18T00:00:00+00:00,88608b0a6bfffff
ACC-00000059,VICTIM,SBI-Sim,0.115,2022-02-22T00:00:00+00:00,883d8dcdd5fffff
ACC-00000060,VICTIM,SBI-Sim,0.062,2024-04-26T00:00:00+00:00,8842ceb5d9fffff
ACC-00000061,VICTIM,BOI-Sim,0.021,2023-01-23T00:00:00+00:00,8860b52c97fffff
ACC-00000062,VICTIM,BOI-Sim,0.002,2022-05-24T00:00:00+00:00,883da115a5fffff
ACC-00000063,VICTIM,PNB-Sim,0.108,2022-03-30T00:00:00+00:00,88608b4733fffff
ACC-00000064,VICTIM,SBI-Sim,0.047,2022-05-25T00:00:00+00:00,883d8dcf1dfffff
ACC-00000065,VICTIM,BOI-Sim,0.0,2024-07-25T00:00:00+00:00,8842cea623fffff
ACC-00000066,VICTIM,SBI-Sim,0.044,2025-07-31T00:00:00+00:00,883da11233fffff
ACC-00000067,VICTIM,PNB-Sim,0.1,2022-07-02T00:00:00+00:00,88608b4733fffff
ACC-00000068,VICTIM,SBI-Sim,0.094,2025-05-12T00:00:00+00:00,88618c4f2bfffff
ACC-00000069,VICTIM,PNB-Sim,0.162,2024-05-02T00:00:00+00:00,8860a259bbfffff
ACC-00000070,VICTIM,PNB-Sim,0.192,2023-09-27T00:00:00+00:00,88618921d1fffff
ACC-00000071,VICTIM,HDFC-Sim,0.042,2023-11-21T00:00:00+00:00,883da11409fffff
ACC-00000072,VICTIM,ICICI-Sim,0.111,2026-04-12T00:00:00+00:00,8842ceb559fffff
ACC-00000073,VICTIM,PNB-Sim,0.104,2024-12-21T00:00:00+00:00,883d8dcdd5fffff
ACC-00000074,VICTIM,ICICI-Sim,0.007,2022-09-13T00:00:00+00:00,88618c4e63fffff
ACC-00000075,VICTIM,ICICI-Sim,0.017,2023-11-25T00:00:00+00:00,88618c4d05fffff
ACC-00000076,VICTIM,PNB-Sim,0.158,2021-10-02T00:00:00+00:00,8842cea623fffff
ACC-00000077,VICTIM,HDFC-Sim,0.084,2026-01-21T00:00:00+00:00,88618c4d05fffff
ACC-00000078,VICTIM,Axis-Sim,0.13,2025-05-04T00:00:00+00:00,88618925c5fffff
ACC-00000079,VICTIM,SBI-Sim,0.196,2023-09-13T00:00:00+00:00,88618c4f2bfffff
ACC-00000080,VICTIM,SBI-Sim,0.115,2025-01-04T00:00:00+00:00,88618c45b9fffff
ACC-00000081,VICTIM,ICICI-Sim,0.174,2025-07-09T00:00:00+00:00,88608b0961fffff
ACC-00000082,VICTIM,SBI-Sim,0.098,2022-10-21T00:00:00+00:00,883da11623fffff
ACC-00000083,VICTIM,BOI-Sim,0.195,2022-01-30T00:00:00+00:00,8861892ecbfffff
ACC-00000084,VICTIM,PNB-Sim,0.115,2022-07-13T00:00:00+00:00,8842cea623fffff
ACC-00000085,VICTIM,PNB-Sim,0.031,2026-01-31T00:00:00+00:00,88618c4e63fffff
ACC-00000086,VICTIM,HDFC-Sim,0.024,2024-11-02T00:00:00+00:00,88618c4e63fffff
ACC-00000087,VICTIM,SBI-Sim,0.051,2024-08-02T00:00:00+00:00,883da11233fffff
ACC-00000088,VICTIM,BOI-Sim,0.137,2021-11-09T00:00:00+00:00,8842ceb559fffff
ACC-00000089,VICTIM,HDFC-Sim,0.167,2023-01-31T00:00:00+00:00,8842ceb4a1fffff
ACC-00000090,VICTIM,ICICI-Sim,0.135,2025-03-22T00:00:00+00:00,883da11233fffff
ACC-00000091,VICTIM,PNB-Sim,0.161,2024-07-06T00:00:00+00:00,883d8dcf1dfffff
ACC-00000092,VICTIM,ICICI-Sim,0.107,2024-10-06T00:00:00+00:00,8860a259bbfffff
ACC-00000093,VICTIM,SBI-Sim,0.199,2023-05-16T00:00:00+00:00,88618c4d05fffff
ACC-00000094,VICTIM,Axis-Sim,0.159,2022-11-02T00:00:00+00:00,8860b19695fffff
ACC-00000095,VICTIM,HDFC-Sim,0.023,2023-05-10T00:00:00+00:00,8860a259bbfffff
ACC-00000096,VICTIM,BOI-Sim,0.129,2025-09-11T00:00:00+00:00,883d8dcd5dfffff
ACC-00000097,VICTIM,ICICI-Sim,0.088,2023-06-18T00:00:00+00:00,88618921d1fffff
ACC-00000098,VICTIM,BOI-Sim,0.176,2022-10-10T00:00:00+00:00,88608b0961fffff
ACC-00000099,VICTIM,ICICI-Sim,0.024,2023-11-24T00:00:00+00:00,883da11623fffff
ACC-00000100,VICTIM,ICICI-Sim,0.175,2023-10-26T00:00:00+00:00,883d8dcf1dfffff
ACC-00000101,VICTIM,SBI-Sim,0.107,2024-12-13T00:00:00+00:00,88618c4d05fffff
ACC-00000102,VICTIM,PNB-Sim,0.068,2024-01-31T00:00:00+00:00,8860b19695fffff
ACC-00000103,VICTIM,BOI-Sim,0.022,2022-08-04T00:00:00+00:00,883da11623fffff
ACC-00000104,VICTIM,SBI-Sim,0.046,2022-03-14T00:00:00+00:00,88618c4f2bfffff
ACC-00000105,VICTIM,Axis-Sim,0.1,2025-04-05T00:00:00+00:00,8860b52e9bfffff
ACC-00000106,VICTIM,HDFC-Sim,0.091,2023-02-10T00:00:00+00:00,8842ceb559fffff
ACC-00000107,VICTIM,PNB-Sim,0.074,2023-09-29T00:00:00+00:00,88618c45b9fffff
ACC-00000108,VICTIM,ICICI-Sim,0.065,2021-12-08T00:00:00+00:00,88608b0a6bfffff
ACC-00000109,VICTIM,PNB-Sim,0.195,2022-01-12T00:00:00+00:00,8842ceb559fffff
ACC-00000110,VICTIM,ICICI-Sim,0.083,2026-02-05T00:00:00+00:00,88608b56d7fffff
ACC-00000111,VICTIM,PNB-Sim,0.136,2025-10-22T00:00:00+00:00,883d8dcd5dfffff
ACC-00000112,VICTIM,Axis-Sim,0.081,2025-08-04T00:00:00+00:00,88618925c5fffff
ACC-00000113,VICTIM,PNB-Sim,0.076,2022-02-20T00:00:00+00:00,883d8dcd5dfffff
ACC-00000114,VICTIM,PNB-Sim,0.022,2022-04-30T00:00:00+00:00,883da11409fffff
ACC-00000115,VICTIM,PNB-Sim,0.017,2022-05-01T00:00:00+00:00,883da11233fffff
ACC-00000116,VICTIM,PNB-Sim,0.084,2026-03-02T00:00:00+00:00,88608b4733fffff
ACC-00000117,VICTIM,SBI-Sim,0.117,2025-07-21T00:00:00+00:00,883da11623fffff
ACC-00000118,VICTIM,HDFC-Sim,0.052,2021-08-13T00:00:00+00:00,88618c4f2bfffff
ACC-00000119,VICTIM,BOI-Sim,0.047,2022-09-21T00:00:00+00:00,88618c4e63fffff
ACC-00000120,VICTIM,ICICI-Sim,0.166,2023-10-19T00:00:00+00:00,8842ceb5d9fffff
ACC-00000121,VICTIM,HDFC-Sim,0.03,2025-07-13T00:00:00+00:00,883da11233fffff
ACC-00000122,VICTIM,ICICI-Sim,0.06,2021-07-08T00:00:00+00:00,88618c4f2bfffff
ACC-00000123,VICTIM,BOI-Sim,0.131,2022-11-10T00:00:00+00:00,883da11623fffff
ACC-00000124,VICTIM,PNB-Sim,0.077,2024-12-26T00:00:00+00:00,88608b0961fffff
ACC-00000125,VICTIM,PNB-Sim,0.133,2025-05-15T00:00:00+00:00,8860b52c97fffff
ACC-00000126,VICTIM,HDFC-Sim,0.083,2024-06-13T00:00:00+00:00,88608b56d7fffff
ACC-00000127,VICTIM,Axis-Sim,0.194,2026-03-27T00:00:00+00:00,8860b52e9bfffff
ACC-00000128,VICTIM,PNB-Sim,0.084,2025-12-11T00:00:00+00:00,8861892ecbfffff
ACC-00000129,VICTIM,HDFC-Sim,0.06,2022-12-30T00:00:00+00:00,88608b4733fffff
ACC-00000130,VICTIM,PNB-Sim,0.123,2022-08-26T00:00:00+00:00,8860b19695fffff
ACC-00000131,VICTIM,BOI-Sim,0.088,2022-07-16T00:00:00+00:00,883da115a5fffff
ACC-00000132,VICTIM,SBI-Sim,0.075,2025-08-03T00:00:00+00:00,88608b4733fffff
ACC-00000133,VICTIM,HDFC-Sim,0.172,2025-11-04T00:00:00+00:00,88618c4e63fffff
ACC-00000134,VICTIM,PNB-Sim,0.011,2022-04-11T00:00:00+00:00,88608b56d7fffff
ACC-00000135,VICTIM,SBI-Sim,0.151,2022-04-24T00:00:00+00:00,883d8dcf1dfffff
ACC-00000136,VICTIM,Axis-Sim,0.122,2023-04-28T00:00:00+00:00,883d8dcdd5fffff
ACC-00000137,VICTIM,BOI-Sim,0.041,2025-06-12T00:00:00+00:00,88608b56d7fffff
ACC-00000138,VICTIM,SBI-Sim,0.005,2026-01-04T00:00:00+00:00,883d8dcd5dfffff
ACC-00000139,VICTIM,SBI-Sim,0.186,2022-01-06T00:00:00+00:00,88618c45b9fffff
ACC-00000140,VICTIM,HDFC-Sim,0.177,2023-03-24T00:00:00+00:00,88618921d1fffff
ACC-00000141,VICTIM,BOI-Sim,0.049,2022-02-09T00:00:00+00:00,8860b52e9bfffff
ACC-00000142,VICTIM,Axis-Sim,0.051,2023-12-10T00:00:00+00:00,8842cea623fffff
ACC-00000143,VICTIM,BOI-Sim,0.185,2026-01-31T00:00:00+00:00,883da11233fffff
ACC-00000144,VICTIM,HDFC-Sim,0.14,2021-07-22T00:00:00+00:00,8860b52c97fffff
ACC-00000145,VICTIM,SBI-Sim,0.073,2021-09-11T00:00:00+00:00,883da11409fffff
ACC-00000146,VICTIM,BOI-Sim,0.065,2023-12-06T00:00:00+00:00,88618c4f2bfffff
ACC-00000147,VICTIM,Axis-Sim,0.094,2023-07-29T00:00:00+00:00,88618c45b9fffff
ACC-00000148,VICTIM,HDFC-Sim,0.134,2023-08-19T00:00:00+00:00,8860b52e9bfffff
ACC-00000149,VICTIM,PNB-Sim,0.143,2024-07-10T00:00:00+00:00,88618925c5fffff
ACC-00000150,VICTIM,ICICI-Sim,0.139,2022-08-14T00:00:00+00:00,8860b52c97fffff
ACC-00000151,VICTIM,SBI-Sim,0.064,2024-02-11T00:00:00+00:00,88608b56d7fffff
ACC-00000152,VICTIM,ICICI-Sim,0.187,2025-09-15T00:00:00+00:00,88618c4f2bfffff
ACC-00000153,VICTIM,HDFC-Sim,0.197,2021-10-11T00:00:00+00:00,883d8dcd5dfffff
ACC-00000154,VICTIM,HDFC-Sim,0.078,2022-04-23T00:00:00+00:00,88618925c5fffff
ACC-00000155,VICTIM,BOI-Sim,0.049,2025-10-26T00:00:00+00:00,88618c4f2bfffff
ACC-00000156,VICTIM,BOI-Sim,0.103,2022-08-09T00:00:00+00:00,883d8dcd5dfffff
ACC-00000157,VICTIM,ICICI-Sim,0.19,2024-01-29T00:00:00+00:00,8842ceb5d9fffff
ACC-00000158,VICTIM,ICICI-Sim,0.064,2023-01-22T00:00:00+00:00,8860145943fffff
ACC-00000159,VICTIM,SBI-Sim,0.138,2023-06-18T00:00:00+00:00,88618921d1fffff
ACC-00000160,VICTIM,Axis-Sim,0.199,2024-07-22T00:00:00+00:00,8860b19695fffff
ACC-00000161,VICTIM,BOI-Sim,0.196,2025-04-18T00:00:00+00:00,883da11233fffff
ACC-00000162,VICTIM,HDFC-Sim,0.015,2025-09-17T00:00:00+00:00,88608b0961fffff
ACC-00000163,VICTIM,Axis-Sim,0.179,2023-05-25T00:00:00+00:00,88608b0961fffff
ACC-00000164,VICTIM,ICICI-Sim,0.07,2025-08-19T00:00:00+00:00,8842ceb4a1fffff
ACC-00000165,VICTIM,ICICI-Sim,0.073,2025-07-28T00:00:00+00:00,8860145943fffff
ACC-00000166,VICTIM,HDFC-Sim,0.082,2026-03-02T00:00:00+00:00,88618c4e63fffff
ACC-00000167,VICTIM,PNB-Sim,0.02,2021-06-30T00:00:00+00:00,8842ceb4a1fffff
ACC-00000168,VICTIM,SBI-Sim,0.163,2024-01-10T00:00:00+00:00,883da115a5fffff
ACC-00000169,VICTIM,BOI-Sim,0.065,2024-11-29T00:00:00+00:00,8861892ecbfffff
ACC-00000170,VICTIM,Axis-Sim,0.059,2023-01-19T00:00:00+00:00,883da115a5fffff
ACC-00000171,VICTIM,SBI-Sim,0.031,2022-12-23T00:00:00+00:00,883da11623fffff
ACC-00000172,VICTIM,Axis-Sim,0.162,2025-08-13T00:00:00+00:00,88618c4d05fffff
ACC-00000173,VICTIM,Axis-Sim,0.017,2026-02-05T00:00:00+00:00,883da11409fffff
ACC-00000174,VICTIM,ICICI-Sim,0.13,2024-07-23T00:00:00+00:00,8842ceb559fffff
ACC-00000175,VICTIM,PNB-Sim,0.115,2022-11-11T00:00:00+00:00,883d8dcd5dfffff
ACC-00000176,VICTIM,HDFC-Sim,0.018,2024-07-27T00:00:00+00:00,8860b52e9bfffff
ACC-00000177,VICTIM,SBI-Sim,0.108,2022-09-19T00:00:00+00:00,883da115a5fffff
ACC-00000178,VICTIM,ICICI-Sim,0.134,2024-08-02T00:00:00+00:00,883d8dcd5dfffff
ACC-00000179,VICTIM,HDFC-Sim,0.172,2024-04-14T00:00:00+00:00,883da11623fffff
ACC-00000180,VICTIM,PNB-Sim,0.037,2023-09-17T00:00:00+00:00,8842ceb4a1fffff
ACC-00000181,VICTIM,SBI-Sim,0.11,2023-06-09T00:00:00+00:00,883d8dcf1dfffff
ACC-00000182,VICTIM,ICICI-Sim,0.183,2023-06-14T00:00:00+00:00,88608b0a6bfffff
ACC-00000183,VICTIM,PNB-Sim,0.115,2025-10-09T00:00:00+00:00,883d8dcd5dfffff
ACC-00000184,VICTIM,SBI-Sim,0.028,2022-09-10T00:00:00+00:00,88618925c5fffff
ACC-00000185,VICTIM,SBI-Sim,0.127,2023-03-07T00:00:00+00:00,88618c4f2bfffff
ACC-00000186,VICTIM,BOI-Sim,0.106,2026-03-19T00:00:00+00:00,88608b56d7fffff
ACC-00000187,VICTIM,PNB-Sim,0.071,2024-10-28T00:00:00+00:00,88618c45b9fffff
ACC-00000188,VICTIM,SBI-Sim,0.171,2025-02-17T00:00:00+00:00,883d8dcdd5fffff
ACC-00000189,VICTIM,PNB-Sim,0.112,2025-09-11T00:00:00+00:00,883da11623fffff
ACC-00000190,VICTIM,ICICI-Sim,0.126,2024-07-24T00:00:00+00:00,8860b52c97fffff
ACC-00000191,VICTIM,SBI-Sim,0.1,2022-04-30T00:00:00+00:00,88608b0961fffff
ACC-00000192,VICTIM,ICICI-Sim,0.065,2021-07-01T00:00:00+00:00,8860145943fffff
ACC-00000193,VICTIM,PNB-Sim,0.095,2025-08-17T00:00:00+00:00,88618c4f2bfffff
ACC-00000194,VICTIM,ICICI-Sim,0.003,2024-02-22T00:00:00+00:00,8842ceb5d9fffff
ACC-00000195,VICTIM,ICICI-Sim,0.191,2024-07-16T00:00:00+00:00,8860b52c97fffff
ACC-00000196,VICTIM,SBI-Sim,0.094,2022-04-15T00:00:00+00:00,88608b56d7fffff
ACC-00000197,VICTIM,ICICI-Sim,0.066,2022-07-30T00:00:00+00:00,88618c45b9fffff
ACC-00000198,VICTIM,SBI-Sim,0.113,2022-03-28T00:00:00+00:00,8861892ecbfffff
ACC-00000199,VICTIM,PNB-Sim,0.111,2026-03-11T00:00:00+00:00,883d8dcc0dfffff
ACC-00000200,VICTIM,BOI-Sim,0.006,2022-06-26T00:00:00+00:00,883da11409fffff
ACC-00000201,VICTIM,HDFC-Sim,0.067,2023-07-16T00:00:00+00:00,8860b19695fffff
ACC-00000202,VICTIM,BOI-Sim,0.088,2025-05-29T00:00:00+00:00,8860b52e9bfffff
ACC-00000203,VICTIM,BOI-Sim,0.151,2025-11-18T00:00:00+00:00,88618c45b9fffff
ACC-00000204,VICTIM,HDFC-Sim,0.092,2025-04-23T00:00:00+00:00,88618925c5fffff
ACC-00000205,VICTIM,HDFC-Sim,0.078,2022-11-21T00:00:00+00:00,8860145943fffff
ACC-00000206,VICTIM,BOI-Sim,0.132,2024-03-04T00:00:00+00:00,8860b52e9bfffff
ACC-00000207,VICTIM,HDFC-Sim,0.158,2024-07-29T00:00:00+00:00,88618c45b9fffff
ACC-00000208,VICTIM,PNB-Sim,0.07,2022-10-18T00:00:00+00:00,883d8dcdd5fffff
ACC-00000209,VICTIM,PNB-Sim,0.174,2024-02-10T00:00:00+00:00,8861892ecbfffff
ACC-00000210,VICTIM,ICICI-Sim,0.08,2022-06-22T00:00:00+00:00,88608b0a6bfffff
ACC-00000211,VICTIM,Axis-Sim,0.091,2025-12-24T00:00:00+00:00,8860b52e9bfffff
ACC-00000212,VICTIM,ICICI-Sim,0.11,2023-05-15T00:00:00+00:00,88618921d1fffff
ACC-00000213,VICTIM,ICICI-Sim,0.161,2024-05-13T00:00:00+00:00,8860b52e9bfffff
ACC-00000214,VICTIM,ICICI-Sim,0.133,2026-04-11T00:00:00+00:00,88618925c5fffff
ACC-00000215,VICTIM,BOI-Sim,0.197,2022-11-23T00:00:00+00:00,883d8dcc0dfffff
ACC-00000216,VICTIM,BOI-Sim,0.031,2022-03-19T00:00:00+00:00,8842ceb4a1fffff
ACC-00000217,VICTIM,Axis-Sim,0.137,2024-10-10T00:00:00+00:00,88618c4e63fffff
ACC-00000218,VICTIM,Axis-Sim,0.07,2023-08-07T00:00:00+00:00,88608b0961fffff
ACC-00000219,VICTIM,PNB-Sim,0.068,2023-08-10T00:00:00+00:00,88618925c5fffff
ACC-00000220,VICTIM,PNB-Sim,0.079,2025-08-28T00:00:00+00:00,8842ceb5d9fffff
ACC-00000221,VICTIM,SBI-Sim,0.054,2021-09-09T00:00:00+00:00,8860b52c97fffff
ACC-00000222,VICTIM,Axis-Sim,0.036,2025-03-22T00:00:00+00:00,88618c4d05fffff
ACC-00000223,VICTIM,SBI-Sim,0.135,2025-05-26T00:00:00+00:00,88618921d1fffff
ACC-00000224,VICTIM,PNB-Sim,0.002,2025-03-08T00:00:00+00:00,883d8dcdd5fffff
ACC-00000225,VICTIM,SBI-Sim,0.027,2025-02-27T00:00:00+00:00,8842ceb5d9fffff
ACC-00000226,VICTIM,PNB-Sim,0.021,2025-01-17T00:00:00+00:00,883da11233fffff
ACC-00000227,VICTIM,Axis-Sim,0.105,2022-07-20T00:00:00+00:00,8842ceb559fffff
ACC-00000228,VICTIM,Axis-Sim,0.058,2025-09-17T00:00:00+00:00,883da115a5fffff
ACC-00000229,VICTIM,ICICI-Sim,0.2,2025-04-01T00:00:00+00:00,88618c4d05fffff
ACC-00000230,VICTIM,Axis-Sim,0.148,2023-12-21T00:00:00+00:00,883da115a5fffff
ACC-00000231,VICTIM,Axis-Sim,0.171,2025-11-21T00:00:00+00:00,883da115a5fffff
ACC-00000232,VICTIM,SBI-Sim,0.076,2021-09-08T00:00:00+00:00,8860a259bbfffff
ACC-00000233,VICTIM,Axis-Sim,0.146,2022-12-06T00:00:00+00:00,88608b56d7fffff
ACC-00000234,VICTIM,ICICI-Sim,0.069,2025-08-10T00:00:00+00:00,8842cea623fffff
ACC-00000235,VICTIM,HDFC-Sim,0.0,2022-05-16T00:00:00+00:00,88618c45b9fffff
ACC-00000236,VICTIM,PNB-Sim,0.109,2022-03-29T00:00:00+00:00,8860b52e9bfffff
ACC-00000237,VICTIM,BOI-Sim,0.144,2026-04-15T00:00:00+00:00,88618c4f2bfffff
ACC-00000238,VICTIM,ICICI-Sim,0.108,2024-04-01T00:00:00+00:00,88618c4f2bfffff
ACC-00000239,VICTIM,BOI-Sim,0.085,2026-01-16T00:00:00+00:00,8842cea623fffff
ACC-00000240,VICTIM,PNB-Sim,0.141,2024-09-27T00:00:00+00:00,883d8dcd5dfffff
ACC-00000241,VICTIM,SBI-Sim,0.111,2023-07-17T00:00:00+00:00,883da11233fffff
ACC-00000242,VICTIM,BOI-Sim,0.125,2023-03-22T00:00:00+00:00,883d8dcdd5fffff
ACC-00000243,VICTIM,Axis-Sim,0.022,2024-03-06T00:00:00+00:00,8860b19695fffff
ACC-00000244,VICTIM,BOI-Sim,0.186,2023-06-05T00:00:00+00:00,88618925c5fffff
ACC-00000245,VICTIM,HDFC-Sim,0.174,2022-11-09T00:00:00+00:00,8860b52c97fffff
ACC-00000246,VICTIM,ICICI-Sim,0.172,2023-06-21T00:00:00+00:00,8860145943fffff
ACC-00000247,VICTIM,PNB-Sim,0.12,2022-12-16T00:00:00+00:00,88618c4e63fffff
ACC-00000248,VICTIM,PNB-Sim,0.068,2021-06-30T00:00:00+00:00,883d8dcdd5fffff
ACC-00000249,VICTIM,BOI-Sim,0.08,2023-10-22T00:00:00+00:00,8860b52e9bfffff
ACC-00000250,VICTIM,HDFC-Sim,0.101,2024-03-28T00:00:00+00:00,88618c45b9fffff
ACC-00000251,VICTIM,HDFC-Sim,0.071,2024-03-14T00:00:00+00:00,8861892ecbfffff
ACC-00000252,VICTIM,PNB-Sim,0.15,2026-02-16T00:00:00+00:00,88618c4d05fffff
ACC-00000253,VICTIM,SBI-Sim,0.017,2022-07-30T00:00:00+00:00,883d8dcf1dfffff
ACC-00000254,VICTIM,ICICI-Sim,0.132,2024-07-28T00:00:00+00:00,88608b56d7fffff
ACC-00000255,VICTIM,SBI-Sim,0.083,2023-01-23T00:00:00+00:00,8842ceb4a1fffff
ACC-00000256,VICTIM,HDFC-Sim,0.03,2022-09-23T00:00:00+00:00,8860a259bbfffff
ACC-00000257,VICTIM,BOI-Sim,0.074,2024-11-18T00:00:00+00:00,88618c45b9fffff
ACC-00000258,VICTIM,SBI-Sim,0.146,2024-05-24T00:00:00+00:00,8860b52c97fffff
ACC-00000259,VICTIM,BOI-Sim,0.076,2022-09-08T00:00:00+00:00,88608b56d7fffff
ACC-00000260,VICTIM,Axis-Sim,0.164,2026-03-07T00:00:00+00:00,883d8dcf1dfffff
ACC-00000261,VICTIM,Axis-Sim,0.152,2024-09-05T00:00:00+00:00,8842ceb559fffff
ACC-00000262,VICTIM,PNB-Sim,0.183,2025-12-21T00:00:00+00:00,88618921d1fffff
ACC-00000263,VICTIM,BOI-Sim,0.164,2023-04-10T00:00:00+00:00,88618c4f2bfffff
ACC-00000264,VICTIM,BOI-Sim,0.176,2026-03-30T00:00:00+00:00,8860b19695fffff
ACC-00000265,VICTIM,Axis-Sim,0.094,2024-08-22T00:00:00+00:00,88608b56d7fffff
ACC-00000266,VICTIM,SBI-Sim,0.118,2026-05-01T00:00:00+00:00,8860b19695fffff
ACC-00000267,VICTIM,BOI-Sim,0.005,2023-01-25T00:00:00+00:00,88618c4d05fffff
ACC-00000268,VICTIM,Axis-Sim,0.048,2024-11-16T00:00:00+00:00,8842ceb559fffff
ACC-00000269,VICTIM,BOI-Sim,0.064,2021-11-14T00:00:00+00:00,883d8dcdd5fffff
ACC-00000270,VICTIM,BOI-Sim,0.126,2026-01-19T00:00:00+00:00,883d8dcc0dfffff
ACC-00000271,VICTIM,Axis-Sim,0.018,2024-08-17T00:00:00+00:00,88608b4733fffff
ACC-00000272,VICTIM,SBI-Sim,0.172,2022-02-14T00:00:00+00:00,883d8dcdd5fffff
ACC-00000273,VICTIM,SBI-Sim,0.105,2025-08-20T00:00:00+00:00,883d8dcf1dfffff
ACC-00000274,VICTIM,PNB-Sim,0.038,2023-07-01T00:00:00+00:00,88618c45b9fffff
ACC-00000275,VICTIM,PNB-Sim,0.079,2026-03-31T00:00:00+00:00,883da11623fffff
ACC-00000276,VICTIM,Axis-Sim,0.007,2021-07-14T00:00:00+00:00,8860b52c97fffff
ACC-00000277,VICTIM,SBI-Sim,0.175,2021-10-26T00:00:00+00:00,8860b52e9bfffff
ACC-00000278,VICTIM,PNB-Sim,0.153,2024-06-10T00:00:00+00:00,883da11623fffff
ACC-00000279,VICTIM,SBI-Sim,0.033,2024-11-09T00:00:00+00:00,88618c4d05fffff
ACC-00000280,VICTIM,PNB-Sim,0.186,2021-10-21T00:00:00+00:00,8860a259bbfffff
ACC-00000281,VICTIM,ICICI-Sim,0.147,2023-10-10T00:00:00+00:00,883da11623fffff
ACC-00000282,VICTIM,PNB-Sim,0.001,2023-05-30T00:00:00+00:00,88608b4733fffff
ACC-00000283,VICTIM,BOI-Sim,0.012,2023-11-24T00:00:00+00:00,883da11233fffff
ACC-00000284,VICTIM,Axis-Sim,0.144,2022-07-25T00:00:00+00:00,8860b52e9bfffff
ACC-00000285,VICTIM,PNB-Sim,0.12,2021-09-15T00:00:00+00:00,88608b56d7fffff
ACC-00000286,VICTIM,PNB-Sim,0.135,2022-10-13T00:00:00+00:00,8842ceb5d9fffff
ACC-00000287,VICTIM,SBI-Sim,0.093,2024-01-09T00:00:00+00:00,883d8dcdd5fffff
ACC-00000288,VICTIM,HDFC-Sim,0.083,2025-03-22T00:00:00+00:00,88608b56d7fffff
ACC-00000289,VICTIM,BOI-Sim,0.117,2024-04-01T00:00:00+00:00,8842ceb559fffff
ACC-00000290,VICTIM,BOI-Sim,0.039,2022-03-15T00:00:00+00:00,8860b52c97fffff
ACC-00000291,VICTIM,PNB-Sim,0.065,2021-09-18T00:00:00+00:00,8842ceb4a1fffff
ACC-00000292,VICTIM,ICICI-Sim,0.012,2022-02-22T00:00:00+00:00,8842ceb5d9fffff
ACC-00000293,VICTIM,BOI-Sim,0.14,2024-09-10T00:00:00+00:00,88618925c5fffff
ACC-00000294,VICTIM,SBI-Sim,0.031,2023-12-08T00:00:00+00:00,88618921d1fffff
ACC-00000295,VICTIM,PNB-Sim,0.062,2023-12-17T00:00:00+00:00,883da11233fffff
ACC-00000296,VICTIM,ICICI-Sim,0.006,2024-08-06T00:00:00+00:00,88618925c5fffff
ACC-00000297,VICTIM,BOI-Sim,0.033,2025-12-08T00:00:00+00:00,8860a259bbfffff
ACC-00000298,VICTIM,BOI-Sim,0.072,2025-10-31T00:00:00+00:00,883d8dcc0dfffff
ACC-00000299,VICTIM,Axis-Sim,0.11,2023-10-02T00:00:00+00:00,883da115a5fffff
ACC-00000300,VICTIM,PNB-Sim,0.092,2023-12-17T00:00:00+00:00,8842ceb5d9fffff
ACC-00000301,VICTIM,HDFC-Sim,0.185,2025-03-25T00:00:00+00:00,883d8dcf1dfffff
ACC-00000302,VICTIM,HDFC-Sim,0.107,2025-10-14T00:00:00+00:00,883d8dcf1dfffff
ACC-00000303,VICTIM,SBI-Sim,0.006,2024-10-06T00:00:00+00:00,883d8dcc0dfffff
ACC-00000304,VICTIM,ICICI-Sim,0.059,2026-02-22T00:00:00+00:00,883da115a5fffff
ACC-00000305,VICTIM,PNB-Sim,0.145,2026-02-16T00:00:00+00:00,883da11623fffff
ACC-00000306,VICTIM,SBI-Sim,0.064,2024-09-15T00:00:00+00:00,88608b0961fffff
ACC-00000307,VICTIM,BOI-Sim,0.069,2026-01-02T00:00:00+00:00,8860b19695fffff
ACC-00000308,VICTIM,SBI-Sim,0.129,2023-03-09T00:00:00+00:00,8860a259bbfffff
ACC-00000309,VICTIM,Axis-Sim,0.121,2022-07-13T00:00:00+00:00,883d8dcd5dfffff
ACC-00000310,VICTIM,HDFC-Sim,0.196,2023-08-16T00:00:00+00:00,88618925c5fffff
ACC-00000311,VICTIM,BOI-Sim,0.116,2024-06-16T00:00:00+00:00,8842cea623fffff
ACC-00000312,VICTIM,PNB-Sim,0.005,2025-06-25T00:00:00+00:00,88618c4e63fffff
ACC-00000313,VICTIM,BOI-Sim,0.129,2022-12-12T00:00:00+00:00,8842ceb5d9fffff
ACC-00000314,VICTIM,BOI-Sim,0.09,2025-03-24T00:00:00+00:00,883da11623fffff
ACC-00000315,VICTIM,HDFC-Sim,0.071,2022-04-27T00:00:00+00:00,88618c4d05fffff
ACC-00000316,VICTIM,Axis-Sim,0.04,2022-12-07T00:00:00+00:00,883d8dcdd5fffff
ACC-00000317,VICTIM,SBI-Sim,0.174,2024-10-30T00:00:00+00:00,88618c4e63fffff
ACC-00000318,VICTIM,Axis-Sim,0.174,2021-11-30T00:00:00+00:00,8842ceb559fffff
ACC-00000319,VICTIM,SBI-Sim,0.186,2024-02-10T00:00:00+00:00,88618c4f2bfffff
ACC-00000320,VICTIM,HDFC-Sim,0.184,2022-03-06T00:00:00+00:00,883da11409fffff
ACC-00000321,VICTIM,ICICI-Sim,0.072,2025-01-28T00:00:00+00:00,88618925c5fffff
ACC-00000322,VICTIM,ICICI-Sim,0.17,2023-10-14T00:00:00+00:00,883d8dcf1dfffff
ACC-00000323,VICTIM,ICICI-Sim,0.018,2022-10-30T00:00:00+00:00,88618c4d05fffff
ACC-00000324,VICTIM,BOI-Sim,0.107,2024-04-10T00:00:00+00:00,8842ceb559fffff
ACC-00000325,VICTIM,Axis-Sim,0.14,2025-02-18T00:00:00+00:00,88618c4f2bfffff
ACC-00000326,VICTIM,SBI-Sim,0.008,2026-04-28T00:00:00+00:00,883da115a5fffff
ACC-00000327,VICTIM,PNB-Sim,0.118,2023-07-17T00:00:00+00:00,883da11409fffff
ACC-00000328,VICTIM,PNB-Sim,0.141,2023-12-05T00:00:00+00:00,883d8dcf1dfffff
ACC-00000329,VICTIM,PNB-Sim,0.196,2024-04-02T00:00:00+00:00,8860b52e9bfffff
ACC-00000330,VICTIM,PNB-Sim,0.059,2024-04-23T00:00:00+00:00,88618921d1fffff
ACC-00000331,VICTIM,SBI-Sim,0.05,2024-06-18T00:00:00+00:00,883da11623fffff
ACC-00000332,VICTIM,SBI-Sim,0.011,2021-09-14T00:00:00+00:00,8860a259bbfffff
ACC-00000333,VICTIM,SBI-Sim,0.154,2024-02-25T00:00:00+00:00,883da115a5fffff
ACC-00000334,VICTIM,ICICI-Sim,0.009,2023-01-11T00:00:00+00:00,88618c4d05fffff
ACC-00000335,VICTIM,PNB-Sim,0.031,2022-09-17T00:00:00+00:00,88618c45b9fffff
ACC-00000336,VICTIM,HDFC-Sim,0.098,2021-12-20T00:00:00+00:00,88618c4d05fffff
ACC-00000337,VICTIM,PNB-Sim,0.19,2022-03-17T00:00:00+00:00,88608b56d7fffff
ACC-00000338,VICTIM,HDFC-Sim,0.069,2025-03-27T00:00:00+00:00,8860a259bbfffff
ACC-00000339,VICTIM,HDFC-Sim,0.085,2025-10-07T00:00:00+00:00,8842cea623fffff
ACC-00000340,VICTIM,Axis-Sim,0.135,2024-02-09T00:00:00+00:00,883d8dcc0dfffff
ACC-00000341,VICTIM,Axis-Sim,0.126,2024-06-07T00:00:00+00:00,88618c45b9fffff
ACC-00000342,VICTIM,ICICI-Sim,0.18,2025-06-26T00:00:00+00:00,883da11233fffff
ACC-00000343,VICTIM,BOI-Sim,0.134,2025-03-11T00:00:00+00:00,88608b56d7fffff
ACC-00000344,VICTIM,SBI-Sim,0.058,2022-03-24T00:00:00+00:00,8860b52e9bfffff
ACC-00000345,VICTIM,Axis-Sim,0.076,2022-02-06T00:00:00+00:00,88608b0a6bfffff
ACC-00000346,VICTIM,SBI-Sim,0.056,2022-01-04T00:00:00+00:00,883da11623fffff
ACC-00000347,VICTIM,BOI-Sim,0.062,2024-10-02T00:00:00+00:00,88618c45b9fffff
ACC-00000348,VICTIM,Axis-Sim,0.084,2026-03-11T00:00:00+00:00,88618c4e63fffff
ACC-00000349,VICTIM,BOI-Sim,0.126,2022-12-02T00:00:00+00:00,883da11623fffff
ACC-00000350,VICTIM,ICICI-Sim,0.013,2025-07-19T00:00:00+00:00,8842ceb5d9fffff
ACC-00000351,VICTIM,BOI-Sim,0.094,2025-12-09T00:00:00+00:00,8842ceb5d9fffff
ACC-00000352,VICTIM,ICICI-Sim,0.142,2026-01-22T00:00:00+00:00,88608b56d7fffff
ACC-00000353,VICTIM,BOI-Sim,0.133,2025-05-16T00:00:00+00:00,883da11623fffff
ACC-00000354,VICTIM,Axis-Sim,0.019,2021-10-18T00:00:00+00:00,88618c4f2bfffff
ACC-00000355,VICTIM,Axis-Sim,0.164,2022-08-14T00:00:00+00:00,8860b19695fffff
ACC-00000356,VICTIM,SBI-Sim,0.036,2023-11-13T00:00:00+00:00,8860a259bbfffff
ACC-00000357,VICTIM,SBI-Sim,0.134,2022-12-27T00:00:00+00:00,8842ceb4a1fffff
ACC-00000358,VICTIM,HDFC-Sim,0.154,2023-04-30T00:00:00+00:00,883da11623fffff
ACC-00000359,VICTIM,Axis-Sim,0.191,2024-12-05T00:00:00+00:00,88618c4d05fffff
ACC-00000360,VICTIM,HDFC-Sim,0.114,2025-10-27T00:00:00+00:00,88618c4d05fffff
ACC-00000361,VICTIM,BOI-Sim,0.136,2024-05-20T00:00:00+00:00,8860145943fffff
ACC-00000362,VICTIM,PNB-Sim,0.068,2022-04-02T00:00:00+00:00,8860b19695fffff
ACC-00000363,VICTIM,Axis-Sim,0.098,2024-10-17T00:00:00+00:00,8860b52c97fffff
ACC-00000364,VICTIM,HDFC-Sim,0.059,2024-03-08T00:00:00+00:00,8860b52e9bfffff
ACC-00000365,VICTIM,ICICI-Sim,0.119,2025-01-12T00:00:00+00:00,883d8dcdd5fffff
ACC-00000366,VICTIM,SBI-Sim,0.024,2023-06-07T00:00:00+00:00,8842ceb559fffff
ACC-00000367,VICTIM,BOI-Sim,0.189,2024-01-28T00:00:00+00:00,8860a259bbfffff
ACC-00000368,VICTIM,HDFC-Sim,0.056,2022-07-26T00:00:00+00:00,883da11623fffff
ACC-00000369,VICTIM,PNB-Sim,0.074,2025-08-14T00:00:00+00:00,8860a259bbfffff
ACC-00000370,VICTIM,BOI-Sim,0.144,2024-06-18T00:00:00+00:00,883da115a5fffff
ACC-00000371,VICTIM,HDFC-Sim,0.163,2026-02-02T00:00:00+00:00,8860a259bbfffff
ACC-00000372,VICTIM,SBI-Sim,0.125,2023-10-01T00:00:00+00:00,883d8dcd5dfffff
ACC-00000373,VICTIM,BOI-Sim,0.048,2026-03-28T00:00:00+00:00,883da11233fffff
ACC-00000374,VICTIM,ICICI-Sim,0.107,2025-08-01T00:00:00+00:00,8842ceb5d9fffff
ACC-00000375,VICTIM,BOI-Sim,0.007,2022-09-09T00:00:00+00:00,8860a259bbfffff
ACC-00000376,VICTIM,ICICI-Sim,0.02,2021-10-23T00:00:00+00:00,88608b56d7fffff
ACC-00000377,VICTIM,SBI-Sim,0.091,2025-02-15T00:00:00+00:00,8842ceb5d9fffff
ACC-00000378,VICTIM,ICICI-Sim,0.178,2022-06-26T00:00:00+00:00,88608b56d7fffff
ACC-00000379,VICTIM,BOI-Sim,0.018,2026-01-27T00:00:00+00:00,8860a259bbfffff
ACC-00000380,VICTIM,PNB-Sim,0.198,2024-11-25T00:00:00+00:00,88618c4d05fffff
ACC-00000381,VICTIM,ICICI-Sim,0.036,2022-12-04T00:00:00+00:00,883da115a5fffff
ACC-00000382,VICTIM,PNB-Sim,0.107,2026-03-30T00:00:00+00:00,8842ceb559fffff
ACC-00000383,VICTIM,HDFC-Sim,0.175,2024-06-09T00:00:00+00:00,883d8dcc0dfffff
ACC-00000384,VICTIM,SBI-Sim,0.067,2022-06-07T00:00:00+00:00,88608b0961fffff
ACC-00000385,VICTIM,SBI-Sim,0.03,2025-08-30T00:00:00+00:00,88608b0961fffff
ACC-00000386,VICTIM,PNB-Sim,0.161,2023-10-18T00:00:00+00:00,8842ceb5d9fffff
ACC-00000387,VICTIM,SBI-Sim,0.116,2023-06-18T00:00:00+00:00,88618921d1fffff
ACC-00000388,VICTIM,HDFC-Sim,0.185,2022-11-05T00:00:00+00:00,88618925c5fffff
ACC-00000389,VICTIM,Axis-Sim,0.116,2023-07-03T00:00:00+00:00,883da11409fffff
ACC-00000390,VICTIM,PNB-Sim,0.191,2026-02-06T00:00:00+00:00,88618921d1fffff
ACC-00000391,VICTIM,Axis-Sim,0.193,2025-05-21T00:00:00+00:00,88618c45b9fffff
ACC-00000392,VICTIM,Axis-Sim,0.023,2022-06-27T00:00:00+00:00,883d8dcdd5fffff
ACC-00000393,VICTIM,HDFC-Sim,0.105,2022-03-05T00:00:00+00:00,88618c45b9fffff
ACC-00000394,VICTIM,PNB-Sim,0.072,2026-03-19T00:00:00+00:00,88618c4d05fffff
ACC-00000395,VICTIM,ICICI-Sim,0.028,2024-05-13T00:00:00+00:00,88608b0a6bfffff
ACC-00000396,VICTIM,Axis-Sim,0.013,2025-03-01T00:00:00+00:00,88618c4d05fffff
ACC-00000397,VICTIM,HDFC-Sim,0.099,2021-07-08T00:00:00+00:00,8860a259bbfffff
ACC-00000398,VICTIM,HDFC-Sim,0.167,2024-02-23T00:00:00+00:00,8842ceb4a1fffff
ACC-00000399,VICTIM,ICICI-Sim,0.114,2025-09-01T00:00:00+00:00,88618925c5fffff
ACC-00000400,VICTIM,PNB-Sim,0.121,2025-11-25T00:00:00+00:00,8842ceb559fffff
ACC-00000401,VICTIM,PNB-Sim,0.041,2023-11-26T00:00:00+00:00,88618921d1fffff
ACC-00000402,VICTIM,Axis-Sim,0.066,2024-11-23T00:00:00+00:00,883da11623fffff
ACC-00000403,VICTIM,Axis-Sim,0.104,2024-04-29T00:00:00+00:00,88618c4d05fffff
ACC-00000404,VICTIM,PNB-Sim,0.071,2023-05-26T00:00:00+00:00,883d8dcdd5fffff
ACC-00000405,VICTIM,HDFC-Sim,0.104,2021-12-12T00:00:00+00:00,883da11233fffff
ACC-00000406,VICTIM,SBI-Sim,0.073,2025-11-06T00:00:00+00:00,8860145943fffff
ACC-00000407,VICTIM,ICICI-Sim,0.159,2022-12-14T00:00:00+00:00,8842ceb5d9fffff
ACC-00000408,VICTIM,PNB-Sim,0.053,2025-12-19T00:00:00+00:00,883da11623fffff
ACC-00000409,VICTIM,ICICI-Sim,0.027,2022-09-25T00:00:00+00:00,8860b52e9bfffff
ACC-00000410,VICTIM,Axis-Sim,0.13,2023-02-15T00:00:00+00:00,8860b52c97fffff
ACC-00000411,VICTIM,Axis-Sim,0.046,2025-05-17T00:00:00+00:00,8842ceb559fffff
ACC-00000412,VICTIM,SBI-Sim,0.061,2023-11-15T00:00:00+00:00,8860b52e9bfffff
ACC-00000413,VICTIM,Axis-Sim,0.063,2021-09-08T00:00:00+00:00,883da11409fffff
ACC-00000414,VICTIM,HDFC-Sim,0.13,2022-09-10T00:00:00+00:00,8861892ecbfffff
ACC-00000415,VICTIM,Axis-Sim,0.104,2022-07-08T00:00:00+00:00,883da115a5fffff
ACC-00000416,VICTIM,SBI-Sim,0.009,2025-07-16T00:00:00+00:00,8860b19695fffff
ACC-00000417,VICTIM,HDFC-Sim,0.127,2024-09-29T00:00:00+00:00,8842ceb5d9fffff
ACC-00000418,VICTIM,ICICI-Sim,0.133,2023-02-17T00:00:00+00:00,883d8dcdd5fffff
ACC-00000419,VICTIM,PNB-Sim,0.044,2023-02-07T00:00:00+00:00,8860b19695fffff
ACC-00000420,VICTIM,HDFC-Sim,0.198,2022-04-25T00:00:00+00:00,883d8dcdd5fffff
ACC-00000421,VICTIM,PNB-Sim,0.176,2026-03-24T00:00:00+00:00,8842cea623fffff
ACC-00000422,VICTIM,BOI-Sim,0.109,2024-02-21T00:00:00+00:00,883d8dcd5dfffff
ACC-00000423,VICTIM,Axis-Sim,0.137,2023-06-27T00:00:00+00:00,8861892ecbfffff
ACC-00000424,VICTIM,ICICI-Sim,0.184,2026-03-16T00:00:00+00:00,8860145943fffff
ACC-00000425,VICTIM,ICICI-Sim,0.014,2025-09-11T00:00:00+00:00,88618925c5fffff
ACC-00000426,VICTIM,SBI-Sim,0.108,2021-07-18T00:00:00+00:00,88608b0961fffff
ACC-00000427,VICTIM,ICICI-Sim,0.122,2022-11-07T00:00:00+00:00,8842ceb559fffff
ACC-00000428,VICTIM,SBI-Sim,0.056,2025-03-25T00:00:00+00:00,8860b19695fffff
ACC-00000429,VICTIM,BOI-Sim,0.161,2022-03-15T00:00:00+00:00,88618c4f2bfffff
ACC-00000430,VICTIM,ICICI-Sim,0.189,2024-11-21T00:00:00+00:00,883d8dcdd5fffff
ACC-00000431,VICTIM,SBI-Sim,0.101,2023-04-09T00:00:00+00:00,8842ceb4a1fffff
ACC-00000432,VICTIM,BOI-Sim,0.186,2022-05-31T00:00:00+00:00,8860a259bbfffff
ACC-00000433,VICTIM,BOI-Sim,0.094,2021-10-24T00:00:00+00:00,8842cea623fffff
ACC-00000434,VICTIM,PNB-Sim,0.02,2026-02-03T00:00:00+00:00,8860a259bbfffff
ACC-00000435,VICTIM,PNB-Sim,0.071,2022-09-06T00:00:00+00:00,88608b0961fffff
ACC-00000436,VICTIM,BOI-Sim,0.15,2025-10-06T00:00:00+00:00,8842ceb5d9fffff
ACC-00000437,VICTIM,HDFC-Sim,0.079,2022-07-16T00:00:00+00:00,8842cea623fffff
ACC-00000438,VICTIM,PNB-Sim,0.082,2022-12-26T00:00:00+00:00,88618c4d05fffff
ACC-00000439,VICTIM,BOI-Sim,0.14,2022-01-09T00:00:00+00:00,88618c4e63fffff
ACC-00000440,VICTIM,SBI-Sim,0.067,2022-10-12T00:00:00+00:00,883da11409fffff
ACC-00000441,VICTIM,HDFC-Sim,0.083,2023-06-14T00:00:00+00:00,883da11409fffff
ACC-00000442,VICTIM,HDFC-Sim,0.009,2024-06-12T00:00:00+00:00,88618c4e63fffff
ACC-00000443,VICTIM,ICICI-Sim,0.079,2025-02-10T00:00:00+00:00,8842ceb4a1fffff
ACC-00000444,VICTIM,HDFC-Sim,0.149,2024-04-05T00:00:00+00:00,883da11623fffff
ACC-00000445,VICTIM,BOI-Sim,0.091,2024-10-09T00:00:00+00:00,883da11409fffff
ACC-00000446,VICTIM,SBI-Sim,0.063,2025-11-29T00:00:00+00:00,883d8dcc0dfffff
ACC-00000447,VICTIM,Axis-Sim,0.19,2025-10-24T00:00:00+00:00,88608b0a6bfffff
ACC-00000448,VICTIM,HDFC-Sim,0.175,2021-10-04T00:00:00+00:00,8842ceb4a1fffff
ACC-00000449,VICTIM,PNB-Sim,0.17,2023-02-15T00:00:00+00:00,88608b0961fffff
ACC-00000450,VICTIM,BOI-Sim,0.165,2024-12-16T00:00:00+00:00,8860a259bbfffff
ACC-00000451,VICTIM,PNB-Sim,0.046,2023-12-24T00:00:00+00:00,88618c4d05fffff
ACC-00000452,VICTIM,SBI-Sim,0.119,2025-08-03T00:00:00+00:00,88608b0961fffff
ACC-00000453,VICTIM,PNB-Sim,0.174,2023-05-27T00:00:00+00:00,883da11623fffff
ACC-00000454,VICTIM,PNB-Sim,0.049,2023-12-25T00:00:00+00:00,8861892ecbfffff
ACC-00000455,VICTIM,ICICI-Sim,0.109,2022-01-03T00:00:00+00:00,88618c45b9fffff
ACC-00000456,VICTIM,BOI-Sim,0.163,2021-12-09T00:00:00+00:00,8860b52e9bfffff
ACC-00000457,VICTIM,PNB-Sim,0.024,2021-09-10T00:00:00+00:00,883da115a5fffff
ACC-00000458,VICTIM,SBI-Sim,0.005,2022-09-22T00:00:00+00:00,8860145943fffff
ACC-00000459,VICTIM,ICICI-Sim,0.097,2025-03-01T00:00:00+00:00,88608b4733fffff
ACC-00000460,VICTIM,HDFC-Sim,0.027,2023-09-01T00:00:00+00:00,8861892ecbfffff
ACC-00000461,VICTIM,HDFC-Sim,0.029,2024-11-03T00:00:00+00:00,88608b56d7fffff
ACC-00000462,VICTIM,SBI-Sim,0.105,2025-05-04T00:00:00+00:00,8860b52c97fffff
ACC-00000463,VICTIM,Axis-Sim,0.167,2022-09-01T00:00:00+00:00,88608b4733fffff
ACC-00000464,VICTIM,BOI-Sim,0.088,2023-03-09T00:00:00+00:00,8860b52c97fffff
ACC-00000465,VICTIM,PNB-Sim,0.126,2023-07-21T00:00:00+00:00,883da115a5fffff
ACC-00000466,VICTIM,SBI-Sim,0.108,2023-12-31T00:00:00+00:00,883d8dcd5dfffff
ACC-00000467,VICTIM,HDFC-Sim,0.136,2025-03-04T00:00:00+00:00,88618925c5fffff
ACC-00000468,VICTIM,PNB-Sim,0.197,2026-04-14T00:00:00+00:00,8860b19695fffff
ACC-00000469,VICTIM,Axis-Sim,0.022,2025-10-20T00:00:00+00:00,8842ceb4a1fffff
ACC-00000470,VICTIM,Axis-Sim,0.138,2023-11-23T00:00:00+00:00,88618c4f2bfffff
ACC-00000471,VICTIM,HDFC-Sim,0.1,2021-11-01T00:00:00+00:00,88618c4f2bfffff
ACC-00000472,VICTIM,Axis-Sim,0.11,2023-01-16T00:00:00+00:00,8842ceb559fffff
ACC-00000473,VICTIM,SBI-Sim,0.102,2025-03-05T00:00:00+00:00,883d8dcdd5fffff
ACC-00000474,VICTIM,BOI-Sim,0.196,2023-08-08T00:00:00+00:00,883d8dcdd5fffff
ACC-00000475,VICTIM,HDFC-Sim,0.166,2022-04-24T00:00:00+00:00,88618c4d05fffff
ACC-00000476,VICTIM,HDFC-Sim,0.176,2023-01-23T00:00:00+00:00,883da115a5fffff
ACC-00000477,VICTIM,HDFC-Sim,0.14,2025-06-30T00:00:00+00:00,8842cea623fffff
ACC-00000478,VICTIM,Axis-Sim,0.04,2024-12-31T00:00:00+00:00,88608b0961fffff
ACC-00000479,VICTIM,ICICI-Sim,0.168,2022-01-23T00:00:00+00:00,88618921d1fffff
ACC-00000480,VICTIM,SBI-Sim,0.176,2024-03-30T00:00:00+00:00,8860a259bbfffff
ACC-00000481,VICTIM,Axis-Sim,0.149,2023-05-23T00:00:00+00:00,88618925c5fffff
ACC-00000482,VICTIM,PNB-Sim,0.052,2021-07-22T00:00:00+00:00,88608b56d7fffff
ACC-00000483,VICTIM,ICICI-Sim,0.067,2023-07-05T00:00:00+00:00,883da115a5fffff
ACC-00000484,VICTIM,Axis-Sim,0.178,2022-01-18T00:00:00+00:00,8860145943fffff
ACC-00000485,VICTIM,HDFC-Sim,0.076,2025-07-07T00:00:00+00:00,88608b0a6bfffff
ACC-00000486,VICTIM,PNB-Sim,0.13,2023-06-14T00:00:00+00:00,88618c4f2bfffff
ACC-00000487,VICTIM,ICICI-Sim,0.199,2026-04-12T00:00:00+00:00,8860b52c97fffff
ACC-00000488,VICTIM,Axis-Sim,0.128,2023-10-26T00:00:00+00:00,883da11623fffff
ACC-00000489,VICTIM,HDFC-Sim,0.168,2025-04-09T00:00:00+00:00,8842ceb4a1fffff
ACC-00000490,VICTIM,Axis-Sim,0.142,2022-10-04T00:00:00+00:00,88608b0961fffff
ACC-00000491,VICTIM,BOI-Sim,0.032,2024-08-12T00:00:00+00:00,88618c4e63fffff
ACC-00000492,VICTIM,PNB-Sim,0.13,2025-03-12T00:00:00+00:00,8842ceb559fffff
ACC-00000493,VICTIM,HDFC-Sim,0.058,2025-10-22T00:00:00+00:00,8861892ecbfffff
ACC-00000494,VICTIM,Axis-Sim,0.074,2024-01-06T00:00:00+00:00,883da115a5fffff
ACC-00000495,VICTIM,BOI-Sim,0.098,2025-01-20T00:00:00+00:00,8860b19695fffff
ACC-00000496,VICTIM,ICICI-Sim,0.028,2024-11-01T00:00:00+00:00,88608b4733fffff
ACC-00000497,VICTIM,ICICI-Sim,0.125,2024-01-25T00:00:00+00:00,883d8dcf1dfffff
ACC-00000498,VICTIM,PNB-Sim,0.106,2022-10-14T00:00:00+00:00,88618c4e63fffff
ACC-00000499,VICTIM,Axis-Sim,0.005,2025-05-01T00:00:00+00:00,8860a259bbfffff
ACC-00000500,VICTIM,SBI-Sim,0.143,2021-07-09T00:00:00+00:00,883d8dcd5dfffff
ACC-00000501,MULE,HDFC-Sim,0.94,2025-08-09T00:00:00+00:00,8842ceb4a1fffff
ACC-00000502,MULE,HDFC-Sim,0.895,2023-12-15T00:00:00+00:00,8861892ecbfffff
ACC-00000503,MULE,BOI-Sim,0.854,2025-03-17T00:00:00+00:00,8861892ecbfffff
ACC-00000504,MULE,ICICI-Sim,0.816,2024-01-29T00:00:00+00:00,883da11623fffff
ACC-00000505,MULE,ICICI-Sim,0.879,2025-07-14T00:00:00+00:00,8861892ecbfffff
ACC-00000506,MULE,PNB-Sim,0.876,2023-06-15T00:00:00+00:00,883d8dcc0dfffff
ACC-00000507,MULE,PNB-Sim,0.581,2025-12-05T00:00:00+00:00,8860b52e9bfffff
ACC-00000508,MULE,Axis-Sim,0.608,2023-02-04T00:00:00+00:00,88618c4e63fffff
ACC-00000509,MULE,Axis-Sim,0.738,2025-07-22T00:00:00+00:00,8842ceb559fffff
ACC-00000510,MULE,ICICI-Sim,0.681,2025-10-04T00:00:00+00:00,8860b19695fffff
ACC-00000511,MULE,ICICI-Sim,0.895,2023-02-06T00:00:00+00:00,88608b0a6bfffff
ACC-00000512,MULE,ICICI-Sim,0.868,2021-11-18T00:00:00+00:00,88618925c5fffff
ACC-00000513,MULE,ICICI-Sim,0.733,2023-11-25T00:00:00+00:00,883da11233fffff
ACC-00000514,MULE,ICICI-Sim,0.887,2021-10-09T00:00:00+00:00,88618921d1fffff
ACC-00000515,MULE,Axis-Sim,0.671,2024-02-26T00:00:00+00:00,8842ceb559fffff
ACC-00000516,MULE,Axis-Sim,0.879,2024-03-25T00:00:00+00:00,88618925c5fffff
ACC-00000517,MULE,BOI-Sim,0.882,2024-01-04T00:00:00+00:00,88618c4f2bfffff
ACC-00000518,MULE,ICICI-Sim,0.814,2025-12-08T00:00:00+00:00,8860a259bbfffff
ACC-00000519,MULE,PNB-Sim,0.798,2022-05-24T00:00:00+00:00,883da11233fffff
ACC-00000520,MULE,BOI-Sim,0.861,2023-12-03T00:00:00+00:00,8842ceb4a1fffff
ACC-00000521,MULE,ICICI-Sim,0.638,2026-01-31T00:00:00+00:00,88618c4f2bfffff
ACC-00000522,MULE,SBI-Sim,0.947,2022-09-24T00:00:00+00:00,88608b0a6bfffff
ACC-00000523,MULE,HDFC-Sim,0.723,2022-06-18T00:00:00+00:00,88618c4d05fffff
ACC-00000524,MULE,ICICI-Sim,0.765,2024-07-17T00:00:00+00:00,8861892ecbfffff
ACC-00000525,MULE,HDFC-Sim,0.907,2021-11-05T00:00:00+00:00,883da11233fffff
ACC-00000526,MULE,Axis-Sim,0.943,2023-04-07T00:00:00+00:00,8842ceb5d9fffff
ACC-00000527,MULE,SBI-Sim,0.798,2022-08-03T00:00:00+00:00,88618c4d05fffff
ACC-00000528,MULE,HDFC-Sim,0.624,2022-02-25T00:00:00+00:00,88608b4733fffff
ACC-00000529,MULE,SBI-Sim,0.828,2021-10-01T00:00:00+00:00,883d8dcdd5fffff
ACC-00000530,MULE,HDFC-Sim,0.867,2022-04-26T00:00:00+00:00,8842ceb4a1fffff
ACC-00000531,MULE,PNB-Sim,0.663,2025-10-26T00:00:00+00:00,8842ceb4a1fffff
ACC-00000532,MULE,ICICI-Sim,0.903,2025-08-05T00:00:00+00:00,8860b52c97fffff
ACC-00000533,MULE,BOI-Sim,0.579,2021-07-28T00:00:00+00:00,88618c4f2bfffff
ACC-00000534,MULE,Axis-Sim,0.63,2021-08-24T00:00:00+00:00,88608b0a6bfffff
ACC-00000535,MULE,HDFC-Sim,0.743,2024-02-21T00:00:00+00:00,8860b52c97fffff
ACC-00000536,MULE,BOI-Sim,0.72,2024-08-02T00:00:00+00:00,8861892ecbfffff
ACC-00000537,MULE,Axis-Sim,0.56,2025-04-17T00:00:00+00:00,88618925c5fffff
ACC-00000538,MULE,Axis-Sim,0.657,2025-06-28T00:00:00+00:00,88618921d1fffff
ACC-00000539,MULE,PNB-Sim,0.554,2024-04-10T00:00:00+00:00,8842cea623fffff
ACC-00000540,MULE,HDFC-Sim,0.77,2025-10-10T00:00:00+00:00,8842ceb4a1fffff
ACC-00000541,MULE,HDFC-Sim,0.711,2023-06-12T00:00:00+00:00,883da11623fffff
ACC-00000542,MULE,Axis-Sim,0.592,2021-07-04T00:00:00+00:00,8860a259bbfffff
ACC-00000543,MULE,PNB-Sim,0.555,2023-09-09T00:00:00+00:00,88608b4733fffff
ACC-00000544,MULE,HDFC-Sim,0.678,2024-11-20T00:00:00+00:00,883d8dcf1dfffff
ACC-00000545,MULE,HDFC-Sim,0.64,2025-11-26T00:00:00+00:00,88608b56d7fffff
ACC-00000546,MULE,PNB-Sim,0.803,2023-09-02T00:00:00+00:00,8860b52e9bfffff
ACC-00000547,MULE,SBI-Sim,0.797,2025-02-17T00:00:00+00:00,883d8dcdd5fffff
ACC-00000548,MULE,BOI-Sim,0.592,2023-12-01T00:00:00+00:00,8842ceb559fffff
ACC-00000549,MULE,PNB-Sim,0.865,2021-10-11T00:00:00+00:00,883da115a5fffff
ACC-00000550,MULE,Axis-Sim,0.876,2025-01-03T00:00:00+00:00,88608b4733fffff
ACC-00000551,MULE,SBI-Sim,0.904,2024-04-25T00:00:00+00:00,88618925c5fffff
ACC-00000552,MULE,SBI-Sim,0.904,2022-12-12T00:00:00+00:00,8842ceb5d9fffff
ACC-00000553,MULE,HDFC-Sim,0.937,2022-07-11T00:00:00+00:00,8860b52c97fffff
ACC-00000554,MULE,SBI-Sim,0.663,2024-09-07T00:00:00+00:00,88618c4e63fffff
ACC-00000555,MULE,BOI-Sim,0.621,2024-10-23T00:00:00+00:00,8860145943fffff
ACC-00000556,MULE,SBI-Sim,0.822,2023-09-18T00:00:00+00:00,88618921d1fffff
ACC-00000557,MULE,BOI-Sim,0.705,2023-01-07T00:00:00+00:00,883d8dcd5dfffff
ACC-00000558,MULE,Axis-Sim,0.761,2024-06-28T00:00:00+00:00,88618c4d05fffff
ACC-00000559,MULE,SBI-Sim,0.781,2021-07-29T00:00:00+00:00,88608b0a6bfffff
ACC-00000560,MULE,PNB-Sim,0.731,2024-03-04T00:00:00+00:00,88618925c5fffff
ACC-00000561,MULE,BOI-Sim,0.936,2022-01-06T00:00:00+00:00,88608b56d7fffff
ACC-00000562,MULE,ICICI-Sim,0.784,2024-03-05T00:00:00+00:00,8842cea623fffff
ACC-00000563,MULE,SBI-Sim,0.754,2021-09-16T00:00:00+00:00,88618921d1fffff
ACC-00000564,MULE,Axis-Sim,0.91,2025-08-24T00:00:00+00:00,88618c45b9fffff
ACC-00000565,MULE,Axis-Sim,0.697,2023-12-30T00:00:00+00:00,8861892ecbfffff
ACC-00000566,MULE,BOI-Sim,0.807,2022-01-20T00:00:00+00:00,883da11409fffff
ACC-00000567,MULE,HDFC-Sim,0.822,2022-02-15T00:00:00+00:00,88608b0961fffff
ACC-00000568,MULE,PNB-Sim,0.933,2025-02-11T00:00:00+00:00,883d8dcdd5fffff
ACC-00000569,MULE,ICICI-Sim,0.884,2024-06-25T00:00:00+00:00,88608b56d7fffff
ACC-00000570,MULE,HDFC-Sim,0.927,2022-01-22T00:00:00+00:00,88608b4733fffff
ACC-00000571,MULE,SBI-Sim,0.779,2022-04-25T00:00:00+00:00,88618921d1fffff
ACC-00000572,MULE,SBI-Sim,0.74,2025-12-28T00:00:00+00:00,8842ceb4a1fffff
ACC-00000573,MULE,BOI-Sim,0.899,2021-09-09T00:00:00+00:00,8842ceb5d9fffff
ACC-00000574,MULE,HDFC-Sim,0.93,2021-09-20T00:00:00+00:00,883d8dcf1dfffff
ACC-00000575,MULE,SBI-Sim,0.942,2021-09-30T00:00:00+00:00,8860a259bbfffff
ACC-00000576,MULE,ICICI-Sim,0.868,2024-11-19T00:00:00+00:00,88618c45b9fffff
ACC-00000577,MULE,ICICI-Sim,0.552,2022-10-06T00:00:00+00:00,88618c4f2bfffff
ACC-00000578,MULE,ICICI-Sim,0.744,2023-07-14T00:00:00+00:00,8842cea623fffff
ACC-00000579,MULE,Axis-Sim,0.62,2026-03-09T00:00:00+00:00,88618c4e63fffff
ACC-00000580,MULE,BOI-Sim,0.944,2023-11-03T00:00:00+00:00,88618c4f2bfffff
ACC-00000581,MULE,SBI-Sim,0.813,2023-05-07T00:00:00+00:00,8842ceb4a1fffff
ACC-00000582,MULE,BOI-Sim,0.94,2023-08-09T00:00:00+00:00,88608b4733fffff
ACC-00000583,MULE,ICICI-Sim,0.94,2021-08-19T00:00:00+00:00,883da11409fffff
ACC-00000584,MULE,ICICI-Sim,0.581,2022-01-09T00:00:00+00:00,8842ceb5d9fffff
ACC-00000585,MULE,Axis-Sim,0.802,2024-11-05T00:00:00+00:00,8861892ecbfffff
ACC-00000586,MULE,SBI-Sim,0.638,2024-08-28T00:00:00+00:00,88608b4733fffff
ACC-00000587,MULE,HDFC-Sim,0.771,2022-09-15T00:00:00+00:00,88618c4d05fffff
ACC-00000588,MULE,HDFC-Sim,0.947,2026-03-16T00:00:00+00:00,88618925c5fffff
ACC-00000589,MULE,ICICI-Sim,0.627,2026-01-26T00:00:00+00:00,8842ceb4a1fffff
ACC-00000590,MULE,ICICI-Sim,0.932,2025-12-08T00:00:00+00:00,8842ceb5d9fffff
ACC-00000591,MULE,HDFC-Sim,0.751,2021-12-26T00:00:00+00:00,883da11233fffff
ACC-00000592,MULE,Axis-Sim,0.907,2025-06-06T00:00:00+00:00,88618921d1fffff
ACC-00000593,MULE,ICICI-Sim,0.686,2024-04-25T00:00:00+00:00,883d8dcc0dfffff
ACC-00000594,MULE,HDFC-Sim,0.605,2022-02-19T00:00:00+00:00,883da11409fffff
ACC-00000595,MULE,BOI-Sim,0.825,2024-06-30T00:00:00+00:00,88618921d1fffff
ACC-00000596,MULE,BOI-Sim,0.906,2025-11-08T00:00:00+00:00,883d8dcf1dfffff
ACC-00000597,MULE,Axis-Sim,0.769,2023-12-27T00:00:00+00:00,883d8dcc0dfffff
ACC-00000598,MULE,BOI-Sim,0.949,2022-04-24T00:00:00+00:00,8860a259bbfffff
ACC-00000599,MULE,ICICI-Sim,0.606,2021-09-02T00:00:00+00:00,883da11409fffff
ACC-00000600,MULE,PNB-Sim,0.583,2022-02-20T00:00:00+00:00,883d8dcd5dfffff
ACC-00000601,MULE,SBI-Sim,0.881,2025-03-06T00:00:00+00:00,88618921d1fffff
ACC-00000602,MULE,BOI-Sim,0.658,2022-05-13T00:00:00+00:00,88618925c5fffff
ACC-00000603,MULE,ICICI-Sim,0.72,2024-11-27T00:00:00+00:00,8842ceb559fffff
ACC-00000604,MULE,ICICI-Sim,0.719,2024-06-28T00:00:00+00:00,883d8dcdd5fffff
ACC-00000605,MULE,BOI-Sim,0.826,2025-11-18T00:00:00+00:00,88618925c5fffff
ACC-00000606,MULE,PNB-Sim,0.868,2024-03-19T00:00:00+00:00,8861892ecbfffff
ACC-00000607,MULE,PNB-Sim,0.632,2025-01-17T00:00:00+00:00,8860a259bbfffff
ACC-00000608,MULE,PNB-Sim,0.607,2026-03-17T00:00:00+00:00,883d8dcd5dfffff
ACC-00000609,MULE,HDFC-Sim,0.601,2024-03-31T00:00:00+00:00,88618c4e63fffff
ACC-00000610,MULE,HDFC-Sim,0.95,2023-12-13T00:00:00+00:00,88618921d1fffff
ACC-00000611,MULE,Axis-Sim,0.634,2023-02-19T00:00:00+00:00,883da115a5fffff
ACC-00000612,MULE,ICICI-Sim,0.934,2021-11-28T00:00:00+00:00,8860b19695fffff
ACC-00000613,MULE,PNB-Sim,0.827,2024-05-27T00:00:00+00:00,88608b56d7fffff
ACC-00000614,MULE,ICICI-Sim,0.692,2023-06-29T00:00:00+00:00,8860145943fffff
ACC-00000615,MULE,SBI-Sim,0.556,2026-04-13T00:00:00+00:00,8842ceb4a1fffff
ACC-00000616,MULE,ICICI-Sim,0.921,2026-04-28T00:00:00+00:00,8860145943fffff
ACC-00000617,MULE,SBI-Sim,0.568,2023-09-16T00:00:00+00:00,883da11623fffff
ACC-00000618,MULE,PNB-Sim,0.911,2022-07-18T00:00:00+00:00,8842ceb559fffff
ACC-00000619,MULE,Axis-Sim,0.563,2022-01-27T00:00:00+00:00,88608b56d7fffff
ACC-00000620,MULE,ICICI-Sim,0.811,2023-10-10T00:00:00+00:00,88608b4733fffff
ACC-00000621,MULE,PNB-Sim,0.721,2023-03-30T00:00:00+00:00,8860b52c97fffff
ACC-00000622,MULE,Axis-Sim,0.654,2022-06-30T00:00:00+00:00,883d8dcd5dfffff
ACC-00000623,MULE,HDFC-Sim,0.649,2022-03-16T00:00:00+00:00,88608b0961fffff
ACC-00000624,MULE,ICICI-Sim,0.736,2022-04-28T00:00:00+00:00,8861892ecbfffff
ACC-00000625,MULE,HDFC-Sim,0.787,2025-01-21T00:00:00+00:00,883d8dcf1dfffff
ACC-00000626,MULE,ICICI-Sim,0.919,2025-04-21T00:00:00+00:00,88608b0961fffff
ACC-00000627,MULE,SBI-Sim,0.949,2021-10-13T00:00:00+00:00,883d8dcd5dfffff
ACC-00000628,MULE,BOI-Sim,0.83,2023-10-17T00:00:00+00:00,883da11409fffff
ACC-00000629,MULE,HDFC-Sim,0.631,2022-08-24T00:00:00+00:00,88618c4d05fffff
ACC-00000630,MULE,BOI-Sim,0.906,2023-09-25T00:00:00+00:00,88618c45b9fffff
ACC-00000631,MULE,SBI-Sim,0.729,2024-02-18T00:00:00+00:00,8842ceb5d9fffff
ACC-00000632,MULE,Axis-Sim,0.91,2025-01-05T00:00:00+00:00,88618c4d05fffff
ACC-00000633,MULE,BOI-Sim,0.635,2025-01-09T00:00:00+00:00,8842ceb559fffff
ACC-00000634,MULE,Axis-Sim,0.827,2025-08-19T00:00:00+00:00,8842ceb559fffff
ACC-00000635,MULE,ICICI-Sim,0.59,2022-06-25T00:00:00+00:00,8861892ecbfffff
ACC-00000636,MULE,PNB-Sim,0.903,2022-01-16T00:00:00+00:00,88618c45b9fffff
ACC-00000637,MULE,ICICI-Sim,0.589,2023-10-02T00:00:00+00:00,883da11623fffff
ACC-00000638,MULE,PNB-Sim,0.658,2024-01-04T00:00:00+00:00,883da11623fffff
ACC-00000639,MULE,BOI-Sim,0.804,2022-10-31T00:00:00+00:00,88618c45b9fffff
ACC-00000640,MULE,SBI-Sim,0.914,2023-04-14T00:00:00+00:00,883da11409fffff
ACC-00000641,MULE,BOI-Sim,0.728,2026-03-16T00:00:00+00:00,8860a259bbfffff
ACC-00000642,MULE,SBI-Sim,0.59,2024-12-01T00:00:00+00:00,8842ceb4a1fffff
ACC-00000643,MULE,PNB-Sim,0.598,2021-10-14T00:00:00+00:00,88608b4733fffff
ACC-00000644,MULE,Axis-Sim,0.716,2025-10-10T00:00:00+00:00,8861892ecbfffff
ACC-00000645,MULE,BOI-Sim,0.889,2023-03-17T00:00:00+00:00,88618c4d05fffff
ACC-00000646,MULE,BOI-Sim,0.9,2025-10-01T00:00:00+00:00,883d8dcdd5fffff
ACC-00000647,MULE,HDFC-Sim,0.797,2024-11-02T00:00:00+00:00,883da11409fffff
ACC-00000648,MULE,Axis-Sim,0.613,2024-02-22T00:00:00+00:00,88618c45b9fffff
ACC-00000649,MULE,HDFC-Sim,0.758,2025-04-07T00:00:00+00:00,883d8dcd5dfffff
ACC-00000650,MULE,HDFC-Sim,0.78,2021-11-10T00:00:00+00:00,88608b0961fffff
ACC-00000651,MULE,PNB-Sim,0.761,2021-09-02T00:00:00+00:00,8842ceb5d9fffff
ACC-00000652,MULE,Axis-Sim,0.822,2022-06-01T00:00:00+00:00,883d8dcf1dfffff
ACC-00000653,MULE,ICICI-Sim,0.938,2023-12-22T00:00:00+00:00,88608b0961fffff
ACC-00000654,MULE,SBI-Sim,0.598,2025-06-02T00:00:00+00:00,883da11233fffff
ACC-00000655,MULE,PNB-Sim,0.59,2026-01-16T00:00:00+00:00,883da11233fffff
ACC-00000656,MULE,BOI-Sim,0.671,2026-01-30T00:00:00+00:00,88618c4d05fffff
ACC-00000657,MULE,HDFC-Sim,0.922,2022-10-11T00:00:00+00:00,8861892ecbfffff
ACC-00000658,MULE,Axis-Sim,0.705,2024-07-30T00:00:00+00:00,883da11623fffff
ACC-00000659,MULE,SBI-Sim,0.894,2021-08-02T00:00:00+00:00,8842ceb559fffff
ACC-00000660,MULE,Axis-Sim,0.767,2024-12-16T00:00:00+00:00,88618c4f2bfffff
ACC-00000661,MULE,ICICI-Sim,0.557,2023-10-13T00:00:00+00:00,8860145943fffff
ACC-00000662,MULE,PNB-Sim,0.608,2024-01-09T00:00:00+00:00,8860b52c97fffff
ACC-00000663,MULE,PNB-Sim,0.869,2023-03-31T00:00:00+00:00,88618921d1fffff
ACC-00000664,MULE,HDFC-Sim,0.909,2023-03-21T00:00:00+00:00,8860b52c97fffff
ACC-00000665,MULE,ICICI-Sim,0.808,2023-05-20T00:00:00+00:00,88608b0961fffff
ACC-00000666,MULE,Axis-Sim,0.766,2025-03-01T00:00:00+00:00,883da11623fffff
ACC-00000667,MULE,ICICI-Sim,0.87,2024-11-14T00:00:00+00:00,8860b19695fffff
ACC-00000668,MULE,HDFC-Sim,0.896,2021-12-17T00:00:00+00:00,88618c4d05fffff
ACC-00000669,MULE,HDFC-Sim,0.742,2024-03-12T00:00:00+00:00,88608b56d7fffff
ACC-00000670,MULE,ICICI-Sim,0.653,2023-05-18T00:00:00+00:00,8842cea623fffff
ACC-00000671,MULE,PNB-Sim,0.61,2026-04-01T00:00:00+00:00,88618c4f2bfffff
ACC-00000672,MULE,Axis-Sim,0.805,2022-02-04T00:00:00+00:00,8842ceb559fffff
ACC-00000673,MULE,HDFC-Sim,0.817,2024-10-05T00:00:00+00:00,883d8dcf1dfffff
ACC-00000674,MULE,SBI-Sim,0.718,2026-04-12T00:00:00+00:00,8860b19695fffff
ACC-00000675,MULE,PNB-Sim,0.631,2022-02-05T00:00:00+00:00,8860145943fffff
ACC-00000676,MULE,SBI-Sim,0.672,2026-04-28T00:00:00+00:00,88608b56d7fffff
ACC-00000677,MULE,ICICI-Sim,0.874,2026-02-09T00:00:00+00:00,8842ceb559fffff
ACC-00000678,MULE,BOI-Sim,0.56,2022-10-29T00:00:00+00:00,88608b0961fffff
ACC-00000679,MULE,BOI-Sim,0.758,2023-07-30T00:00:00+00:00,88608b0961fffff
ACC-00000680,MULE,ICICI-Sim,0.817,2024-01-29T00:00:00+00:00,88618c4f2bfffff
ACC-00000681,MULE,BOI-Sim,0.861,2025-12-30T00:00:00+00:00,8861892ecbfffff
ACC-00000682,MULE,SBI-Sim,0.686,2023-08-05T00:00:00+00:00,8842ceb4a1fffff
ACC-00000683,MULE,HDFC-Sim,0.813,2023-12-30T00:00:00+00:00,8860a259bbfffff
ACC-00000684,MULE,ICICI-Sim,0.782,2022-03-29T00:00:00+00:00,88608b4733fffff
ACC-00000685,MULE,BOI-Sim,0.892,2025-11-08T00:00:00+00:00,8842ceb4a1fffff
ACC-00000686,MULE,PNB-Sim,0.675,2024-12-20T00:00:00+00:00,883d8dcdd5fffff
ACC-00000687,MULE,HDFC-Sim,0.822,2026-01-30T00:00:00+00:00,8842cea623fffff
ACC-00000688,MULE,SBI-Sim,0.717,2022-08-12T00:00:00+00:00,88618c4f2bfffff
ACC-00000689,MULE,PNB-Sim,0.884,2022-06-26T00:00:00+00:00,883d8dcc0dfffff
ACC-00000690,MULE,BOI-Sim,0.559,2023-11-25T00:00:00+00:00,883d8dcf1dfffff
ACC-00000691,MULE,Axis-Sim,0.601,2021-10-17T00:00:00+00:00,88618c45b9fffff
ACC-00000692,MULE,SBI-Sim,0.837,2022-11-14T00:00:00+00:00,8860145943fffff
ACC-00000693,MULE,Axis-Sim,0.829,2024-01-21T00:00:00+00:00,88618c4d05fffff
ACC-00000694,MULE,SBI-Sim,0.702,2026-03-18T00:00:00+00:00,88618c45b9fffff
ACC-00000695,MULE,HDFC-Sim,0.693,2025-12-19T00:00:00+00:00,88608b0a6bfffff
ACC-00000696,MULE,BOI-Sim,0.931,2023-03-23T00:00:00+00:00,883da11623fffff
ACC-00000697,MULE,HDFC-Sim,0.783,2025-08-04T00:00:00+00:00,8842ceb4a1fffff
ACC-00000698,MULE,HDFC-Sim,0.814,2023-11-16T00:00:00+00:00,88608b4733fffff
ACC-00000699,MULE,Axis-Sim,0.579,2021-12-22T00:00:00+00:00,88618921d1fffff
ACC-00000700,MULE,Axis-Sim,0.731,2022-07-20T00:00:00+00:00,883d8dcf1dfffff
ACC-00000701,MULE,PNB-Sim,0.906,2022-01-02T00:00:00+00:00,88608b0961fffff
ACC-00000702,MULE,ICICI-Sim,0.646,2023-06-11T00:00:00+00:00,88608b0a6bfffff
ACC-00000703,MULE,SBI-Sim,0.885,2025-02-17T00:00:00+00:00,883da11409fffff
ACC-00000704,MULE,BOI-Sim,0.592,2026-03-19T00:00:00+00:00,883da115a5fffff
ACC-00000705,MULE,ICICI-Sim,0.708,2022-08-25T00:00:00+00:00,88618c45b9fffff
ACC-00000706,MULE,Axis-Sim,0.703,2023-05-25T00:00:00+00:00,88618c4d05fffff
ACC-00000707,MULE,HDFC-Sim,0.654,2024-08-02T00:00:00+00:00,8860145943fffff
ACC-00000708,MULE,ICICI-Sim,0.871,2021-08-23T00:00:00+00:00,8860b52e9bfffff
ACC-00000709,MULE,BOI-Sim,0.672,2022-01-09T00:00:00+00:00,883da11623fffff
ACC-00000710,MULE,ICICI-Sim,0.683,2024-08-22T00:00:00+00:00,883da115a5fffff
ACC-00000711,MULE,BOI-Sim,0.606,2023-03-18T00:00:00+00:00,8860b19695fffff
ACC-00000712,MULE,HDFC-Sim,0.719,2024-12-29T00:00:00+00:00,8860b52e9bfffff
ACC-00000713,MULE,HDFC-Sim,0.787,2022-02-05T00:00:00+00:00,8861892ecbfffff
ACC-00000714,MULE,PNB-Sim,0.918,2024-05-02T00:00:00+00:00,8842ceb4a1fffff
ACC-00000715,MULE,SBI-Sim,0.888,2021-10-08T00:00:00+00:00,8842ceb559fffff
ACC-00000716,MULE,HDFC-Sim,0.876,2023-07-10T00:00:00+00:00,883da115a5fffff
ACC-00000717,MULE,SBI-Sim,0.695,2025-03-26T00:00:00+00:00,8842ceb559fffff
ACC-00000718,MULE,BOI-Sim,0.574,2024-05-15T00:00:00+00:00,88618c4f2bfffff
ACC-00000719,MULE,ICICI-Sim,0.71,2021-07-19T00:00:00+00:00,8842ceb559fffff
ACC-00000720,MULE,BOI-Sim,0.551,2025-01-04T00:00:00+00:00,8842ceb4a1fffff
ACC-00000721,MULE,PNB-Sim,0.923,2022-10-25T00:00:00+00:00,88608b4733fffff
ACC-00000722,MULE,ICICI-Sim,0.639,2024-03-18T00:00:00+00:00,88618925c5fffff
ACC-00000723,MULE,Axis-Sim,0.654,2024-07-28T00:00:00+00:00,883d8dcd5dfffff
ACC-00000724,MULE,BOI-Sim,0.599,2022-11-01T00:00:00+00:00,88608b0a6bfffff
ACC-00000725,MULE,ICICI-Sim,0.724,2024-01-13T00:00:00+00:00,883da11623fffff
ACC-00000726,MULE,ICICI-Sim,0.687,2024-05-08T00:00:00+00:00,883d8dcdd5fffff
ACC-00000727,MULE,HDFC-Sim,0.887,2026-03-03T00:00:00+00:00,883d8dcf1dfffff
ACC-00000728,MULE,BOI-Sim,0.693,2022-09-07T00:00:00+00:00,8842cea623fffff
ACC-00000729,MULE,PNB-Sim,0.868,2021-10-18T00:00:00+00:00,88608b4733fffff
ACC-00000730,MULE,HDFC-Sim,0.675,2025-12-16T00:00:00+00:00,8860b52e9bfffff
ACC-00000731,MULE,SBI-Sim,0.678,2025-03-01T00:00:00+00:00,88618c45b9fffff
ACC-00000732,MULE,HDFC-Sim,0.73,2024-04-26T00:00:00+00:00,883da11409fffff
ACC-00000733,MULE,Axis-Sim,0.903,2023-09-23T00:00:00+00:00,8861892ecbfffff
ACC-00000734,MULE,Axis-Sim,0.931,2024-01-22T00:00:00+00:00,8860b19695fffff
ACC-00000735,MULE,HDFC-Sim,0.747,2025-10-30T00:00:00+00:00,88618c4e63fffff
ACC-00000736,MULE,HDFC-Sim,0.572,2026-01-14T00:00:00+00:00,883da115a5fffff
ACC-00000737,MULE,HDFC-Sim,0.805,2022-05-17T00:00:00+00:00,883d8dcc0dfffff
ACC-00000738,MULE,Axis-Sim,0.55,2021-11-09T00:00:00+00:00,8860b19695fffff
ACC-00000739,MULE,HDFC-Sim,0.907,2024-02-15T00:00:00+00:00,8842ceb5d9fffff
ACC-00000740,MULE,HDFC-Sim,0.843,2024-04-24T00:00:00+00:00,883da115a5fffff
ACC-00000741,MULE,PNB-Sim,0.634,2023-07-13T00:00:00+00:00,883d8dcf1dfffff
ACC-00000742,MULE,BOI-Sim,0.566,2025-12-22T00:00:00+00:00,88618c4e63fffff
ACC-00000743,MULE,ICICI-Sim,0.637,2021-07-09T00:00:00+00:00,88618c45b9fffff
ACC-00000744,MULE,Axis-Sim,0.583,2025-07-09T00:00:00+00:00,88618925c5fffff
ACC-00000745,MULE,ICICI-Sim,0.712,2026-02-01T00:00:00+00:00,8860b19695fffff
ACC-00000746,MULE,ICICI-Sim,0.831,2023-05-19T00:00:00+00:00,883d8dcdd5fffff
ACC-00000747,MULE,SBI-Sim,0.778,2022-08-06T00:00:00+00:00,883d8dcdd5fffff
ACC-00000748,MULE,BOI-Sim,0.686,2024-07-30T00:00:00+00:00,8842cea623fffff
ACC-00000749,MULE,PNB-Sim,0.804,2022-05-22T00:00:00+00:00,88608b4733fffff
ACC-00000750,MULE,PNB-Sim,0.686,2022-10-22T00:00:00+00:00,8842ceb5d9fffff
ACC-00000751,MULE,PNB-Sim,0.838,2022-04-09T00:00:00+00:00,8860145943fffff
ACC-00000752,MULE,ICICI-Sim,0.873,2023-12-01T00:00:00+00:00,88618921d1fffff
ACC-00000753,MULE,Axis-Sim,0.836,2025-04-05T00:00:00+00:00,8860b52c97fffff
ACC-00000754,MULE,PNB-Sim,0.73,2025-11-28T00:00:00+00:00,88608b4733fffff
ACC-00000755,MULE,Axis-Sim,0.765,2022-02-20T00:00:00+00:00,883d8dcd5dfffff
ACC-00000756,MULE,PNB-Sim,0.576,2022-11-18T00:00:00+00:00,8860b19695fffff
ACC-00000757,MULE,HDFC-Sim,0.745,2025-12-20T00:00:00+00:00,883d8dcf1dfffff
ACC-00000758,MULE,ICICI-Sim,0.856,2025-04-21T00:00:00+00:00,88608b0961fffff
ACC-00000759,MULE,HDFC-Sim,0.863,2024-08-14T00:00:00+00:00,88608b56d7fffff
ACC-00000760,MULE,ICICI-Sim,0.884,2022-02-16T00:00:00+00:00,883da11233fffff
ACC-00000761,MULE,BOI-Sim,0.765,2022-09-28T00:00:00+00:00,8860b19695fffff
ACC-00000762,MULE,ICICI-Sim,0.884,2024-05-21T00:00:00+00:00,88618925c5fffff
ACC-00000763,MULE,ICICI-Sim,0.854,2021-12-30T00:00:00+00:00,8860145943fffff
ACC-00000764,MULE,ICICI-Sim,0.914,2022-01-13T00:00:00+00:00,8860a259bbfffff
ACC-00000765,MULE,ICICI-Sim,0.931,2024-08-13T00:00:00+00:00,883d8dcdd5fffff
ACC-00000766,MULE,PNB-Sim,0.597,2022-09-03T00:00:00+00:00,8860b52c97fffff
ACC-00000767,MULE,BOI-Sim,0.695,2026-03-12T00:00:00+00:00,8861892ecbfffff
ACC-00000768,MULE,BOI-Sim,0.752,2024-04-05T00:00:00+00:00,8860b52e9bfffff
ACC-00000769,MULE,SBI-Sim,0.62,2023-01-26T00:00:00+00:00,883da11623fffff
ACC-00000770,MULE,SBI-Sim,0.694,2024-06-02T00:00:00+00:00,883da115a5fffff
ACC-00000771,MULE,BOI-Sim,0.581,2022-05-26T00:00:00+00:00,883da11409fffff
ACC-00000772,MULE,Axis-Sim,0.563,2024-04-18T00:00:00+00:00,8860b19695fffff
ACC-00000773,MULE,BOI-Sim,0.614,2023-04-07T00:00:00+00:00,883da11409fffff
ACC-00000774,MULE,Axis-Sim,0.702,2024-12-10T00:00:00+00:00,88608b4733fffff
ACC-00000775,MULE,ICICI-Sim,0.583,2025-12-25T00:00:00+00:00,88608b0961fffff
ACC-00000776,MULE,SBI-Sim,0.707,2024-07-21T00:00:00+00:00,8860145943fffff
ACC-00000777,MULE,SBI-Sim,0.93,2021-10-25T00:00:00+00:00,88618921d1fffff
ACC-00000778,MULE,BOI-Sim,0.731,2022-05-12T00:00:00+00:00,8842ceb559fffff
ACC-00000779,MULE,HDFC-Sim,0.554,2024-07-31T00:00:00+00:00,8842ceb5d9fffff
ACC-00000780,MULE,ICICI-Sim,0.68,2025-09-16T00:00:00+00:00,883da11409fffff
ACC-00000781,MULE,Axis-Sim,0.637,2021-11-08T00:00:00+00:00,88608b4733fffff
ACC-00000782,MULE,ICICI-Sim,0.89,2021-08-26T00:00:00+00:00,88608b0a6bfffff
ACC-00000783,MULE,BOI-Sim,0.614,2026-03-27T00:00:00+00:00,88618921d1fffff
ACC-00000784,MULE,PNB-Sim,0.627,2026-01-05T00:00:00+00:00,8842ceb4a1fffff
ACC-00000785,MULE,SBI-Sim,0.911,2022-09-19T00:00:00+00:00,8860b19695fffff
ACC-00000786,MULE,PNB-Sim,0.827,2023-02-05T00:00:00+00:00,88608b0961fffff
ACC-00000787,MULE,HDFC-Sim,0.762,2025-05-15T00:00:00+00:00,88618921d1fffff
ACC-00000788,MULE,BOI-Sim,0.63,2024-05-11T00:00:00+00:00,883da11623fffff
ACC-00000789,MULE,PNB-Sim,0.743,2022-05-21T00:00:00+00:00,8860b19695fffff
ACC-00000790,MULE,SBI-Sim,0.661,2023-10-08T00:00:00+00:00,883d8dcf1dfffff
ACC-00000791,MULE,HDFC-Sim,0.558,2025-11-01T00:00:00+00:00,8860145943fffff
ACC-00000792,MULE,ICICI-Sim,0.906,2025-01-28T00:00:00+00:00,8842ceb4a1fffff
ACC-00000793,MULE,ICICI-Sim,0.766,2024-06-08T00:00:00+00:00,88608b56d7fffff
ACC-00000794,MULE,SBI-Sim,0.797,2025-03-14T00:00:00+00:00,88618925c5fffff
ACC-00000795,MULE,BOI-Sim,0.611,2022-09-02T00:00:00+00:00,88618c4e63fffff
ACC-00000796,MULE,PNB-Sim,0.738,2021-11-13T00:00:00+00:00,8842ceb4a1fffff
ACC-00000797,MULE,BOI-Sim,0.798,2021-11-03T00:00:00+00:00,88618921d1fffff
ACC-00000798,MULE,Axis-Sim,0.563,2022-02-21T00:00:00+00:00,88618c4e63fffff
ACC-00000799,MULE,HDFC-Sim,0.928,2022-04-14T00:00:00+00:00,88618c4e63fffff
ACC-00000800,MULE,PNB-Sim,0.634,2021-12-18T00:00:00+00:00,883d8dcdd5fffff
ACC-00000801,MULE,PNB-Sim,0.918,2025-02-21T00:00:00+00:00,88618c4f2bfffff
ACC-00000802,MULE,PNB-Sim,0.756,2022-08-06T00:00:00+00:00,883da115a5fffff
ACC-00000803,MULE,SBI-Sim,0.886,2025-01-31T00:00:00+00:00,883da11233fffff
ACC-00000804,MULE,ICICI-Sim,0.799,2025-11-05T00:00:00+00:00,8842cea623fffff
ACC-00000805,MULE,Axis-Sim,0.639,2022-05-27T00:00:00+00:00,88618921d1fffff
ACC-00000806,MULE,ICICI-Sim,0.628,2021-09-26T00:00:00+00:00,8861892ecbfffff
ACC-00000807,MULE,PNB-Sim,0.619,2026-03-03T00:00:00+00:00,88608b0a6bfffff
ACC-00000808,MULE,SBI-Sim,0.659,2024-04-20T00:00:00+00:00,8861892ecbfffff
ACC-00000809,MULE,ICICI-Sim,0.918,2025-11-18T00:00:00+00:00,8842cea623fffff
ACC-00000810,MULE,PNB-Sim,0.813,2025-06-03T00:00:00+00:00,8842ceb559fffff
ACC-00000811,MULE,PNB-Sim,0.574,2023-09-05T00:00:00+00:00,883da115a5fffff
ACC-00000812,MULE,Axis-Sim,0.836,2025-08-24T00:00:00+00:00,883da115a5fffff
ACC-00000813,MULE,BOI-Sim,0.587,2023-06-30T00:00:00+00:00,88608b0a6bfffff
ACC-00000814,MULE,BOI-Sim,0.902,2025-02-04T00:00:00+00:00,8842cea623fffff
ACC-00000815,MULE,Axis-Sim,0.714,2025-10-17T00:00:00+00:00,8860145943fffff
ACC-00000816,MULE,BOI-Sim,0.765,2024-08-20T00:00:00+00:00,8860b52c97fffff
ACC-00000817,MULE,BOI-Sim,0.817,2022-04-23T00:00:00+00:00,883d8dcf1dfffff
ACC-00000818,MULE,ICICI-Sim,0.734,2026-02-03T00:00:00+00:00,8860b19695fffff
ACC-00000819,MULE,SBI-Sim,0.795,2025-10-10T00:00:00+00:00,883d8dcc0dfffff
ACC-00000820,MULE,HDFC-Sim,0.904,2022-12-27T00:00:00+00:00,88608b0961fffff
ACC-00000821,MULE,Axis-Sim,0.84,2026-03-16T00:00:00+00:00,883d8dcd5dfffff
ACC-00000822,MULE,PNB-Sim,0.803,2025-02-16T00:00:00+00:00,8861892ecbfffff
ACC-00000823,MULE,ICICI-Sim,0.565,2024-08-12T00:00:00+00:00,88618925c5fffff
ACC-00000824,MULE,PNB-Sim,0.73,2025-01-10T00:00:00+00:00,88608b56d7fffff
ACC-00000825,MULE,HDFC-Sim,0.909,2025-06-07T00:00:00+00:00,88618c45b9fffff
ACC-00000826,MULE,ICICI-Sim,0.656,2023-02-25T00:00:00+00:00,8842ceb4a1fffff
ACC-00000827,MULE,Axis-Sim,0.944,2023-09-01T00:00:00+00:00,883da11233fffff
ACC-00000828,MULE,Axis-Sim,0.721,2025-12-18T00:00:00+00:00,8842ceb5d9fffff
ACC-00000829,MULE,SBI-Sim,0.795,2021-09-01T00:00:00+00:00,88608b4733fffff
ACC-00000830,MULE,BOI-Sim,0.799,2022-02-08T00:00:00+00:00,88618c45b9fffff
ACC-00000831,MULE,PNB-Sim,0.927,2023-06-06T00:00:00+00:00,8860145943fffff
ACC-00000832,MULE,BOI-Sim,0.686,2025-11-08T00:00:00+00:00,8842ceb559fffff
ACC-00000833,MULE,SBI-Sim,0.658,2021-07-22T00:00:00+00:00,8842ceb4a1fffff
ACC-00000834,MULE,Axis-Sim,0.551,2022-05-29T00:00:00+00:00,8842ceb559fffff
ACC-00000835,MULE,ICICI-Sim,0.557,2021-08-23T00:00:00+00:00,883da11233fffff
ACC-00000836,MULE,BOI-Sim,0.607,2023-02-06T00:00:00+00:00,88618c4e63fffff
ACC-00000837,MULE,ICICI-Sim,0.613,2025-04-12T00:00:00+00:00,8860b52e9bfffff
ACC-00000838,MULE,PNB-Sim,0.935,2021-08-07T00:00:00+00:00,88618c45b9fffff
ACC-00000839,MULE,SBI-Sim,0.802,2024-06-01T00:00:00+00:00,88618c4d05fffff
ACC-00000840,MULE,HDFC-Sim,0.929,2025-03-25T00:00:00+00:00,8860b19695fffff
ACC-00000841,MULE,Axis-Sim,0.859,2024-03-24T00:00:00+00:00,88618c4e63fffff
ACC-00000842,MULE,HDFC-Sim,0.908,2025-07-16T00:00:00+00:00,8861892ecbfffff
ACC-00000843,MULE,HDFC-Sim,0.786,2023-01-25T00:00:00+00:00,883d8dcc0dfffff
ACC-00000844,MULE,SBI-Sim,0.873,2023-04-29T00:00:00+00:00,88608b0961fffff
ACC-00000845,MULE,SBI-Sim,0.717,2024-06-06T00:00:00+00:00,883d8dcdd5fffff
ACC-00000846,MULE,BOI-Sim,0.662,2022-09-26T00:00:00+00:00,8861892ecbfffff
ACC-00000847,MULE,SBI-Sim,0.763,2023-05-06T00:00:00+00:00,8842ceb5d9fffff
ACC-00000848,MULE,SBI-Sim,0.839,2022-01-19T00:00:00+00:00,88618921d1fffff
ACC-00000849,MULE,ICICI-Sim,0.624,2025-02-18T00:00:00+00:00,883d8dcd5dfffff
ACC-00000850,MULE,HDFC-Sim,0.862,2023-11-23T00:00:00+00:00,883da115a5fffff
ACC-00000851,MULE,Axis-Sim,0.698,2024-09-03T00:00:00+00:00,8860145943fffff
ACC-00000852,MULE,PNB-Sim,0.777,2024-10-15T00:00:00+00:00,88608b0a6bfffff
ACC-00000853,MULE,PNB-Sim,0.694,2025-05-14T00:00:00+00:00,8842ceb4a1fffff
ACC-00000854,MULE,PNB-Sim,0.646,2025-06-25T00:00:00+00:00,8842ceb4a1fffff
ACC-00000855,MULE,SBI-Sim,0.778,2025-02-11T00:00:00+00:00,8860b52c97fffff
ACC-00000856,MULE,SBI-Sim,0.821,2023-02-03T00:00:00+00:00,8842cea623fffff
ACC-00000857,MULE,ICICI-Sim,0.682,2023-05-31T00:00:00+00:00,88608b56d7fffff
ACC-00000858,MULE,HDFC-Sim,0.797,2025-08-14T00:00:00+00:00,88618925c5fffff
ACC-00000859,MULE,HDFC-Sim,0.634,2025-08-15T00:00:00+00:00,883da11409fffff
ACC-00000860,MULE,HDFC-Sim,0.553,2023-07-15T00:00:00+00:00,8860145943fffff
ACC-00000861,MULE,SBI-Sim,0.666,2022-05-29T00:00:00+00:00,88608b0a6bfffff
ACC-00000862,MULE,BOI-Sim,0.719,2021-07-21T00:00:00+00:00,8842ceb559fffff
ACC-00000863,MULE,ICICI-Sim,0.922,2021-07-23T00:00:00+00:00,883d8dcdd5fffff
ACC-00000864,MULE,HDFC-Sim,0.737,2022-07-17T00:00:00+00:00,8860a259bbfffff
ACC-00000865,MULE,PNB-Sim,0.883,2023-08-07T00:00:00+00:00,88608b0961fffff
ACC-00000866,MULE,ICICI-Sim,0.722,2022-10-01T00:00:00+00:00,8842cea623fffff
ACC-00000867,MULE,SBI-Sim,0.836,2023-08-11T00:00:00+00:00,8842ceb5d9fffff
ACC-00000868,MULE,ICICI-Sim,0.823,2025-07-19T00:00:00+00:00,883d8dcf1dfffff
ACC-00000869,MULE,HDFC-Sim,0.849,2021-07-22T00:00:00+00:00,8860b52c97fffff
ACC-00000870,MULE,BOI-Sim,0.857,2024-05-24T00:00:00+00:00,8860b52e9bfffff
ACC-00000871,MULE,Axis-Sim,0.719,2025-12-11T00:00:00+00:00,8860145943fffff
ACC-00000872,MULE,ICICI-Sim,0.579,2024-02-16T00:00:00+00:00,883da11409fffff
ACC-00000873,MULE,BOI-Sim,0.687,2023-08-05T00:00:00+00:00,88608b4733fffff
ACC-00000874,MULE,ICICI-Sim,0.865,2023-05-11T00:00:00+00:00,8860a259bbfffff
ACC-00000875,MULE,HDFC-Sim,0.792,2022-06-25T00:00:00+00:00,8860a259bbfffff
ACC-00000876,MULE,ICICI-Sim,0.575,2022-08-20T00:00:00+00:00,88608b4733fffff
ACC-00000877,MULE,ICICI-Sim,0.82,2024-04-10T00:00:00+00:00,88608b4733fffff
ACC-00000878,MULE,ICICI-Sim,0.621,2021-07-17T00:00:00+00:00,88608b0961fffff
ACC-00000879,MULE,HDFC-Sim,0.78,2026-02-16T00:00:00+00:00,8842ceb5d9fffff
ACC-00000880,MULE,HDFC-Sim,0.652,2025-04-26T00:00:00+00:00,8842ceb559fffff
ACC-00000881,MULE,ICICI-Sim,0.692,2026-02-15T00:00:00+00:00,8860a259bbfffff
ACC-00000882,MULE,HDFC-Sim,0.873,2024-10-30T00:00:00+00:00,883da11233fffff
ACC-00000883,MULE,ICICI-Sim,0.884,2024-10-04T00:00:00+00:00,883d8dcd5dfffff
ACC-00000884,MULE,SBI-Sim,0.799,2023-08-26T00:00:00+00:00,88618921d1fffff
ACC-00000885,MULE,PNB-Sim,0.611,2024-02-15T00:00:00+00:00,8861892ecbfffff
ACC-00000886,MULE,HDFC-Sim,0.681,2025-11-07T00:00:00+00:00,883da11409fffff
ACC-00000887,MULE,HDFC-Sim,0.622,2025-06-06T00:00:00+00:00,88608b56d7fffff
ACC-00000888,MULE,PNB-Sim,0.733,2022-05-07T00:00:00+00:00,883d8dcf1dfffff
ACC-00000889,MULE,PNB-Sim,0.556,2024-11-01T00:00:00+00:00,883d8dcc0dfffff
ACC-00000890,MULE,BOI-Sim,0.824,2023-02-28T00:00:00+00:00,8861892ecbfffff
ACC-00000891,MULE,HDFC-Sim,0.634,2023-01-03T00:00:00+00:00,88608b56d7fffff
ACC-00000892,MULE,SBI-Sim,0.805,2025-11-20T00:00:00+00:00,883d8dcf1dfffff
ACC-00000893,MULE,Axis-Sim,0.719,2025-07-08T00:00:00+00:00,8860b52c97fffff
ACC-00000894,MULE,PNB-Sim,0.587,2021-09-23T00:00:00+00:00,8842ceb5d9fffff
ACC-00000895,MULE,BOI-Sim,0.557,2022-11-11T00:00:00+00:00,88618925c5fffff
ACC-00000896,MULE,SBI-Sim,0.695,2021-07-05T00:00:00+00:00,8842cea623fffff
ACC-00000897,MULE,PNB-Sim,0.833,2021-07-01T00:00:00+00:00,88618c45b9fffff
ACC-00000898,MULE,Axis-Sim,0.56,2025-06-12T00:00:00+00:00,88618925c5fffff
ACC-00000899,MULE,HDFC-Sim,0.626,2022-10-16T00:00:00+00:00,88608b0a6bfffff
ACC-00000900,MULE,PNB-Sim,0.584,2022-01-07T00:00:00+00:00,883d8dcc0dfffff
ACC-00000901,MULE,Axis-Sim,0.701,2024-11-19T00:00:00+00:00,8842ceb4a1fffff
ACC-00000902,MULE,ICICI-Sim,0.789,2022-05-29T00:00:00+00:00,883d8dcf1dfffff
ACC-00000903,MULE,PNB-Sim,0.86,2025-10-20T00:00:00+00:00,8842cea623fffff
ACC-00000904,MULE,BOI-Sim,0.648,2022-07-18T00:00:00+00:00,88618c4e63fffff
ACC-00000905,MULE,HDFC-Sim,0.745,2024-09-26T00:00:00+00:00,8860b19695fffff
ACC-00000906,MULE,PNB-Sim,0.728,2023-08-21T00:00:00+00:00,883d8dcf1dfffff
ACC-00000907,MULE,PNB-Sim,0.727,2023-05-19T00:00:00+00:00,88618921d1fffff
ACC-00000908,MULE,ICICI-Sim,0.607,2023-01-28T00:00:00+00:00,883da11409fffff
ACC-00000909,MULE,HDFC-Sim,0.813,2022-01-01T00:00:00+00:00,8860145943fffff
ACC-00000910,MULE,HDFC-Sim,0.643,2022-11-20T00:00:00+00:00,883d8dcdd5fffff
ACC-00000911,MULE,HDFC-Sim,0.748,2025-07-09T00:00:00+00:00,883da11233fffff
ACC-00000912,MULE,PNB-Sim,0.624,2025-05-24T00:00:00+00:00,883da11233fffff
ACC-00000913,MULE,BOI-Sim,0.915,2022-07-23T00:00:00+00:00,883da11623fffff
ACC-00000914,MULE,BOI-Sim,0.585,2023-10-28T00:00:00+00:00,883da11409fffff
ACC-00000915,MULE,BOI-Sim,0.913,2023-05-30T00:00:00+00:00,88618921d1fffff
ACC-00000916,MULE,BOI-Sim,0.656,2026-02-26T00:00:00+00:00,883da115a5fffff
ACC-00000917,MULE,ICICI-Sim,0.9,2023-02-18T00:00:00+00:00,88618c4e63fffff
ACC-00000918,MULE,HDFC-Sim,0.888,2024-03-04T00:00:00+00:00,88608b0961fffff
ACC-00000919,MULE,Axis-Sim,0.586,2024-03-25T00:00:00+00:00,883da11409fffff
ACC-00000920,MULE,Axis-Sim,0.842,2022-02-11T00:00:00+00:00,883d8dcd5dfffff
ACC-00000921,MULE,ICICI-Sim,0.891,2025-12-26T00:00:00+00:00,88608b0961fffff
ACC-00000922,MULE,ICICI-Sim,0.686,2022-11-14T00:00:00+00:00,8842ceb5d9fffff
ACC-00000923,MULE,Axis-Sim,0.789,2023-08-03T00:00:00+00:00,8860a259bbfffff
ACC-00000924,MULE,ICICI-Sim,0.679,2025-03-08T00:00:00+00:00,88618c4d05fffff
ACC-00000925,MULE,PNB-Sim,0.605,2025-11-22T00:00:00+00:00,88618921d1fffff
ACC-00000926,MULE,Axis-Sim,0.669,2021-08-09T00:00:00+00:00,88618c4f2bfffff
ACC-00000927,MULE,ICICI-Sim,0.82,2022-11-26T00:00:00+00:00,883d8dcf1dfffff
ACC-00000928,MULE,ICICI-Sim,0.715,2025-04-28T00:00:00+00:00,883da11623fffff
ACC-00000929,MULE,PNB-Sim,0.89,2022-06-25T00:00:00+00:00,8842cea623fffff
ACC-00000930,MULE,HDFC-Sim,0.591,2022-04-01T00:00:00+00:00,883d8dcd5dfffff
ACC-00000931,MULE,BOI-Sim,0.908,2024-01-22T00:00:00+00:00,88618c45b9fffff
ACC-00000932,MULE,SBI-Sim,0.657,2021-10-30T00:00:00+00:00,883da11409fffff
ACC-00000933,MULE,HDFC-Sim,0.87,2022-07-20T00:00:00+00:00,883d8dcf1dfffff
ACC-00000934,MULE,SBI-Sim,0.833,2021-06-30T00:00:00+00:00,88608b4733fffff
ACC-00000935,MULE,HDFC-Sim,0.655,2025-02-05T00:00:00+00:00,88608b0a6bfffff
ACC-00000936,MULE,ICICI-Sim,0.894,2021-08-14T00:00:00+00:00,883d8dcd5dfffff
ACC-00000937,MULE,SBI-Sim,0.588,2025-12-11T00:00:00+00:00,883da11233fffff
ACC-00000938,MULE,SBI-Sim,0.809,2021-10-18T00:00:00+00:00,88618c4e63fffff
ACC-00000939,MULE,ICICI-Sim,0.558,2024-04-18T00:00:00+00:00,883d8dcc0dfffff
ACC-00000940,MULE,PNB-Sim,0.858,2022-01-27T00:00:00+00:00,883d8dcf1dfffff
ACC-00000941,MULE,ICICI-Sim,0.805,2026-01-01T00:00:00+00:00,883da11623fffff
ACC-00000942,MULE,HDFC-Sim,0.88,2022-01-31T00:00:00+00:00,88608b4733fffff
ACC-00000943,MULE,Axis-Sim,0.649,2022-02-04T00:00:00+00:00,8861892ecbfffff
ACC-00000944,MULE,ICICI-Sim,0.818,2023-05-01T00:00:00+00:00,8860a259bbfffff
ACC-00000945,MULE,HDFC-Sim,0.703,2023-11-20T00:00:00+00:00,8860b52e9bfffff
ACC-00000946,MULE,ICICI-Sim,0.65,2022-06-18T00:00:00+00:00,8842ceb559fffff
ACC-00000947,MULE,Axis-Sim,0.556,2023-12-14T00:00:00+00:00,8860b52e9bfffff
ACC-00000948,MULE,HDFC-Sim,0.823,2022-09-21T00:00:00+00:00,88618921d1fffff
ACC-00000949,MULE,ICICI-Sim,0.841,2024-08-21T00:00:00+00:00,8860b52e9bfffff
ACC-00000950,MULE,PNB-Sim,0.66,2023-08-12T00:00:00+00:00,8861892ecbfffff
ACC-00000951,MULE,ICICI-Sim,0.6,2021-08-15T00:00:00+00:00,88618c4e63fffff
ACC-00000952,MULE,ICICI-Sim,0.769,2022-06-03T00:00:00+00:00,883d8dcf1dfffff
ACC-00000953,MULE,ICICI-Sim,0.621,2022-05-15T00:00:00+00:00,8860b52c97fffff
ACC-00000954,MULE,HDFC-Sim,0.595,2021-10-03T00:00:00+00:00,88608b0a6bfffff
ACC-00000955,MULE,Axis-Sim,0.698,2021-09-07T00:00:00+00:00,8861892ecbfffff
ACC-00000956,MULE,Axis-Sim,0.899,2024-12-27T00:00:00+00:00,88618c4d05fffff
ACC-00000957,MULE,BOI-Sim,0.676,2024-10-21T00:00:00+00:00,883da11233fffff
ACC-00000958,MULE,SBI-Sim,0.569,2023-10-14T00:00:00+00:00,883d8dcdd5fffff
ACC-00000959,MULE,ICICI-Sim,0.817,2025-12-21T00:00:00+00:00,8860b52e9bfffff
ACC-00000960,MULE,PNB-Sim,0.556,2023-06-21T00:00:00+00:00,8860b19695fffff
ACC-00000961,MULE,HDFC-Sim,0.707,2022-05-23T00:00:00+00:00,88608b4733fffff
ACC-00000962,MULE,SBI-Sim,0.654,2025-04-07T00:00:00+00:00,88618925c5fffff
ACC-00000963,MULE,SBI-Sim,0.949,2026-04-02T00:00:00+00:00,883d8dcdd5fffff
ACC-00000964,MULE,ICICI-Sim,0.679,2021-09-21T00:00:00+00:00,88608b56d7fffff
ACC-00000965,MULE,ICICI-Sim,0.564,2026-01-06T00:00:00+00:00,8860a259bbfffff
ACC-00000966,MULE,SBI-Sim,0.758,2023-09-04T00:00:00+00:00,883d8dcdd5fffff
ACC-00000967,MULE,BOI-Sim,0.814,2026-03-27T00:00:00+00:00,8860b52c97fffff
ACC-00000968,MULE,PNB-Sim,0.687,2024-12-02T00:00:00+00:00,88618c4d05fffff
ACC-00000969,MULE,HDFC-Sim,0.761,2025-08-28T00:00:00+00:00,88618c4d05fffff
ACC-00000970,MULE,BOI-Sim,0.786,2023-08-22T00:00:00+00:00,88608b0a6bfffff
ACC-00000971,MULE,Axis-Sim,0.801,2024-03-22T00:00:00+00:00,8860b52c97fffff
ACC-00000972,MULE,PNB-Sim,0.672,2022-06-08T00:00:00+00:00,883da11623fffff
ACC-00000973,MULE,ICICI-Sim,0.611,2024-07-05T00:00:00+00:00,88608b4733fffff
ACC-00000974,MULE,Axis-Sim,0.807,2023-11-20T00:00:00+00:00,8842ceb559fffff
ACC-00000975,MULE,Axis-Sim,0.602,2023-09-10T00:00:00+00:00,883d8dcdd5fffff
ACC-00000976,MULE,PNB-Sim,0.58,2025-12-28T00:00:00+00:00,8842cea623fffff
ACC-00000977,MULE,ICICI-Sim,0.856,2025-09-25T00:00:00+00:00,883da115a5fffff
ACC-00000978,MULE,HDFC-Sim,0.863,2024-12-02T00:00:00+00:00,883d8dcd5dfffff
ACC-00000979,MULE,PNB-Sim,0.912,2023-05-29T00:00:00+00:00,88618c4f2bfffff
ACC-00000980,MULE,SBI-Sim,0.596,2024-02-28T00:00:00+00:00,88618921d1fffff
ACC-00000981,MULE,BOI-Sim,0.589,2023-06-04T00:00:00+00:00,883da11623fffff
ACC-00000982,MULE,SBI-Sim,0.934,2021-07-04T00:00:00+00:00,883da11623fffff
ACC-00000983,MULE,HDFC-Sim,0.757,2024-11-12T00:00:00+00:00,88608b56d7fffff
ACC-00000984,MULE,SBI-Sim,0.839,2024-03-23T00:00:00+00:00,8842cea623fffff
ACC-00000985,MULE,Axis-Sim,0.577,2024-10-29T00:00:00+00:00,8860145943fffff
ACC-00000986,MULE,BOI-Sim,0.663,2026-03-01T00:00:00+00:00,8860b52c97fffff
ACC-00000987,MULE,ICICI-Sim,0.937,2023-11-02T00:00:00+00:00,8860b52c97fffff
ACC-00000988,MULE,SBI-Sim,0.935,2025-06-30T00:00:00+00:00,88618c45b9fffff
ACC-00000989,MULE,SBI-Sim,0.563,2023-02-01T00:00:00+00:00,8860a259bbfffff
ACC-00000990,MULE,BOI-Sim,0.741,2025-03-08T00:00:00+00:00,88618c4f2bfffff
ACC-00000991,MULE,PNB-Sim,0.798,2025-09-23T00:00:00+00:00,883da11409fffff
ACC-00000992,MULE,ICICI-Sim,0.61,2024-06-15T00:00:00+00:00,883d8dcf1dfffff
ACC-00000993,MULE,BOI-Sim,0.806,2023-03-15T00:00:00+00:00,8842ceb5d9fffff
ACC-00000994,MULE,SBI-Sim,0.925,2025-11-19T00:00:00+00:00,883da11409fffff
ACC-00000995,MULE,ICICI-Sim,0.785,2023-09-09T00:00:00+00:00,883da115a5fffff
ACC-00000996,MULE,HDFC-Sim,0.649,2023-03-15T00:00:00+00:00,8842cea623fffff
ACC-00000997,MULE,ICICI-Sim,0.627,2023-11-03T00:00:00+00:00,88618c4e63fffff
ACC-00000998,MULE,BOI-Sim,0.915,2024-05-31T00:00:00+00:00,88618c4d05fffff
ACC-00000999,MULE,Axis-Sim,0.684,2023-12-06T00:00:00+00:00,883da115a5fffff
ACC-00001000,MULE,ICICI-Sim,0.855,2024-01-04T00:00:00+00:00,883d8dcc0dfffff
ACC-00001001,MULE,HDFC-Sim,0.835,2022-03-03T00:00:00+00:00,88618c4f2bfffff
ACC-00001002,MULE,BOI-Sim,0.905,2026-04-27T00:00:00+00:00,883da11623fffff
ACC-00001003,MULE,PNB-Sim,0.744,2025-09-27T00:00:00+00:00,883da115a5fffff
ACC-00001004,MULE,HDFC-Sim,0.769,2025-04-28T00:00:00+00:00,88608b0a6bfffff
ACC-00001005,MULE,BOI-Sim,0.618,2021-08-02T00:00:00+00:00,8860b52e9bfffff
ACC-00001006,MULE,Axis-Sim,0.638,2022-03-10T00:00:00+00:00,8860a259bbfffff
ACC-00001007,MULE,ICICI-Sim,0.696,2024-08-20T00:00:00+00:00,88618c4d05fffff
ACC-00001008,MULE,PNB-Sim,0.726,2025-04-04T00:00:00+00:00,8842ceb5d9fffff
ACC-00001009,MULE,ICICI-Sim,0.568,2022-12-10T00:00:00+00:00,88618c4d05fffff
ACC-00001010,MULE,SBI-Sim,0.554,2022-03-14T00:00:00+00:00,88618c4e63fffff
ACC-00001011,MULE,HDFC-Sim,0.611,2022-08-24T00:00:00+00:00,883d8dcc0dfffff
ACC-00001012,MULE,Axis-Sim,0.707,2023-09-06T00:00:00+00:00,883da11409fffff
ACC-00001013,MULE,ICICI-Sim,0.801,2024-04-18T00:00:00+00:00,88618c4d05fffff
ACC-00001014,MULE,PNB-Sim,0.872,2024-10-16T00:00:00+00:00,88618c4f2bfffff
ACC-00001015,MULE,BOI-Sim,0.595,2026-03-19T00:00:00+00:00,883da11233fffff
ACC-00001016,MULE,PNB-Sim,0.771,2023-06-10T00:00:00+00:00,883da11623fffff
ACC-00001017,MULE,PNB-Sim,0.72,2022-11-24T00:00:00+00:00,88618c4e63fffff
ACC-00001018,MULE,BOI-Sim,0.939,2025-10-26T00:00:00+00:00,88608b0a6bfffff
ACC-00001019,MULE,ICICI-Sim,0.685,2023-08-04T00:00:00+00:00,883d8dcdd5fffff
ACC-00001020,MULE,ICICI-Sim,0.69,2021-11-08T00:00:00+00:00,88618c45b9fffff
ACC-00001021,MULE,HDFC-Sim,0.871,2022-03-19T00:00:00+00:00,8860a259bbfffff
ACC-00001022,MULE,BOI-Sim,0.909,2022-05-15T00:00:00+00:00,8860b52c97fffff
ACC-00001023,MULE,SBI-Sim,0.683,2025-01-18T00:00:00+00:00,8842ceb5d9fffff
ACC-00001024,MULE,BOI-Sim,0.761,2024-08-05T00:00:00+00:00,8860b52c97fffff
ACC-00001025,MULE,BOI-Sim,0.564,2023-04-01T00:00:00+00:00,883d8dcd5dfffff
ACC-00001026,MULE,ICICI-Sim,0.81,2024-02-09T00:00:00+00:00,8842ceb4a1fffff
ACC-00001027,MULE,ICICI-Sim,0.78,2022-04-10T00:00:00+00:00,8860a259bbfffff
ACC-00001028,MULE,SBI-Sim,0.574,2021-09-01T00:00:00+00:00,883d8dcf1dfffff
ACC-00001029,MULE,HDFC-Sim,0.566,2022-11-10T00:00:00+00:00,8860145943fffff
ACC-00001030,MULE,ICICI-Sim,0.825,2025-03-10T00:00:00+00:00,883d8dcf1dfffff
ACC-00001031,MULE,BOI-Sim,0.819,2024-01-27T00:00:00+00:00,883da11233fffff
ACC-00001032,MULE,PNB-Sim,0.597,2023-09-23T00:00:00+00:00,883da11409fffff
ACC-00001033,MULE,SBI-Sim,0.751,2024-12-13T00:00:00+00:00,88608b0961fffff
ACC-00001034,MULE,Axis-Sim,0.749,2026-02-07T00:00:00+00:00,883d8dcc0dfffff
ACC-00001035,MULE,HDFC-Sim,0.758,2022-02-05T00:00:00+00:00,883d8dcc0dfffff
ACC-00001036,MULE,Axis-Sim,0.583,2025-09-13T00:00:00+00:00,883da11409fffff
ACC-00001037,MULE,HDFC-Sim,0.914,2021-07-27T00:00:00+00:00,88618c45b9fffff
ACC-00001038,MULE,SBI-Sim,0.686,2022-04-30T00:00:00+00:00,8860a259bbfffff
ACC-00001039,MULE,BOI-Sim,0.911,2023-07-19T00:00:00+00:00,88618c4e63fffff
ACC-00001040,MULE,ICICI-Sim,0.628,2025-08-18T00:00:00+00:00,8860b52c97fffff
ACC-00001041,MULE,BOI-Sim,0.625,2022-04-08T00:00:00+00:00,88618c45b9fffff
ACC-00001042,MULE,SBI-Sim,0.939,2023-12-24T00:00:00+00:00,883d8dcf1dfffff
ACC-00001043,MULE,SBI-Sim,0.808,2025-11-19T00:00:00+00:00,88618925c5fffff
ACC-00001044,MULE,Axis-Sim,0.553,2024-06-01T00:00:00+00:00,8861892ecbfffff
ACC-00001045,MULE,PNB-Sim,0.616,2025-08-30T00:00:00+00:00,88618c4e63fffff
ACC-00001046,MULE,HDFC-Sim,0.551,2023-03-12T00:00:00+00:00,8842cea623fffff
ACC-00001047,MULE,SBI-Sim,0.752,2024-03-25T00:00:00+00:00,883d8dcdd5fffff
ACC-00001048,MULE,HDFC-Sim,0.689,2023-04-23T00:00:00+00:00,883d8dcdd5fffff
ACC-00001049,MULE,Axis-Sim,0.759,2025-10-17T00:00:00+00:00,88618c4d05fffff
ACC-00001050,MULE,ICICI-Sim,0.695,2026-02-26T00:00:00+00:00,88618c4e63fffff
ACC-00001051,MULE,Axis-Sim,0.918,2021-08-06T00:00:00+00:00,88608b56d7fffff
ACC-00001052,MULE,PNB-Sim,0.9,2025-07-15T00:00:00+00:00,88618c4f2bfffff
ACC-00001053,MULE,BOI-Sim,0.704,2022-03-22T00:00:00+00:00,883da11409fffff
ACC-00001054,MULE,SBI-Sim,0.775,2022-12-21T00:00:00+00:00,8842ceb559fffff
ACC-00001055,MULE,HDFC-Sim,0.71,2023-01-15T00:00:00+00:00,8842ceb5d9fffff
ACC-00001056,MULE,Axis-Sim,0.603,2024-05-19T00:00:00+00:00,88618c4e63fffff
ACC-00001057,MULE,BOI-Sim,0.626,2021-11-23T00:00:00+00:00,88618c4f2bfffff
ACC-00001058,MULE,PNB-Sim,0.671,2022-07-03T00:00:00+00:00,8860a259bbfffff
ACC-00001059,MULE,PNB-Sim,0.839,2021-08-26T00:00:00+00:00,88618c4d05fffff
ACC-00001060,MULE,SBI-Sim,0.71,2022-06-13T00:00:00+00:00,88618c4e63fffff
ACC-00001061,MULE,SBI-Sim,0.623,2023-11-28T00:00:00+00:00,883d8dcc0dfffff
ACC-00001062,MULE,Axis-Sim,0.674,2025-09-28T00:00:00+00:00,8842ceb5d9fffff
ACC-00001063,MULE,SBI-Sim,0.836,2026-03-16T00:00:00+00:00,88608b56d7fffff
ACC-00001064,MULE,SBI-Sim,0.697,2022-04-02T00:00:00+00:00,88618c45b9fffff
ACC-00001065,MULE,SBI-Sim,0.711,2022-02-24T00:00:00+00:00,883da11233fffff
ACC-00001066,MULE,BOI-Sim,0.814,2022-01-13T00:00:00+00:00,88618c4f2bfffff
ACC-00001067,MULE,Axis-Sim,0.582,2022-08-28T00:00:00+00:00,883d8dcd5dfffff
ACC-00001068,MULE,Axis-Sim,0.82,2022-09-13T00:00:00+00:00,883da11233fffff
ACC-00001069,MULE,Axis-Sim,0.877,2025-10-02T00:00:00+00:00,8860b52e9bfffff
ACC-00001070,MULE,ICICI-Sim,0.793,2023-12-22T00:00:00+00:00,88608b0961fffff
ACC-00001071,MULE,SBI-Sim,0.582,2024-06-01T00:00:00+00:00,883da11409fffff
ACC-00001072,MULE,PNB-Sim,0.693,2025-12-21T00:00:00+00:00,883d8dcd5dfffff
ACC-00001073,MULE,BOI-Sim,0.771,2023-04-13T00:00:00+00:00,8860a259bbfffff
ACC-00001074,MULE,Axis-Sim,0.647,2025-01-24T00:00:00+00:00,88608b4733fffff
ACC-00001075,MULE,Axis-Sim,0.884,2023-04-27T00:00:00+00:00,88618c45b9fffff
ACC-00001076,MULE,Axis-Sim,0.612,2024-04-10T00:00:00+00:00,883d8dcc0dfffff
ACC-00001077,MULE,HDFC-Sim,0.835,2024-09-27T00:00:00+00:00,8842ceb559fffff
ACC-00001078,MULE,Axis-Sim,0.823,2024-11-13T00:00:00+00:00,88608b56d7fffff
ACC-00001079,MULE,HDFC-Sim,0.891,2025-11-16T00:00:00+00:00,8842ceb4a1fffff
ACC-00001080,MULE,Axis-Sim,0.833,2022-04-11T00:00:00+00:00,8842cea623fffff
ACC-00001081,MULE,HDFC-Sim,0.677,2025-11-29T00:00:00+00:00,88618925c5fffff
ACC-00001082,MULE,ICICI-Sim,0.582,2025-09-20T00:00:00+00:00,883da11409fffff
ACC-00001083,MULE,Axis-Sim,0.621,2023-06-18T00:00:00+00:00,88608b56d7fffff
ACC-00001084,MULE,Axis-Sim,0.679,2023-09-16T00:00:00+00:00,8842ceb5d9fffff
ACC-00001085,MULE,ICICI-Sim,0.652,2025-09-04T00:00:00+00:00,88618c45b9fffff
ACC-00001086,MULE,PNB-Sim,0.668,2022-04-21T00:00:00+00:00,883da11409fffff
ACC-00001087,MULE,SBI-Sim,0.713,2026-02-09T00:00:00+00:00,8860a259bbfffff
ACC-00001088,MULE,HDFC-Sim,0.843,2023-06-28T00:00:00+00:00,883d8dcc0dfffff
ACC-00001089,MULE,BOI-Sim,0.734,2024-06-13T00:00:00+00:00,8842ceb4a1fffff
ACC-00001090,MULE,SBI-Sim,0.631,2022-10-01T00:00:00+00:00,88608b4733fffff
ACC-00001091,MULE,HDFC-Sim,0.665,2025-11-15T00:00:00+00:00,88608b0a6bfffff
ACC-00001092,MULE,HDFC-Sim,0.758,2025-04-17T00:00:00+00:00,883d8dcc0dfffff
ACC-00001093,MULE,PNB-Sim,0.691,2025-01-28T00:00:00+00:00,88618c4e63fffff
ACC-00001094,MULE,PNB-Sim,0.654,2022-06-24T00:00:00+00:00,88618c4e63fffff
ACC-00001095,MULE,Axis-Sim,0.551,2024-02-10T00:00:00+00:00,8842ceb4a1fffff
ACC-00001096,MULE,HDFC-Sim,0.62,2025-07-26T00:00:00+00:00,883d8dcdd5fffff
ACC-00001097,MULE,HDFC-Sim,0.797,2025-08-27T00:00:00+00:00,8860a259bbfffff
ACC-00001098,MULE,HDFC-Sim,0.701,2024-08-15T00:00:00+00:00,88608b4733fffff
ACC-00001099,MULE,Axis-Sim,0.711,2025-11-06T00:00:00+00:00,88618c4f2bfffff
ACC-00001100,MULE,HDFC-Sim,0.621,2023-03-29T00:00:00+00:00,8842ceb559fffff
ACC-00001101,MULE,BOI-Sim,0.779,2021-08-13T00:00:00+00:00,8860145943fffff
ACC-00001102,MULE,SBI-Sim,0.758,2022-07-28T00:00:00+00:00,8860145943fffff
ACC-00001103,MULE,HDFC-Sim,0.841,2021-09-09T00:00:00+00:00,88618c4f2bfffff
ACC-00001104,MULE,SBI-Sim,0.795,2025-09-05T00:00:00+00:00,8842ceb559fffff
ACC-00001105,MULE,ICICI-Sim,0.914,2024-12-18T00:00:00+00:00,88608b4733fffff
ACC-00001106,MULE,Axis-Sim,0.932,2022-01-12T00:00:00+00:00,883d8dcd5dfffff
ACC-00001107,MULE,ICICI-Sim,0.799,2021-08-11T00:00:00+00:00,8860b19695fffff
ACC-00001108,MULE,PNB-Sim,0.714,2022-03-18T00:00:00+00:00,8861892ecbfffff
ACC-00001109,MULE,BOI-Sim,0.66,2025-11-04T00:00:00+00:00,8860145943fffff
ACC-00001110,MULE,BOI-Sim,0.895,2023-10-07T00:00:00+00:00,8860a259bbfffff
ACC-00001111,MULE,ICICI-Sim,0.878,2023-08-13T00:00:00+00:00,883d8dcd5dfffff
ACC-00001112,MULE,BOI-Sim,0.931,2024-10-27T00:00:00+00:00,883d8dcf1dfffff
ACC-00001113,MULE,Axis-Sim,0.932,2024-03-07T00:00:00+00:00,88608b56d7fffff
ACC-00001114,MULE,HDFC-Sim,0.776,2024-04-21T00:00:00+00:00,883d8dcf1dfffff
ACC-00001115,MULE,BOI-Sim,0.924,2026-02-27T00:00:00+00:00,88608b0961fffff
ACC-00001116,MULE,HDFC-Sim,0.783,2022-05-31T00:00:00+00:00,88608b0961fffff
ACC-00001117,MULE,PNB-Sim,0.628,2023-01-27T00:00:00+00:00,88608b0a6bfffff
ACC-00001118,MULE,PNB-Sim,0.593,2023-02-23T00:00:00+00:00,88618c45b9fffff
ACC-00001119,MULE,PNB-Sim,0.732,2024-05-05T00:00:00+00:00,8861892ecbfffff
ACC-00001120,MULE,Axis-Sim,0.819,2022-08-27T00:00:00+00:00,883da11409fffff
ACC-00001121,MULE,PNB-Sim,0.785,2025-02-18T00:00:00+00:00,88608b4733fffff
ACC-00001122,MULE,ICICI-Sim,0.612,2022-08-11T00:00:00+00:00,883da115a5fffff
ACC-00001123,MULE,HDFC-Sim,0.741,2024-03-13T00:00:00+00:00,883da11409fffff
ACC-00001124,MULE,ICICI-Sim,0.902,2024-08-17T00:00:00+00:00,8861892ecbfffff
ACC-00001125,MULE,HDFC-Sim,0.861,2024-08-14T00:00:00+00:00,88608b4733fffff
ACC-00001126,MULE,ICICI-Sim,0.579,2021-12-19T00:00:00+00:00,8860b52e9bfffff
ACC-00001127,MULE,SBI-Sim,0.552,2022-12-05T00:00:00+00:00,8860a259bbfffff
ACC-00001128,MULE,ICICI-Sim,0.897,2022-03-24T00:00:00+00:00,88608b0a6bfffff
ACC-00001129,MULE,BOI-Sim,0.83,2023-06-15T00:00:00+00:00,883da11623fffff
ACC-00001130,MULE,HDFC-Sim,0.816,2024-09-08T00:00:00+00:00,8842ceb4a1fffff
ACC-00001131,MULE,Axis-Sim,0.656,2025-06-18T00:00:00+00:00,883da11409fffff
ACC-00001132,MULE,HDFC-Sim,0.614,2025-02-03T00:00:00+00:00,883d8dcc0dfffff
ACC-00001133,MULE,ICICI-Sim,0.634,2026-01-31T00:00:00+00:00,88608b0a6bfffff
ACC-00001134,MULE,ICICI-Sim,0.949,2024-11-27T00:00:00+00:00,88618921d1fffff
ACC-00001135,MULE,BOI-Sim,0.801,2024-11-16T00:00:00+00:00,88608b0a6bfffff
ACC-00001136,MULE,ICICI-Sim,0.836,2023-10-25T00:00:00+00:00,88618c4e63fffff
ACC-00001137,MULE,HDFC-Sim,0.634,2026-03-13T00:00:00+00:00,8842cea623fffff
ACC-00001138,MULE,HDFC-Sim,0.648,2025-07-24T00:00:00+00:00,88618c4d05fffff
ACC-00001139,MULE,SBI-Sim,0.855,2026-01-12T00:00:00+00:00,883d8dcd5dfffff
ACC-00001140,MULE,SBI-Sim,0.708,2022-05-31T00:00:00+00:00,8860b19695fffff
ACC-00001141,MULE,Axis-Sim,0.721,2024-06-11T00:00:00+00:00,88608b56d7fffff
ACC-00001142,MULE,SBI-Sim,0.781,2025-05-10T00:00:00+00:00,88608b56d7fffff
ACC-00001143,MULE,BOI-Sim,0.654,2022-05-20T00:00:00+00:00,88618c4f2bfffff
ACC-00001144,MULE,PNB-Sim,0.768,2023-10-23T00:00:00+00:00,8860b19695fffff
ACC-00001145,MULE,BOI-Sim,0.717,2024-05-20T00:00:00+00:00,8860a259bbfffff
ACC-00001146,MULE,BOI-Sim,0.765,2023-12-30T00:00:00+00:00,8860b19695fffff
ACC-00001147,MULE,ICICI-Sim,0.756,2024-11-27T00:00:00+00:00,88608b4733fffff
ACC-00001148,MULE,SBI-Sim,0.625,2023-05-07T00:00:00+00:00,8842ceb5d9fffff
ACC-00001149,MULE,SBI-Sim,0.704,2023-03-21T00:00:00+00:00,8842ceb5d9fffff
ACC-00001150,MULE,Axis-Sim,0.578,2025-09-21T00:00:00+00:00,883da115a5fffff
ACC-00001151,MULE,ICICI-Sim,0.597,2022-07-18T00:00:00+00:00,8860a259bbfffff
ACC-00001152,MULE,SBI-Sim,0.946,2022-01-22T00:00:00+00:00,883d8dcf1dfffff
ACC-00001153,MULE,BOI-Sim,0.847,2021-09-05T00:00:00+00:00,88618c45b9fffff
ACC-00001154,MULE,Axis-Sim,0.851,2025-01-06T00:00:00+00:00,883da115a5fffff
ACC-00001155,MULE,HDFC-Sim,0.626,2021-08-18T00:00:00+00:00,8842ceb4a1fffff
ACC-00001156,MULE,PNB-Sim,0.744,2024-09-08T00:00:00+00:00,883d8dcdd5fffff
ACC-00001157,MULE,ICICI-Sim,0.641,2022-11-02T00:00:00+00:00,88608b56d7fffff
ACC-00001158,MULE,HDFC-Sim,0.677,2022-08-22T00:00:00+00:00,88618c4f2bfffff
ACC-00001159,MULE,HDFC-Sim,0.726,2023-11-28T00:00:00+00:00,883d8dcc0dfffff
ACC-00001160,MULE,BOI-Sim,0.727,2026-02-23T00:00:00+00:00,88618925c5fffff
ACC-00001161,MULE,Axis-Sim,0.619,2024-05-24T00:00:00+00:00,88618c4e63fffff
ACC-00001162,MULE,PNB-Sim,0.603,2022-05-02T00:00:00+00:00,883da11409fffff
ACC-00001163,MULE,BOI-Sim,0.912,2022-11-09T00:00:00+00:00,8842cea623fffff
ACC-00001164,MULE,SBI-Sim,0.893,2024-11-03T00:00:00+00:00,883da11623fffff
ACC-00001165,MULE,PNB-Sim,0.561,2024-09-20T00:00:00+00:00,8861892ecbfffff
ACC-00001166,MULE,Axis-Sim,0.659,2022-03-02T00:00:00+00:00,883da11623fffff
ACC-00001167,MULE,ICICI-Sim,0.633,2022-10-17T00:00:00+00:00,883da115a5fffff
ACC-00001168,MULE,Axis-Sim,0.78,2024-09-23T00:00:00+00:00,88618c4e63fffff
ACC-00001169,MULE,HDFC-Sim,0.582,2023-10-14T00:00:00+00:00,88618921d1fffff
ACC-00001170,MULE,PNB-Sim,0.766,2025-01-13T00:00:00+00:00,8860b19695fffff
ACC-00001171,MULE,SBI-Sim,0.62,2022-08-03T00:00:00+00:00,88618925c5fffff
ACC-00001172,MULE,Axis-Sim,0.623,2022-10-22T00:00:00+00:00,88608b0961fffff
ACC-00001173,MULE,ICICI-Sim,0.733,2023-06-06T00:00:00+00:00,883d8dcf1dfffff
ACC-00001174,MULE,SBI-Sim,0.905,2023-01-01T00:00:00+00:00,8860b52e9bfffff
ACC-00001175,MULE,SBI-Sim,0.82,2024-04-22T00:00:00+00:00,883da11623fffff
ACC-00001176,MULE,Axis-Sim,0.72,2021-12-10T00:00:00+00:00,8860b19695fffff
ACC-00001177,MULE,HDFC-Sim,0.674,2022-03-08T00:00:00+00:00,883d8dcc0dfffff
ACC-00001178,MULE,Axis-Sim,0.729,2023-06-12T00:00:00+00:00,88618c4d05fffff
ACC-00001179,MULE,PNB-Sim,0.641,2025-12-12T00:00:00+00:00,883d8dcd5dfffff
ACC-00001180,MULE,SBI-Sim,0.649,2021-09-19T00:00:00+00:00,883d8dcc0dfffff
ACC-00001181,MULE,BOI-Sim,0.77,2023-02-21T00:00:00+00:00,88608b56d7fffff
ACC-00001182,MULE,ICICI-Sim,0.787,2025-03-17T00:00:00+00:00,88608b0a6bfffff
ACC-00001183,MULE,ICICI-Sim,0.589,2023-04-30T00:00:00+00:00,88618921d1fffff
ACC-00001184,MULE,SBI-Sim,0.62,2022-05-14T00:00:00+00:00,8860a259bbfffff
ACC-00001185,MULE,BOI-Sim,0.77,2024-05-09T00:00:00+00:00,88608b4733fffff
ACC-00001186,MULE,ICICI-Sim,0.748,2025-02-07T00:00:00+00:00,8860145943fffff
ACC-00001187,MULE,ICICI-Sim,0.603,2024-11-29T00:00:00+00:00,88618921d1fffff
ACC-00001188,MULE,ICICI-Sim,0.613,2021-12-27T00:00:00+00:00,88608b0a6bfffff
ACC-00001189,MULE,PNB-Sim,0.778,2023-05-16T00:00:00+00:00,8842ceb5d9fffff
ACC-00001190,MULE,Axis-Sim,0.906,2023-06-24T00:00:00+00:00,88608b0a6bfffff
ACC-00001191,MULE,ICICI-Sim,0.922,2025-05-25T00:00:00+00:00,88618c4e63fffff
ACC-00001192,MULE,PNB-Sim,0.573,2024-12-15T00:00:00+00:00,8842ceb4a1fffff
ACC-00001193,MULE,SBI-Sim,0.903,2022-12-11T00:00:00+00:00,883d8dcc0dfffff
ACC-00001194,MULE,PNB-Sim,0.838,2021-07-22T00:00:00+00:00,88618c4e63fffff
ACC-00001195,MULE,BOI-Sim,0.751,2026-03-07T00:00:00+00:00,88618921d1fffff
ACC-00001196,MULE,BOI-Sim,0.827,2021-09-23T00:00:00+00:00,883da11409fffff
ACC-00001197,MULE,HDFC-Sim,0.556,2023-10-21T00:00:00+00:00,8860a259bbfffff
ACC-00001198,MULE,BOI-Sim,0.612,2021-11-06T00:00:00+00:00,8860145943fffff
ACC-00001199,MULE,Axis-Sim,0.788,2024-07-07T00:00:00+00:00,8860b52e9bfffff
ACC-00001200,MULE,ICICI-Sim,0.819,2022-07-09T00:00:00+00:00,8860b52c97fffff
ACC-00001201,MULE,BOI-Sim,0.641,2023-03-12T00:00:00+00:00,8861892ecbfffff
ACC-00001202,MULE,HDFC-Sim,0.751,2022-12-23T00:00:00+00:00,8860145943fffff
ACC-00001203,MULE,HDFC-Sim,0.714,2024-11-24T00:00:00+00:00,88618c4d05fffff
ACC-00001204,MULE,ICICI-Sim,0.787,2021-11-11T00:00:00+00:00,883d8dcdd5fffff
ACC-00001205,MULE,PNB-Sim,0.691,2025-03-30T00:00:00+00:00,88618921d1fffff
ACC-00001206,MULE,SBI-Sim,0.751,2025-11-16T00:00:00+00:00,883d8dcdd5fffff
ACC-00001207,MULE,SBI-Sim,0.642,2024-12-22T00:00:00+00:00,8842ceb559fffff
ACC-00001208,MULE,PNB-Sim,0.695,2022-08-25T00:00:00+00:00,883da11623fffff
ACC-00001209,MULE,PNB-Sim,0.659,2025-08-04T00:00:00+00:00,8860b19695fffff
ACC-00001210,MULE,ICICI-Sim,0.6,2021-08-11T00:00:00+00:00,883d8dcf1dfffff
ACC-00001211,MULE,HDFC-Sim,0.684,2023-01-08T00:00:00+00:00,883d8dcc0dfffff
ACC-00001212,MULE,ICICI-Sim,0.804,2022-03-07T00:00:00+00:00,88618921d1fffff
ACC-00001213,MULE,Axis-Sim,0.722,2022-04-23T00:00:00+00:00,8860b52e9bfffff
ACC-00001214,MULE,SBI-Sim,0.575,2024-08-25T00:00:00+00:00,88608b0a6bfffff
ACC-00001215,MULE,SBI-Sim,0.86,2024-12-31T00:00:00+00:00,88618c4e63fffff
ACC-00001216,MULE,ICICI-Sim,0.756,2022-05-12T00:00:00+00:00,88618c4d05fffff
ACC-00001217,MULE,PNB-Sim,0.82,2024-01-30T00:00:00+00:00,8860a259bbfffff
ACC-00001218,MULE,PNB-Sim,0.742,2024-12-23T00:00:00+00:00,88608b56d7fffff
ACC-00001219,MULE,ICICI-Sim,0.717,2026-02-23T00:00:00+00:00,88618c45b9fffff
ACC-00001220,MULE,Axis-Sim,0.774,2025-02-19T00:00:00+00:00,883da11623fffff
ACC-00001221,MULE,ICICI-Sim,0.948,2024-02-19T00:00:00+00:00,8860b52c97fffff
ACC-00001222,MULE,HDFC-Sim,0.57,2022-12-02T00:00:00+00:00,88618c45b9fffff
ACC-00001223,MULE,HDFC-Sim,0.68,2025-03-19T00:00:00+00:00,8860a259bbfffff
ACC-00001224,MULE,ICICI-Sim,0.778,2024-03-13T00:00:00+00:00,88618921d1fffff
ACC-00001225,MULE,HDFC-Sim,0.728,2021-09-25T00:00:00+00:00,883da11623fffff
ACC-00001226,MULE,PNB-Sim,0.809,2026-03-02T00:00:00+00:00,8860b19695fffff
ACC-00001227,MULE,BOI-Sim,0.721,2025-09-06T00:00:00+00:00,883da115a5fffff
ACC-00001228,MULE,PNB-Sim,0.763,2025-08-27T00:00:00+00:00,8860b19695fffff
ACC-00001229,MULE,SBI-Sim,0.765,2026-01-31T00:00:00+00:00,883da11233fffff
ACC-00001230,MULE,HDFC-Sim,0.771,2021-07-30T00:00:00+00:00,883d8dcf1dfffff
ACC-00001231,MULE,PNB-Sim,0.682,2024-09-19T00:00:00+00:00,8861892ecbfffff
ACC-00001232,MULE,SBI-Sim,0.899,2021-10-31T00:00:00+00:00,8842ceb4a1fffff
ACC-00001233,MULE,BOI-Sim,0.872,2025-06-23T00:00:00+00:00,883da11233fffff
ACC-00001234,MULE,BOI-Sim,0.679,2023-03-18T00:00:00+00:00,8860145943fffff
ACC-00001235,MULE,Axis-Sim,0.869,2022-12-18T00:00:00+00:00,88608b4733fffff
ACC-00001236,MULE,HDFC-Sim,0.888,2022-10-25T00:00:00+00:00,8842ceb5d9fffff
ACC-00001237,MULE,ICICI-Sim,0.751,2025-10-15T00:00:00+00:00,8842ceb5d9fffff
ACC-00001238,MULE,Axis-Sim,0.654,2025-06-23T00:00:00+00:00,88608b56d7fffff
ACC-00001239,MULE,ICICI-Sim,0.845,2023-03-14T00:00:00+00:00,883da11623fffff
ACC-00001240,MULE,ICICI-Sim,0.828,2022-03-20T00:00:00+00:00,883da11623fffff
ACC-00001241,MULE,ICICI-Sim,0.651,2022-08-12T00:00:00+00:00,883da115a5fffff
ACC-00001242,MULE,SBI-Sim,0.941,2022-01-22T00:00:00+00:00,88608b56d7fffff
ACC-00001243,MULE,PNB-Sim,0.827,2022-07-20T00:00:00+00:00,883da11623fffff
ACC-00001244,MULE,HDFC-Sim,0.641,2026-01-22T00:00:00+00:00,88608b4733fffff
ACC-00001245,MULE,HDFC-Sim,0.768,2022-08-12T00:00:00+00:00,8860b52e9bfffff
ACC-00001246,MULE,PNB-Sim,0.681,2022-03-28T00:00:00+00:00,8842ceb559fffff
ACC-00001247,MULE,SBI-Sim,0.769,2021-10-16T00:00:00+00:00,8860b19695fffff
ACC-00001248,MULE,SBI-Sim,0.734,2025-08-08T00:00:00+00:00,883d8dcdd5fffff
ACC-00001249,MULE,ICICI-Sim,0.594,2022-08-16T00:00:00+00:00,8861892ecbfffff
ACC-00001250,MULE,BOI-Sim,0.557,2025-04-28T00:00:00+00:00,8842ceb5d9fffff
ACC-00001251,MULE,SBI-Sim,0.822,2024-06-09T00:00:00+00:00,88608b56d7fffff
ACC-00001252,MULE,Axis-Sim,0.889,2023-01-10T00:00:00+00:00,8860a259bbfffff
ACC-00001253,MULE,Axis-Sim,0.576,2025-04-12T00:00:00+00:00,8860b19695fffff
ACC-00001254,MULE,ICICI-Sim,0.825,2023-03-19T00:00:00+00:00,88618c4f2bfffff
ACC-00001255,MULE,BOI-Sim,0.682,2023-08-07T00:00:00+00:00,88608b0a6bfffff
ACC-00001256,MULE,HDFC-Sim,0.937,2021-12-05T00:00:00+00:00,8842ceb5d9fffff
ACC-00001257,MULE,Axis-Sim,0.835,2022-02-13T00:00:00+00:00,883da115a5fffff
ACC-00001258,MULE,BOI-Sim,0.848,2026-04-27T00:00:00+00:00,883d8dcdd5fffff
ACC-00001259,MULE,ICICI-Sim,0.947,2025-09-22T00:00:00+00:00,883d8dcd5dfffff
ACC-00001260,MULE,Axis-Sim,0.592,2024-07-02T00:00:00+00:00,8842ceb5d9fffff
ACC-00001261,MULE,BOI-Sim,0.765,2023-03-20T00:00:00+00:00,88618c45b9fffff
ACC-00001262,MULE,HDFC-Sim,0.658,2023-03-05T00:00:00+00:00,8861892ecbfffff
ACC-00001263,MULE,SBI-Sim,0.63,2024-04-03T00:00:00+00:00,883d8dcc0dfffff
ACC-00001264,MULE,SBI-Sim,0.863,2023-11-05T00:00:00+00:00,883d8dcf1dfffff
ACC-00001265,MULE,SBI-Sim,0.82,2024-08-18T00:00:00+00:00,883d8dcd5dfffff
ACC-00001266,MULE,ICICI-Sim,0.626,2025-09-16T00:00:00+00:00,88618c4f2bfffff
ACC-00001267,MULE,PNB-Sim,0.621,2023-11-15T00:00:00+00:00,88618c45b9fffff
ACC-00001268,MULE,SBI-Sim,0.87,2022-10-24T00:00:00+00:00,883da11409fffff
ACC-00001269,MULE,Axis-Sim,0.834,2024-07-15T00:00:00+00:00,8860b52c97fffff
ACC-00001270,MULE,SBI-Sim,0.734,2024-10-29T00:00:00+00:00,88618c4f2bfffff
ACC-00001271,MULE,PNB-Sim,0.562,2021-12-01T00:00:00+00:00,8842ceb4a1fffff
ACC-00001272,MULE,HDFC-Sim,0.756,2022-09-03T00:00:00+00:00,8860b52c97fffff
ACC-00001273,MULE,Axis-Sim,0.608,2023-10-21T00:00:00+00:00,8860a259bbfffff
ACC-00001274,MULE,PNB-Sim,0.556,2023-09-16T00:00:00+00:00,8860145943fffff
ACC-00001275,MULE,BOI-Sim,0.842,2025-07-22T00:00:00+00:00,88618c4e63fffff
ACC-00001276,MULE,Axis-Sim,0.587,2025-04-24T00:00:00+00:00,88608b0a6bfffff
ACC-00001277,MULE,ICICI-Sim,0.55,2022-04-21T00:00:00+00:00,8860b52c97fffff
ACC-00001278,MULE,ICICI-Sim,0.715,2024-03-29T00:00:00+00:00,88608b56d7fffff
ACC-00001279,MULE,BOI-Sim,0.598,2024-03-21T00:00:00+00:00,88618c45b9fffff
ACC-00001280,MULE,Axis-Sim,0.721,2026-03-03T00:00:00+00:00,8860145943fffff
ACC-00001281,MULE,BOI-Sim,0.611,2024-10-17T00:00:00+00:00,88618925c5fffff
ACC-00001282,MULE,SBI-Sim,0.82,2024-12-09T00:00:00+00:00,8861892ecbfffff
ACC-00001283,MULE,ICICI-Sim,0.899,2022-12-01T00:00:00+00:00,883d8dcdd5fffff
ACC-00001284,MULE,ICICI-Sim,0.761,2021-08-15T00:00:00+00:00,8860b52c97fffff
ACC-00001285,MULE,SBI-Sim,0.595,2023-12-14T00:00:00+00:00,8842cea623fffff
ACC-00001286,MULE,BOI-Sim,0.638,2024-05-22T00:00:00+00:00,88618c4f2bfffff
ACC-00001287,MULE,SBI-Sim,0.814,2021-10-09T00:00:00+00:00,88608b0a6bfffff
ACC-00001288,MULE,PNB-Sim,0.855,2024-12-22T00:00:00+00:00,8860b52e9bfffff
ACC-00001289,MULE,PNB-Sim,0.71,2025-08-28T00:00:00+00:00,883d8dcdd5fffff
ACC-00001290,MULE,BOI-Sim,0.601,2022-01-04T00:00:00+00:00,8860b52c97fffff
ACC-00001291,MULE,Axis-Sim,0.926,2023-04-26T00:00:00+00:00,88618c4e63fffff
ACC-00001292,MULE,SBI-Sim,0.8,2024-09-12T00:00:00+00:00,88618c4e63fffff
ACC-00001293,MULE,HDFC-Sim,0.909,2021-07-11T00:00:00+00:00,883d8dcdd5fffff
ACC-00001294,MULE,PNB-Sim,0.896,2025-01-18T00:00:00+00:00,8860a259bbfffff
ACC-00001295,MULE,PNB-Sim,0.818,2025-08-05T00:00:00+00:00,8842ceb559fffff
ACC-00001296,MULE,PNB-Sim,0.713,2021-07-15T00:00:00+00:00,88618c4d05fffff
ACC-00001297,MULE,SBI-Sim,0.566,2026-03-01T00:00:00+00:00,8861892ecbfffff
ACC-00001298,MULE,PNB-Sim,0.607,2025-03-03T00:00:00+00:00,88608b56d7fffff
ACC-00001299,MULE,SBI-Sim,0.725,2022-05-13T00:00:00+00:00,8842cea623fffff
ACC-00001300,MULE,ICICI-Sim,0.898,2023-05-13T00:00:00+00:00,88608b0961fffff
ACC-00001301,MULE,ICICI-Sim,0.887,2025-12-21T00:00:00+00:00,883d8dcd5dfffff
ACC-00001302,MULE,ICICI-Sim,0.843,2026-03-13T00:00:00+00:00,88608b4733fffff
ACC-00001303,MULE,PNB-Sim,0.577,2022-04-26T00:00:00+00:00,883d8dcf1dfffff
ACC-00001304,MULE,HDFC-Sim,0.673,2025-02-08T00:00:00+00:00,88618c4f2bfffff
ACC-00001305,MULE,ICICI-Sim,0.592,2023-10-01T00:00:00+00:00,8842ceb4a1fffff
ACC-00001306,MULE,PNB-Sim,0.637,2025-08-28T00:00:00+00:00,88608b0961fffff
ACC-00001307,MULE,ICICI-Sim,0.795,2021-09-14T00:00:00+00:00,8842ceb4a1fffff
ACC-00001308,MULE,PNB-Sim,0.643,2025-10-09T00:00:00+00:00,88618c45b9fffff
ACC-00001309,MULE,PNB-Sim,0.815,2023-04-29T00:00:00+00:00,8842ceb559fffff
ACC-00001310,MULE,HDFC-Sim,0.761,2022-05-26T00:00:00+00:00,8842ceb559fffff
ACC-00001311,MULE,HDFC-Sim,0.582,2024-11-04T00:00:00+00:00,883d8dcdd5fffff
ACC-00001312,MULE,BOI-Sim,0.583,2024-10-21T00:00:00+00:00,883d8dcf1dfffff
ACC-00001313,MULE,Axis-Sim,0.739,2023-06-17T00:00:00+00:00,8860a259bbfffff
ACC-00001314,MULE,ICICI-Sim,0.879,2023-10-12T00:00:00+00:00,88608b0a6bfffff
ACC-00001315,MULE,Axis-Sim,0.8,2022-12-19T00:00:00+00:00,88618c45b9fffff
ACC-00001316,MULE,PNB-Sim,0.612,2024-02-01T00:00:00+00:00,88618c45b9fffff
ACC-00001317,MULE,PNB-Sim,0.627,2021-09-12T00:00:00+00:00,88618921d1fffff
ACC-00001318,MULE,HDFC-Sim,0.65,2022-12-27T00:00:00+00:00,8842ceb5d9fffff
ACC-00001319,MULE,PNB-Sim,0.944,2023-09-15T00:00:00+00:00,883d8dcdd5fffff
ACC-00001320,MULE,BOI-Sim,0.562,2021-07-31T00:00:00+00:00,88608b56d7fffff
ACC-00001321,MULE,PNB-Sim,0.725,2026-03-02T00:00:00+00:00,88608b0a6bfffff
ACC-00001322,MULE,HDFC-Sim,0.658,2025-01-06T00:00:00+00:00,88608b0961fffff
ACC-00001323,MULE,SBI-Sim,0.847,2026-02-23T00:00:00+00:00,883d8dcdd5fffff
ACC-00001324,MULE,HDFC-Sim,0.573,2025-02-24T00:00:00+00:00,88618c45b9fffff
ACC-00001325,MULE,HDFC-Sim,0.92,2022-06-24T00:00:00+00:00,88608b4733fffff
ACC-00001326,MULE,HDFC-Sim,0.621,2023-01-11T00:00:00+00:00,88618921d1fffff
ACC-00001327,MULE,PNB-Sim,0.558,2025-05-30T00:00:00+00:00,8842ceb4a1fffff
ACC-00001328,MULE,SBI-Sim,0.598,2026-04-19T00:00:00+00:00,883d8dcc0dfffff
ACC-00001329,MULE,SBI-Sim,0.862,2025-04-23T00:00:00+00:00,883d8dcf1dfffff
ACC-00001330,MULE,HDFC-Sim,0.666,2026-01-08T00:00:00+00:00,88618c4d05fffff
ACC-00001331,MULE,HDFC-Sim,0.86,2025-10-17T00:00:00+00:00,8842cea623fffff
ACC-00001332,MULE,Axis-Sim,0.65,2025-10-17T00:00:00+00:00,88608b4733fffff
ACC-00001333,MULE,ICICI-Sim,0.854,2023-10-15T00:00:00+00:00,8860145943fffff
ACC-00001334,MULE,BOI-Sim,0.73,2022-07-11T00:00:00+00:00,883d8dcc0dfffff
ACC-00001335,MULE,HDFC-Sim,0.675,2021-09-08T00:00:00+00:00,8860b19695fffff
ACC-00001336,MULE,HDFC-Sim,0.823,2023-06-28T00:00:00+00:00,8860145943fffff
ACC-00001337,MULE,ICICI-Sim,0.767,2022-03-08T00:00:00+00:00,8842ceb4a1fffff
ACC-00001338,MULE,HDFC-Sim,0.692,2022-02-16T00:00:00+00:00,88608b56d7fffff
ACC-00001339,MULE,PNB-Sim,0.745,2023-11-15T00:00:00+00:00,8860145943fffff
ACC-00001340,MULE,ICICI-Sim,0.718,2022-02-17T00:00:00+00:00,883d8dcdd5fffff
ACC-00001341,MULE,HDFC-Sim,0.576,2024-03-17T00:00:00+00:00,88608b4733fffff
ACC-00001342,MULE,Axis-Sim,0.591,2023-07-24T00:00:00+00:00,883da11623fffff
ACC-00001343,MULE,BOI-Sim,0.694,2023-07-07T00:00:00+00:00,883da11409fffff
ACC-00001344,MULE,PNB-Sim,0.737,2024-12-08T00:00:00+00:00,88608b0961fffff
ACC-00001345,MULE,PNB-Sim,0.724,2023-03-15T00:00:00+00:00,8842ceb559fffff
ACC-00001346,MULE,Axis-Sim,0.773,2023-08-29T00:00:00+00:00,883da11409fffff
ACC-00001347,MULE,BOI-Sim,0.769,2024-12-05T00:00:00+00:00,8842ceb559fffff
ACC-00001348,MULE,ICICI-Sim,0.765,2024-09-18T00:00:00+00:00,883d8dcf1dfffff
ACC-00001349,MULE,Axis-Sim,0.65,2023-05-19T00:00:00+00:00,88618925c5fffff
ACC-00001350,MULE,ICICI-Sim,0.873,2025-06-04T00:00:00+00:00,883da11409fffff
ACC-00001351,MULE,BOI-Sim,0.774,2021-10-02T00:00:00+00:00,8861892ecbfffff
ACC-00001352,MULE,ICICI-Sim,0.819,2021-07-25T00:00:00+00:00,8842ceb559fffff
ACC-00001353,MULE,BOI-Sim,0.726,2025-07-14T00:00:00+00:00,88618921d1fffff
ACC-00001354,MULE,PNB-Sim,0.683,2025-06-14T00:00:00+00:00,88618c45b9fffff
ACC-00001355,MULE,ICICI-Sim,0.912,2024-11-08T00:00:00+00:00,8860a259bbfffff
ACC-00001356,MULE,BOI-Sim,0.592,2023-10-08T00:00:00+00:00,8842ceb559fffff
ACC-00001357,MULE,Axis-Sim,0.917,2025-02-14T00:00:00+00:00,883d8dcf1dfffff
ACC-00001358,MULE,PNB-Sim,0.602,2022-07-14T00:00:00+00:00,883d8dcf1dfffff
ACC-00001359,MULE,PNB-Sim,0.773,2022-11-02T00:00:00+00:00,883d8dcc0dfffff
ACC-00001360,MULE,BOI-Sim,0.696,2022-12-02T00:00:00+00:00,883da11233fffff
ACC-00001361,MULE,BOI-Sim,0.672,2021-12-15T00:00:00+00:00,8842cea623fffff
ACC-00001362,MULE,ICICI-Sim,0.618,2026-02-23T00:00:00+00:00,88618c4d05fffff
ACC-00001363,MULE,Axis-Sim,0.937,2022-02-09T00:00:00+00:00,883da115a5fffff
ACC-00001364,MULE,ICICI-Sim,0.764,2024-07-24T00:00:00+00:00,8860a259bbfffff
ACC-00001365,MULE,BOI-Sim,0.588,2024-11-30T00:00:00+00:00,88618925c5fffff
ACC-00001366,MULE,ICICI-Sim,0.78,2021-12-24T00:00:00+00:00,8860b52c97fffff
ACC-00001367,MULE,PNB-Sim,0.799,2024-07-24T00:00:00+00:00,8860b52c97fffff
ACC-00001368,MULE,BOI-Sim,0.748,2022-10-26T00:00:00+00:00,88618c45b9fffff
ACC-00001369,MULE,SBI-Sim,0.865,2021-12-01T00:00:00+00:00,883da11623fffff
ACC-00001370,MULE,Axis-Sim,0.868,2023-08-30T00:00:00+00:00,88608b56d7fffff
ACC-00001371,MULE,SBI-Sim,0.686,2024-08-05T00:00:00+00:00,883d8dcd5dfffff
ACC-00001372,MULE,PNB-Sim,0.848,2023-11-01T00:00:00+00:00,8842cea623fffff
ACC-00001373,MULE,ICICI-Sim,0.897,2025-09-23T00:00:00+00:00,88618c4e63fffff
ACC-00001374,MULE,ICICI-Sim,0.726,2024-08-08T00:00:00+00:00,8861892ecbfffff
ACC-00001375,MULE,SBI-Sim,0.828,2023-07-01T00:00:00+00:00,883d8dcd5dfffff
ACC-00001376,MULE,PNB-Sim,0.788,2025-11-12T00:00:00+00:00,88608b56d7fffff
ACC-00001377,MULE,Axis-Sim,0.794,2021-10-15T00:00:00+00:00,8842cea623fffff
ACC-00001378,MULE,HDFC-Sim,0.641,2025-12-16T00:00:00+00:00,88608b4733fffff
ACC-00001379,MULE,ICICI-Sim,0.766,2022-02-26T00:00:00+00:00,88618c45b9fffff
ACC-00001380,MULE,HDFC-Sim,0.718,2025-12-10T00:00:00+00:00,8860145943fffff
ACC-00001381,MULE,SBI-Sim,0.83,2021-12-20T00:00:00+00:00,883da11623fffff
ACC-00001382,MULE,BOI-Sim,0.68,2021-08-03T00:00:00+00:00,8860b52e9bfffff
ACC-00001383,MULE,ICICI-Sim,0.84,2025-09-24T00:00:00+00:00,8860145943fffff
ACC-00001384,MULE,Axis-Sim,0.67,2024-04-30T00:00:00+00:00,88608b4733fffff
ACC-00001385,MULE,Axis-Sim,0.556,2023-01-24T00:00:00+00:00,88618c4f2bfffff
ACC-00001386,MULE,PNB-Sim,0.772,2021-12-17T00:00:00+00:00,8860b52e9bfffff
ACC-00001387,MULE,HDFC-Sim,0.827,2024-11-15T00:00:00+00:00,883d8dcd5dfffff
ACC-00001388,MULE,PNB-Sim,0.71,2025-05-23T00:00:00+00:00,883d8dcf1dfffff
ACC-00001389,MULE,SBI-Sim,0.861,2025-08-09T00:00:00+00:00,8861892ecbfffff
ACC-00001390,MULE,HDFC-Sim,0.591,2023-08-12T00:00:00+00:00,8842ceb5d9fffff
ACC-00001391,MULE,PNB-Sim,0.835,2024-04-15T00:00:00+00:00,88618925c5fffff
ACC-00001392,MULE,BOI-Sim,0.891,2022-09-02T00:00:00+00:00,883d8dcc0dfffff
ACC-00001393,MULE,BOI-Sim,0.945,2024-03-12T00:00:00+00:00,88618925c5fffff
ACC-00001394,MULE,HDFC-Sim,0.9,2022-08-16T00:00:00+00:00,88608b0a6bfffff
ACC-00001395,MULE,HDFC-Sim,0.7,2021-11-26T00:00:00+00:00,88618c4e63fffff
ACC-00001396,MULE,HDFC-Sim,0.76,2021-09-20T00:00:00+00:00,883da11623fffff
ACC-00001397,MULE,Axis-Sim,0.916,2024-09-08T00:00:00+00:00,8842ceb4a1fffff
ACC-00001398,MULE,ICICI-Sim,0.742,2025-03-26T00:00:00+00:00,883da11233fffff
ACC-00001399,MULE,ICICI-Sim,0.913,2021-08-26T00:00:00+00:00,88618c4d05fffff
ACC-00001400,MULE,PNB-Sim,0.888,2023-01-12T00:00:00+00:00,8861892ecbfffff
ACC-00001401,MULE,ICICI-Sim,0.936,2024-06-09T00:00:00+00:00,88608b4733fffff
ACC-00001402,MULE,HDFC-Sim,0.555,2025-01-21T00:00:00+00:00,8842ceb5d9fffff
ACC-00001403,MULE,SBI-Sim,0.728,2021-09-24T00:00:00+00:00,88618925c5fffff
ACC-00001404,MULE,PNB-Sim,0.686,2023-04-28T00:00:00+00:00,883d8dcd5dfffff
ACC-00001405,MULE,SBI-Sim,0.856,2024-07-09T00:00:00+00:00,883da11623fffff
ACC-00001406,MULE,Axis-Sim,0.773,2022-03-20T00:00:00+00:00,883da115a5fffff
ACC-00001407,MULE,BOI-Sim,0.892,2022-10-20T00:00:00+00:00,883d8dcc0dfffff
ACC-00001408,MULE,BOI-Sim,0.862,2026-04-16T00:00:00+00:00,8842ceb559fffff
ACC-00001409,MULE,ICICI-Sim,0.865,2024-10-07T00:00:00+00:00,88618c4d05fffff
ACC-00001410,MULE,HDFC-Sim,0.623,2022-05-25T00:00:00+00:00,883da11409fffff
ACC-00001411,MULE,HDFC-Sim,0.664,2025-06-27T00:00:00+00:00,883da11409fffff
ACC-00001412,MULE,Axis-Sim,0.659,2022-07-14T00:00:00+00:00,8842ceb5d9fffff
ACC-00001413,MULE,HDFC-Sim,0.778,2023-05-22T00:00:00+00:00,8860b52c97fffff
ACC-00001414,MULE,ICICI-Sim,0.765,2024-08-05T00:00:00+00:00,8842ceb5d9fffff
ACC-00001415,MULE,HDFC-Sim,0.721,2026-01-28T00:00:00+00:00,88618c4e63fffff
ACC-00001416,MULE,BOI-Sim,0.923,2024-04-17T00:00:00+00:00,88618c4d05fffff
ACC-00001417,MULE,HDFC-Sim,0.624,2023-01-31T00:00:00+00:00,883da11409fffff
ACC-00001418,MULE,BOI-Sim,0.849,2024-12-07T00:00:00+00:00,883da115a5fffff
ACC-00001419,MULE,PNB-Sim,0.614,2025-01-23T00:00:00+00:00,88618c45b9fffff
ACC-00001420,MULE,BOI-Sim,0.602,2022-12-02T00:00:00+00:00,8861892ecbfffff
ACC-00001421,MULE,ICICI-Sim,0.635,2022-04-03T00:00:00+00:00,88608b4733fffff
ACC-00001422,MULE,Axis-Sim,0.689,2023-08-01T00:00:00+00:00,8842ceb4a1fffff
ACC-00001423,MULE,Axis-Sim,0.602,2025-03-05T00:00:00+00:00,8861892ecbfffff
ACC-00001424,MULE,ICICI-Sim,0.864,2023-07-09T00:00:00+00:00,88618921d1fffff
ACC-00001425,MULE,ICICI-Sim,0.852,2025-01-17T00:00:00+00:00,883da11233fffff
ACC-00001426,MULE,HDFC-Sim,0.721,2023-04-02T00:00:00+00:00,883da11409fffff
ACC-00001427,MULE,SBI-Sim,0.705,2024-04-17T00:00:00+00:00,88608b56d7fffff
ACC-00001428,MULE,ICICI-Sim,0.908,2023-07-08T00:00:00+00:00,8842ceb4a1fffff
ACC-00001429,MULE,BOI-Sim,0.742,2022-11-01T00:00:00+00:00,8842ceb559fffff
ACC-00001430,MULE,Axis-Sim,0.726,2024-05-06T00:00:00+00:00,883da11409fffff
ACC-00001431,MULE,Axis-Sim,0.87,2026-01-29T00:00:00+00:00,8842cea623fffff
ACC-00001432,MULE,ICICI-Sim,0.807,2022-03-26T00:00:00+00:00,8860b52e9bfffff
ACC-00001433,MULE,SBI-Sim,0.769,2021-08-21T00:00:00+00:00,8860b19695fffff
ACC-00001434,MULE,SBI-Sim,0.658,2025-11-04T00:00:00+00:00,88618921d1fffff
ACC-00001435,MULE,ICICI-Sim,0.658,2023-08-01T00:00:00+00:00,88608b4733fffff
ACC-00001436,MULE,PNB-Sim,0.844,2024-05-31T00:00:00+00:00,88618c45b9fffff
ACC-00001437,MULE,ICICI-Sim,0.82,2022-05-22T00:00:00+00:00,88618c4d05fffff
ACC-00001438,MULE,HDFC-Sim,0.797,2023-03-01T00:00:00+00:00,8861892ecbfffff
ACC-00001439,MULE,Axis-Sim,0.692,2023-11-19T00:00:00+00:00,8860b19695fffff
ACC-00001440,MULE,PNB-Sim,0.845,2021-12-11T00:00:00+00:00,88608b4733fffff
ACC-00001441,MULE,PNB-Sim,0.905,2023-04-13T00:00:00+00:00,883da11409fffff
ACC-00001442,MULE,SBI-Sim,0.756,2022-11-14T00:00:00+00:00,88608b0961fffff
ACC-00001443,MULE,HDFC-Sim,0.816,2026-03-06T00:00:00+00:00,883d8dcd5dfffff
ACC-00001444,MULE,HDFC-Sim,0.791,2025-02-19T00:00:00+00:00,883da11623fffff
ACC-00001445,MULE,HDFC-Sim,0.601,2022-11-16T00:00:00+00:00,8842cea623fffff
ACC-00001446,MULE,BOI-Sim,0.849,2023-03-02T00:00:00+00:00,88618c4d05fffff
ACC-00001447,MULE,ICICI-Sim,0.608,2023-09-25T00:00:00+00:00,88618c4f2bfffff
ACC-00001448,MULE,ICICI-Sim,0.847,2025-01-21T00:00:00+00:00,883da115a5fffff
ACC-00001449,MULE,SBI-Sim,0.753,2023-12-11T00:00:00+00:00,88608b0961fffff
ACC-00001450,MULE,ICICI-Sim,0.615,2021-11-25T00:00:00+00:00,883da11409fffff
ACC-00001451,MULE,BOI-Sim,0.559,2022-12-13T00:00:00+00:00,8860b19695fffff
ACC-00001452,MULE,SBI-Sim,0.69,2022-11-23T00:00:00+00:00,88618c4f2bfffff
ACC-00001453,MULE,PNB-Sim,0.626,2026-04-16T00:00:00+00:00,88608b0a6bfffff
ACC-00001454,MULE,PNB-Sim,0.926,2024-10-29T00:00:00+00:00,883d8dcc0dfffff
ACC-00001455,MULE,SBI-Sim,0.92,2025-08-16T00:00:00+00:00,8860145943fffff
ACC-00001456,MULE,HDFC-Sim,0.83,2021-11-10T00:00:00+00:00,8860145943fffff
ACC-00001457,MULE,SBI-Sim,0.552,2023-06-23T00:00:00+00:00,883d8dcc0dfffff
ACC-00001458,MULE,Axis-Sim,0.704,2024-11-16T00:00:00+00:00,883d8dcdd5fffff
ACC-00001459,MULE,Axis-Sim,0.938,2023-02-19T00:00:00+00:00,88618925c5fffff
ACC-00001460,MULE,ICICI-Sim,0.793,2022-11-12T00:00:00+00:00,883d8dcd5dfffff
ACC-00001461,MULE,ICICI-Sim,0.744,2023-06-15T00:00:00+00:00,88608b4733fffff
ACC-00001462,MULE,HDFC-Sim,0.91,2026-01-08T00:00:00+00:00,883da115a5fffff
ACC-00001463,MULE,BOI-Sim,0.9,2023-09-24T00:00:00+00:00,88618925c5fffff
ACC-00001464,MULE,SBI-Sim,0.614,2024-03-11T00:00:00+00:00,88618925c5fffff
ACC-00001465,MULE,ICICI-Sim,0.69,2022-10-24T00:00:00+00:00,8842ceb5d9fffff
ACC-00001466,MULE,PNB-Sim,0.834,2026-01-18T00:00:00+00:00,88608b4733fffff
ACC-00001467,MULE,SBI-Sim,0.623,2025-05-23T00:00:00+00:00,88608b56d7fffff
ACC-00001468,MULE,BOI-Sim,0.934,2021-10-07T00:00:00+00:00,8860a259bbfffff
ACC-00001469,MULE,ICICI-Sim,0.924,2021-10-30T00:00:00+00:00,8842ceb5d9fffff
ACC-00001470,MULE,SBI-Sim,0.781,2021-11-26T00:00:00+00:00,8860b19695fffff
ACC-00001471,MULE,SBI-Sim,0.923,2022-10-14T00:00:00+00:00,8860b19695fffff
ACC-00001472,MULE,HDFC-Sim,0.886,2023-10-13T00:00:00+00:00,88618c45b9fffff
ACC-00001473,MULE,HDFC-Sim,0.586,2024-11-27T00:00:00+00:00,8842ceb559fffff
ACC-00001474,MULE,Axis-Sim,0.708,2023-05-02T00:00:00+00:00,88618921d1fffff
ACC-00001475,MULE,HDFC-Sim,0.799,2023-10-18T00:00:00+00:00,88608b4733fffff
ACC-00001476,MULE,HDFC-Sim,0.551,2025-07-05T00:00:00+00:00,8860a259bbfffff
ACC-00001477,MULE,PNB-Sim,0.925,2021-09-12T00:00:00+00:00,883da11409fffff
ACC-00001478,MULE,Axis-Sim,0.618,2024-06-25T00:00:00+00:00,8842ceb4a1fffff
ACC-00001479,MULE,HDFC-Sim,0.623,2026-03-10T00:00:00+00:00,88608b56d7fffff
ACC-00001480,MULE,ICICI-Sim,0.805,2023-12-28T00:00:00+00:00,88618c4d05fffff
ACC-00001481,MULE,ICICI-Sim,0.829,2024-09-05T00:00:00+00:00,883d8dcf1dfffff
ACC-00001482,MULE,HDFC-Sim,0.558,2021-08-09T00:00:00+00:00,8860b52c97fffff
ACC-00001483,MULE,Axis-Sim,0.889,2022-04-26T00:00:00+00:00,8842ceb5d9fffff
ACC-00001484,MULE,PNB-Sim,0.753,2023-01-14T00:00:00+00:00,88608b0961fffff
ACC-00001485,MULE,Axis-Sim,0.807,2021-07-01T00:00:00+00:00,883d8dcd5dfffff
ACC-00001486,MULE,HDFC-Sim,0.82,2021-10-03T00:00:00+00:00,883da115a5fffff
ACC-00001487,MULE,BOI-Sim,0.799,2021-07-28T00:00:00+00:00,883da11233fffff
ACC-00001488,MULE,PNB-Sim,0.834,2022-01-16T00:00:00+00:00,88608b0961fffff
ACC-00001489,MULE,BOI-Sim,0.945,2026-03-09T00:00:00+00:00,883d8dcdd5fffff
ACC-00001490,MULE,HDFC-Sim,0.659,2021-10-15T00:00:00+00:00,883da11409fffff
ACC-00001491,MULE,SBI-Sim,0.681,2026-02-11T00:00:00+00:00,88618c4f2bfffff
ACC-00001492,MULE,ICICI-Sim,0.553,2025-12-30T00:00:00+00:00,883d8dcf1dfffff
ACC-00001493,MULE,HDFC-Sim,0.635,2022-02-27T00:00:00+00:00,88608b4733fffff
ACC-00001494,MULE,Axis-Sim,0.713,2024-04-30T00:00:00+00:00,8860b52e9bfffff
ACC-00001495,MULE,HDFC-Sim,0.727,2026-04-08T00:00:00+00:00,883da11233fffff
ACC-00001496,MULE,Axis-Sim,0.856,2026-04-21T00:00:00+00:00,88618925c5fffff
ACC-00001497,MULE,HDFC-Sim,0.556,2024-12-05T00:00:00+00:00,8860b52c97fffff
ACC-00001498,MULE,ICICI-Sim,0.724,2021-07-01T00:00:00+00:00,88618925c5fffff
ACC-00001499,MULE,Axis-Sim,0.869,2024-11-22T00:00:00+00:00,883da11233fffff
ACC-00001500,MULE,ICICI-Sim,0.619,2023-11-23T00:00:00+00:00,88618921d1fffff
ACC-00001501,MULE,ICICI-Sim,0.725,2026-03-29T00:00:00+00:00,88608b4733fffff
ACC-00001502,MULE,Axis-Sim,0.735,2023-03-17T00:00:00+00:00,883d8dcd5dfffff
ACC-00001503,MULE,HDFC-Sim,0.571,2025-04-03T00:00:00+00:00,883da115a5fffff
ACC-00001504,MULE,SBI-Sim,0.586,2021-12-15T00:00:00+00:00,88608b0a6bfffff
ACC-00001505,MULE,SBI-Sim,0.787,2022-03-21T00:00:00+00:00,883d8dcdd5fffff
ACC-00001506,MULE,PNB-Sim,0.731,2022-11-02T00:00:00+00:00,8860a259bbfffff
ACC-00001507,MULE,PNB-Sim,0.831,2023-11-26T00:00:00+00:00,8842cea623fffff
ACC-00001508,MULE,BOI-Sim,0.902,2024-09-27T00:00:00+00:00,8861892ecbfffff
ACC-00001509,MULE,SBI-Sim,0.679,2025-10-17T00:00:00+00:00,8842ceb5d9fffff
ACC-00001510,MULE,PNB-Sim,0.758,2021-08-23T00:00:00+00:00,88608b56d7fffff
ACC-00001511,MULE,SBI-Sim,0.616,2021-09-01T00:00:00+00:00,88618c4e63fffff
ACC-00001512,MULE,PNB-Sim,0.777,2025-07-25T00:00:00+00:00,88618c45b9fffff
ACC-00001513,MULE,HDFC-Sim,0.847,2023-02-04T00:00:00+00:00,8860b19695fffff
ACC-00001514,MULE,ICICI-Sim,0.582,2021-11-08T00:00:00+00:00,88608b0961fffff
ACC-00001515,MULE,HDFC-Sim,0.726,2024-03-07T00:00:00+00:00,8860a259bbfffff
ACC-00001516,MULE,BOI-Sim,0.701,2026-01-23T00:00:00+00:00,8842ceb4a1fffff
ACC-00001517,MULE,PNB-Sim,0.916,2021-10-14T00:00:00+00:00,88608b0961fffff
ACC-00001518,MULE,HDFC-Sim,0.777,2022-12-30T00:00:00+00:00,8860b52e9bfffff
ACC-00001519,MULE,ICICI-Sim,0.792,2022-07-03T00:00:00+00:00,883da115a5fffff
ACC-00001520,MULE,PNB-Sim,0.783,2023-07-21T00:00:00+00:00,883da11623fffff
ACC-00001521,MULE,SBI-Sim,0.77,2025-05-01T00:00:00+00:00,8842ceb4a1fffff
ACC-00001522,MULE,BOI-Sim,0.613,2022-10-15T00:00:00+00:00,8860b19695fffff
ACC-00001523,MULE,BOI-Sim,0.884,2023-08-01T00:00:00+00:00,8860b52c97fffff
ACC-00001524,MULE,ICICI-Sim,0.634,2026-04-19T00:00:00+00:00,88608b0961fffff
ACC-00001525,MULE,PNB-Sim,0.57,2023-01-06T00:00:00+00:00,88618c4f2bfffff
ACC-00001526,MULE,BOI-Sim,0.555,2025-06-30T00:00:00+00:00,883d8dcdd5fffff
ACC-00001527,MULE,ICICI-Sim,0.75,2023-08-12T00:00:00+00:00,883da11409fffff
ACC-00001528,MULE,BOI-Sim,0.735,2023-12-03T00:00:00+00:00,8860b19695fffff
ACC-00001529,MULE,BOI-Sim,0.901,2024-03-11T00:00:00+00:00,88618c4e63fffff
ACC-00001530,MULE,Axis-Sim,0.571,2024-07-05T00:00:00+00:00,8860b52c97fffff
ACC-00001531,MULE,HDFC-Sim,0.876,2024-09-04T00:00:00+00:00,88618c4f2bfffff
ACC-00001532,MULE,SBI-Sim,0.561,2021-11-26T00:00:00+00:00,883da11409fffff
ACC-00001533,MULE,ICICI-Sim,0.669,2022-07-09T00:00:00+00:00,88618c4f2bfffff
ACC-00001534,MULE,PNB-Sim,0.876,2024-05-28T00:00:00+00:00,88618c4e63fffff
ACC-00001535,MULE,Axis-Sim,0.602,2022-04-01T00:00:00+00:00,883da11409fffff
ACC-00001536,MULE,PNB-Sim,0.618,2025-05-24T00:00:00+00:00,88608b0961fffff
ACC-00001537,MULE,Axis-Sim,0.79,2023-12-16T00:00:00+00:00,883d8dcd5dfffff
ACC-00001538,MULE,SBI-Sim,0.648,2022-12-21T00:00:00+00:00,883d8dcdd5fffff
ACC-00001539,MULE,Axis-Sim,0.905,2023-12-28T00:00:00+00:00,8861892ecbfffff
ACC-00001540,MULE,BOI-Sim,0.563,2025-02-11T00:00:00+00:00,88608b4733fffff
ACC-00001541,MULE,SBI-Sim,0.761,2024-03-24T00:00:00+00:00,883da11409fffff
ACC-00001542,MULE,SBI-Sim,0.633,2026-03-11T00:00:00+00:00,88618925c5fffff
ACC-00001543,MULE,BOI-Sim,0.758,2025-09-14T00:00:00+00:00,88618c45b9fffff
ACC-00001544,MULE,HDFC-Sim,0.872,2023-04-09T00:00:00+00:00,8842ceb4a1fffff
ACC-00001545,MULE,ICICI-Sim,0.809,2024-09-17T00:00:00+00:00,8861892ecbfffff
ACC-00001546,MULE,Axis-Sim,0.742,2025-10-13T00:00:00+00:00,883da11233fffff
ACC-00001547,MULE,PNB-Sim,0.825,2023-06-24T00:00:00+00:00,88618921d1fffff
ACC-00001548,MULE,HDFC-Sim,0.764,2025-03-30T00:00:00+00:00,883d8dcf1dfffff
ACC-00001549,MULE,PNB-Sim,0.829,2024-08-13T00:00:00+00:00,8842ceb5d9fffff
ACC-00001550,MULE,ICICI-Sim,0.78,2023-04-02T00:00:00+00:00,8861892ecbfffff
ACC-00001551,MULE,PNB-Sim,0.559,2025-10-24T00:00:00+00:00,883da115a5fffff
ACC-00001552,MULE,BOI-Sim,0.743,2022-01-12T00:00:00+00:00,88608b0a6bfffff
ACC-00001553,MULE,Axis-Sim,0.641,2024-03-28T00:00:00+00:00,8860145943fffff
ACC-00001554,MULE,ICICI-Sim,0.709,2021-10-28T00:00:00+00:00,883da115a5fffff
ACC-00001555,MULE,SBI-Sim,0.743,2023-09-30T00:00:00+00:00,883da11409fffff
ACC-00001556,MULE,BOI-Sim,0.563,2021-10-11T00:00:00+00:00,88618921d1fffff
ACC-00001557,MULE,BOI-Sim,0.747,2025-02-09T00:00:00+00:00,883da11623fffff
ACC-00001558,MULE,ICICI-Sim,0.607,2025-04-26T00:00:00+00:00,8860b52e9bfffff
ACC-00001559,MULE,SBI-Sim,0.699,2023-07-14T00:00:00+00:00,88608b0a6bfffff
ACC-00001560,MULE,ICICI-Sim,0.898,2024-05-29T00:00:00+00:00,88618c45b9fffff
ACC-00001561,MULE,Axis-Sim,0.832,2024-05-23T00:00:00+00:00,88608b0a6bfffff
ACC-00001562,MULE,BOI-Sim,0.701,2022-05-02T00:00:00+00:00,883da11623fffff
ACC-00001563,MULE,HDFC-Sim,0.654,2024-02-16T00:00:00+00:00,88618c4e63fffff
ACC-00001564,MULE,SBI-Sim,0.8,2023-09-17T00:00:00+00:00,883da11623fffff
ACC-00001565,MULE,Axis-Sim,0.9,2024-08-04T00:00:00+00:00,8860145943fffff
ACC-00001566,MULE,PNB-Sim,0.6,2025-06-03T00:00:00+00:00,88608b4733fffff
ACC-00001567,MULE,ICICI-Sim,0.772,2023-06-29T00:00:00+00:00,883da115a5fffff
ACC-00001568,MULE,Axis-Sim,0.839,2021-09-19T00:00:00+00:00,883da11233fffff
ACC-00001569,MULE,HDFC-Sim,0.57,2026-02-12T00:00:00+00:00,88618c45b9fffff
ACC-00001570,MULE,ICICI-Sim,0.565,2021-10-27T00:00:00+00:00,8860b52c97fffff
ACC-00001571,MULE,PNB-Sim,0.713,2023-12-19T00:00:00+00:00,8842ceb559fffff
ACC-00001572,MULE,SBI-Sim,0.724,2022-02-28T00:00:00+00:00,88608b0961fffff
ACC-00001573,MULE,ICICI-Sim,0.64,2024-07-02T00:00:00+00:00,8842cea623fffff
ACC-00001574,MULE,ICICI-Sim,0.719,2021-08-12T00:00:00+00:00,8842cea623fffff
ACC-00001575,MULE,BOI-Sim,0.562,2025-08-16T00:00:00+00:00,88618921d1fffff
ACC-00001576,MULE,Axis-Sim,0.899,2022-04-13T00:00:00+00:00,883da11409fffff
ACC-00001577,MULE,BOI-Sim,0.742,2024-04-23T00:00:00+00:00,8842ceb4a1fffff
ACC-00001578,MULE,Axis-Sim,0.794,2022-01-24T00:00:00+00:00,883d8dcd5dfffff
ACC-00001579,MULE,BOI-Sim,0.581,2023-07-03T00:00:00+00:00,8842ceb559fffff
ACC-00001580,MULE,BOI-Sim,0.857,2024-04-26T00:00:00+00:00,88608b0a6bfffff
ACC-00001581,MULE,ICICI-Sim,0.633,2024-12-14T00:00:00+00:00,88618c4f2bfffff
ACC-00001582,MULE,PNB-Sim,0.718,2022-05-16T00:00:00+00:00,8842ceb559fffff
ACC-00001583,MULE,PNB-Sim,0.852,2023-02-20T00:00:00+00:00,883da11409fffff
ACC-00001584,MULE,SBI-Sim,0.865,2025-06-10T00:00:00+00:00,8842ceb5d9fffff
ACC-00001585,MULE,ICICI-Sim,0.702,2024-07-24T00:00:00+00:00,883da11409fffff
ACC-00001586,MULE,Axis-Sim,0.597,2024-09-14T00:00:00+00:00,88618921d1fffff
ACC-00001587,MULE,Axis-Sim,0.736,2025-04-29T00:00:00+00:00,88618c4f2bfffff
ACC-00001588,MULE,Axis-Sim,0.681,2024-11-16T00:00:00+00:00,8842cea623fffff
ACC-00001589,MULE,PNB-Sim,0.678,2025-10-27T00:00:00+00:00,88618c45b9fffff
ACC-00001590,MULE,BOI-Sim,0.641,2021-11-16T00:00:00+00:00,883da11623fffff
ACC-00001591,MULE,SBI-Sim,0.834,2024-07-30T00:00:00+00:00,8842ceb4a1fffff
ACC-00001592,MULE,PNB-Sim,0.67,2021-10-17T00:00:00+00:00,8842cea623fffff
ACC-00001593,MULE,HDFC-Sim,0.656,2021-11-09T00:00:00+00:00,8842cea623fffff
ACC-00001594,MULE,BOI-Sim,0.628,2024-05-17T00:00:00+00:00,88608b0a6bfffff
ACC-00001595,MULE,SBI-Sim,0.739,2021-09-30T00:00:00+00:00,883da11409fffff
ACC-00001596,MULE,ICICI-Sim,0.933,2022-08-01T00:00:00+00:00,88608b4733fffff
ACC-00001597,MULE,SBI-Sim,0.574,2022-06-13T00:00:00+00:00,88608b56d7fffff
ACC-00001598,MULE,ICICI-Sim,0.921,2022-06-27T00:00:00+00:00,88608b56d7fffff
ACC-00001599,MULE,BOI-Sim,0.928,2023-03-22T00:00:00+00:00,8842ceb559fffff
ACC-00001600,MULE,ICICI-Sim,0.839,2023-07-14T00:00:00+00:00,88618925c5fffff
ACC-00001601,MULE,SBI-Sim,0.778,2022-05-29T00:00:00+00:00,88618c4d05fffff
ACC-00001602,MULE,SBI-Sim,0.652,2023-09-29T00:00:00+00:00,8860145943fffff
ACC-00001603,MULE,Axis-Sim,0.933,2024-07-05T00:00:00+00:00,88618921d1fffff
ACC-00001604,MULE,Axis-Sim,0.737,2021-10-26T00:00:00+00:00,883da11409fffff
ACC-00001605,MULE,SBI-Sim,0.765,2022-08-15T00:00:00+00:00,88618c4d05fffff
ACC-00001606,MULE,ICICI-Sim,0.665,2021-12-06T00:00:00+00:00,88608b0961fffff
ACC-00001607,MULE,ICICI-Sim,0.948,2025-06-17T00:00:00+00:00,883d8dcd5dfffff
ACC-00001608,MULE,SBI-Sim,0.805,2024-07-12T00:00:00+00:00,8842ceb559fffff
ACC-00001609,MULE,ICICI-Sim,0.714,2022-04-25T00:00:00+00:00,88608b0a6bfffff
ACC-00001610,MULE,ICICI-Sim,0.67,2026-02-25T00:00:00+00:00,88618c4d05fffff
ACC-00001611,MULE,SBI-Sim,0.835,2022-04-30T00:00:00+00:00,8842cea623fffff
ACC-00001612,MULE,HDFC-Sim,0.844,2022-12-29T00:00:00+00:00,8842ceb4a1fffff
ACC-00001613,MULE,Axis-Sim,0.845,2022-02-06T00:00:00+00:00,88618c4d05fffff
ACC-00001614,MULE,ICICI-Sim,0.732,2023-12-17T00:00:00+00:00,883da11409fffff
ACC-00001615,MULE,SBI-Sim,0.564,2021-12-04T00:00:00+00:00,883d8dcc0dfffff
ACC-00001616,MULE,SBI-Sim,0.611,2025-09-01T00:00:00+00:00,88618c4f2bfffff
ACC-00001617,MULE,BOI-Sim,0.642,2021-07-14T00:00:00+00:00,88618c4d05fffff
ACC-00001618,MULE,PNB-Sim,0.672,2021-07-11T00:00:00+00:00,8842ceb4a1fffff
ACC-00001619,MULE,HDFC-Sim,0.555,2021-12-06T00:00:00+00:00,88608b0a6bfffff
ACC-00001620,MULE,SBI-Sim,0.629,2024-11-08T00:00:00+00:00,8860b19695fffff
ACC-00001621,MULE,HDFC-Sim,0.847,2024-11-11T00:00:00+00:00,88608b0961fffff
ACC-00001622,MULE,HDFC-Sim,0.799,2026-04-11T00:00:00+00:00,883d8dcc0dfffff
ACC-00001623,MULE,BOI-Sim,0.81,2026-02-13T00:00:00+00:00,883da115a5fffff
ACC-00001624,MULE,HDFC-Sim,0.873,2025-04-24T00:00:00+00:00,88608b4733fffff
ACC-00001625,MULE,PNB-Sim,0.686,2024-12-30T00:00:00+00:00,8842ceb4a1fffff
ACC-00001626,MULE,PNB-Sim,0.883,2023-10-01T00:00:00+00:00,88618921d1fffff
ACC-00001627,MULE,SBI-Sim,0.901,2025-09-04T00:00:00+00:00,88618c45b9fffff
ACC-00001628,MULE,HDFC-Sim,0.822,2025-11-13T00:00:00+00:00,883d8dcd5dfffff
ACC-00001629,MULE,BOI-Sim,0.659,2023-08-23T00:00:00+00:00,88618c4d05fffff
ACC-00001630,MULE,HDFC-Sim,0.876,2026-01-15T00:00:00+00:00,8860b52c97fffff
ACC-00001631,MULE,HDFC-Sim,0.591,2025-05-29T00:00:00+00:00,883da11409fffff
ACC-00001632,MULE,PNB-Sim,0.746,2023-02-01T00:00:00+00:00,8860a259bbfffff
ACC-00001633,MULE,PNB-Sim,0.565,2025-02-08T00:00:00+00:00,88618c4f2bfffff
ACC-00001634,MULE,HDFC-Sim,0.825,2026-02-25T00:00:00+00:00,883da11623fffff
ACC-00001635,MULE,SBI-Sim,0.797,2024-10-13T00:00:00+00:00,883da115a5fffff
ACC-00001636,MULE,Axis-Sim,0.656,2024-06-28T00:00:00+00:00,88618c4f2bfffff
ACC-00001637,MULE,ICICI-Sim,0.753,2026-03-19T00:00:00+00:00,88618c4f2bfffff
ACC-00001638,MULE,ICICI-Sim,0.883,2023-12-11T00:00:00+00:00,88608b0961fffff
ACC-00001639,MULE,ICICI-Sim,0.928,2023-03-31T00:00:00+00:00,88618921d1fffff
ACC-00001640,MULE,BOI-Sim,0.912,2023-09-03T00:00:00+00:00,88618c4e63fffff
ACC-00001641,MULE,PNB-Sim,0.635,2022-01-31T00:00:00+00:00,8860b52c97fffff
ACC-00001642,MULE,BOI-Sim,0.813,2024-09-04T00:00:00+00:00,883d8dcd5dfffff
ACC-00001643,MULE,SBI-Sim,0.889,2022-11-14T00:00:00+00:00,88618921d1fffff
ACC-00001644,MULE,HDFC-Sim,0.737,2021-10-31T00:00:00+00:00,88618c4e63fffff
ACC-00001645,MULE,ICICI-Sim,0.77,2025-12-30T00:00:00+00:00,88618921d1fffff
ACC-00001646,MULE,Axis-Sim,0.839,2025-04-05T00:00:00+00:00,8842cea623fffff
ACC-00001647,MULE,BOI-Sim,0.854,2022-07-12T00:00:00+00:00,883d8dcd5dfffff
ACC-00001648,MULE,PNB-Sim,0.681,2024-04-09T00:00:00+00:00,88608b0961fffff
ACC-00001649,MULE,HDFC-Sim,0.806,2024-07-11T00:00:00+00:00,88618925c5fffff
ACC-00001650,MULE,ICICI-Sim,0.583,2023-11-02T00:00:00+00:00,88618921d1fffff
ACC-00001651,MULE,BOI-Sim,0.64,2023-08-22T00:00:00+00:00,883da11409fffff
ACC-00001652,MULE,ICICI-Sim,0.747,2023-03-29T00:00:00+00:00,88608b4733fffff
ACC-00001653,MULE,ICICI-Sim,0.822,2023-08-04T00:00:00+00:00,8860b52c97fffff
ACC-00001654,MULE,PNB-Sim,0.815,2021-10-24T00:00:00+00:00,8860a259bbfffff
ACC-00001655,MULE,HDFC-Sim,0.672,2022-08-16T00:00:00+00:00,883da11233fffff
ACC-00001656,MULE,Axis-Sim,0.895,2022-11-07T00:00:00+00:00,8842cea623fffff
ACC-00001657,MULE,ICICI-Sim,0.588,2022-06-12T00:00:00+00:00,8860145943fffff
ACC-00001658,MULE,BOI-Sim,0.755,2022-09-02T00:00:00+00:00,8842ceb5d9fffff
ACC-00001659,MULE,Axis-Sim,0.721,2023-02-08T00:00:00+00:00,88608b56d7fffff
ACC-00001660,MULE,BOI-Sim,0.738,2022-09-07T00:00:00+00:00,88608b56d7fffff
ACC-00001661,MULE,SBI-Sim,0.746,2022-06-24T00:00:00+00:00,88618921d1fffff
ACC-00001662,MULE,PNB-Sim,0.882,2025-08-14T00:00:00+00:00,88608b56d7fffff
ACC-00001663,MULE,ICICI-Sim,0.783,2026-01-18T00:00:00+00:00,883da11409fffff
ACC-00001664,MULE,Axis-Sim,0.666,2024-09-03T00:00:00+00:00,883da115a5fffff
ACC-00001665,MULE,BOI-Sim,0.687,2022-10-06T00:00:00+00:00,88608b0a6bfffff
ACC-00001666,MULE,Axis-Sim,0.94,2022-01-15T00:00:00+00:00,88608b0961fffff
ACC-00001667,MULE,Axis-Sim,0.914,2022-06-23T00:00:00+00:00,88608b4733fffff
ACC-00001668,MULE,HDFC-Sim,0.685,2023-08-22T00:00:00+00:00,883d8dcc0dfffff
ACC-00001669,MULE,BOI-Sim,0.837,2026-02-26T00:00:00+00:00,8860b19695fffff
ACC-00001670,MULE,BOI-Sim,0.601,2025-06-04T00:00:00+00:00,883da11233fffff
ACC-00001671,MULE,HDFC-Sim,0.735,2023-09-04T00:00:00+00:00,88608b0a6bfffff
ACC-00001672,MULE,PNB-Sim,0.634,2025-06-14T00:00:00+00:00,883da11623fffff
ACC-00001673,MULE,ICICI-Sim,0.812,2022-11-28T00:00:00+00:00,88618925c5fffff
ACC-00001674,MULE,HDFC-Sim,0.709,2025-11-23T00:00:00+00:00,883da11409fffff
ACC-00001675,MULE,PNB-Sim,0.864,2025-05-25T00:00:00+00:00,8842cea623fffff
ACC-00001676,MULE,BOI-Sim,0.878,2024-08-19T00:00:00+00:00,8842cea623fffff
ACC-00001677,MULE,HDFC-Sim,0.596,2022-03-12T00:00:00+00:00,8842ceb4a1fffff
ACC-00001678,MULE,Axis-Sim,0.644,2023-01-09T00:00:00+00:00,8860b52c97fffff
ACC-00001679,MULE,HDFC-Sim,0.81,2025-03-26T00:00:00+00:00,883d8dcc0dfffff
ACC-00001680,MULE,Axis-Sim,0.622,2023-11-19T00:00:00+00:00,8842ceb559fffff
ACC-00001681,MULE,BOI-Sim,0.902,2021-10-06T00:00:00+00:00,883da11233fffff
ACC-00001682,MULE,HDFC-Sim,0.949,2024-05-11T00:00:00+00:00,8860b19695fffff
ACC-00001683,MULE,BOI-Sim,0.607,2024-07-18T00:00:00+00:00,88608b56d7fffff
ACC-00001684,MULE,BOI-Sim,0.806,2022-08-03T00:00:00+00:00,8842ceb5d9fffff
ACC-00001685,MULE,HDFC-Sim,0.673,2023-07-21T00:00:00+00:00,8860b52c97fffff
ACC-00001686,MULE,Axis-Sim,0.877,2023-12-15T00:00:00+00:00,883d8dcd5dfffff
ACC-00001687,MULE,SBI-Sim,0.666,2025-01-03T00:00:00+00:00,8842ceb559fffff
ACC-00001688,MULE,HDFC-Sim,0.785,2023-01-30T00:00:00+00:00,883d8dcdd5fffff
ACC-00001689,MULE,BOI-Sim,0.727,2023-04-20T00:00:00+00:00,88618925c5fffff
ACC-00001690,MULE,BOI-Sim,0.943,2026-03-07T00:00:00+00:00,88618925c5fffff
ACC-00001691,MULE,ICICI-Sim,0.918,2022-09-22T00:00:00+00:00,88618925c5fffff
ACC-00001692,MULE,SBI-Sim,0.757,2025-07-23T00:00:00+00:00,88608b4733fffff
ACC-00001693,MULE,Axis-Sim,0.92,2025-01-20T00:00:00+00:00,883d8dcd5dfffff
ACC-00001694,MULE,Axis-Sim,0.808,2021-09-30T00:00:00+00:00,883da11409fffff
ACC-00001695,MULE,ICICI-Sim,0.926,2023-03-06T00:00:00+00:00,8860b19695fffff
ACC-00001696,MULE,Axis-Sim,0.615,2024-11-16T00:00:00+00:00,8860145943fffff
ACC-00001697,MULE,SBI-Sim,0.923,2021-07-25T00:00:00+00:00,88608b4733fffff
ACC-00001698,MULE,BOI-Sim,0.565,2022-10-05T00:00:00+00:00,8860b19695fffff
ACC-00001699,MULE,Axis-Sim,0.739,2023-01-29T00:00:00+00:00,88618c4f2bfffff
ACC-00001700,MULE,Axis-Sim,0.858,2026-03-31T00:00:00+00:00,883da11233fffff
ACC-00001701,MULE,BOI-Sim,0.757,2023-05-15T00:00:00+00:00,883d8dcdd5fffff
ACC-00001702,MULE,ICICI-Sim,0.634,2021-10-15T00:00:00+00:00,883da11409fffff
ACC-00001703,MULE,HDFC-Sim,0.702,2023-09-18T00:00:00+00:00,8861892ecbfffff
ACC-00001704,MULE,SBI-Sim,0.664,2022-07-20T00:00:00+00:00,8860b52e9bfffff
ACC-00001705,MULE,SBI-Sim,0.601,2025-02-01T00:00:00+00:00,8860b52e9bfffff
ACC-00001706,MULE,PNB-Sim,0.845,2025-09-27T00:00:00+00:00,883d8dcd5dfffff
ACC-00001707,MULE,ICICI-Sim,0.903,2023-08-15T00:00:00+00:00,88608b0a6bfffff
ACC-00001708,MULE,BOI-Sim,0.628,2025-01-24T00:00:00+00:00,88608b4733fffff
ACC-00001709,MULE,PNB-Sim,0.914,2021-10-16T00:00:00+00:00,883d8dcc0dfffff
ACC-00001710,MULE,SBI-Sim,0.621,2022-03-01T00:00:00+00:00,88608b0a6bfffff
ACC-00001711,MULE,SBI-Sim,0.701,2025-01-06T00:00:00+00:00,883da115a5fffff
ACC-00001712,MULE,ICICI-Sim,0.752,2024-07-25T00:00:00+00:00,88608b0961fffff
ACC-00001713,MULE,ICICI-Sim,0.853,2025-11-26T00:00:00+00:00,88618c45b9fffff
ACC-00001714,MULE,SBI-Sim,0.882,2025-03-27T00:00:00+00:00,8860145943fffff
ACC-00001715,MULE,PNB-Sim,0.557,2023-03-09T00:00:00+00:00,88608b0a6bfffff
ACC-00001716,MULE,PNB-Sim,0.782,2021-09-26T00:00:00+00:00,88618c4d05fffff
ACC-00001717,MULE,HDFC-Sim,0.814,2022-05-12T00:00:00+00:00,88618c45b9fffff
ACC-00001718,MULE,HDFC-Sim,0.8,2022-10-13T00:00:00+00:00,8860a259bbfffff
ACC-00001719,MULE,ICICI-Sim,0.613,2023-03-22T00:00:00+00:00,88608b0a6bfffff
ACC-00001720,MULE,ICICI-Sim,0.922,2025-10-06T00:00:00+00:00,8860145943fffff
ACC-00001721,MULE,Axis-Sim,0.628,2025-10-13T00:00:00+00:00,88618c4d05fffff
ACC-00001722,MULE,Axis-Sim,0.662,2025-01-08T00:00:00+00:00,883d8dcdd5fffff
ACC-00001723,MULE,Axis-Sim,0.721,2024-04-18T00:00:00+00:00,88618c4e63fffff
ACC-00001724,MULE,BOI-Sim,0.943,2023-09-16T00:00:00+00:00,8842ceb559fffff
ACC-00001725,MULE,SBI-Sim,0.744,2025-03-22T00:00:00+00:00,8860145943fffff
ACC-00001726,MULE,Axis-Sim,0.883,2021-10-06T00:00:00+00:00,8860b52c97fffff
ACC-00001727,MULE,PNB-Sim,0.84,2025-03-16T00:00:00+00:00,88608b56d7fffff
ACC-00001728,MULE,BOI-Sim,0.763,2022-10-24T00:00:00+00:00,88608b0961fffff
ACC-00001729,MULE,Axis-Sim,0.918,2024-05-31T00:00:00+00:00,883d8dcc0dfffff
ACC-00001730,MULE,BOI-Sim,0.884,2025-06-13T00:00:00+00:00,88608b0961fffff
ACC-00001731,MULE,ICICI-Sim,0.6,2022-06-28T00:00:00+00:00,88608b0961fffff
ACC-00001732,MULE,Axis-Sim,0.67,2025-11-04T00:00:00+00:00,88618925c5fffff
ACC-00001733,MULE,PNB-Sim,0.93,2021-10-17T00:00:00+00:00,88618921d1fffff
ACC-00001734,MULE,Axis-Sim,0.872,2024-07-28T00:00:00+00:00,8842ceb559fffff
ACC-00001735,MULE,ICICI-Sim,0.8,2025-01-25T00:00:00+00:00,8842cea623fffff
ACC-00001736,MULE,Axis-Sim,0.781,2024-12-14T00:00:00+00:00,8860b52c97fffff
ACC-00001737,MULE,Axis-Sim,0.691,2022-03-29T00:00:00+00:00,8860a259bbfffff
ACC-00001738,MULE,HDFC-Sim,0.812,2021-12-30T00:00:00+00:00,8842cea623fffff
ACC-00001739,MULE,HDFC-Sim,0.703,2021-12-02T00:00:00+00:00,88608b56d7fffff
ACC-00001740,MULE,Axis-Sim,0.69,2022-09-03T00:00:00+00:00,88608b0a6bfffff
ACC-00001741,MULE,PNB-Sim,0.945,2022-04-16T00:00:00+00:00,88608b56d7fffff
ACC-00001742,MULE,Axis-Sim,0.557,2024-05-22T00:00:00+00:00,88618c4d05fffff
ACC-00001743,MULE,PNB-Sim,0.575,2023-02-19T00:00:00+00:00,883d8dcc0dfffff
ACC-00001744,MULE,HDFC-Sim,0.804,2022-12-26T00:00:00+00:00,883d8dcf1dfffff
ACC-00001745,MULE,PNB-Sim,0.933,2024-01-26T00:00:00+00:00,8860b52c97fffff
ACC-00001746,MULE,HDFC-Sim,0.889,2022-11-11T00:00:00+00:00,8842ceb4a1fffff
ACC-00001747,MULE,Axis-Sim,0.58,2025-04-15T00:00:00+00:00,883d8dcf1dfffff
ACC-00001748,MULE,BOI-Sim,0.564,2024-05-31T00:00:00+00:00,88608b4733fffff
ACC-00001749,MULE,SBI-Sim,0.653,2023-11-16T00:00:00+00:00,883d8dcd5dfffff
ACC-00001750,MULE,HDFC-Sim,0.682,2022-05-25T00:00:00+00:00,8842ceb5d9fffff
ACC-00001751,MULE,ICICI-Sim,0.875,2024-05-24T00:00:00+00:00,883da11233fffff
ACC-00001752,MULE,ICICI-Sim,0.64,2023-10-25T00:00:00+00:00,88618c4d05fffff
ACC-00001753,MULE,SBI-Sim,0.799,2023-02-09T00:00:00+00:00,88608b4733fffff
ACC-00001754,MULE,Axis-Sim,0.714,2022-06-19T00:00:00+00:00,883da11623fffff
ACC-00001755,MULE,SBI-Sim,0.749,2024-10-11T00:00:00+00:00,8842ceb4a1fffff
ACC-00001756,MULE,HDFC-Sim,0.786,2024-03-31T00:00:00+00:00,883d8dcdd5fffff
ACC-00001757,MULE,Axis-Sim,0.765,2025-01-11T00:00:00+00:00,8860a259bbfffff
ACC-00001758,MULE,Axis-Sim,0.663,2025-05-13T00:00:00+00:00,8860b19695fffff
ACC-00001759,MULE,BOI-Sim,0.603,2025-01-01T00:00:00+00:00,883d8dcd5dfffff
ACC-00001760,MULE,ICICI-Sim,0.789,2023-04-23T00:00:00+00:00,88618c4e63fffff
ACC-00001761,MULE,HDFC-Sim,0.676,2024-12-01T00:00:00+00:00,88608b56d7fffff
ACC-00001762,MULE,BOI-Sim,0.909,2023-12-20T00:00:00+00:00,883d8dcdd5fffff
ACC-00001763,MULE,SBI-Sim,0.768,2023-12-13T00:00:00+00:00,8860b52e9bfffff
ACC-00001764,MULE,PNB-Sim,0.585,2024-05-26T00:00:00+00:00,88618c4d05fffff
ACC-00001765,MULE,HDFC-Sim,0.889,2024-10-21T00:00:00+00:00,88618c45b9fffff
ACC-00001766,MULE,PNB-Sim,0.829,2026-03-25T00:00:00+00:00,8860a259bbfffff
ACC-00001767,MULE,PNB-Sim,0.622,2025-02-12T00:00:00+00:00,883da11233fffff
ACC-00001768,MULE,BOI-Sim,0.91,2023-11-15T00:00:00+00:00,883da11623fffff
ACC-00001769,MULE,BOI-Sim,0.785,2026-03-30T00:00:00+00:00,8860b52c97fffff
ACC-00001770,MULE,PNB-Sim,0.947,2022-06-17T00:00:00+00:00,88618c45b9fffff
ACC-00001771,MULE,Axis-Sim,0.785,2023-07-21T00:00:00+00:00,88608b4733fffff
ACC-00001772,MULE,ICICI-Sim,0.741,2022-09-28T00:00:00+00:00,8860a259bbfffff
ACC-00001773,MULE,SBI-Sim,0.923,2025-06-08T00:00:00+00:00,88618c4d05fffff
ACC-00001774,MULE,PNB-Sim,0.695,2025-10-26T00:00:00+00:00,883da11409fffff
ACC-00001775,MULE,HDFC-Sim,0.842,2021-09-10T00:00:00+00:00,883da11409fffff
ACC-00001776,MULE,Axis-Sim,0.612,2025-08-03T00:00:00+00:00,88608b4733fffff
ACC-00001777,MULE,SBI-Sim,0.738,2024-02-08T00:00:00+00:00,8860b19695fffff
ACC-00001778,MULE,HDFC-Sim,0.647,2024-10-29T00:00:00+00:00,8860145943fffff
ACC-00001779,MULE,BOI-Sim,0.885,2021-11-06T00:00:00+00:00,8861892ecbfffff
ACC-00001780,MULE,HDFC-Sim,0.553,2024-10-12T00:00:00+00:00,8842ceb4a1fffff
ACC-00001781,MULE,HDFC-Sim,0.811,2023-05-11T00:00:00+00:00,8842ceb5d9fffff
ACC-00001782,MULE,PNB-Sim,0.815,2023-02-06T00:00:00+00:00,8860a259bbfffff
ACC-00001783,MULE,Axis-Sim,0.692,2024-01-12T00:00:00+00:00,883da115a5fffff
ACC-00001784,MULE,SBI-Sim,0.895,2022-10-04T00:00:00+00:00,883d8dcc0dfffff
ACC-00001785,MULE,HDFC-Sim,0.561,2024-08-20T00:00:00+00:00,883d8dcc0dfffff
ACC-00001786,MULE,ICICI-Sim,0.729,2022-04-19T00:00:00+00:00,88608b56d7fffff
ACC-00001787,MULE,BOI-Sim,0.578,2025-12-15T00:00:00+00:00,88618c4e63fffff
ACC-00001788,MULE,HDFC-Sim,0.808,2023-10-28T00:00:00+00:00,883da11409fffff
ACC-00001789,MULE,HDFC-Sim,0.848,2025-04-22T00:00:00+00:00,8860145943fffff
ACC-00001790,MULE,PNB-Sim,0.717,2025-04-02T00:00:00+00:00,8842ceb5d9fffff
ACC-00001791,MULE,ICICI-Sim,0.776,2024-08-23T00:00:00+00:00,88618c4d05fffff
ACC-00001792,MULE,Axis-Sim,0.72,2024-04-19T00:00:00+00:00,88608b0a6bfffff
ACC-00001793,MULE,HDFC-Sim,0.774,2023-12-06T00:00:00+00:00,88618921d1fffff
ACC-00001794,MULE,PNB-Sim,0.769,2025-12-23T00:00:00+00:00,883da11409fffff
ACC-00001795,MULE,Axis-Sim,0.787,2024-03-27T00:00:00+00:00,88618c45b9fffff
ACC-00001796,MULE,HDFC-Sim,0.673,2021-08-17T00:00:00+00:00,8860145943fffff
ACC-00001797,MULE,HDFC-Sim,0.823,2024-08-18T00:00:00+00:00,8860145943fffff
ACC-00001798,MULE,PNB-Sim,0.711,2024-05-29T00:00:00+00:00,883d8dcc0dfffff
ACC-00001799,MULE,BOI-Sim,0.904,2022-06-18T00:00:00+00:00,8842cea623fffff
ACC-00001800,MULE,BOI-Sim,0.761,2021-06-28T00:00:00+00:00,8842ceb5d9fffff
ACC-00001801,MULE,ICICI-Sim,0.835,2024-02-15T00:00:00+00:00,883d8dcf1dfffff
ACC-00001802,MULE,HDFC-Sim,0.635,2023-04-18T00:00:00+00:00,88608b0a6bfffff
ACC-00001803,MULE,SBI-Sim,0.933,2024-03-28T00:00:00+00:00,8842ceb4a1fffff
ACC-00001804,MULE,BOI-Sim,0.65,2024-04-08T00:00:00+00:00,88618c4f2bfffff
ACC-00001805,MULE,ICICI-Sim,0.689,2022-05-06T00:00:00+00:00,8842cea623fffff
ACC-00001806,MULE,ICICI-Sim,0.76,2023-11-15T00:00:00+00:00,883d8dcd5dfffff
ACC-00001807,MULE,PNB-Sim,0.736,2026-04-25T00:00:00+00:00,8861892ecbfffff
ACC-00001808,MULE,Axis-Sim,0.756,2024-09-17T00:00:00+00:00,883d8dcdd5fffff
ACC-00001809,MULE,HDFC-Sim,0.688,2025-10-06T00:00:00+00:00,8842ceb4a1fffff
ACC-00001810,MULE,SBI-Sim,0.821,2023-06-11T00:00:00+00:00,883d8dcdd5fffff
ACC-00001811,MULE,ICICI-Sim,0.768,2024-03-01T00:00:00+00:00,8861892ecbfffff
ACC-00001812,MULE,PNB-Sim,0.592,2022-02-06T00:00:00+00:00,883d8dcd5dfffff
ACC-00001813,MULE,PNB-Sim,0.655,2021-10-31T00:00:00+00:00,8842ceb4a1fffff
ACC-00001814,MULE,ICICI-Sim,0.621,2023-07-30T00:00:00+00:00,88618921d1fffff
ACC-00001815,MULE,Axis-Sim,0.743,2025-09-27T00:00:00+00:00,88618c45b9fffff
ACC-00001816,MULE,BOI-Sim,0.81,2024-06-04T00:00:00+00:00,8842ceb4a1fffff
ACC-00001817,MULE,Axis-Sim,0.698,2023-08-18T00:00:00+00:00,883da115a5fffff
ACC-00001818,MULE,PNB-Sim,0.798,2024-07-29T00:00:00+00:00,8842ceb4a1fffff
ACC-00001819,MULE,HDFC-Sim,0.632,2026-04-23T00:00:00+00:00,8842cea623fffff
ACC-00001820,MULE,BOI-Sim,0.733,2026-03-30T00:00:00+00:00,8860b52e9bfffff
ACC-00001821,MULE,Axis-Sim,0.665,2024-12-25T00:00:00+00:00,8860b52c97fffff
ACC-00001822,MULE,ICICI-Sim,0.86,2023-04-17T00:00:00+00:00,8842cea623fffff
ACC-00001823,MULE,ICICI-Sim,0.606,2023-04-04T00:00:00+00:00,88608b0a6bfffff
ACC-00001824,MULE,HDFC-Sim,0.865,2024-12-31T00:00:00+00:00,8842ceb5d9fffff
ACC-00001825,MULE,ICICI-Sim,0.887,2022-05-20T00:00:00+00:00,8842ceb4a1fffff
ACC-00001826,MULE,HDFC-Sim,0.663,2026-02-27T00:00:00+00:00,883da115a5fffff
ACC-00001827,MULE,HDFC-Sim,0.875,2023-05-16T00:00:00+00:00,88608b4733fffff
ACC-00001828,MULE,Axis-Sim,0.767,2023-05-10T00:00:00+00:00,8842ceb559fffff
ACC-00001829,MULE,HDFC-Sim,0.58,2023-09-24T00:00:00+00:00,883d8dcdd5fffff
ACC-00001830,MULE,BOI-Sim,0.573,2025-01-16T00:00:00+00:00,88608b4733fffff
ACC-00001831,MULE,Axis-Sim,0.872,2023-02-05T00:00:00+00:00,88608b0961fffff
ACC-00001832,MULE,ICICI-Sim,0.916,2023-05-23T00:00:00+00:00,88608b0a6bfffff
ACC-00001833,MULE,PNB-Sim,0.832,2023-01-02T00:00:00+00:00,883da11623fffff
ACC-00001834,MULE,ICICI-Sim,0.782,2023-10-29T00:00:00+00:00,883da11233fffff
ACC-00001835,MULE,ICICI-Sim,0.625,2026-02-27T00:00:00+00:00,883da115a5fffff
ACC-00001836,MULE,Axis-Sim,0.64,2022-10-03T00:00:00+00:00,883d8dcf1dfffff
ACC-00001837,MULE,Axis-Sim,0.923,2025-04-13T00:00:00+00:00,88618c4f2bfffff
ACC-00001838,MULE,PNB-Sim,0.564,2023-10-31T00:00:00+00:00,883da11409fffff
ACC-00001839,MULE,Axis-Sim,0.608,2024-08-28T00:00:00+00:00,883d8dcc0dfffff
ACC-00001840,MULE,ICICI-Sim,0.828,2023-05-22T00:00:00+00:00,88618925c5fffff
ACC-00001841,MULE,HDFC-Sim,0.712,2025-06-23T00:00:00+00:00,88608b4733fffff
ACC-00001842,MULE,Axis-Sim,0.898,2021-07-19T00:00:00+00:00,883d8dcf1dfffff
ACC-00001843,MULE,ICICI-Sim,0.643,2023-07-30T00:00:00+00:00,883da11623fffff
ACC-00001844,MULE,SBI-Sim,0.711,2023-10-31T00:00:00+00:00,8842cea623fffff
ACC-00001845,MULE,SBI-Sim,0.762,2022-05-23T00:00:00+00:00,883d8dcc0dfffff
ACC-00001846,MULE,Axis-Sim,0.631,2022-09-05T00:00:00+00:00,883da11233fffff
ACC-00001847,MULE,SBI-Sim,0.889,2024-06-22T00:00:00+00:00,88618921d1fffff
ACC-00001848,MULE,HDFC-Sim,0.79,2023-08-18T00:00:00+00:00,8842cea623fffff
ACC-00001849,MULE,SBI-Sim,0.591,2025-05-19T00:00:00+00:00,883da11233fffff
ACC-00001850,MULE,Axis-Sim,0.669,2024-06-07T00:00:00+00:00,883da11623fffff
ACC-00001851,MULE,PNB-Sim,0.67,2021-08-19T00:00:00+00:00,8860145943fffff
ACC-00001852,MULE,BOI-Sim,0.728,2024-07-07T00:00:00+00:00,883d8dcd5dfffff
ACC-00001853,MULE,Axis-Sim,0.863,2022-05-11T00:00:00+00:00,8860145943fffff
ACC-00001854,MULE,ICICI-Sim,0.941,2024-05-18T00:00:00+00:00,883da11233fffff
ACC-00001855,MULE,BOI-Sim,0.783,2025-11-27T00:00:00+00:00,8860b52c97fffff
ACC-00001856,MULE,Axis-Sim,0.708,2021-10-22T00:00:00+00:00,8842ceb559fffff
ACC-00001857,MULE,BOI-Sim,0.883,2022-03-25T00:00:00+00:00,8860a259bbfffff
ACC-00001858,MULE,Axis-Sim,0.676,2021-10-14T00:00:00+00:00,8860b52e9bfffff
ACC-00001859,MULE,Axis-Sim,0.811,2023-03-21T00:00:00+00:00,883d8dcc0dfffff
ACC-00001860,MULE,BOI-Sim,0.696,2024-09-17T00:00:00+00:00,8860b52c97fffff
ACC-00001861,MULE,Axis-Sim,0.916,2025-03-06T00:00:00+00:00,883d8dcc0dfffff
ACC-00001862,MULE,ICICI-Sim,0.748,2022-08-22T00:00:00+00:00,883d8dcc0dfffff
ACC-00001863,MULE,Axis-Sim,0.579,2022-06-23T00:00:00+00:00,883da115a5fffff
ACC-00001864,MULE,SBI-Sim,0.895,2022-08-03T00:00:00+00:00,88618c4f2bfffff
ACC-00001865,MULE,PNB-Sim,0.706,2021-09-25T00:00:00+00:00,883d8dcd5dfffff
ACC-00001866,MULE,HDFC-Sim,0.921,2024-02-12T00:00:00+00:00,8842cea623fffff
ACC-00001867,MULE,HDFC-Sim,0.922,2023-11-28T00:00:00+00:00,8860b19695fffff
ACC-00001868,MULE,PNB-Sim,0.591,2023-04-01T00:00:00+00:00,883da11233fffff
ACC-00001869,MULE,Axis-Sim,0.808,2025-01-29T00:00:00+00:00,88608b4733fffff
ACC-00001870,MULE,HDFC-Sim,0.911,2023-12-19T00:00:00+00:00,8860b19695fffff
ACC-00001871,MULE,SBI-Sim,0.808,2025-11-01T00:00:00+00:00,88618925c5fffff
ACC-00001872,MULE,ICICI-Sim,0.822,2021-12-20T00:00:00+00:00,883da115a5fffff
ACC-00001873,MULE,ICICI-Sim,0.569,2025-01-28T00:00:00+00:00,883d8dcf1dfffff
ACC-00001874,MULE,HDFC-Sim,0.909,2025-07-09T00:00:00+00:00,883da115a5fffff
ACC-00001875,MULE,PNB-Sim,0.608,2022-11-24T00:00:00+00:00,88618c4f2bfffff
ACC-00001876,MULE,PNB-Sim,0.924,2023-07-29T00:00:00+00:00,8842ceb5d9fffff
ACC-00001877,MULE,BOI-Sim,0.801,2026-02-27T00:00:00+00:00,8860145943fffff
ACC-00001878,MULE,Axis-Sim,0.673,2025-03-20T00:00:00+00:00,8860a259bbfffff
ACC-00001879,MULE,PNB-Sim,0.879,2023-04-27T00:00:00+00:00,88618c4d05fffff
ACC-00001880,MULE,Axis-Sim,0.92,2022-05-17T00:00:00+00:00,88618c45b9fffff
ACC-00001881,MULE,ICICI-Sim,0.871,2025-12-14T00:00:00+00:00,8860b19695fffff
ACC-00001882,MULE,HDFC-Sim,0.734,2023-06-17T00:00:00+00:00,88608b4733fffff
ACC-00001883,MULE,SBI-Sim,0.563,2022-10-14T00:00:00+00:00,8861892ecbfffff
ACC-00001884,MULE,BOI-Sim,0.602,2025-06-17T00:00:00+00:00,88618925c5fffff
ACC-00001885,MULE,ICICI-Sim,0.895,2025-11-28T00:00:00+00:00,8842ceb5d9fffff
ACC-00001886,MULE,ICICI-Sim,0.628,2025-10-21T00:00:00+00:00,88608b0a6bfffff
ACC-00001887,MULE,PNB-Sim,0.704,2026-04-03T00:00:00+00:00,8842ceb4a1fffff
ACC-00001888,MULE,Axis-Sim,0.568,2021-09-24T00:00:00+00:00,8860b19695fffff
ACC-00001889,MULE,SBI-Sim,0.718,2021-11-01T00:00:00+00:00,8842ceb5d9fffff
ACC-00001890,MULE,HDFC-Sim,0.777,2023-03-19T00:00:00+00:00,88618c4f2bfffff
ACC-00001891,MULE,PNB-Sim,0.793,2025-02-08T00:00:00+00:00,88618c4d05fffff
ACC-00001892,MULE,Axis-Sim,0.851,2022-07-03T00:00:00+00:00,883d8dcdd5fffff
ACC-00001893,MULE,SBI-Sim,0.797,2024-10-26T00:00:00+00:00,8861892ecbfffff
ACC-00001894,MULE,PNB-Sim,0.683,2022-06-04T00:00:00+00:00,8842cea623fffff
ACC-00001895,MULE,SBI-Sim,0.666,2026-04-22T00:00:00+00:00,8842ceb559fffff
ACC-00001896,MULE,SBI-Sim,0.837,2023-11-13T00:00:00+00:00,8842ceb4a1fffff
ACC-00001897,MULE,ICICI-Sim,0.937,2023-07-12T00:00:00+00:00,883d8dcc0dfffff
ACC-00001898,MULE,Axis-Sim,0.608,2024-06-28T00:00:00+00:00,8842ceb4a1fffff
ACC-00001899,MULE,HDFC-Sim,0.778,2024-11-10T00:00:00+00:00,8860b19695fffff
ACC-00001900,MULE,PNB-Sim,0.568,2025-01-09T00:00:00+00:00,8842ceb559fffff
ACC-00001901,MULE,HDFC-Sim,0.912,2023-11-22T00:00:00+00:00,88618c45b9fffff
ACC-00001902,MULE,BOI-Sim,0.599,2025-06-29T00:00:00+00:00,8861892ecbfffff
ACC-00001903,MULE,HDFC-Sim,0.808,2023-03-31T00:00:00+00:00,8861892ecbfffff
ACC-00001904,MULE,SBI-Sim,0.622,2024-10-20T00:00:00+00:00,8860145943fffff
ACC-00001905,MULE,HDFC-Sim,0.92,2026-04-28T00:00:00+00:00,88608b56d7fffff
ACC-00001906,MULE,BOI-Sim,0.608,2025-06-18T00:00:00+00:00,883d8dcf1dfffff
ACC-00001907,MULE,Axis-Sim,0.829,2024-05-14T00:00:00+00:00,88608b0961fffff
ACC-00001908,MULE,PNB-Sim,0.791,2022-08-05T00:00:00+00:00,883da11409fffff
ACC-00001909,MULE,ICICI-Sim,0.715,2023-06-16T00:00:00+00:00,88618c4d05fffff
ACC-00001910,MULE,BOI-Sim,0.792,2023-11-12T00:00:00+00:00,8860a259bbfffff
ACC-00001911,MULE,HDFC-Sim,0.923,2024-04-24T00:00:00+00:00,8860145943fffff
ACC-00001912,MULE,ICICI-Sim,0.596,2022-02-27T00:00:00+00:00,88618c4e63fffff
ACC-00001913,MULE,PNB-Sim,0.902,2023-08-10T00:00:00+00:00,8860a259bbfffff
ACC-00001914,MULE,SBI-Sim,0.617,2023-02-05T00:00:00+00:00,883d8dcdd5fffff
ACC-00001915,MULE,HDFC-Sim,0.588,2024-02-25T00:00:00+00:00,88618c4e63fffff
ACC-00001916,MULE,BOI-Sim,0.63,2022-09-17T00:00:00+00:00,883da115a5fffff
ACC-00001917,MULE,HDFC-Sim,0.846,2022-11-22T00:00:00+00:00,88618c4e63fffff
ACC-00001918,MULE,HDFC-Sim,0.826,2021-07-25T00:00:00+00:00,88618921d1fffff
ACC-00001919,MULE,PNB-Sim,0.925,2024-03-23T00:00:00+00:00,8860b52c97fffff
ACC-00001920,MULE,PNB-Sim,0.668,2023-09-18T00:00:00+00:00,88618c4d05fffff
ACC-00001921,MULE,PNB-Sim,0.844,2025-01-30T00:00:00+00:00,88618c4e63fffff
ACC-00001922,MULE,ICICI-Sim,0.863,2023-11-30T00:00:00+00:00,88608b56d7fffff
ACC-00001923,MULE,ICICI-Sim,0.943,2025-03-17T00:00:00+00:00,8842ceb4a1fffff
ACC-00001924,MULE,ICICI-Sim,0.646,2024-07-24T00:00:00+00:00,883d8dcd5dfffff
ACC-00001925,MULE,SBI-Sim,0.567,2021-08-24T00:00:00+00:00,883d8dcdd5fffff
ACC-00001926,MULE,ICICI-Sim,0.553,2022-08-30T00:00:00+00:00,88608b0961fffff
ACC-00001927,MULE,BOI-Sim,0.633,2024-07-12T00:00:00+00:00,883d8dcc0dfffff
ACC-00001928,MULE,BOI-Sim,0.632,2026-02-21T00:00:00+00:00,8842cea623fffff
ACC-00001929,MULE,PNB-Sim,0.87,2022-10-04T00:00:00+00:00,88608b56d7fffff
ACC-00001930,MULE,Axis-Sim,0.907,2025-05-20T00:00:00+00:00,88608b4733fffff
ACC-00001931,MULE,SBI-Sim,0.611,2021-07-08T00:00:00+00:00,8842ceb5d9fffff
ACC-00001932,MULE,SBI-Sim,0.645,2024-07-29T00:00:00+00:00,88618925c5fffff
ACC-00001933,MULE,Axis-Sim,0.92,2025-08-25T00:00:00+00:00,8860b52c97fffff
ACC-00001934,MULE,Axis-Sim,0.588,2023-07-06T00:00:00+00:00,883d8dcdd5fffff
ACC-00001935,MULE,ICICI-Sim,0.583,2022-08-30T00:00:00+00:00,88608b56d7fffff
ACC-00001936,MULE,PNB-Sim,0.84,2022-05-08T00:00:00+00:00,8860b52c97fffff
ACC-00001937,MULE,HDFC-Sim,0.793,2026-02-18T00:00:00+00:00,883d8dcd5dfffff
ACC-00001938,MULE,SBI-Sim,0.605,2024-05-29T00:00:00+00:00,8860a259bbfffff
ACC-00001939,MULE,Axis-Sim,0.858,2026-01-09T00:00:00+00:00,883da11623fffff
ACC-00001940,MULE,HDFC-Sim,0.733,2021-07-09T00:00:00+00:00,8842ceb4a1fffff
ACC-00001941,MULE,SBI-Sim,0.62,2023-05-28T00:00:00+00:00,88608b0961fffff
ACC-00001942,MULE,HDFC-Sim,0.855,2022-12-08T00:00:00+00:00,883da11409fffff
ACC-00001943,MULE,SBI-Sim,0.738,2024-01-02T00:00:00+00:00,8860b19695fffff
ACC-00001944,MULE,HDFC-Sim,0.905,2023-09-09T00:00:00+00:00,8842ceb559fffff
ACC-00001945,MULE,BOI-Sim,0.823,2025-05-25T00:00:00+00:00,883d8dcdd5fffff
ACC-00001946,MULE,PNB-Sim,0.924,2026-03-21T00:00:00+00:00,88618925c5fffff
ACC-00001947,MULE,ICICI-Sim,0.805,2022-01-19T00:00:00+00:00,8860b52e9bfffff
ACC-00001948,MULE,HDFC-Sim,0.79,2023-06-02T00:00:00+00:00,8860145943fffff
ACC-00001949,MULE,Axis-Sim,0.81,2024-07-22T00:00:00+00:00,88618c4e63fffff
ACC-00001950,MULE,ICICI-Sim,0.749,2025-10-29T00:00:00+00:00,88618921d1fffff
ACC-00001951,MULE,ICICI-Sim,0.759,2026-03-29T00:00:00+00:00,88618c4d05fffff
ACC-00001952,MULE,SBI-Sim,0.787,2021-11-21T00:00:00+00:00,8860b52c97fffff
ACC-00001953,MULE,BOI-Sim,0.917,2025-06-28T00:00:00+00:00,883da11233fffff
ACC-00001954,MULE,BOI-Sim,0.614,2022-05-08T00:00:00+00:00,88618c45b9fffff
ACC-00001955,MULE,SBI-Sim,0.675,2025-06-13T00:00:00+00:00,8860b19695fffff
ACC-00001956,MULE,SBI-Sim,0.764,2022-05-15T00:00:00+00:00,88608b4733fffff
ACC-00001957,MULE,PNB-Sim,0.841,2021-11-02T00:00:00+00:00,883da11409fffff
ACC-00001958,MULE,SBI-Sim,0.903,2025-03-21T00:00:00+00:00,88608b0a6bfffff
ACC-00001959,MULE,SBI-Sim,0.815,2026-02-01T00:00:00+00:00,8860b19695fffff
ACC-00001960,MULE,Axis-Sim,0.745,2024-04-28T00:00:00+00:00,88618c4e63fffff
ACC-00001961,MULE,SBI-Sim,0.787,2025-05-13T00:00:00+00:00,8842cea623fffff
ACC-00001962,MULE,Axis-Sim,0.854,2023-01-24T00:00:00+00:00,88608b0961fffff
ACC-00001963,MULE,Axis-Sim,0.632,2025-02-06T00:00:00+00:00,8842ceb5d9fffff
ACC-00001964,MULE,ICICI-Sim,0.879,2025-11-03T00:00:00+00:00,883d8dcf1dfffff
ACC-00001965,MULE,Axis-Sim,0.577,2025-05-12T00:00:00+00:00,88618c45b9fffff
ACC-00001966,MULE,BOI-Sim,0.602,2024-07-31T00:00:00+00:00,88608b4733fffff
ACC-00001967,MULE,ICICI-Sim,0.827,2024-03-03T00:00:00+00:00,88608b0a6bfffff
ACC-00001968,MULE,SBI-Sim,0.862,2022-04-14T00:00:00+00:00,88618c45b9fffff
ACC-00001969,MULE,BOI-Sim,0.831,2022-06-23T00:00:00+00:00,88618c4f2bfffff
ACC-00001970,MULE,ICICI-Sim,0.587,2025-06-19T00:00:00+00:00,88618921d1fffff
ACC-00001971,MULE,BOI-Sim,0.835,2022-12-16T00:00:00+00:00,88608b0961fffff
ACC-00001972,MULE,BOI-Sim,0.849,2024-04-05T00:00:00+00:00,88618c4d05fffff
ACC-00001973,MULE,Axis-Sim,0.908,2023-09-15T00:00:00+00:00,88608b0a6bfffff
ACC-00001974,MULE,PNB-Sim,0.819,2021-07-30T00:00:00+00:00,88608b56d7fffff
ACC-00001975,MULE,ICICI-Sim,0.612,2025-06-10T00:00:00+00:00,883d8dcf1dfffff
ACC-00001976,MULE,Axis-Sim,0.554,2023-05-03T00:00:00+00:00,88618c4e63fffff
ACC-00001977,MULE,HDFC-Sim,0.834,2022-05-21T00:00:00+00:00,8842ceb559fffff
ACC-00001978,MULE,Axis-Sim,0.798,2025-01-27T00:00:00+00:00,8842cea623fffff
ACC-00001979,MULE,Axis-Sim,0.82,2022-07-29T00:00:00+00:00,88618925c5fffff
ACC-00001980,MULE,BOI-Sim,0.833,2023-04-07T00:00:00+00:00,88618921d1fffff
ACC-00001981,MULE,PNB-Sim,0.795,2022-07-02T00:00:00+00:00,8842ceb5d9fffff
ACC-00001982,MULE,BOI-Sim,0.78,2025-12-28T00:00:00+00:00,883da11409fffff
ACC-00001983,MULE,SBI-Sim,0.84,2023-11-06T00:00:00+00:00,883d8dcdd5fffff
ACC-00001984,MULE,SBI-Sim,0.59,2025-02-21T00:00:00+00:00,883da11623fffff
ACC-00001985,MULE,SBI-Sim,0.858,2023-01-17T00:00:00+00:00,8860b19695fffff
ACC-00001986,MULE,PNB-Sim,0.607,2026-03-20T00:00:00+00:00,883d8dcdd5fffff
ACC-00001987,MULE,SBI-Sim,0.574,2024-10-22T00:00:00+00:00,88618c45b9fffff
ACC-00001988,MULE,ICICI-Sim,0.791,2025-12-16T00:00:00+00:00,8842ceb4a1fffff
ACC-00001989,MULE,BOI-Sim,0.836,2024-10-02T00:00:00+00:00,8860b52e9bfffff
ACC-00001990,MULE,Axis-Sim,0.613,2026-03-10T00:00:00+00:00,88608b0961fffff
ACC-00001991,MULE,ICICI-Sim,0.69,2022-02-25T00:00:00+00:00,8861892ecbfffff
ACC-00001992,MULE,SBI-Sim,0.91,2021-11-06T00:00:00+00:00,8860b52e9bfffff
ACC-00001993,MULE,ICICI-Sim,0.711,2021-11-14T00:00:00+00:00,88618925c5fffff
ACC-00001994,MULE,BOI-Sim,0.843,2024-11-21T00:00:00+00:00,883d8dcf1dfffff
ACC-00001995,MULE,BOI-Sim,0.557,2024-08-01T00:00:00+00:00,8860b52e9bfffff
ACC-00001996,MULE,PNB-Sim,0.901,2022-06-19T00:00:00+00:00,88608b0a6bfffff
ACC-00001997,MULE,Axis-Sim,0.787,2023-09-11T00:00:00+00:00,88618c45b9fffff
ACC-00001998,MULE,ICICI-Sim,0.634,2022-06-26T00:00:00+00:00,8842ceb5d9fffff
ACC-00001999,MULE,HDFC-Sim,0.579,2025-01-18T00:00:00+00:00,88618c45b9fffff
ACC-00002000,MULE,HDFC-Sim,0.616,2021-07-07T00:00:00+00:00,88608b4733fffff
ACC-00002001,MULE,SBI-Sim,0.803,2025-05-04T00:00:00+00:00,8860145943fffff
ACC-00002002,MULE,ICICI-Sim,0.826,2022-09-15T00:00:00+00:00,88618c45b9fffff
ACC-00002003,MULE,HDFC-Sim,0.777,2023-04-28T00:00:00+00:00,883da11623fffff
ACC-00002004,MULE,PNB-Sim,0.627,2025-10-16T00:00:00+00:00,8842ceb5d9fffff
ACC-00002005,MULE,HDFC-Sim,0.572,2026-01-05T00:00:00+00:00,8842ceb4a1fffff
ACC-00002006,MULE,Axis-Sim,0.732,2024-09-07T00:00:00+00:00,883da11233fffff
ACC-00002007,MULE,SBI-Sim,0.875,2023-07-27T00:00:00+00:00,88618c4e63fffff
ACC-00002008,MULE,Axis-Sim,0.901,2025-06-04T00:00:00+00:00,88618c4d05fffff
ACC-00002009,MULE,PNB-Sim,0.916,2023-05-04T00:00:00+00:00,88618c4d05fffff
ACC-00002010,MULE,Axis-Sim,0.802,2023-12-31T00:00:00+00:00,8842ceb559fffff
ACC-00002011,MULE,PNB-Sim,0.91,2023-06-16T00:00:00+00:00,88618921d1fffff
ACC-00002012,MULE,SBI-Sim,0.673,2024-03-09T00:00:00+00:00,88618921d1fffff
ACC-00002013,MULE,Axis-Sim,0.828,2024-05-15T00:00:00+00:00,8860b52c97fffff
ACC-00002014,MULE,HDFC-Sim,0.941,2025-01-16T00:00:00+00:00,8860a259bbfffff
ACC-00002015,MULE,Axis-Sim,0.935,2022-02-16T00:00:00+00:00,883da11233fffff
ACC-00002016,MULE,ICICI-Sim,0.881,2023-01-08T00:00:00+00:00,88608b56d7fffff
ACC-00002017,MULE,PNB-Sim,0.869,2025-03-03T00:00:00+00:00,8842ceb5d9fffff
ACC-00002018,MULE,ICICI-Sim,0.838,2021-10-31T00:00:00+00:00,8860b52c97fffff
ACC-00002019,MULE,Axis-Sim,0.686,2022-08-11T00:00:00+00:00,88618c4e63fffff
ACC-00002020,MULE,Axis-Sim,0.836,2021-09-02T00:00:00+00:00,88608b0961fffff
ACC-00002021,MULE,Axis-Sim,0.776,2024-03-15T00:00:00+00:00,8860b52c97fffff
ACC-00002022,MULE,PNB-Sim,0.921,2021-10-07T00:00:00+00:00,88618921d1fffff
ACC-00002023,MULE,HDFC-Sim,0.702,2023-09-20T00:00:00+00:00,883da11233fffff
ACC-00002024,MULE,PNB-Sim,0.778,2024-09-21T00:00:00+00:00,88608b0961fffff
ACC-00002025,MULE,SBI-Sim,0.742,2022-07-19T00:00:00+00:00,88618c4d05fffff
ACC-00002026,MULE,Axis-Sim,0.774,2023-12-30T00:00:00+00:00,88618c4e63fffff
ACC-00002027,MULE,HDFC-Sim,0.823,2025-07-02T00:00:00+00:00,883da11623fffff
ACC-00002028,MULE,SBI-Sim,0.852,2024-11-08T00:00:00+00:00,883d8dcc0dfffff
ACC-00002029,MULE,PNB-Sim,0.911,2026-02-19T00:00:00+00:00,8842ceb5d9fffff
ACC-00002030,MULE,HDFC-Sim,0.809,2025-05-07T00:00:00+00:00,8860b19695fffff
ACC-00002031,MULE,SBI-Sim,0.598,2023-06-11T00:00:00+00:00,88618c45b9fffff
ACC-00002032,MULE,ICICI-Sim,0.884,2024-12-15T00:00:00+00:00,88618c4f2bfffff
ACC-00002033,MULE,PNB-Sim,0.884,2021-08-09T00:00:00+00:00,883da11623fffff
ACC-00002034,MULE,BOI-Sim,0.731,2023-07-25T00:00:00+00:00,88618921d1fffff
ACC-00002035,MULE,BOI-Sim,0.815,2022-08-25T00:00:00+00:00,88608b56d7fffff
ACC-00002036,MULE,SBI-Sim,0.869,2022-09-02T00:00:00+00:00,88618c4e63fffff
ACC-00002037,MULE,SBI-Sim,0.868,2022-09-11T00:00:00+00:00,88608b4733fffff
ACC-00002038,MULE,SBI-Sim,0.641,2023-03-04T00:00:00+00:00,883da115a5fffff
ACC-00002039,MULE,HDFC-Sim,0.707,2024-05-11T00:00:00+00:00,883da11233fffff
ACC-00002040,MULE,SBI-Sim,0.59,2026-04-05T00:00:00+00:00,88618c4d05fffff
ACC-00002041,MULE,ICICI-Sim,0.827,2025-06-26T00:00:00+00:00,883d8dcc0dfffff
ACC-00002042,MULE,PNB-Sim,0.693,2025-12-05T00:00:00+00:00,8842ceb5d9fffff
ACC-00002043,MULE,SBI-Sim,0.694,2023-09-24T00:00:00+00:00,88618c4e63fffff
ACC-00002044,MULE,BOI-Sim,0.833,2024-07-02T00:00:00+00:00,8842ceb5d9fffff
ACC-00002045,MULE,BOI-Sim,0.777,2021-10-23T00:00:00+00:00,88618c4d05fffff
ACC-00002046,MULE,SBI-Sim,0.657,2026-01-21T00:00:00+00:00,8860a259bbfffff
ACC-00002047,MULE,ICICI-Sim,0.723,2024-07-24T00:00:00+00:00,883da11409fffff
ACC-00002048,MULE,PNB-Sim,0.743,2025-05-22T00:00:00+00:00,883da11623fffff
ACC-00002049,MULE,SBI-Sim,0.663,2023-03-10T00:00:00+00:00,8861892ecbfffff
ACC-00002050,MULE,BOI-Sim,0.607,2025-07-23T00:00:00+00:00,88608b56d7fffff
ACC-00002051,MULE,SBI-Sim,0.894,2025-09-28T00:00:00+00:00,8861892ecbfffff
ACC-00002052,MULE,Axis-Sim,0.826,2024-10-16T00:00:00+00:00,883da11409fffff
ACC-00002053,MULE,Axis-Sim,0.843,2025-06-12T00:00:00+00:00,8860b52c97fffff
ACC-00002054,MULE,ICICI-Sim,0.788,2022-02-09T00:00:00+00:00,88608b56d7fffff
ACC-00002055,MULE,BOI-Sim,0.581,2022-02-28T00:00:00+00:00,8860b19695fffff
ACC-00002056,MULE,Axis-Sim,0.78,2021-07-10T00:00:00+00:00,8842ceb4a1fffff
ACC-00002057,MULE,PNB-Sim,0.674,2022-08-01T00:00:00+00:00,883d8dcc0dfffff
ACC-00002058,MULE,PNB-Sim,0.574,2024-09-27T00:00:00+00:00,8842ceb5d9fffff
ACC-00002059,MULE,BOI-Sim,0.561,2025-11-17T00:00:00+00:00,883d8dcf1dfffff
ACC-00002060,MULE,BOI-Sim,0.821,2024-02-09T00:00:00+00:00,8842cea623fffff
ACC-00002061,MULE,ICICI-Sim,0.584,2022-12-15T00:00:00+00:00,88618c4d05fffff
ACC-00002062,MULE,ICICI-Sim,0.902,2025-01-24T00:00:00+00:00,88608b0961fffff
ACC-00002063,MULE,Axis-Sim,0.56,2024-11-15T00:00:00+00:00,8860b19695fffff
ACC-00002064,MULE,BOI-Sim,0.697,2024-11-20T00:00:00+00:00,88608b0a6bfffff
ACC-00002065,MULE,Axis-Sim,0.58,2024-08-27T00:00:00+00:00,88618921d1fffff
ACC-00002066,MULE,BOI-Sim,0.666,2024-07-31T00:00:00+00:00,8860a259bbfffff
ACC-00002067,MULE,ICICI-Sim,0.826,2022-02-14T00:00:00+00:00,88618c4e63fffff
ACC-00002068,MULE,SBI-Sim,0.806,2024-04-12T00:00:00+00:00,88608b4733fffff
ACC-00002069,MULE,Axis-Sim,0.779,2024-10-30T00:00:00+00:00,88618c45b9fffff
ACC-00002070,MULE,ICICI-Sim,0.727,2025-03-08T00:00:00+00:00,88608b0961fffff
ACC-00002071,MULE,PNB-Sim,0.765,2023-10-01T00:00:00+00:00,883da115a5fffff
ACC-00002072,MULE,Axis-Sim,0.753,2022-07-12T00:00:00+00:00,88618c4f2bfffff
ACC-00002073,MULE,PNB-Sim,0.578,2021-08-12T00:00:00+00:00,88618c4e63fffff
ACC-00002074,MULE,SBI-Sim,0.94,2025-12-08T00:00:00+00:00,8860145943fffff
ACC-00002075,MULE,HDFC-Sim,0.693,2023-03-27T00:00:00+00:00,8842ceb5d9fffff
ACC-00002076,MULE,PNB-Sim,0.622,2024-01-24T00:00:00+00:00,883d8dcd5dfffff
ACC-00002077,MULE,ICICI-Sim,0.685,2022-09-16T00:00:00+00:00,883da11623fffff
ACC-00002078,MULE,HDFC-Sim,0.623,2024-04-07T00:00:00+00:00,8860b19695fffff
ACC-00002079,MULE,HDFC-Sim,0.559,2023-02-25T00:00:00+00:00,883da11623fffff
ACC-00002080,MULE,SBI-Sim,0.798,2025-09-19T00:00:00+00:00,88608b0a6bfffff
ACC-00002081,MULE,BOI-Sim,0.619,2025-03-13T00:00:00+00:00,88618921d1fffff
ACC-00002082,MULE,ICICI-Sim,0.656,2023-01-28T00:00:00+00:00,883d8dcc0dfffff
ACC-00002083,MULE,SBI-Sim,0.577,2022-01-28T00:00:00+00:00,8860b52e9bfffff
ACC-00002084,MULE,HDFC-Sim,0.667,2026-02-08T00:00:00+00:00,8860b19695fffff
ACC-00002085,MULE,HDFC-Sim,0.565,2025-05-13T00:00:00+00:00,883d8dcd5dfffff
ACC-00002086,MULE,SBI-Sim,0.878,2022-07-12T00:00:00+00:00,883da11623fffff
ACC-00002087,MULE,Axis-Sim,0.857,2025-03-05T00:00:00+00:00,8861892ecbfffff
ACC-00002088,MULE,PNB-Sim,0.731,2023-03-24T00:00:00+00:00,8842cea623fffff
ACC-00002089,MULE,Axis-Sim,0.869,2023-03-27T00:00:00+00:00,883d8dcc0dfffff
ACC-00002090,MULE,Axis-Sim,0.777,2023-07-19T00:00:00+00:00,88608b4733fffff
ACC-00002091,MULE,HDFC-Sim,0.912,2023-03-04T00:00:00+00:00,883da11233fffff
ACC-00002092,MULE,Axis-Sim,0.88,2022-11-04T00:00:00+00:00,88608b0961fffff
ACC-00002093,MULE,SBI-Sim,0.587,2024-07-28T00:00:00+00:00,8842cea623fffff
ACC-00002094,MULE,HDFC-Sim,0.901,2022-02-05T00:00:00+00:00,88608b56d7fffff
ACC-00002095,MULE,Axis-Sim,0.682,2024-03-07T00:00:00+00:00,8860145943fffff
ACC-00002096,MULE,BOI-Sim,0.587,2025-08-04T00:00:00+00:00,8842cea623fffff
ACC-00002097,MULE,ICICI-Sim,0.936,2022-04-18T00:00:00+00:00,88618c45b9fffff
ACC-00002098,MULE,BOI-Sim,0.724,2023-05-25T00:00:00+00:00,88618c4f2bfffff
ACC-00002099,MULE,Axis-Sim,0.851,2021-07-08T00:00:00+00:00,883d8dcc0dfffff
ACC-00002100,MULE,BOI-Sim,0.698,2024-07-13T00:00:00+00:00,88608b0961fffff
ACC-00002101,MULE,HDFC-Sim,0.939,2025-11-04T00:00:00+00:00,88618c4d05fffff
ACC-00002102,MULE,PNB-Sim,0.649,2023-05-31T00:00:00+00:00,8842ceb5d9fffff
ACC-00002103,MULE,PNB-Sim,0.665,2024-10-09T00:00:00+00:00,8842ceb5d9fffff
ACC-00002104,MULE,ICICI-Sim,0.649,2023-01-23T00:00:00+00:00,88618c4f2bfffff
ACC-00002105,MULE,Axis-Sim,0.668,2024-04-18T00:00:00+00:00,883d8dcf1dfffff
ACC-00002106,MULE,HDFC-Sim,0.61,2025-05-01T00:00:00+00:00,8842cea623fffff
ACC-00002107,MULE,Axis-Sim,0.75,2024-11-23T00:00:00+00:00,8842cea623fffff
ACC-00002108,MULE,PNB-Sim,0.73,2022-10-31T00:00:00+00:00,88608b0a6bfffff
ACC-00002109,MULE,PNB-Sim,0.578,2022-05-22T00:00:00+00:00,88608b0961fffff
ACC-00002110,MULE,BOI-Sim,0.669,2025-03-24T00:00:00+00:00,88608b0a6bfffff
ACC-00002111,MULE,SBI-Sim,0.796,2023-04-21T00:00:00+00:00,8860b52e9bfffff
ACC-00002112,MULE,HDFC-Sim,0.659,2025-08-12T00:00:00+00:00,883d8dcd5dfffff
ACC-00002113,MULE,Axis-Sim,0.579,2022-08-10T00:00:00+00:00,883d8dcdd5fffff
ACC-00002114,MULE,HDFC-Sim,0.75,2024-08-20T00:00:00+00:00,88608b56d7fffff
ACC-00002115,MULE,HDFC-Sim,0.609,2023-12-01T00:00:00+00:00,883da115a5fffff
ACC-00002116,MULE,HDFC-Sim,0.912,2026-04-14T00:00:00+00:00,883d8dcd5dfffff
ACC-00002117,MULE,ICICI-Sim,0.814,2023-03-28T00:00:00+00:00,8860b52e9bfffff
ACC-00002118,MULE,ICICI-Sim,0.835,2024-10-13T00:00:00+00:00,88608b0961fffff
ACC-00002119,MULE,PNB-Sim,0.654,2025-02-06T00:00:00+00:00,88618921d1fffff
ACC-00002120,MULE,Axis-Sim,0.618,2022-09-08T00:00:00+00:00,883da11409fffff
ACC-00002121,MULE,HDFC-Sim,0.794,2022-08-10T00:00:00+00:00,883d8dcc0dfffff
ACC-00002122,MULE,ICICI-Sim,0.913,2024-09-30T00:00:00+00:00,883d8dcdd5fffff
ACC-00002123,MULE,SBI-Sim,0.716,2025-01-11T00:00:00+00:00,8842cea623fffff
ACC-00002124,MULE,BOI-Sim,0.814,2025-04-02T00:00:00+00:00,88608b4733fffff
ACC-00002125,MULE,ICICI-Sim,0.857,2024-08-03T00:00:00+00:00,883d8dcc0dfffff
ACC-00002126,MULE,HDFC-Sim,0.839,2021-08-20T00:00:00+00:00,88618c4d05fffff
ACC-00002127,MULE,PNB-Sim,0.553,2023-04-22T00:00:00+00:00,883da11233fffff
ACC-00002128,MULE,Axis-Sim,0.787,2024-08-17T00:00:00+00:00,883d8dcc0dfffff
ACC-00002129,MULE,Axis-Sim,0.648,2025-02-26T00:00:00+00:00,8842ceb4a1fffff
ACC-00002130,MULE,ICICI-Sim,0.772,2023-12-16T00:00:00+00:00,883da11623fffff
ACC-00002131,MULE,ICICI-Sim,0.677,2024-05-28T00:00:00+00:00,88608b0961fffff
ACC-00002132,MULE,HDFC-Sim,0.654,2024-07-14T00:00:00+00:00,8860a259bbfffff
ACC-00002133,MULE,HDFC-Sim,0.616,2026-02-19T00:00:00+00:00,883da11233fffff
ACC-00002134,MULE,PNB-Sim,0.693,2022-07-10T00:00:00+00:00,88618925c5fffff
ACC-00002135,MULE,ICICI-Sim,0.905,2021-12-09T00:00:00+00:00,88608b0961fffff
ACC-00002136,MULE,HDFC-Sim,0.701,2022-04-06T00:00:00+00:00,883d8dcf1dfffff
ACC-00002137,MULE,ICICI-Sim,0.669,2022-01-04T00:00:00+00:00,8860145943fffff
ACC-00002138,MULE,ICICI-Sim,0.828,2024-11-08T00:00:00+00:00,883d8dcf1dfffff
ACC-00002139,MULE,Axis-Sim,0.798,2025-11-23T00:00:00+00:00,8860b19695fffff
ACC-00002140,MULE,Axis-Sim,0.656,2024-11-07T00:00:00+00:00,88618c4d05fffff
ACC-00002141,MULE,HDFC-Sim,0.665,2021-09-19T00:00:00+00:00,88608b56d7fffff
ACC-00002142,MULE,PNB-Sim,0.862,2025-09-10T00:00:00+00:00,8860b19695fffff
ACC-00002143,MULE,ICICI-Sim,0.772,2022-03-01T00:00:00+00:00,88608b4733fffff
ACC-00002144,MULE,BOI-Sim,0.717,2023-02-24T00:00:00+00:00,88608b56d7fffff
ACC-00002145,MULE,ICICI-Sim,0.895,2021-12-31T00:00:00+00:00,8860b19695fffff
ACC-00002146,MULE,HDFC-Sim,0.736,2021-12-04T00:00:00+00:00,88608b0961fffff
ACC-00002147,MULE,PNB-Sim,0.733,2022-11-01T00:00:00+00:00,883da11409fffff
ACC-00002148,MULE,SBI-Sim,0.86,2025-12-05T00:00:00+00:00,883da115a5fffff
ACC-00002149,MULE,PNB-Sim,0.929,2026-03-05T00:00:00+00:00,883da11623fffff
ACC-00002150,MULE,ICICI-Sim,0.602,2023-04-28T00:00:00+00:00,8860a259bbfffff
ACC-00002151,MULE,HDFC-Sim,0.851,2022-09-10T00:00:00+00:00,88618c45b9fffff
ACC-00002152,MULE,PNB-Sim,0.911,2025-05-04T00:00:00+00:00,8860b19695fffff
ACC-00002153,MULE,SBI-Sim,0.781,2024-04-18T00:00:00+00:00,88618c4e63fffff
ACC-00002154,MULE,HDFC-Sim,0.907,2023-12-08T00:00:00+00:00,8860145943fffff
ACC-00002155,MULE,BOI-Sim,0.586,2024-08-12T00:00:00+00:00,8860b52c97fffff
ACC-00002156,MULE,HDFC-Sim,0.708,2025-08-07T00:00:00+00:00,8860b52c97fffff
ACC-00002157,MULE,PNB-Sim,0.933,2022-04-20T00:00:00+00:00,8842ceb559fffff
ACC-00002158,MULE,PNB-Sim,0.829,2023-09-30T00:00:00+00:00,88608b0961fffff
ACC-00002159,MULE,HDFC-Sim,0.551,2025-11-17T00:00:00+00:00,88608b0961fffff
ACC-00002160,MULE,SBI-Sim,0.809,2025-12-11T00:00:00+00:00,883da115a5fffff
ACC-00002161,MULE,BOI-Sim,0.581,2026-01-23T00:00:00+00:00,88618c45b9fffff
ACC-00002162,MULE,ICICI-Sim,0.614,2023-11-13T00:00:00+00:00,883da11233fffff
ACC-00002163,MULE,BOI-Sim,0.806,2024-08-18T00:00:00+00:00,88618921d1fffff
ACC-00002164,MULE,PNB-Sim,0.633,2024-10-23T00:00:00+00:00,8860b52e9bfffff
ACC-00002165,MULE,Axis-Sim,0.643,2024-07-13T00:00:00+00:00,883da11233fffff
ACC-00002166,MULE,Axis-Sim,0.763,2021-10-17T00:00:00+00:00,8860b52e9bfffff
ACC-00002167,MULE,PNB-Sim,0.685,2023-07-14T00:00:00+00:00,88618c4d05fffff
ACC-00002168,MULE,PNB-Sim,0.812,2025-02-14T00:00:00+00:00,883d8dcdd5fffff
ACC-00002169,MULE,Axis-Sim,0.566,2022-02-12T00:00:00+00:00,8860a259bbfffff
ACC-00002170,MULE,BOI-Sim,0.715,2023-12-05T00:00:00+00:00,8860b52e9bfffff
ACC-00002171,MULE,SBI-Sim,0.58,2021-09-20T00:00:00+00:00,88608b4733fffff
ACC-00002172,MULE,BOI-Sim,0.876,2022-10-25T00:00:00+00:00,88608b56d7fffff
ACC-00002173,MULE,ICICI-Sim,0.811,2021-09-16T00:00:00+00:00,883d8dcd5dfffff
ACC-00002174,MULE,Axis-Sim,0.886,2023-10-12T00:00:00+00:00,8860b52c97fffff
ACC-00002175,MULE,HDFC-Sim,0.876,2022-11-08T00:00:00+00:00,883da11623fffff
ACC-00002176,MULE,BOI-Sim,0.808,2025-07-11T00:00:00+00:00,8860b19695fffff
ACC-00002177,MULE,SBI-Sim,0.624,2023-11-17T00:00:00+00:00,883d8dcdd5fffff
ACC-00002178,MULE,SBI-Sim,0.945,2024-09-28T00:00:00+00:00,883da11409fffff
ACC-00002179,MULE,HDFC-Sim,0.753,2024-04-03T00:00:00+00:00,8860b52e9bfffff
ACC-00002180,MULE,ICICI-Sim,0.717,2021-07-23T00:00:00+00:00,8860a259bbfffff
ACC-00002181,MULE,PNB-Sim,0.571,2025-05-14T00:00:00+00:00,88608b0961fffff
ACC-00002182,MULE,PNB-Sim,0.882,2026-01-24T00:00:00+00:00,88608b4733fffff
ACC-00002183,MULE,ICICI-Sim,0.592,2022-12-07T00:00:00+00:00,8861892ecbfffff
ACC-00002184,MULE,HDFC-Sim,0.886,2021-08-21T00:00:00+00:00,8842cea623fffff
ACC-00002185,MULE,HDFC-Sim,0.576,2024-05-10T00:00:00+00:00,88618c45b9fffff
ACC-00002186,MULE,SBI-Sim,0.755,2025-01-25T00:00:00+00:00,88608b4733fffff
ACC-00002187,MULE,BOI-Sim,0.821,2026-03-17T00:00:00+00:00,88618c4f2bfffff
ACC-00002188,MULE,SBI-Sim,0.6,2023-10-28T00:00:00+00:00,88618c4d05fffff
ACC-00002189,MULE,BOI-Sim,0.7,2022-07-22T00:00:00+00:00,88618c45b9fffff
ACC-00002190,MULE,BOI-Sim,0.674,2023-05-08T00:00:00+00:00,8842ceb559fffff
ACC-00002191,MULE,Axis-Sim,0.751,2022-09-08T00:00:00+00:00,88608b4733fffff
ACC-00002192,MULE,PNB-Sim,0.907,2024-05-08T00:00:00+00:00,88618c45b9fffff
ACC-00002193,MULE,ICICI-Sim,0.58,2023-11-05T00:00:00+00:00,88608b0a6bfffff
ACC-00002194,MULE,BOI-Sim,0.612,2023-11-09T00:00:00+00:00,883d8dcdd5fffff
ACC-00002195,MULE,PNB-Sim,0.866,2023-12-20T00:00:00+00:00,883da11409fffff
ACC-00002196,MULE,HDFC-Sim,0.594,2022-12-06T00:00:00+00:00,88618c45b9fffff
ACC-00002197,MULE,Axis-Sim,0.708,2026-03-06T00:00:00+00:00,883da115a5fffff
ACC-00002198,MULE,ICICI-Sim,0.703,2026-01-19T00:00:00+00:00,88618c4e63fffff
ACC-00002199,MULE,HDFC-Sim,0.742,2022-05-23T00:00:00+00:00,8842ceb4a1fffff
ACC-00002200,MULE,HDFC-Sim,0.888,2021-12-05T00:00:00+00:00,88608b0a6bfffff
ACC-00002201,MULE,ICICI-Sim,0.821,2024-06-19T00:00:00+00:00,883da11233fffff
ACC-00002202,MULE,HDFC-Sim,0.815,2025-11-26T00:00:00+00:00,8842ceb4a1fffff
ACC-00002203,MULE,PNB-Sim,0.633,2021-07-11T00:00:00+00:00,88608b0a6bfffff
ACC-00002204,MULE,Axis-Sim,0.713,2026-01-30T00:00:00+00:00,8842ceb5d9fffff
ACC-00002205,MULE,Axis-Sim,0.613,2025-03-14T00:00:00+00:00,8842ceb5d9fffff
ACC-00002206,MULE,PNB-Sim,0.589,2023-12-14T00:00:00+00:00,88608b0961fffff
ACC-00002207,MULE,HDFC-Sim,0.621,2021-09-20T00:00:00+00:00,883da11409fffff
ACC-00002208,MULE,Axis-Sim,0.841,2021-12-09T00:00:00+00:00,8842ceb4a1fffff
ACC-00002209,MULE,BOI-Sim,0.729,2025-06-23T00:00:00+00:00,8860b52e9bfffff
ACC-00002210,MULE,PNB-Sim,0.571,2022-07-16T00:00:00+00:00,8861892ecbfffff
ACC-00002211,MULE,ICICI-Sim,0.837,2022-08-29T00:00:00+00:00,88618c4e63fffff
ACC-00002212,MULE,Axis-Sim,0.708,2026-03-07T00:00:00+00:00,8842cea623fffff
ACC-00002213,MULE,SBI-Sim,0.728,2022-01-11T00:00:00+00:00,88618c4f2bfffff
ACC-00002214,MULE,SBI-Sim,0.63,2025-12-05T00:00:00+00:00,88618c4f2bfffff
ACC-00002215,MULE,Axis-Sim,0.801,2021-08-16T00:00:00+00:00,88608b0961fffff
ACC-00002216,MULE,ICICI-Sim,0.671,2026-04-04T00:00:00+00:00,883da115a5fffff
ACC-00002217,MULE,Axis-Sim,0.613,2021-11-28T00:00:00+00:00,88608b4733fffff
ACC-00002218,MULE,HDFC-Sim,0.907,2022-12-29T00:00:00+00:00,88608b0a6bfffff
ACC-00002219,MULE,HDFC-Sim,0.947,2021-08-21T00:00:00+00:00,883d8dcc0dfffff
ACC-00002220,MULE,ICICI-Sim,0.789,2025-04-28T00:00:00+00:00,8860b19695fffff
ACC-00002221,MULE,ICICI-Sim,0.936,2023-03-13T00:00:00+00:00,88608b0a6bfffff
ACC-00002222,MULE,HDFC-Sim,0.839,2023-01-27T00:00:00+00:00,88618c4d05fffff
ACC-00002223,MULE,ICICI-Sim,0.738,2022-05-29T00:00:00+00:00,883da115a5fffff
ACC-00002224,MULE,PNB-Sim,0.663,2025-11-02T00:00:00+00:00,8842ceb559fffff
ACC-00002225,MULE,SBI-Sim,0.613,2025-03-27T00:00:00+00:00,88618921d1fffff
ACC-00002226,MULE,BOI-Sim,0.604,2024-03-24T00:00:00+00:00,88618c45b9fffff
ACC-00002227,MULE,PNB-Sim,0.701,2022-08-13T00:00:00+00:00,8861892ecbfffff
ACC-00002228,MULE,Axis-Sim,0.734,2023-11-25T00:00:00+00:00,883d8dcf1dfffff
ACC-00002229,MULE,SBI-Sim,0.941,2023-04-25T00:00:00+00:00,88618c4d05fffff
ACC-00002230,MULE,ICICI-Sim,0.582,2025-03-10T00:00:00+00:00,88608b4733fffff
ACC-00002231,MULE,HDFC-Sim,0.7,2022-08-11T00:00:00+00:00,883d8dcc0dfffff
ACC-00002232,MULE,ICICI-Sim,0.673,2024-08-12T00:00:00+00:00,88618c4e63fffff
ACC-00002233,MULE,ICICI-Sim,0.819,2021-10-01T00:00:00+00:00,883da115a5fffff
ACC-00002234,MULE,HDFC-Sim,0.764,2023-04-10T00:00:00+00:00,88608b56d7fffff
ACC-00002235,MULE,HDFC-Sim,0.788,2022-02-11T00:00:00+00:00,883d8dcdd5fffff
ACC-00002236,MULE,HDFC-Sim,0.656,2023-06-15T00:00:00+00:00,883da11233fffff
ACC-00002237,MULE,HDFC-Sim,0.846,2023-05-11T00:00:00+00:00,883d8dcd5dfffff
ACC-00002238,MULE,PNB-Sim,0.824,2022-04-21T00:00:00+00:00,88608b4733fffff
ACC-00002239,MULE,ICICI-Sim,0.743,2022-04-24T00:00:00+00:00,883d8dcf1dfffff
ACC-00002240,MULE,Axis-Sim,0.591,2025-08-19T00:00:00+00:00,8842ceb4a1fffff
ACC-00002241,MULE,HDFC-Sim,0.635,2022-08-08T00:00:00+00:00,8842ceb5d9fffff
ACC-00002242,MULE,PNB-Sim,0.805,2023-06-21T00:00:00+00:00,883da11409fffff
ACC-00002243,MULE,SBI-Sim,0.56,2023-07-01T00:00:00+00:00,88608b0961fffff
ACC-00002244,MULE,SBI-Sim,0.804,2025-03-20T00:00:00+00:00,8861892ecbfffff
ACC-00002245,MULE,PNB-Sim,0.61,2024-06-26T00:00:00+00:00,88618c4d05fffff
ACC-00002246,MULE,PNB-Sim,0.73,2024-11-10T00:00:00+00:00,8860b52c97fffff
ACC-00002247,MULE,Axis-Sim,0.709,2024-04-27T00:00:00+00:00,883da11409fffff
ACC-00002248,MULE,HDFC-Sim,0.632,2023-12-07T00:00:00+00:00,88618c4e63fffff
ACC-00002249,MULE,SBI-Sim,0.941,2022-01-10T00:00:00+00:00,8860b52e9bfffff
ACC-00002250,MULE,Axis-Sim,0.687,2024-12-29T00:00:00+00:00,8860b52c97fffff
ACC-00002251,MULE,BOI-Sim,0.633,2023-06-08T00:00:00+00:00,8860145943fffff
ACC-00002252,MULE,BOI-Sim,0.861,2022-06-28T00:00:00+00:00,883d8dcc0dfffff
ACC-00002253,MULE,HDFC-Sim,0.812,2025-01-23T00:00:00+00:00,88618921d1fffff
ACC-00002254,MULE,HDFC-Sim,0.658,2024-02-15T00:00:00+00:00,8861892ecbfffff
ACC-00002255,MULE,PNB-Sim,0.843,2023-03-22T00:00:00+00:00,88608b4733fffff
ACC-00002256,MULE,ICICI-Sim,0.795,2026-04-06T00:00:00+00:00,883da11409fffff
ACC-00002257,MULE,HDFC-Sim,0.708,2021-11-16T00:00:00+00:00,8860b52c97fffff
ACC-00002258,MULE,ICICI-Sim,0.591,2024-02-12T00:00:00+00:00,883d8dcc0dfffff
ACC-00002259,MULE,Axis-Sim,0.944,2024-12-14T00:00:00+00:00,8860b19695fffff
ACC-00002260,MULE,BOI-Sim,0.922,2024-10-30T00:00:00+00:00,883d8dcc0dfffff
ACC-00002261,MULE,SBI-Sim,0.758,2023-11-24T00:00:00+00:00,88618c4f2bfffff
ACC-00002262,MULE,BOI-Sim,0.611,2022-03-24T00:00:00+00:00,883da11623fffff
ACC-00002263,MULE,PNB-Sim,0.761,2026-02-23T00:00:00+00:00,883d8dcd5dfffff
ACC-00002264,MULE,HDFC-Sim,0.717,2026-03-13T00:00:00+00:00,88618c4f2bfffff
ACC-00002265,MULE,PNB-Sim,0.632,2025-10-08T00:00:00+00:00,8861892ecbfffff
ACC-00002266,MULE,ICICI-Sim,0.926,2025-04-03T00:00:00+00:00,883d8dcc0dfffff
ACC-00002267,MULE,SBI-Sim,0.568,2025-04-19T00:00:00+00:00,88608b56d7fffff
ACC-00002268,MULE,Axis-Sim,0.618,2024-09-19T00:00:00+00:00,88608b0961fffff
ACC-00002269,MULE,HDFC-Sim,0.819,2026-01-26T00:00:00+00:00,883da11409fffff
ACC-00002270,MULE,PNB-Sim,0.634,2025-06-01T00:00:00+00:00,8861892ecbfffff
ACC-00002271,MULE,Axis-Sim,0.852,2021-11-17T00:00:00+00:00,88618921d1fffff
ACC-00002272,MULE,HDFC-Sim,0.555,2023-01-08T00:00:00+00:00,883d8dcf1dfffff
ACC-00002273,MULE,HDFC-Sim,0.742,2024-05-21T00:00:00+00:00,88618921d1fffff
ACC-00002274,MULE,SBI-Sim,0.934,2025-03-09T00:00:00+00:00,8860145943fffff
ACC-00002275,MULE,BOI-Sim,0.817,2022-06-21T00:00:00+00:00,88608b4733fffff
ACC-00002276,MULE,BOI-Sim,0.669,2025-08-12T00:00:00+00:00,88618c4f2bfffff
ACC-00002277,MULE,HDFC-Sim,0.562,2022-10-21T00:00:00+00:00,883da11409fffff
ACC-00002278,MULE,ICICI-Sim,0.81,2025-07-14T00:00:00+00:00,88618c4f2bfffff
ACC-00002279,MULE,SBI-Sim,0.918,2022-04-23T00:00:00+00:00,8842cea623fffff
ACC-00002280,MULE,BOI-Sim,0.692,2024-04-12T00:00:00+00:00,88608b4733fffff
ACC-00002281,MULE,PNB-Sim,0.685,2022-05-05T00:00:00+00:00,883da11409fffff
ACC-00002282,MULE,ICICI-Sim,0.762,2022-05-05T00:00:00+00:00,883da11409fffff
ACC-00002283,MULE,HDFC-Sim,0.577,2025-03-17T00:00:00+00:00,883da11233fffff
ACC-00002284,MULE,Axis-Sim,0.632,2022-09-21T00:00:00+00:00,883d8dcdd5fffff
ACC-00002285,MULE,SBI-Sim,0.622,2024-06-01T00:00:00+00:00,88618921d1fffff
ACC-00002286,MULE,HDFC-Sim,0.873,2022-01-17T00:00:00+00:00,88618c4e63fffff
ACC-00002287,MULE,Axis-Sim,0.817,2025-07-19T00:00:00+00:00,883da11409fffff
ACC-00002288,MULE,PNB-Sim,0.93,2024-05-21T00:00:00+00:00,88608b0a6bfffff
ACC-00002289,MULE,Axis-Sim,0.714,2024-08-27T00:00:00+00:00,883d8dcd5dfffff
ACC-00002290,MULE,SBI-Sim,0.648,2022-03-16T00:00:00+00:00,88618925c5fffff
ACC-00002291,MULE,PNB-Sim,0.874,2024-07-15T00:00:00+00:00,8842cea623fffff
ACC-00002292,MULE,PNB-Sim,0.83,2022-07-23T00:00:00+00:00,8842cea623fffff
ACC-00002293,MULE,HDFC-Sim,0.823,2025-08-10T00:00:00+00:00,88618c4e63fffff
ACC-00002294,MULE,ICICI-Sim,0.693,2022-12-24T00:00:00+00:00,883da11623fffff
ACC-00002295,MULE,BOI-Sim,0.662,2021-09-15T00:00:00+00:00,8860b52e9bfffff
ACC-00002296,MULE,BOI-Sim,0.832,2021-12-12T00:00:00+00:00,8860b52c97fffff
ACC-00002297,MULE,PNB-Sim,0.766,2021-11-20T00:00:00+00:00,8861892ecbfffff
ACC-00002298,MULE,HDFC-Sim,0.76,2026-01-17T00:00:00+00:00,883d8dcc0dfffff
ACC-00002299,MULE,HDFC-Sim,0.752,2025-01-01T00:00:00+00:00,8842ceb4a1fffff
ACC-00002300,MULE,Axis-Sim,0.665,2024-10-13T00:00:00+00:00,88618c45b9fffff
ACC-00002301,MULE,BOI-Sim,0.67,2025-12-02T00:00:00+00:00,883d8dcd5dfffff
ACC-00002302,MULE,PNB-Sim,0.813,2025-07-11T00:00:00+00:00,88608b0a6bfffff
ACC-00002303,MULE,Axis-Sim,0.588,2026-01-26T00:00:00+00:00,8842ceb559fffff
ACC-00002304,MULE,BOI-Sim,0.686,2023-11-25T00:00:00+00:00,8860145943fffff
ACC-00002305,MULE,SBI-Sim,0.854,2025-05-26T00:00:00+00:00,88618925c5fffff
ACC-00002306,MULE,ICICI-Sim,0.856,2022-09-06T00:00:00+00:00,8842ceb5d9fffff
ACC-00002307,MULE,ICICI-Sim,0.568,2023-05-27T00:00:00+00:00,8860a259bbfffff
ACC-00002308,MULE,Axis-Sim,0.881,2024-11-18T00:00:00+00:00,88618921d1fffff
ACC-00002309,MULE,Axis-Sim,0.556,2025-08-12T00:00:00+00:00,883d8dcdd5fffff
ACC-00002310,MULE,PNB-Sim,0.945,2024-02-21T00:00:00+00:00,8842ceb4a1fffff
ACC-00002311,MULE,ICICI-Sim,0.623,2026-02-10T00:00:00+00:00,88618925c5fffff
ACC-00002312,MULE,BOI-Sim,0.908,2023-09-19T00:00:00+00:00,88618c4d05fffff
ACC-00002313,MULE,SBI-Sim,0.88,2025-01-24T00:00:00+00:00,883d8dcf1dfffff
ACC-00002314,MULE,PNB-Sim,0.766,2025-10-12T00:00:00+00:00,8842ceb559fffff
ACC-00002315,MULE,BOI-Sim,0.826,2023-10-28T00:00:00+00:00,8842ceb4a1fffff
ACC-00002316,MULE,Axis-Sim,0.587,2022-09-13T00:00:00+00:00,88608b56d7fffff
ACC-00002317,MULE,HDFC-Sim,0.903,2026-02-17T00:00:00+00:00,8860b52c97fffff
ACC-00002318,MULE,PNB-Sim,0.79,2025-12-25T00:00:00+00:00,8860b52e9bfffff
ACC-00002319,MULE,PNB-Sim,0.895,2025-06-07T00:00:00+00:00,88618921d1fffff
ACC-00002320,MULE,ICICI-Sim,0.877,2023-04-07T00:00:00+00:00,883da115a5fffff
ACC-00002321,MULE,SBI-Sim,0.882,2025-06-05T00:00:00+00:00,88618c4f2bfffff
ACC-00002322,MULE,Axis-Sim,0.85,2024-05-14T00:00:00+00:00,88618c4e63fffff
ACC-00002323,MULE,PNB-Sim,0.741,2025-05-12T00:00:00+00:00,883da11623fffff
ACC-00002324,MULE,HDFC-Sim,0.66,2022-06-26T00:00:00+00:00,88618921d1fffff
ACC-00002325,MULE,ICICI-Sim,0.877,2022-10-17T00:00:00+00:00,8860b52e9bfffff
ACC-00002326,MULE,Axis-Sim,0.675,2022-03-08T00:00:00+00:00,88618c4d05fffff
ACC-00002327,MULE,SBI-Sim,0.555,2023-01-23T00:00:00+00:00,883da115a5fffff
ACC-00002328,MULE,Axis-Sim,0.692,2022-07-15T00:00:00+00:00,8860b52e9bfffff
ACC-00002329,MULE,PNB-Sim,0.846,2023-01-02T00:00:00+00:00,8842ceb4a1fffff
ACC-00002330,MULE,SBI-Sim,0.909,2021-08-14T00:00:00+00:00,88618c4f2bfffff
ACC-00002331,MULE,PNB-Sim,0.929,2023-03-30T00:00:00+00:00,88618c4d05fffff
ACC-00002332,MULE,SBI-Sim,0.633,2024-02-18T00:00:00+00:00,88618921d1fffff
ACC-00002333,MULE,SBI-Sim,0.904,2023-02-16T00:00:00+00:00,8860b52e9bfffff
ACC-00002334,MULE,ICICI-Sim,0.775,2024-10-02T00:00:00+00:00,88618c45b9fffff
ACC-00002335,MULE,ICICI-Sim,0.65,2021-07-11T00:00:00+00:00,88608b0961fffff
ACC-00002336,MULE,BOI-Sim,0.941,2022-04-30T00:00:00+00:00,8842ceb4a1fffff
ACC-00002337,MULE,PNB-Sim,0.768,2022-03-09T00:00:00+00:00,8860145943fffff
ACC-00002338,MULE,HDFC-Sim,0.691,2026-01-11T00:00:00+00:00,8860b52e9bfffff
ACC-00002339,MULE,SBI-Sim,0.855,2025-07-02T00:00:00+00:00,883da115a5fffff
ACC-00002340,MULE,ICICI-Sim,0.859,2021-11-18T00:00:00+00:00,883d8dcf1dfffff
ACC-00002341,MULE,ICICI-Sim,0.877,2022-08-24T00:00:00+00:00,8860b52c97fffff
ACC-00002342,MULE,ICICI-Sim,0.659,2024-05-24T00:00:00+00:00,883d8dcd5dfffff
ACC-00002343,MULE,ICICI-Sim,0.827,2024-07-28T00:00:00+00:00,883da115a5fffff
ACC-00002344,MULE,Axis-Sim,0.584,2024-03-24T00:00:00+00:00,88618c4d05fffff
ACC-00002345,MULE,ICICI-Sim,0.826,2025-03-16T00:00:00+00:00,8860a259bbfffff
ACC-00002346,MULE,SBI-Sim,0.559,2024-09-07T00:00:00+00:00,883da115a5fffff
ACC-00002347,MULE,HDFC-Sim,0.615,2021-12-14T00:00:00+00:00,8861892ecbfffff
ACC-00002348,MULE,Axis-Sim,0.786,2024-05-23T00:00:00+00:00,88608b0961fffff
ACC-00002349,MULE,HDFC-Sim,0.927,2022-09-10T00:00:00+00:00,883d8dcd5dfffff
ACC-00002350,MULE,BOI-Sim,0.857,2022-08-19T00:00:00+00:00,8860145943fffff
ACC-00002351,MULE,ICICI-Sim,0.747,2022-06-22T00:00:00+00:00,88608b0961fffff
ACC-00002352,MULE,PNB-Sim,0.868,2026-01-15T00:00:00+00:00,883d8dcf1dfffff
ACC-00002353,MULE,SBI-Sim,0.729,2024-07-21T00:00:00+00:00,8860b52e9bfffff
ACC-00002354,MULE,SBI-Sim,0.927,2025-09-27T00:00:00+00:00,8860b19695fffff
ACC-00002355,MULE,SBI-Sim,0.914,2021-12-30T00:00:00+00:00,883da11623fffff
ACC-00002356,MULE,PNB-Sim,0.654,2024-06-03T00:00:00+00:00,88608b56d7fffff
ACC-00002357,MULE,PNB-Sim,0.635,2025-11-24T00:00:00+00:00,88618c4e63fffff
ACC-00002358,MULE,PNB-Sim,0.892,2026-01-05T00:00:00+00:00,8842cea623fffff
ACC-00002359,MULE,PNB-Sim,0.839,2025-04-21T00:00:00+00:00,8842cea623fffff
ACC-00002360,MULE,Axis-Sim,0.841,2022-03-17T00:00:00+00:00,8842ceb5d9fffff
ACC-00002361,MULE,ICICI-Sim,0.578,2024-04-16T00:00:00+00:00,883d8dcd5dfffff
ACC-00002362,MULE,PNB-Sim,0.708,2021-10-17T00:00:00+00:00,883d8dcc0dfffff
ACC-00002363,MULE,SBI-Sim,0.562,2022-01-08T00:00:00+00:00,88618925c5fffff
ACC-00002364,MULE,SBI-Sim,0.878,2021-11-08T00:00:00+00:00,88618925c5fffff
ACC-00002365,MULE,BOI-Sim,0.689,2026-03-30T00:00:00+00:00,8860b19695fffff
ACC-00002366,MULE,Axis-Sim,0.575,2021-09-04T00:00:00+00:00,88618c4e63fffff
ACC-00002367,MULE,Axis-Sim,0.708,2025-07-30T00:00:00+00:00,88608b0961fffff
ACC-00002368,MULE,BOI-Sim,0.687,2024-04-04T00:00:00+00:00,8842ceb5d9fffff
ACC-00002369,MULE,HDFC-Sim,0.641,2024-01-13T00:00:00+00:00,8842cea623fffff
ACC-00002370,MULE,BOI-Sim,0.807,2023-01-28T00:00:00+00:00,88618c4d05fffff
ACC-00002371,MULE,Axis-Sim,0.784,2026-01-12T00:00:00+00:00,88608b4733fffff
ACC-00002372,MULE,Axis-Sim,0.602,2024-11-30T00:00:00+00:00,8842cea623fffff
ACC-00002373,MULE,SBI-Sim,0.897,2022-09-05T00:00:00+00:00,88608b0961fffff
ACC-00002374,MULE,ICICI-Sim,0.921,2025-03-15T00:00:00+00:00,88618c4d05fffff
ACC-00002375,MULE,ICICI-Sim,0.777,2024-05-29T00:00:00+00:00,88618c45b9fffff
ACC-00002376,MULE,Axis-Sim,0.946,2022-09-13T00:00:00+00:00,8860b52e9bfffff
ACC-00002377,MULE,ICICI-Sim,0.898,2021-11-01T00:00:00+00:00,88608b0961fffff
ACC-00002378,MULE,Axis-Sim,0.928,2023-10-18T00:00:00+00:00,8842ceb559fffff
ACC-00002379,MULE,Axis-Sim,0.813,2023-01-28T00:00:00+00:00,8842cea623fffff
ACC-00002380,MULE,HDFC-Sim,0.702,2022-11-10T00:00:00+00:00,88618c45b9fffff
ACC-00002381,MULE,PNB-Sim,0.778,2023-11-26T00:00:00+00:00,883da11233fffff
ACC-00002382,MULE,BOI-Sim,0.553,2024-11-27T00:00:00+00:00,883da115a5fffff
ACC-00002383,MULE,PNB-Sim,0.803,2024-07-05T00:00:00+00:00,8842ceb5d9fffff
ACC-00002384,MULE,PNB-Sim,0.844,2021-07-03T00:00:00+00:00,883d8dcdd5fffff
ACC-00002385,MULE,SBI-Sim,0.579,2025-11-25T00:00:00+00:00,8860b52c97fffff
ACC-00002386,MULE,ICICI-Sim,0.948,2024-09-15T00:00:00+00:00,8861892ecbfffff
ACC-00002387,MULE,SBI-Sim,0.697,2023-09-20T00:00:00+00:00,883d8dcdd5fffff
ACC-00002388,MULE,HDFC-Sim,0.584,2022-03-15T00:00:00+00:00,88618c4f2bfffff
ACC-00002389,MULE,HDFC-Sim,0.632,2026-01-27T00:00:00+00:00,8860a259bbfffff
ACC-00002390,MULE,BOI-Sim,0.781,2024-08-02T00:00:00+00:00,88608b0a6bfffff
ACC-00002391,MULE,Axis-Sim,0.746,2023-10-11T00:00:00+00:00,8860b52c97fffff
ACC-00002392,MULE,ICICI-Sim,0.568,2021-11-26T00:00:00+00:00,883da11233fffff
ACC-00002393,MULE,PNB-Sim,0.716,2024-05-22T00:00:00+00:00,883d8dcc0dfffff
ACC-00002394,MULE,PNB-Sim,0.607,2024-11-14T00:00:00+00:00,883d8dcd5dfffff
ACC-00002395,MULE,SBI-Sim,0.876,2022-10-23T00:00:00+00:00,8842ceb559fffff
ACC-00002396,MULE,HDFC-Sim,0.837,2023-07-23T00:00:00+00:00,88608b0961fffff
ACC-00002397,MULE,SBI-Sim,0.592,2024-06-14T00:00:00+00:00,883d8dcdd5fffff
ACC-00002398,MULE,HDFC-Sim,0.844,2022-06-02T00:00:00+00:00,8860b52e9bfffff
ACC-00002399,MULE,Axis-Sim,0.844,2023-11-02T00:00:00+00:00,883da11623fffff
ACC-00002400,MULE,PNB-Sim,0.637,2023-03-07T00:00:00+00:00,883da11409fffff
ACC-00002401,MULE,ICICI-Sim,0.732,2025-09-17T00:00:00+00:00,88618c4d05fffff
ACC-00002402,MULE,Axis-Sim,0.849,2024-04-15T00:00:00+00:00,88618c45b9fffff
ACC-00002403,MULE,SBI-Sim,0.927,2026-03-18T00:00:00+00:00,88608b4733fffff
ACC-00002404,MULE,PNB-Sim,0.781,2022-11-03T00:00:00+00:00,88618925c5fffff
ACC-00002405,MULE,PNB-Sim,0.797,2025-05-01T00:00:00+00:00,88608b56d7fffff
ACC-00002406,MULE,BOI-Sim,0.586,2022-12-14T00:00:00+00:00,883da11233fffff
ACC-00002407,MULE,HDFC-Sim,0.773,2021-11-18T00:00:00+00:00,88618921d1fffff
ACC-00002408,MULE,ICICI-Sim,0.67,2022-11-02T00:00:00+00:00,8860b19695fffff
ACC-00002409,MULE,Axis-Sim,0.748,2024-01-06T00:00:00+00:00,88608b4733fffff
ACC-00002410,MULE,SBI-Sim,0.786,2024-10-28T00:00:00+00:00,8860145943fffff
ACC-00002411,MULE,Axis-Sim,0.802,2022-07-26T00:00:00+00:00,8860b52c97fffff
ACC-00002412,MULE,SBI-Sim,0.681,2025-11-19T00:00:00+00:00,8842ceb559fffff
ACC-00002413,MULE,Axis-Sim,0.945,2021-10-03T00:00:00+00:00,8842cea623fffff
ACC-00002414,MULE,BOI-Sim,0.595,2025-04-27T00:00:00+00:00,88618c4e63fffff
ACC-00002415,MULE,ICICI-Sim,0.8,2021-07-16T00:00:00+00:00,8842ceb4a1fffff
ACC-00002416,MULE,Axis-Sim,0.687,2026-03-01T00:00:00+00:00,8842cea623fffff
ACC-00002417,MULE,SBI-Sim,0.564,2022-08-03T00:00:00+00:00,883da11233fffff
ACC-00002418,MULE,SBI-Sim,0.928,2023-03-09T00:00:00+00:00,883da115a5fffff
ACC-00002419,MULE,SBI-Sim,0.754,2023-06-03T00:00:00+00:00,883d8dcf1dfffff
ACC-00002420,MULE,HDFC-Sim,0.693,2025-03-12T00:00:00+00:00,883d8dcdd5fffff
ACC-00002421,MULE,PNB-Sim,0.62,2022-10-13T00:00:00+00:00,883da11623fffff
ACC-00002422,MULE,PNB-Sim,0.677,2025-01-26T00:00:00+00:00,8842cea623fffff
ACC-00002423,MULE,ICICI-Sim,0.601,2023-04-16T00:00:00+00:00,88618c4f2bfffff
ACC-00002424,MULE,PNB-Sim,0.707,2021-12-02T00:00:00+00:00,8842cea623fffff
ACC-00002425,MULE,PNB-Sim,0.712,2024-02-26T00:00:00+00:00,8860b19695fffff
ACC-00002426,MULE,SBI-Sim,0.834,2023-12-12T00:00:00+00:00,8842ceb4a1fffff
ACC-00002427,MULE,HDFC-Sim,0.749,2025-01-03T00:00:00+00:00,883d8dcf1dfffff
ACC-00002428,MULE,ICICI-Sim,0.617,2025-02-18T00:00:00+00:00,8842ceb559fffff
ACC-00002429,MULE,ICICI-Sim,0.613,2022-06-29T00:00:00+00:00,88608b56d7fffff
ACC-00002430,MULE,BOI-Sim,0.681,2021-10-11T00:00:00+00:00,883da11409fffff
ACC-00002431,MULE,BOI-Sim,0.741,2026-04-21T00:00:00+00:00,88618c4d05fffff
ACC-00002432,MULE,Axis-Sim,0.71,2023-05-25T00:00:00+00:00,883d8dcd5dfffff
ACC-00002433,MULE,SBI-Sim,0.73,2024-02-09T00:00:00+00:00,883da11623fffff
ACC-00002434,MULE,ICICI-Sim,0.746,2024-03-14T00:00:00+00:00,88618921d1fffff
ACC-00002435,MULE,PNB-Sim,0.806,2025-06-06T00:00:00+00:00,88618c4e63fffff
ACC-00002436,MULE,SBI-Sim,0.81,2026-04-26T00:00:00+00:00,883d8dcf1dfffff
ACC-00002437,MULE,SBI-Sim,0.782,2025-06-05T00:00:00+00:00,88608b0961fffff
ACC-00002438,MULE,ICICI-Sim,0.938,2023-06-07T00:00:00+00:00,88618925c5fffff
ACC-00002439,MULE,SBI-Sim,0.764,2025-10-28T00:00:00+00:00,883da11623fffff
ACC-00002440,MULE,SBI-Sim,0.844,2025-05-19T00:00:00+00:00,883da11623fffff
ACC-00002441,MULE,ICICI-Sim,0.924,2021-12-08T00:00:00+00:00,88618c45b9fffff
ACC-00002442,MULE,SBI-Sim,0.63,2022-04-01T00:00:00+00:00,8860b52e9bfffff
ACC-00002443,MULE,PNB-Sim,0.928,2024-09-28T00:00:00+00:00,88618c45b9fffff
ACC-00002444,MULE,Axis-Sim,0.921,2022-03-03T00:00:00+00:00,883da11623fffff
ACC-00002445,MULE,SBI-Sim,0.831,2022-10-07T00:00:00+00:00,88618c4e63fffff
ACC-00002446,MULE,ICICI-Sim,0.819,2025-12-24T00:00:00+00:00,88608b56d7fffff
ACC-00002447,MULE,HDFC-Sim,0.851,2022-12-19T00:00:00+00:00,8861892ecbfffff
ACC-00002448,MULE,HDFC-Sim,0.691,2022-04-07T00:00:00+00:00,883da11623fffff
ACC-00002449,MULE,PNB-Sim,0.852,2022-11-30T00:00:00+00:00,88618925c5fffff
ACC-00002450,MULE,BOI-Sim,0.94,2021-11-01T00:00:00+00:00,88608b56d7fffff
ACC-00002451,MULE,ICICI-Sim,0.657,2021-09-13T00:00:00+00:00,883d8dcd5dfffff
ACC-00002452,MULE,PNB-Sim,0.846,2022-12-06T00:00:00+00:00,8860b52c97fffff
ACC-00002453,MULE,ICICI-Sim,0.896,2025-05-18T00:00:00+00:00,88618925c5fffff
ACC-00002454,MULE,PNB-Sim,0.666,2024-03-21T00:00:00+00:00,88618c45b9fffff
ACC-00002455,MULE,HDFC-Sim,0.66,2021-07-22T00:00:00+00:00,88608b4733fffff
ACC-00002456,MULE,BOI-Sim,0.746,2024-10-30T00:00:00+00:00,88608b0a6bfffff
ACC-00002457,MULE,BOI-Sim,0.611,2023-02-17T00:00:00+00:00,883d8dcdd5fffff
ACC-00002458,MULE,BOI-Sim,0.894,2023-10-24T00:00:00+00:00,883da11623fffff
ACC-00002459,MULE,BOI-Sim,0.855,2025-11-03T00:00:00+00:00,88608b4733fffff
ACC-00002460,MULE,HDFC-Sim,0.793,2026-02-28T00:00:00+00:00,8861892ecbfffff
ACC-00002461,MULE,BOI-Sim,0.701,2022-02-03T00:00:00+00:00,8860a259bbfffff
ACC-00002462,MULE,PNB-Sim,0.787,2025-02-09T00:00:00+00:00,883d8dcd5dfffff
ACC-00002463,MULE,HDFC-Sim,0.556,2023-02-18T00:00:00+00:00,8860b19695fffff
ACC-00002464,MULE,ICICI-Sim,0.918,2023-07-10T00:00:00+00:00,883da11409fffff
ACC-00002465,MULE,HDFC-Sim,0.609,2021-12-14T00:00:00+00:00,88608b0961fffff
ACC-00002466,MULE,HDFC-Sim,0.804,2024-03-18T00:00:00+00:00,883d8dcdd5fffff
ACC-00002467,MULE,Axis-Sim,0.813,2025-12-14T00:00:00+00:00,8842ceb4a1fffff
ACC-00002468,MULE,HDFC-Sim,0.792,2023-07-31T00:00:00+00:00,883d8dcdd5fffff
ACC-00002469,MULE,SBI-Sim,0.608,2024-08-04T00:00:00+00:00,8842ceb559fffff
ACC-00002470,MULE,SBI-Sim,0.661,2022-02-16T00:00:00+00:00,883da11233fffff
ACC-00002471,MULE,ICICI-Sim,0.877,2024-06-23T00:00:00+00:00,8861892ecbfffff
ACC-00002472,MULE,SBI-Sim,0.949,2024-08-24T00:00:00+00:00,88618c4d05fffff
ACC-00002473,MULE,HDFC-Sim,0.863,2023-01-08T00:00:00+00:00,8860b52e9bfffff
ACC-00002474,MULE,SBI-Sim,0.719,2022-09-07T00:00:00+00:00,8842ceb4a1fffff
ACC-00002475,MULE,BOI-Sim,0.683,2025-04-16T00:00:00+00:00,88618c4d05fffff
ACC-00002476,MULE,SBI-Sim,0.623,2022-09-07T00:00:00+00:00,883d8dcc0dfffff
ACC-00002477,MULE,ICICI-Sim,0.853,2023-07-06T00:00:00+00:00,8860a259bbfffff
ACC-00002478,MULE,HDFC-Sim,0.582,2024-09-10T00:00:00+00:00,883d8dcdd5fffff
ACC-00002479,MULE,PNB-Sim,0.811,2024-03-15T00:00:00+00:00,88608b56d7fffff
ACC-00002480,MULE,PNB-Sim,0.762,2022-04-28T00:00:00+00:00,88608b56d7fffff
ACC-00002481,MULE,ICICI-Sim,0.742,2022-09-21T00:00:00+00:00,883d8dcc0dfffff
ACC-00002482,MULE,Axis-Sim,0.94,2025-10-07T00:00:00+00:00,88608b0961fffff
ACC-00002483,MULE,HDFC-Sim,0.6,2024-07-17T00:00:00+00:00,8842ceb4a1fffff
ACC-00002484,MULE,PNB-Sim,0.684,2022-02-24T00:00:00+00:00,883d8dcf1dfffff
ACC-00002485,MULE,PNB-Sim,0.677,2022-06-30T00:00:00+00:00,883da11409fffff
ACC-00002486,MULE,Axis-Sim,0.869,2023-08-13T00:00:00+00:00,88618921d1fffff
ACC-00002487,MULE,PNB-Sim,0.948,2025-09-13T00:00:00+00:00,8860b52c97fffff
ACC-00002488,MULE,BOI-Sim,0.888,2024-08-08T00:00:00+00:00,88618925c5fffff
ACC-00002489,MULE,HDFC-Sim,0.765,2022-12-13T00:00:00+00:00,88618921d1fffff
ACC-00002490,MULE,HDFC-Sim,0.595,2022-11-25T00:00:00+00:00,8861892ecbfffff
ACC-00002491,MULE,HDFC-Sim,0.558,2023-12-29T00:00:00+00:00,88618c4e63fffff
ACC-00002492,MULE,ICICI-Sim,0.621,2024-06-03T00:00:00+00:00,88608b0961fffff
ACC-00002493,MULE,PNB-Sim,0.851,2025-02-03T00:00:00+00:00,883da11233fffff
ACC-00002494,MULE,PNB-Sim,0.699,2021-08-15T00:00:00+00:00,88608b4733fffff
ACC-00002495,MULE,ICICI-Sim,0.886,2023-09-17T00:00:00+00:00,883d8dcdd5fffff
ACC-00002496,MULE,HDFC-Sim,0.764,2022-05-13T00:00:00+00:00,8860b52c97fffff
ACC-00002497,MULE,Axis-Sim,0.935,2024-05-04T00:00:00+00:00,88608b0961fffff
ACC-00002498,MULE,Axis-Sim,0.555,2023-01-19T00:00:00+00:00,8860a259bbfffff
ACC-00002499,MULE,HDFC-Sim,0.934,2022-05-22T00:00:00+00:00,88618921d1fffff
ACC-00002500,MULE,Axis-Sim,0.625,2026-04-28T00:00:00+00:00,883d8dcf1dfffff
ACC-00002501,MULE,Axis-Sim,0.928,2022-02-16T00:00:00+00:00,8860b52e9bfffff
ACC-00002502,MULE,SBI-Sim,0.59,2025-02-19T00:00:00+00:00,8842ceb559fffff
ACC-00002503,MULE,SBI-Sim,0.773,2023-03-14T00:00:00+00:00,8860a259bbfffff
ACC-00002504,MULE,Axis-Sim,0.635,2024-02-17T00:00:00+00:00,88618c4f2bfffff
ACC-00002505,MULE,PNB-Sim,0.649,2023-07-01T00:00:00+00:00,88618921d1fffff
ACC-00002506,MULE,ICICI-Sim,0.678,2022-03-20T00:00:00+00:00,88608b56d7fffff
ACC-00002507,MULE,HDFC-Sim,0.597,2025-08-14T00:00:00+00:00,883d8dcdd5fffff
ACC-00002508,MULE,Axis-Sim,0.924,2024-06-06T00:00:00+00:00,88618c4f2bfffff
ACC-00002509,MULE,BOI-Sim,0.883,2023-06-24T00:00:00+00:00,8842ceb559fffff
ACC-00002510,MULE,PNB-Sim,0.676,2022-09-22T00:00:00+00:00,88618921d1fffff
ACC-00002511,MULE,HDFC-Sim,0.604,2025-11-18T00:00:00+00:00,883d8dcdd5fffff
ACC-00002512,MULE,HDFC-Sim,0.946,2021-12-03T00:00:00+00:00,883d8dcd5dfffff
ACC-00002513,MULE,PNB-Sim,0.881,2025-03-22T00:00:00+00:00,8860145943fffff
ACC-00002514,MULE,Axis-Sim,0.735,2022-11-03T00:00:00+00:00,883d8dcdd5fffff
ACC-00002515,MULE,SBI-Sim,0.66,2022-07-26T00:00:00+00:00,883d8dcc0dfffff
ACC-00002516,MULE,SBI-Sim,0.7,2025-05-29T00:00:00+00:00,88618c4f2bfffff
ACC-00002517,MULE,Axis-Sim,0.789,2024-11-13T00:00:00+00:00,8860b19695fffff
ACC-00002518,MULE,SBI-Sim,0.894,2023-07-14T00:00:00+00:00,883d8dcf1dfffff
ACC-00002519,MULE,Axis-Sim,0.818,2023-05-23T00:00:00+00:00,88608b56d7fffff
ACC-00002520,MULE,SBI-Sim,0.65,2023-01-19T00:00:00+00:00,8860b19695fffff
ACC-00002521,MULE,HDFC-Sim,0.644,2023-12-24T00:00:00+00:00,8860b52c97fffff
ACC-00002522,MULE,PNB-Sim,0.596,2022-11-16T00:00:00+00:00,8842cea623fffff
ACC-00002523,MULE,BOI-Sim,0.822,2025-08-09T00:00:00+00:00,88618c4d05fffff
ACC-00002524,MULE,BOI-Sim,0.845,2025-03-04T00:00:00+00:00,8842ceb4a1fffff
ACC-00002525,MULE,PNB-Sim,0.807,2024-04-28T00:00:00+00:00,883da11233fffff
ACC-00002526,MULE,ICICI-Sim,0.713,2023-06-14T00:00:00+00:00,8860a259bbfffff
ACC-00002527,MULE,SBI-Sim,0.913,2022-07-11T00:00:00+00:00,8860a259bbfffff
ACC-00002528,MULE,ICICI-Sim,0.699,2022-01-26T00:00:00+00:00,8860145943fffff
ACC-00002529,MULE,ICICI-Sim,0.614,2021-12-26T00:00:00+00:00,8860a259bbfffff
ACC-00002530,MULE,PNB-Sim,0.905,2022-03-18T00:00:00+00:00,8842cea623fffff
ACC-00002531,MULE,BOI-Sim,0.902,2023-04-15T00:00:00+00:00,88618c4d05fffff
ACC-00002532,MULE,PNB-Sim,0.574,2023-08-01T00:00:00+00:00,883da11233fffff
ACC-00002533,MULE,SBI-Sim,0.754,2024-11-05T00:00:00+00:00,88608b4733fffff
ACC-00002534,MULE,BOI-Sim,0.704,2025-01-07T00:00:00+00:00,88618c4d05fffff
ACC-00002535,MULE,HDFC-Sim,0.864,2024-07-07T00:00:00+00:00,88608b0961fffff
ACC-00002536,MULE,PNB-Sim,0.85,2025-12-18T00:00:00+00:00,883da11623fffff
ACC-00002537,MULE,PNB-Sim,0.584,2024-09-25T00:00:00+00:00,8861892ecbfffff
ACC-00002538,MULE,BOI-Sim,0.878,2025-03-01T00:00:00+00:00,883da11409fffff
ACC-00002539,MULE,BOI-Sim,0.803,2022-08-27T00:00:00+00:00,88618c4d05fffff
ACC-00002540,MULE,ICICI-Sim,0.736,2025-11-28T00:00:00+00:00,8842cea623fffff
ACC-00002541,MULE,Axis-Sim,0.803,2021-12-30T00:00:00+00:00,8860b52e9bfffff
ACC-00002542,MULE,ICICI-Sim,0.566,2025-08-20T00:00:00+00:00,883da11409fffff
ACC-00002543,MULE,SBI-Sim,0.561,2025-11-07T00:00:00+00:00,88618c4d05fffff
ACC-00002544,MULE,HDFC-Sim,0.555,2024-03-19T00:00:00+00:00,8860a259bbfffff
ACC-00002545,MULE,Axis-Sim,0.922,2024-01-25T00:00:00+00:00,88618c4d05fffff
ACC-00002546,MULE,SBI-Sim,0.722,2026-02-21T00:00:00+00:00,883d8dcc0dfffff
ACC-00002547,MULE,ICICI-Sim,0.743,2023-12-29T00:00:00+00:00,88608b4733fffff
ACC-00002548,MULE,SBI-Sim,0.729,2024-01-31T00:00:00+00:00,8860b52c97fffff
ACC-00002549,MULE,BOI-Sim,0.757,2025-04-25T00:00:00+00:00,8861892ecbfffff
ACC-00002550,MULE,SBI-Sim,0.893,2023-06-12T00:00:00+00:00,883d8dcc0dfffff
ACC-00002551,MULE,SBI-Sim,0.944,2025-12-17T00:00:00+00:00,8842ceb559fffff
ACC-00002552,MULE,BOI-Sim,0.857,2025-09-21T00:00:00+00:00,8860a259bbfffff
ACC-00002553,MULE,BOI-Sim,0.682,2023-10-16T00:00:00+00:00,88608b4733fffff
ACC-00002554,MULE,BOI-Sim,0.563,2022-10-14T00:00:00+00:00,8842ceb4a1fffff
ACC-00002555,MULE,PNB-Sim,0.856,2022-04-10T00:00:00+00:00,88618c4d05fffff
ACC-00002556,MULE,BOI-Sim,0.867,2024-12-30T00:00:00+00:00,88618c4e63fffff
ACC-00002557,MULE,BOI-Sim,0.768,2023-07-17T00:00:00+00:00,883da11233fffff
ACC-00002558,MULE,BOI-Sim,0.692,2023-09-17T00:00:00+00:00,88608b56d7fffff
ACC-00002559,MULE,PNB-Sim,0.841,2021-08-31T00:00:00+00:00,88618925c5fffff
ACC-00002560,MULE,HDFC-Sim,0.936,2022-01-04T00:00:00+00:00,883da11233fffff
ACC-00002561,MULE,Axis-Sim,0.813,2025-04-10T00:00:00+00:00,883da11409fffff
ACC-00002562,MULE,Axis-Sim,0.667,2021-07-17T00:00:00+00:00,88608b4733fffff
ACC-00002563,MULE,SBI-Sim,0.573,2025-04-30T00:00:00+00:00,88608b0a6bfffff
ACC-00002564,MULE,BOI-Sim,0.758,2021-10-28T00:00:00+00:00,8842ceb4a1fffff
ACC-00002565,MULE,PNB-Sim,0.7,2023-07-09T00:00:00+00:00,883da115a5fffff
ACC-00002566,MULE,SBI-Sim,0.942,2024-02-11T00:00:00+00:00,8861892ecbfffff
ACC-00002567,MULE,Axis-Sim,0.726,2023-03-11T00:00:00+00:00,8842cea623fffff
ACC-00002568,MULE,HDFC-Sim,0.6,2024-10-27T00:00:00+00:00,8861892ecbfffff
ACC-00002569,MULE,PNB-Sim,0.623,2024-11-20T00:00:00+00:00,8842ceb5d9fffff
ACC-00002570,MULE,HDFC-Sim,0.675,2024-11-16T00:00:00+00:00,8842cea623fffff
ACC-00002571,MULE,Axis-Sim,0.798,2023-04-13T00:00:00+00:00,88618c4e63fffff
ACC-00002572,MULE,HDFC-Sim,0.68,2025-02-07T00:00:00+00:00,883d8dcdd5fffff
ACC-00002573,MULE,ICICI-Sim,0.612,2022-05-19T00:00:00+00:00,88618c45b9fffff
ACC-00002574,MULE,PNB-Sim,0.914,2021-07-13T00:00:00+00:00,883da11623fffff
ACC-00002575,MULE,ICICI-Sim,0.602,2022-03-08T00:00:00+00:00,883d8dcdd5fffff
ACC-00002576,MULE,Axis-Sim,0.667,2024-07-10T00:00:00+00:00,8842ceb5d9fffff
ACC-00002577,MULE,PNB-Sim,0.724,2025-04-01T00:00:00+00:00,88618925c5fffff
ACC-00002578,MULE,ICICI-Sim,0.821,2022-10-16T00:00:00+00:00,88608b56d7fffff
ACC-00002579,MULE,BOI-Sim,0.912,2022-05-23T00:00:00+00:00,8842ceb5d9fffff
ACC-00002580,MULE,BOI-Sim,0.615,2023-09-19T00:00:00+00:00,883d8dcc0dfffff
ACC-00002581,MULE,HDFC-Sim,0.591,2024-02-22T00:00:00+00:00,88618c4f2bfffff
ACC-00002582,MULE,SBI-Sim,0.552,2025-03-15T00:00:00+00:00,883da11409fffff
ACC-00002583,MULE,Axis-Sim,0.733,2024-01-08T00:00:00+00:00,883d8dcdd5fffff
ACC-00002584,MULE,SBI-Sim,0.572,2026-03-28T00:00:00+00:00,883d8dcf1dfffff
ACC-00002585,MULE,HDFC-Sim,0.909,2024-08-15T00:00:00+00:00,8842cea623fffff
ACC-00002586,MULE,PNB-Sim,0.702,2025-06-15T00:00:00+00:00,88618c4e63fffff
ACC-00002587,MULE,ICICI-Sim,0.888,2024-10-09T00:00:00+00:00,8842ceb5d9fffff
ACC-00002588,MULE,BOI-Sim,0.854,2024-03-03T00:00:00+00:00,8860b52e9bfffff
ACC-00002589,MULE,ICICI-Sim,0.874,2025-03-12T00:00:00+00:00,88618c4f2bfffff
ACC-00002590,MULE,SBI-Sim,0.733,2021-08-30T00:00:00+00:00,88608b56d7fffff
ACC-00002591,MULE,HDFC-Sim,0.853,2025-02-24T00:00:00+00:00,883d8dcc0dfffff
ACC-00002592,MULE,Axis-Sim,0.834,2025-02-19T00:00:00+00:00,8842ceb559fffff
ACC-00002593,MULE,HDFC-Sim,0.554,2023-03-24T00:00:00+00:00,88618921d1fffff
ACC-00002594,MULE,BOI-Sim,0.78,2026-03-27T00:00:00+00:00,8842ceb4a1fffff
ACC-00002595,MULE,SBI-Sim,0.623,2025-09-27T00:00:00+00:00,8860b52c97fffff
ACC-00002596,MULE,ICICI-Sim,0.708,2026-04-10T00:00:00+00:00,8842cea623fffff
ACC-00002597,MULE,HDFC-Sim,0.604,2022-03-18T00:00:00+00:00,8860b52e9bfffff
ACC-00002598,MULE,SBI-Sim,0.589,2026-01-14T00:00:00+00:00,88618c45b9fffff
ACC-00002599,MULE,PNB-Sim,0.917,2022-07-15T00:00:00+00:00,883da11233fffff
ACC-00002600,MULE,SBI-Sim,0.785,2024-05-04T00:00:00+00:00,883d8dcc0dfffff
ACC-00002601,MULE,ICICI-Sim,0.644,2024-05-07T00:00:00+00:00,8842ceb4a1fffff
ACC-00002602,MULE,PNB-Sim,0.567,2026-01-14T00:00:00+00:00,8860b52c97fffff
ACC-00002603,MULE,HDFC-Sim,0.581,2021-12-23T00:00:00+00:00,8842ceb5d9fffff
ACC-00002604,MULE,SBI-Sim,0.764,2024-11-10T00:00:00+00:00,883da11409fffff
ACC-00002605,MULE,BOI-Sim,0.949,2026-02-02T00:00:00+00:00,88618c4e63fffff
ACC-00002606,MULE,SBI-Sim,0.926,2023-07-22T00:00:00+00:00,8842ceb559fffff
ACC-00002607,MULE,ICICI-Sim,0.763,2021-11-20T00:00:00+00:00,88618925c5fffff
ACC-00002608,MULE,SBI-Sim,0.63,2024-02-21T00:00:00+00:00,883d8dcc0dfffff
ACC-00002609,MULE,HDFC-Sim,0.689,2025-11-21T00:00:00+00:00,8860a259bbfffff
ACC-00002610,MULE,ICICI-Sim,0.621,2026-01-24T00:00:00+00:00,88618921d1fffff
ACC-00002611,MULE,ICICI-Sim,0.852,2025-07-04T00:00:00+00:00,8860b52c97fffff
ACC-00002612,MULE,Axis-Sim,0.701,2023-10-16T00:00:00+00:00,8860a259bbfffff
ACC-00002613,MULE,HDFC-Sim,0.668,2021-09-12T00:00:00+00:00,88618c45b9fffff
ACC-00002614,MULE,BOI-Sim,0.767,2022-07-10T00:00:00+00:00,8842ceb5d9fffff
ACC-00002615,MULE,PNB-Sim,0.596,2023-10-16T00:00:00+00:00,88618c4f2bfffff
ACC-00002616,MULE,HDFC-Sim,0.655,2025-06-26T00:00:00+00:00,8842ceb4a1fffff
ACC-00002617,MULE,Axis-Sim,0.566,2022-02-14T00:00:00+00:00,88618921d1fffff
ACC-00002618,MULE,SBI-Sim,0.722,2023-02-25T00:00:00+00:00,88618925c5fffff
ACC-00002619,MULE,SBI-Sim,0.669,2024-04-22T00:00:00+00:00,88608b56d7fffff
ACC-00002620,MULE,ICICI-Sim,0.651,2023-12-24T00:00:00+00:00,8860b52c97fffff
ACC-00002621,MULE,ICICI-Sim,0.6,2024-04-29T00:00:00+00:00,883da11623fffff
ACC-00002622,MULE,HDFC-Sim,0.935,2022-03-24T00:00:00+00:00,883d8dcc0dfffff
ACC-00002623,MULE,ICICI-Sim,0.84,2024-12-26T00:00:00+00:00,88618921d1fffff
ACC-00002624,MULE,BOI-Sim,0.685,2025-07-18T00:00:00+00:00,883da11409fffff
ACC-00002625,MULE,Axis-Sim,0.708,2022-06-11T00:00:00+00:00,883da115a5fffff
ACC-00002626,MULE,Axis-Sim,0.577,2022-07-23T00:00:00+00:00,88608b0a6bfffff
ACC-00002627,MULE,SBI-Sim,0.628,2024-06-02T00:00:00+00:00,8860145943fffff
ACC-00002628,MULE,SBI-Sim,0.654,2024-10-30T00:00:00+00:00,88608b0961fffff
ACC-00002629,MULE,SBI-Sim,0.634,2023-04-27T00:00:00+00:00,8842cea623fffff
ACC-00002630,MULE,SBI-Sim,0.8,2026-02-14T00:00:00+00:00,8842ceb559fffff
ACC-00002631,MULE,Axis-Sim,0.943,2021-10-09T00:00:00+00:00,88608b0a6bfffff
ACC-00002632,MULE,Axis-Sim,0.694,2022-10-24T00:00:00+00:00,8842ceb5d9fffff
ACC-00002633,MULE,PNB-Sim,0.636,2026-04-07T00:00:00+00:00,883da11233fffff
ACC-00002634,MULE,HDFC-Sim,0.763,2023-02-18T00:00:00+00:00,8860145943fffff
ACC-00002635,MULE,HDFC-Sim,0.894,2021-11-19T00:00:00+00:00,883d8dcdd5fffff
ACC-00002636,MULE,PNB-Sim,0.898,2023-09-22T00:00:00+00:00,88608b56d7fffff
ACC-00002637,MULE,SBI-Sim,0.907,2023-12-22T00:00:00+00:00,8842ceb4a1fffff
ACC-00002638,MULE,PNB-Sim,0.699,2023-03-28T00:00:00+00:00,8842ceb4a1fffff
ACC-00002639,MULE,ICICI-Sim,0.584,2026-04-22T00:00:00+00:00,8860a259bbfffff
ACC-00002640,MULE,Axis-Sim,0.68,2026-04-05T00:00:00+00:00,8861892ecbfffff
ACC-00002641,MULE,SBI-Sim,0.935,2025-06-18T00:00:00+00:00,88608b56d7fffff
ACC-00002642,MULE,ICICI-Sim,0.7,2023-10-27T00:00:00+00:00,8860145943fffff
ACC-00002643,MULE,ICICI-Sim,0.86,2023-02-09T00:00:00+00:00,883d8dcf1dfffff
ACC-00002644,MULE,Axis-Sim,0.826,2021-10-18T00:00:00+00:00,8842ceb559fffff
ACC-00002645,MULE,Axis-Sim,0.646,2025-04-18T00:00:00+00:00,88618921d1fffff
ACC-00002646,MULE,HDFC-Sim,0.919,2024-04-13T00:00:00+00:00,883da11409fffff
ACC-00002647,MULE,ICICI-Sim,0.73,2024-12-15T00:00:00+00:00,8860b52c97fffff
ACC-00002648,MULE,BOI-Sim,0.896,2022-05-15T00:00:00+00:00,8860b19695fffff
ACC-00002649,MULE,PNB-Sim,0.789,2024-08-05T00:00:00+00:00,8842cea623fffff
ACC-00002650,MULE,PNB-Sim,0.827,2022-07-30T00:00:00+00:00,88608b4733fffff
ACC-00002651,MULE,PNB-Sim,0.652,2023-06-11T00:00:00+00:00,88618c45b9fffff
ACC-00002652,MULE,PNB-Sim,0.773,2025-09-24T00:00:00+00:00,88618921d1fffff
ACC-00002653,MULE,HDFC-Sim,0.575,2022-11-15T00:00:00+00:00,883da11623fffff
ACC-00002654,MULE,PNB-Sim,0.725,2022-05-10T00:00:00+00:00,88618c45b9fffff
ACC-00002655,MULE,BOI-Sim,0.754,2022-08-04T00:00:00+00:00,88618c45b9fffff
ACC-00002656,MULE,ICICI-Sim,0.778,2021-10-21T00:00:00+00:00,8842ceb559fffff
ACC-00002657,MULE,ICICI-Sim,0.584,2021-12-26T00:00:00+00:00,8861892ecbfffff
ACC-00002658,MULE,ICICI-Sim,0.789,2024-09-15T00:00:00+00:00,8842cea623fffff
ACC-00002659,MULE,SBI-Sim,0.947,2021-11-23T00:00:00+00:00,88618921d1fffff
ACC-00002660,MULE,PNB-Sim,0.837,2026-01-23T00:00:00+00:00,88618c4e63fffff
ACC-00002661,MULE,BOI-Sim,0.943,2025-03-31T00:00:00+00:00,88618c45b9fffff
ACC-00002662,MULE,SBI-Sim,0.719,2025-12-21T00:00:00+00:00,88608b0a6bfffff
ACC-00002663,MULE,BOI-Sim,0.637,2022-08-03T00:00:00+00:00,883da11409fffff
ACC-00002664,MULE,BOI-Sim,0.807,2022-02-18T00:00:00+00:00,883da11623fffff
ACC-00002665,MULE,PNB-Sim,0.771,2022-05-30T00:00:00+00:00,88608b4733fffff
ACC-00002666,MULE,PNB-Sim,0.647,2021-11-06T00:00:00+00:00,883da11623fffff
ACC-00002667,MULE,BOI-Sim,0.914,2025-05-10T00:00:00+00:00,88618c4f2bfffff
ACC-00002668,MULE,PNB-Sim,0.748,2026-04-03T00:00:00+00:00,883da11233fffff
ACC-00002669,MULE,Axis-Sim,0.907,2025-05-15T00:00:00+00:00,88608b0961fffff
ACC-00002670,MULE,PNB-Sim,0.729,2025-01-20T00:00:00+00:00,883da11233fffff
ACC-00002671,MULE,Axis-Sim,0.596,2024-09-20T00:00:00+00:00,883d8dcd5dfffff
ACC-00002672,MULE,HDFC-Sim,0.585,2023-12-17T00:00:00+00:00,88618925c5fffff
ACC-00002673,MULE,Axis-Sim,0.875,2022-09-08T00:00:00+00:00,883d8dcd5dfffff
ACC-00002674,MULE,Axis-Sim,0.784,2024-09-26T00:00:00+00:00,8861892ecbfffff
ACC-00002675,MULE,SBI-Sim,0.664,2023-09-05T00:00:00+00:00,88618925c5fffff
ACC-00002676,MULE,BOI-Sim,0.589,2021-08-08T00:00:00+00:00,8842ceb559fffff
ACC-00002677,MULE,HDFC-Sim,0.663,2023-11-10T00:00:00+00:00,88618921d1fffff
ACC-00002678,MULE,ICICI-Sim,0.787,2025-02-10T00:00:00+00:00,883d8dcf1dfffff
ACC-00002679,MULE,ICICI-Sim,0.904,2026-02-25T00:00:00+00:00,88618c45b9fffff
ACC-00002680,MULE,BOI-Sim,0.898,2022-08-14T00:00:00+00:00,8842ceb559fffff
ACC-00002681,MULE,BOI-Sim,0.614,2022-05-07T00:00:00+00:00,883da11233fffff
ACC-00002682,MULE,HDFC-Sim,0.772,2022-11-03T00:00:00+00:00,883da11409fffff
ACC-00002683,MULE,PNB-Sim,0.553,2025-04-19T00:00:00+00:00,883d8dcdd5fffff
ACC-00002684,MULE,ICICI-Sim,0.831,2025-10-31T00:00:00+00:00,88608b56d7fffff
ACC-00002685,MULE,PNB-Sim,0.936,2021-10-04T00:00:00+00:00,88618c45b9fffff
ACC-00002686,MULE,HDFC-Sim,0.911,2021-07-27T00:00:00+00:00,88608b4733fffff
ACC-00002687,MULE,PNB-Sim,0.82,2024-03-14T00:00:00+00:00,883d8dcdd5fffff
ACC-00002688,MULE,Axis-Sim,0.74,2022-01-25T00:00:00+00:00,883d8dcd5dfffff
ACC-00002689,MULE,Axis-Sim,0.713,2025-07-03T00:00:00+00:00,88608b56d7fffff
ACC-00002690,MULE,BOI-Sim,0.725,2022-07-15T00:00:00+00:00,88618c45b9fffff
ACC-00002691,MULE,SBI-Sim,0.589,2022-08-23T00:00:00+00:00,8842ceb5d9fffff
ACC-00002692,MULE,Axis-Sim,0.919,2022-08-01T00:00:00+00:00,88608b4733fffff
ACC-00002693,MULE,HDFC-Sim,0.744,2026-02-07T00:00:00+00:00,8860a259bbfffff
ACC-00002694,MULE,Axis-Sim,0.836,2025-02-04T00:00:00+00:00,8842ceb559fffff
ACC-00002695,MULE,HDFC-Sim,0.857,2024-12-31T00:00:00+00:00,88618c4d05fffff
ACC-00002696,MULE,SBI-Sim,0.768,2025-03-03T00:00:00+00:00,8842ceb5d9fffff
ACC-00002697,MULE,SBI-Sim,0.869,2024-07-21T00:00:00+00:00,8842ceb5d9fffff
ACC-00002698,MULE,Axis-Sim,0.556,2025-02-27T00:00:00+00:00,88608b0a6bfffff
ACC-00002699,MULE,PNB-Sim,0.67,2022-02-06T00:00:00+00:00,8861892ecbfffff
ACC-00002700,MULE,PNB-Sim,0.811,2025-01-10T00:00:00+00:00,883d8dcc0dfffff
ACC-00002701,MULE,Axis-Sim,0.9,2025-09-01T00:00:00+00:00,88608b0961fffff
ACC-00002702,MULE,HDFC-Sim,0.628,2022-01-30T00:00:00+00:00,8860b52e9bfffff
ACC-00002703,MULE,BOI-Sim,0.595,2023-05-15T00:00:00+00:00,88618c45b9fffff
ACC-00002704,MULE,PNB-Sim,0.912,2024-10-20T00:00:00+00:00,88608b0a6bfffff
ACC-00002705,MULE,SBI-Sim,0.727,2024-10-13T00:00:00+00:00,883d8dcc0dfffff
ACC-00002706,MULE,ICICI-Sim,0.747,2021-07-27T00:00:00+00:00,8842ceb559fffff
ACC-00002707,MULE,Axis-Sim,0.82,2025-10-27T00:00:00+00:00,88608b4733fffff
ACC-00002708,MULE,SBI-Sim,0.805,2026-02-24T00:00:00+00:00,8861892ecbfffff
ACC-00002709,MULE,ICICI-Sim,0.899,2024-08-22T00:00:00+00:00,883da115a5fffff
ACC-00002710,MULE,SBI-Sim,0.778,2026-01-03T00:00:00+00:00,883da115a5fffff
ACC-00002711,MULE,Axis-Sim,0.843,2021-10-22T00:00:00+00:00,8842ceb559fffff
ACC-00002712,MULE,PNB-Sim,0.588,2023-03-06T00:00:00+00:00,88618925c5fffff
ACC-00002713,MULE,ICICI-Sim,0.869,2022-08-11T00:00:00+00:00,88608b0a6bfffff
ACC-00002714,MULE,Axis-Sim,0.632,2022-10-05T00:00:00+00:00,883da115a5fffff
ACC-00002715,MULE,Axis-Sim,0.706,2022-07-04T00:00:00+00:00,8860a259bbfffff
ACC-00002716,MULE,PNB-Sim,0.719,2024-01-16T00:00:00+00:00,8860b52e9bfffff
ACC-00002717,MULE,PNB-Sim,0.577,2025-01-19T00:00:00+00:00,8842ceb4a1fffff
ACC-00002718,MULE,ICICI-Sim,0.869,2021-07-02T00:00:00+00:00,883da11409fffff
ACC-00002719,MULE,HDFC-Sim,0.623,2023-11-06T00:00:00+00:00,883da115a5fffff
ACC-00002720,MULE,PNB-Sim,0.613,2026-02-07T00:00:00+00:00,88618921d1fffff
ACC-00002721,MULE,PNB-Sim,0.676,2022-10-06T00:00:00+00:00,8842ceb559fffff
ACC-00002722,MULE,Axis-Sim,0.702,2025-12-05T00:00:00+00:00,8842ceb559fffff
ACC-00002723,MULE,Axis-Sim,0.908,2025-03-15T00:00:00+00:00,88608b4733fffff
ACC-00002724,MULE,HDFC-Sim,0.926,2021-07-05T00:00:00+00:00,883da11623fffff
ACC-00002725,MULE,PNB-Sim,0.941,2023-08-05T00:00:00+00:00,883d8dcdd5fffff
ACC-00002726,MULE,ICICI-Sim,0.731,2024-05-31T00:00:00+00:00,88618921d1fffff
ACC-00002727,MULE,SBI-Sim,0.588,2021-11-07T00:00:00+00:00,88618c4f2bfffff
ACC-00002728,MULE,PNB-Sim,0.801,2024-04-24T00:00:00+00:00,883da11623fffff
ACC-00002729,MULE,HDFC-Sim,0.766,2026-04-13T00:00:00+00:00,883d8dcdd5fffff
ACC-00002730,MULE,ICICI-Sim,0.661,2022-04-02T00:00:00+00:00,8860b19695fffff
ACC-00002731,MULE,HDFC-Sim,0.653,2022-12-31T00:00:00+00:00,8860b52e9bfffff
ACC-00002732,MULE,SBI-Sim,0.61,2024-07-09T00:00:00+00:00,8842ceb5d9fffff
ACC-00002733,MULE,ICICI-Sim,0.754,2024-04-30T00:00:00+00:00,88618925c5fffff
ACC-00002734,MULE,ICICI-Sim,0.614,2024-06-20T00:00:00+00:00,883da115a5fffff
ACC-00002735,MULE,SBI-Sim,0.91,2023-08-03T00:00:00+00:00,883d8dcf1dfffff
ACC-00002736,MULE,SBI-Sim,0.74,2025-08-26T00:00:00+00:00,88608b4733fffff
ACC-00002737,MULE,SBI-Sim,0.772,2023-02-07T00:00:00+00:00,8860b52e9bfffff
ACC-00002738,MULE,HDFC-Sim,0.573,2025-09-17T00:00:00+00:00,88608b56d7fffff
ACC-00002739,MULE,BOI-Sim,0.555,2024-12-02T00:00:00+00:00,883da11233fffff
ACC-00002740,MULE,ICICI-Sim,0.641,2024-02-12T00:00:00+00:00,8842ceb4a1fffff
ACC-00002741,MULE,BOI-Sim,0.949,2023-03-01T00:00:00+00:00,8860a259bbfffff
ACC-00002742,MULE,Axis-Sim,0.682,2025-01-18T00:00:00+00:00,8860b19695fffff
ACC-00002743,MULE,SBI-Sim,0.942,2023-04-30T00:00:00+00:00,8842cea623fffff
ACC-00002744,MULE,HDFC-Sim,0.619,2024-12-05T00:00:00+00:00,8860b52e9bfffff
ACC-00002745,MULE,PNB-Sim,0.892,2026-03-08T00:00:00+00:00,883d8dcf1dfffff
ACC-00002746,MULE,HDFC-Sim,0.564,2023-01-05T00:00:00+00:00,8860145943fffff
ACC-00002747,MULE,SBI-Sim,0.777,2025-04-29T00:00:00+00:00,88608b56d7fffff
ACC-00002748,MULE,Axis-Sim,0.651,2024-01-18T00:00:00+00:00,883d8dcc0dfffff
ACC-00002749,MULE,BOI-Sim,0.631,2023-03-28T00:00:00+00:00,883da11623fffff
ACC-00002750,MULE,HDFC-Sim,0.716,2022-08-30T00:00:00+00:00,8860145943fffff
ACC-00002751,MULE,BOI-Sim,0.934,2023-01-04T00:00:00+00:00,8860b52c97fffff
ACC-00002752,MULE,PNB-Sim,0.668,2021-09-25T00:00:00+00:00,8860b19695fffff
ACC-00002753,MULE,PNB-Sim,0.773,2025-03-21T00:00:00+00:00,88618c4d05fffff
ACC-00002754,MULE,PNB-Sim,0.758,2024-10-07T00:00:00+00:00,88618c45b9fffff
ACC-00002755,MULE,BOI-Sim,0.751,2022-07-19T00:00:00+00:00,88618c4e63fffff
ACC-00002756,MULE,ICICI-Sim,0.792,2021-12-21T00:00:00+00:00,88618c4e63fffff
ACC-00002757,MULE,ICICI-Sim,0.76,2023-04-03T00:00:00+00:00,883d8dcd5dfffff
ACC-00002758,MULE,HDFC-Sim,0.622,2022-09-15T00:00:00+00:00,883da11233fffff
ACC-00002759,MULE,BOI-Sim,0.754,2023-05-21T00:00:00+00:00,88608b56d7fffff
ACC-00002760,MULE,ICICI-Sim,0.61,2022-01-14T00:00:00+00:00,88608b4733fffff
ACC-00002761,MULE,ICICI-Sim,0.752,2025-07-14T00:00:00+00:00,88618c4e63fffff
ACC-00002762,MULE,BOI-Sim,0.619,2024-12-14T00:00:00+00:00,883d8dcdd5fffff
ACC-00002763,MULE,BOI-Sim,0.75,2025-11-26T00:00:00+00:00,88608b0961fffff
ACC-00002764,MULE,BOI-Sim,0.919,2022-02-26T00:00:00+00:00,883d8dcf1dfffff
ACC-00002765,MULE,BOI-Sim,0.662,2023-01-16T00:00:00+00:00,883da115a5fffff
ACC-00002766,MULE,PNB-Sim,0.936,2021-10-02T00:00:00+00:00,8860b19695fffff
ACC-00002767,MULE,ICICI-Sim,0.585,2024-01-11T00:00:00+00:00,8860145943fffff
ACC-00002768,MULE,Axis-Sim,0.914,2022-06-23T00:00:00+00:00,88608b4733fffff
ACC-00002769,MULE,HDFC-Sim,0.766,2022-09-17T00:00:00+00:00,8860145943fffff
ACC-00002770,MULE,ICICI-Sim,0.823,2025-03-21T00:00:00+00:00,8842ceb4a1fffff
ACC-00002771,MULE,ICICI-Sim,0.922,2022-08-18T00:00:00+00:00,8842cea623fffff
ACC-00002772,MULE,BOI-Sim,0.778,2025-08-13T00:00:00+00:00,8842ceb4a1fffff
ACC-00002773,MULE,ICICI-Sim,0.681,2022-06-05T00:00:00+00:00,8860b52c97fffff
ACC-00002774,MULE,HDFC-Sim,0.679,2023-06-21T00:00:00+00:00,88608b56d7fffff
ACC-00002775,MULE,BOI-Sim,0.872,2025-10-10T00:00:00+00:00,88618c4f2bfffff
ACC-00002776,MULE,Axis-Sim,0.59,2024-05-17T00:00:00+00:00,8860145943fffff
ACC-00002777,MULE,SBI-Sim,0.582,2023-06-06T00:00:00+00:00,883da11409fffff
ACC-00002778,MULE,ICICI-Sim,0.662,2022-03-02T00:00:00+00:00,8860a259bbfffff
ACC-00002779,MULE,BOI-Sim,0.896,2024-03-23T00:00:00+00:00,8842ceb4a1fffff
ACC-00002780,MULE,PNB-Sim,0.944,2025-09-18T00:00:00+00:00,883da11623fffff
ACC-00002781,MULE,HDFC-Sim,0.872,2022-12-17T00:00:00+00:00,88608b0961fffff
ACC-00002782,MULE,ICICI-Sim,0.928,2023-05-30T00:00:00+00:00,8860b52c97fffff
ACC-00002783,MULE,HDFC-Sim,0.786,2024-06-11T00:00:00+00:00,88608b0a6bfffff
ACC-00002784,MULE,Axis-Sim,0.943,2024-11-17T00:00:00+00:00,8842cea623fffff
ACC-00002785,MULE,SBI-Sim,0.589,2021-08-23T00:00:00+00:00,88608b56d7fffff
ACC-00002786,MULE,SBI-Sim,0.734,2026-04-10T00:00:00+00:00,8860a259bbfffff
ACC-00002787,MULE,SBI-Sim,0.554,2023-01-24T00:00:00+00:00,8860b52e9bfffff
ACC-00002788,MULE,Axis-Sim,0.846,2025-06-16T00:00:00+00:00,883da11623fffff
ACC-00002789,MULE,HDFC-Sim,0.881,2024-05-13T00:00:00+00:00,88618921d1fffff
ACC-00002790,MULE,ICICI-Sim,0.862,2023-11-24T00:00:00+00:00,883d8dcd5dfffff
ACC-00002791,MULE,SBI-Sim,0.875,2025-03-08T00:00:00+00:00,88618c45b9fffff
ACC-00002792,MULE,ICICI-Sim,0.634,2021-06-28T00:00:00+00:00,8860145943fffff
ACC-00002793,MULE,ICICI-Sim,0.922,2025-06-10T00:00:00+00:00,88608b0961fffff
ACC-00002794,MULE,BOI-Sim,0.836,2026-03-25T00:00:00+00:00,8861892ecbfffff
ACC-00002795,MULE,BOI-Sim,0.631,2023-05-09T00:00:00+00:00,8860145943fffff
ACC-00002796,MULE,PNB-Sim,0.609,2022-08-09T00:00:00+00:00,8842ceb5d9fffff
ACC-00002797,MULE,ICICI-Sim,0.614,2025-08-05T00:00:00+00:00,883d8dcf1dfffff
ACC-00002798,MULE,BOI-Sim,0.889,2021-11-06T00:00:00+00:00,883da115a5fffff
ACC-00002799,MULE,ICICI-Sim,0.695,2023-05-08T00:00:00+00:00,88608b4733fffff
ACC-00002800,MULE,Axis-Sim,0.858,2023-03-10T00:00:00+00:00,8842ceb5d9fffff
ACC-00002801,MULE,SBI-Sim,0.728,2024-05-29T00:00:00+00:00,8842ceb4a1fffff
ACC-00002802,MULE,HDFC-Sim,0.835,2024-11-28T00:00:00+00:00,8860a259bbfffff
ACC-00002803,MULE,Axis-Sim,0.77,2022-08-02T00:00:00+00:00,88608b0a6bfffff
ACC-00002804,MULE,HDFC-Sim,0.629,2023-10-03T00:00:00+00:00,8860b52c97fffff
ACC-00002805,MULE,Axis-Sim,0.58,2024-09-20T00:00:00+00:00,88618921d1fffff
ACC-00002806,MULE,HDFC-Sim,0.856,2024-10-25T00:00:00+00:00,883da115a5fffff
ACC-00002807,MULE,HDFC-Sim,0.927,2021-12-01T00:00:00+00:00,8861892ecbfffff
ACC-00002808,MULE,PNB-Sim,0.575,2023-01-22T00:00:00+00:00,8842ceb559fffff
ACC-00002809,MULE,SBI-Sim,0.754,2023-04-03T00:00:00+00:00,88618921d1fffff
ACC-00002810,MULE,HDFC-Sim,0.69,2024-02-16T00:00:00+00:00,8861892ecbfffff
ACC-00002811,MULE,BOI-Sim,0.615,2026-04-14T00:00:00+00:00,883da11623fffff
ACC-00002812,MULE,HDFC-Sim,0.688,2025-05-28T00:00:00+00:00,8861892ecbfffff
ACC-00002813,MULE,Axis-Sim,0.845,2025-04-30T00:00:00+00:00,883d8dcf1dfffff
ACC-00002814,MULE,SBI-Sim,0.856,2022-09-24T00:00:00+00:00,88618925c5fffff
ACC-00002815,MULE,PNB-Sim,0.662,2024-12-14T00:00:00+00:00,88608b56d7fffff
ACC-00002816,MULE,Axis-Sim,0.822,2025-10-13T00:00:00+00:00,8861892ecbfffff
ACC-00002817,MULE,Axis-Sim,0.576,2025-09-14T00:00:00+00:00,883d8dcd5dfffff
ACC-00002818,MULE,SBI-Sim,0.573,2024-01-24T00:00:00+00:00,88608b4733fffff
ACC-00002819,MULE,Axis-Sim,0.838,2022-04-22T00:00:00+00:00,88618c45b9fffff
ACC-00002820,MULE,PNB-Sim,0.597,2023-09-03T00:00:00+00:00,8860145943fffff
ACC-00002821,MULE,ICICI-Sim,0.567,2024-03-11T00:00:00+00:00,88618c4d05fffff
ACC-00002822,MULE,PNB-Sim,0.893,2023-06-18T00:00:00+00:00,8842ceb4a1fffff
ACC-00002823,MULE,HDFC-Sim,0.75,2025-05-13T00:00:00+00:00,88608b0a6bfffff
ACC-00002824,MULE,ICICI-Sim,0.63,2023-07-21T00:00:00+00:00,8842cea623fffff
ACC-00002825,MULE,SBI-Sim,0.79,2025-02-17T00:00:00+00:00,88618c4d05fffff
ACC-00002826,MULE,BOI-Sim,0.782,2025-06-24T00:00:00+00:00,88608b56d7fffff
ACC-00002827,MULE,SBI-Sim,0.587,2023-04-04T00:00:00+00:00,88618925c5fffff
ACC-00002828,MULE,SBI-Sim,0.649,2024-03-10T00:00:00+00:00,88618c4d05fffff
ACC-00002829,MULE,HDFC-Sim,0.832,2022-11-29T00:00:00+00:00,883da11409fffff
ACC-00002830,MULE,ICICI-Sim,0.562,2022-09-06T00:00:00+00:00,883da11623fffff
ACC-00002831,MULE,PNB-Sim,0.904,2026-03-03T00:00:00+00:00,883d8dcdd5fffff
ACC-00002832,MULE,BOI-Sim,0.56,2024-10-28T00:00:00+00:00,88608b0a6bfffff
ACC-00002833,MULE,SBI-Sim,0.634,2023-01-17T00:00:00+00:00,883d8dcdd5fffff
ACC-00002834,MULE,PNB-Sim,0.812,2023-10-01T00:00:00+00:00,8860b52c97fffff
ACC-00002835,MULE,PNB-Sim,0.663,2022-02-21T00:00:00+00:00,8860a259bbfffff
ACC-00002836,MULE,BOI-Sim,0.924,2023-11-04T00:00:00+00:00,88618c4f2bfffff
ACC-00002837,MULE,BOI-Sim,0.649,2025-02-24T00:00:00+00:00,8860a259bbfffff
ACC-00002838,MULE,Axis-Sim,0.682,2022-07-13T00:00:00+00:00,883da115a5fffff
ACC-00002839,MULE,BOI-Sim,0.584,2025-09-24T00:00:00+00:00,88608b56d7fffff
ACC-00002840,MULE,ICICI-Sim,0.917,2023-09-20T00:00:00+00:00,8860b52c97fffff
ACC-00002841,MULE,SBI-Sim,0.691,2022-02-09T00:00:00+00:00,8860b19695fffff
ACC-00002842,MULE,PNB-Sim,0.683,2026-03-02T00:00:00+00:00,88608b0a6bfffff
ACC-00002843,MULE,BOI-Sim,0.564,2023-07-08T00:00:00+00:00,8842ceb559fffff
ACC-00002844,MULE,PNB-Sim,0.773,2023-03-03T00:00:00+00:00,8860b52c97fffff
ACC-00002845,MULE,Axis-Sim,0.591,2022-05-14T00:00:00+00:00,88608b4733fffff
ACC-00002846,MULE,ICICI-Sim,0.931,2025-02-13T00:00:00+00:00,8842ceb559fffff
ACC-00002847,MULE,BOI-Sim,0.763,2022-10-21T00:00:00+00:00,8860a259bbfffff
ACC-00002848,MULE,HDFC-Sim,0.747,2023-10-27T00:00:00+00:00,8860145943fffff
ACC-00002849,MULE,ICICI-Sim,0.814,2025-09-05T00:00:00+00:00,883da11409fffff
ACC-00002850,MULE,Axis-Sim,0.881,2024-09-08T00:00:00+00:00,8842ceb5d9fffff
ACC-00002851,MULE,BOI-Sim,0.624,2024-09-24T00:00:00+00:00,8842cea623fffff
ACC-00002852,MULE,ICICI-Sim,0.596,2025-09-27T00:00:00+00:00,88618c4e63fffff
ACC-00002853,MULE,Axis-Sim,0.585,2024-08-06T00:00:00+00:00,88618c4e63fffff
ACC-00002854,MULE,ICICI-Sim,0.67,2023-04-29T00:00:00+00:00,8842ceb559fffff
ACC-00002855,MULE,Axis-Sim,0.627,2024-11-19T00:00:00+00:00,883da11409fffff
ACC-00002856,MULE,PNB-Sim,0.81,2024-10-27T00:00:00+00:00,883da115a5fffff
ACC-00002857,MULE,HDFC-Sim,0.894,2022-09-02T00:00:00+00:00,88618c45b9fffff
ACC-00002858,MULE,Axis-Sim,0.94,2022-06-06T00:00:00+00:00,88608b0961fffff
ACC-00002859,MULE,Axis-Sim,0.857,2021-12-27T00:00:00+00:00,883da11233fffff
ACC-00002860,MULE,PNB-Sim,0.782,2024-04-10T00:00:00+00:00,8860145943fffff
ACC-00002861,MULE,SBI-Sim,0.573,2022-04-18T00:00:00+00:00,883da11623fffff
ACC-00002862,MULE,BOI-Sim,0.597,2024-02-08T00:00:00+00:00,883d8dcd5dfffff
ACC-00002863,MULE,HDFC-Sim,0.559,2021-07-28T00:00:00+00:00,88618c4f2bfffff
ACC-00002864,MULE,ICICI-Sim,0.573,2025-01-21T00:00:00+00:00,8860b19695fffff
ACC-00002865,MULE,ICICI-Sim,0.638,2024-06-28T00:00:00+00:00,88608b0961fffff
ACC-00002866,MULE,BOI-Sim,0.858,2021-08-22T00:00:00+00:00,88618921d1fffff
ACC-00002867,MULE,ICICI-Sim,0.881,2026-01-29T00:00:00+00:00,883da11623fffff
ACC-00002868,MULE,HDFC-Sim,0.776,2022-05-07T00:00:00+00:00,88608b0a6bfffff
ACC-00002869,MULE,ICICI-Sim,0.701,2022-04-17T00:00:00+00:00,88618c4f2bfffff
ACC-00002870,MULE,BOI-Sim,0.769,2022-10-06T00:00:00+00:00,88608b0a6bfffff
ACC-00002871,MULE,HDFC-Sim,0.608,2022-06-27T00:00:00+00:00,883da115a5fffff
ACC-00002872,MULE,BOI-Sim,0.676,2023-05-07T00:00:00+00:00,88618925c5fffff
ACC-00002873,MULE,SBI-Sim,0.755,2023-12-31T00:00:00+00:00,8842cea623fffff
ACC-00002874,MULE,HDFC-Sim,0.792,2024-09-16T00:00:00+00:00,883d8dcdd5fffff
ACC-00002875,MULE,Axis-Sim,0.706,2021-07-30T00:00:00+00:00,8860a259bbfffff
ACC-00002876,MULE,HDFC-Sim,0.679,2023-07-01T00:00:00+00:00,88608b56d7fffff
ACC-00002877,MULE,BOI-Sim,0.718,2025-06-16T00:00:00+00:00,88618c4d05fffff
ACC-00002878,MULE,SBI-Sim,0.724,2025-06-28T00:00:00+00:00,88608b56d7fffff
ACC-00002879,MULE,HDFC-Sim,0.681,2024-10-26T00:00:00+00:00,883da11233fffff
ACC-00002880,MULE,Axis-Sim,0.556,2024-06-13T00:00:00+00:00,8861892ecbfffff
ACC-00002881,MULE,BOI-Sim,0.821,2024-04-30T00:00:00+00:00,8861892ecbfffff
ACC-00002882,MULE,Axis-Sim,0.66,2024-12-11T00:00:00+00:00,883d8dcc0dfffff
ACC-00002883,MULE,Axis-Sim,0.743,2023-08-14T00:00:00+00:00,883d8dcdd5fffff
ACC-00002884,MULE,Axis-Sim,0.57,2026-01-24T00:00:00+00:00,8860b52e9bfffff
ACC-00002885,MULE,Axis-Sim,0.688,2024-08-17T00:00:00+00:00,883d8dcc0dfffff
ACC-00002886,MULE,Axis-Sim,0.892,2022-08-09T00:00:00+00:00,883d8dcc0dfffff
ACC-00002887,MULE,ICICI-Sim,0.837,2021-07-30T00:00:00+00:00,883da11623fffff
ACC-00002888,MULE,PNB-Sim,0.7,2024-06-25T00:00:00+00:00,883da11623fffff
ACC-00002889,MULE,HDFC-Sim,0.891,2025-10-27T00:00:00+00:00,883d8dcf1dfffff
ACC-00002890,MULE,Axis-Sim,0.879,2026-03-01T00:00:00+00:00,88618925c5fffff
ACC-00002891,MULE,Axis-Sim,0.78,2026-04-10T00:00:00+00:00,883d8dcd5dfffff
ACC-00002892,MULE,PNB-Sim,0.706,2022-11-13T00:00:00+00:00,883da11233fffff
ACC-00002893,MULE,PNB-Sim,0.583,2022-04-02T00:00:00+00:00,8860a259bbfffff
ACC-00002894,MULE,Axis-Sim,0.618,2023-07-24T00:00:00+00:00,8860b52c97fffff
ACC-00002895,MULE,SBI-Sim,0.922,2021-07-16T00:00:00+00:00,883da11623fffff
ACC-00002896,MULE,BOI-Sim,0.569,2024-03-08T00:00:00+00:00,88618c45b9fffff
ACC-00002897,MULE,SBI-Sim,0.852,2023-09-11T00:00:00+00:00,8842cea623fffff
ACC-00002898,MULE,HDFC-Sim,0.661,2023-10-05T00:00:00+00:00,883d8dcf1dfffff
ACC-00002899,MULE,Axis-Sim,0.826,2023-07-03T00:00:00+00:00,8860b52e9bfffff
ACC-00002900,MULE,HDFC-Sim,0.866,2022-10-10T00:00:00+00:00,8860a259bbfffff
ACC-00002901,MULE,SBI-Sim,0.639,2024-11-08T00:00:00+00:00,883da11623fffff
ACC-00002902,MULE,Axis-Sim,0.816,2023-07-02T00:00:00+00:00,8860b52e9bfffff
ACC-00002903,MULE,HDFC-Sim,0.729,2025-12-19T00:00:00+00:00,883d8dcd5dfffff
ACC-00002904,MULE,BOI-Sim,0.838,2024-11-10T00:00:00+00:00,8860b19695fffff
ACC-00002905,MULE,PNB-Sim,0.932,2023-01-05T00:00:00+00:00,883da115a5fffff
ACC-00002906,MULE,Axis-Sim,0.723,2025-09-09T00:00:00+00:00,88608b56d7fffff
ACC-00002907,MULE,Axis-Sim,0.713,2025-08-24T00:00:00+00:00,8842ceb559fffff
ACC-00002908,MULE,ICICI-Sim,0.686,2023-05-22T00:00:00+00:00,8860b52e9bfffff
ACC-00002909,MULE,BOI-Sim,0.566,2022-10-25T00:00:00+00:00,8842ceb4a1fffff
ACC-00002910,MULE,Axis-Sim,0.685,2024-09-26T00:00:00+00:00,8842ceb5d9fffff
ACC-00002911,MULE,BOI-Sim,0.745,2023-05-17T00:00:00+00:00,8842ceb5d9fffff
ACC-00002912,MULE,Axis-Sim,0.605,2023-06-11T00:00:00+00:00,8842ceb4a1fffff
ACC-00002913,MULE,HDFC-Sim,0.722,2024-06-26T00:00:00+00:00,88608b56d7fffff
ACC-00002914,MULE,Axis-Sim,0.832,2025-05-16T00:00:00+00:00,88618c45b9fffff
ACC-00002915,MULE,HDFC-Sim,0.64,2022-04-07T00:00:00+00:00,88618925c5fffff
ACC-00002916,MULE,HDFC-Sim,0.634,2023-03-20T00:00:00+00:00,883da115a5fffff
ACC-00002917,MULE,ICICI-Sim,0.882,2026-03-27T00:00:00+00:00,883da115a5fffff
ACC-00002918,MULE,HDFC-Sim,0.586,2022-05-04T00:00:00+00:00,8842ceb4a1fffff
ACC-00002919,MULE,BOI-Sim,0.934,2026-05-01T00:00:00+00:00,8860a259bbfffff
ACC-00002920,MULE,PNB-Sim,0.761,2025-03-15T00:00:00+00:00,8842cea623fffff
ACC-00002921,MULE,BOI-Sim,0.869,2023-12-04T00:00:00+00:00,88618921d1fffff
ACC-00002922,MULE,SBI-Sim,0.921,2023-05-18T00:00:00+00:00,8860b52c97fffff
ACC-00002923,MULE,SBI-Sim,0.888,2021-07-22T00:00:00+00:00,88618c4f2bfffff
ACC-00002924,MULE,SBI-Sim,0.582,2023-09-15T00:00:00+00:00,8860b19695fffff
ACC-00002925,MULE,PNB-Sim,0.636,2024-08-14T00:00:00+00:00,8842ceb559fffff
ACC-00002926,MULE,BOI-Sim,0.805,2025-11-24T00:00:00+00:00,88618925c5fffff
ACC-00002927,MULE,Axis-Sim,0.55,2023-05-03T00:00:00+00:00,88608b0a6bfffff
ACC-00002928,MULE,BOI-Sim,0.759,2021-08-09T00:00:00+00:00,8860b52c97fffff
ACC-00002929,MULE,SBI-Sim,0.641,2024-07-04T00:00:00+00:00,8842ceb5d9fffff
ACC-00002930,MULE,PNB-Sim,0.873,2025-11-09T00:00:00+00:00,883d8dcc0dfffff
ACC-00002931,MULE,Axis-Sim,0.583,2025-03-18T00:00:00+00:00,8860a259bbfffff
ACC-00002932,MULE,HDFC-Sim,0.816,2022-10-12T00:00:00+00:00,883da115a5fffff
ACC-00002933,MULE,SBI-Sim,0.864,2025-03-09T00:00:00+00:00,883da11233fffff
ACC-00002934,MULE,SBI-Sim,0.794,2023-04-21T00:00:00+00:00,88608b0a6bfffff
ACC-00002935,MULE,HDFC-Sim,0.871,2021-11-23T00:00:00+00:00,883d8dcf1dfffff
ACC-00002936,MULE,PNB-Sim,0.927,2023-11-11T00:00:00+00:00,8860145943fffff
ACC-00002937,MULE,ICICI-Sim,0.95,2025-01-18T00:00:00+00:00,88618921d1fffff
ACC-00002938,MULE,Axis-Sim,0.884,2023-07-10T00:00:00+00:00,8860a259bbfffff
ACC-00002939,MULE,BOI-Sim,0.599,2024-09-02T00:00:00+00:00,88608b56d7fffff
ACC-00002940,MULE,Axis-Sim,0.882,2024-06-09T00:00:00+00:00,88608b56d7fffff
ACC-00002941,MULE,SBI-Sim,0.728,2022-09-05T00:00:00+00:00,883da115a5fffff
ACC-00002942,MULE,HDFC-Sim,0.728,2022-12-19T00:00:00+00:00,8860b19695fffff
ACC-00002943,MULE,Axis-Sim,0.634,2024-10-06T00:00:00+00:00,88618921d1fffff
ACC-00002944,MULE,SBI-Sim,0.74,2025-06-12T00:00:00+00:00,883da11623fffff
ACC-00002945,MULE,BOI-Sim,0.634,2021-10-11T00:00:00+00:00,883d8dcf1dfffff
ACC-00002946,MULE,HDFC-Sim,0.682,2024-07-22T00:00:00+00:00,88608b56d7fffff
ACC-00002947,MULE,PNB-Sim,0.872,2024-08-04T00:00:00+00:00,88618c4e63fffff
ACC-00002948,MULE,ICICI-Sim,0.744,2023-11-06T00:00:00+00:00,88618c4e63fffff
ACC-00002949,MULE,Axis-Sim,0.798,2026-04-05T00:00:00+00:00,8842cea623fffff
ACC-00002950,MULE,SBI-Sim,0.62,2023-10-14T00:00:00+00:00,8861892ecbfffff
ACC-00002951,MULE,HDFC-Sim,0.571,2021-09-05T00:00:00+00:00,88618925c5fffff
ACC-00002952,MULE,Axis-Sim,0.584,2026-03-23T00:00:00+00:00,88618c45b9fffff
ACC-00002953,MULE,Axis-Sim,0.947,2023-09-15T00:00:00+00:00,883da115a5fffff
ACC-00002954,MULE,BOI-Sim,0.561,2025-03-10T00:00:00+00:00,88608b0961fffff
ACC-00002955,MULE,Axis-Sim,0.728,2021-10-28T00:00:00+00:00,883d8dcd5dfffff
ACC-00002956,MULE,SBI-Sim,0.819,2025-07-08T00:00:00+00:00,883d8dcd5dfffff
ACC-00002957,MULE,SBI-Sim,0.857,2024-06-06T00:00:00+00:00,88618c4e63fffff
ACC-00002958,MULE,PNB-Sim,0.674,2024-09-30T00:00:00+00:00,88608b56d7fffff
ACC-00002959,MULE,PNB-Sim,0.896,2023-01-10T00:00:00+00:00,88618c45b9fffff
ACC-00002960,MULE,ICICI-Sim,0.706,2024-10-12T00:00:00+00:00,883d8dcdd5fffff
ACC-00002961,MULE,PNB-Sim,0.913,2023-01-08T00:00:00+00:00,88618c4d05fffff
ACC-00002962,MULE,SBI-Sim,0.939,2025-11-29T00:00:00+00:00,88618925c5fffff
ACC-00002963,MULE,HDFC-Sim,0.577,2022-04-29T00:00:00+00:00,883da11233fffff
ACC-00002964,MULE,Axis-Sim,0.569,2026-02-17T00:00:00+00:00,8842ceb5d9fffff
ACC-00002965,MULE,BOI-Sim,0.825,2023-11-17T00:00:00+00:00,883da11409fffff
ACC-00002966,MULE,SBI-Sim,0.565,2023-06-10T00:00:00+00:00,8860b19695fffff
ACC-00002967,MULE,Axis-Sim,0.692,2024-07-31T00:00:00+00:00,8842ceb5d9fffff
ACC-00002968,MULE,PNB-Sim,0.658,2024-01-25T00:00:00+00:00,8861892ecbfffff
ACC-00002969,MULE,PNB-Sim,0.95,2022-03-24T00:00:00+00:00,88618c4f2bfffff
ACC-00002970,MULE,BOI-Sim,0.667,2023-09-08T00:00:00+00:00,8860b52e9bfffff
ACC-00002971,MULE,SBI-Sim,0.578,2023-08-24T00:00:00+00:00,8842cea623fffff
ACC-00002972,MULE,ICICI-Sim,0.582,2021-08-26T00:00:00+00:00,88608b0a6bfffff
ACC-00002973,MULE,BOI-Sim,0.648,2023-06-06T00:00:00+00:00,8860b19695fffff
ACC-00002974,MULE,ICICI-Sim,0.86,2023-10-08T00:00:00+00:00,883da115a5fffff
ACC-00002975,MULE,BOI-Sim,0.67,2023-12-08T00:00:00+00:00,88618c4e63fffff
ACC-00002976,MULE,ICICI-Sim,0.589,2024-04-27T00:00:00+00:00,883da11233fffff
ACC-00002977,MULE,SBI-Sim,0.617,2025-04-30T00:00:00+00:00,88618921d1fffff
ACC-00002978,MULE,BOI-Sim,0.664,2022-02-22T00:00:00+00:00,883da11623fffff
ACC-00002979,MULE,SBI-Sim,0.91,2023-09-14T00:00:00+00:00,88618921d1fffff
ACC-00002980,MULE,ICICI-Sim,0.71,2023-06-11T00:00:00+00:00,88608b4733fffff
ACC-00002981,MULE,PNB-Sim,0.764,2025-02-13T00:00:00+00:00,883da11233fffff
ACC-00002982,MULE,BOI-Sim,0.581,2022-11-18T00:00:00+00:00,88618c4f2bfffff
ACC-00002983,MULE,Axis-Sim,0.751,2024-12-10T00:00:00+00:00,883da115a5fffff
ACC-00002984,MULE,BOI-Sim,0.807,2021-06-27T00:00:00+00:00,8860b52e9bfffff
ACC-00002985,MULE,ICICI-Sim,0.688,2023-03-16T00:00:00+00:00,8860145943fffff
ACC-00002986,MULE,BOI-Sim,0.888,2024-06-14T00:00:00+00:00,8861892ecbfffff
ACC-00002987,MULE,BOI-Sim,0.76,2025-10-14T00:00:00+00:00,8842ceb4a1fffff
ACC-00002988,MULE,BOI-Sim,0.837,2024-11-23T00:00:00+00:00,8842ceb559fffff
ACC-00002989,MULE,HDFC-Sim,0.675,2024-02-18T00:00:00+00:00,883da11623fffff
ACC-00002990,MULE,PNB-Sim,0.622,2025-07-21T00:00:00+00:00,883da11233fffff
ACC-00002991,MULE,ICICI-Sim,0.927,2023-03-01T00:00:00+00:00,883d8dcd5dfffff
ACC-00002992,MULE,ICICI-Sim,0.576,2026-04-22T00:00:00+00:00,88618c45b9fffff
ACC-00002993,MULE,ICICI-Sim,0.665,2025-01-15T00:00:00+00:00,8842ceb4a1fffff
ACC-00002994,MULE,BOI-Sim,0.834,2021-08-22T00:00:00+00:00,8860145943fffff
ACC-00002995,MULE,HDFC-Sim,0.907,2025-09-10T00:00:00+00:00,8860145943fffff
ACC-00002996,MULE,Axis-Sim,0.692,2022-02-08T00:00:00+00:00,8842ceb5d9fffff
ACC-00002997,MULE,Axis-Sim,0.88,2024-03-02T00:00:00+00:00,88618c4f2bfffff
ACC-00002998,MULE,HDFC-Sim,0.782,2021-07-18T00:00:00+00:00,8860b52e9bfffff
ACC-00002999,MULE,PNB-Sim,0.857,2023-03-03T00:00:00+00:00,88618925c5fffff
ACC-00003000,MULE,PNB-Sim,0.721,2023-11-15T00:00:00+00:00,883d8dcd5dfffff
ACC-00003001,MULE,ICICI-Sim,0.608,2025-12-25T00:00:00+00:00,883da115a5fffff
ACC-00003002,MULE,BOI-Sim,0.77,2023-09-13T00:00:00+00:00,88618c4f2bfffff
ACC-00003003,MULE,Axis-Sim,0.635,2022-05-21T00:00:00+00:00,8860b19695fffff
ACC-00003004,MULE,Axis-Sim,0.772,2022-10-18T00:00:00+00:00,883da11409fffff
ACC-00003005,MULE,SBI-Sim,0.636,2021-12-18T00:00:00+00:00,883da11409fffff
ACC-00003006,MULE,PNB-Sim,0.815,2023-12-15T00:00:00+00:00,883d8dcf1dfffff
ACC-00003007,MULE,BOI-Sim,0.627,2024-05-07T00:00:00+00:00,883da115a5fffff
ACC-00003008,MULE,Axis-Sim,0.78,2024-11-27T00:00:00+00:00,883d8dcf1dfffff
ACC-00003009,MULE,HDFC-Sim,0.632,2022-10-16T00:00:00+00:00,8860145943fffff
ACC-00003010,MULE,Axis-Sim,0.615,2025-07-17T00:00:00+00:00,88618925c5fffff
ACC-00003011,MULE,PNB-Sim,0.861,2024-05-27T00:00:00+00:00,883da11623fffff
ACC-00003012,MULE,Axis-Sim,0.722,2022-05-28T00:00:00+00:00,883da11623fffff
ACC-00003013,MULE,PNB-Sim,0.705,2026-04-19T00:00:00+00:00,8860b52e9bfffff
ACC-00003014,MULE,HDFC-Sim,0.683,2022-11-02T00:00:00+00:00,8860b52e9bfffff
ACC-00003015,MULE,HDFC-Sim,0.771,2022-05-27T00:00:00+00:00,8842ceb4a1fffff
ACC-00003016,MULE,ICICI-Sim,0.568,2024-02-13T00:00:00+00:00,8860b52e9bfffff
ACC-00003017,MULE,SBI-Sim,0.681,2024-03-22T00:00:00+00:00,883da11409fffff
ACC-00003018,MULE,BOI-Sim,0.706,2023-05-15T00:00:00+00:00,8861892ecbfffff
ACC-00003019,MULE,ICICI-Sim,0.586,2024-11-26T00:00:00+00:00,883da11623fffff
ACC-00003020,MULE,Axis-Sim,0.635,2021-06-29T00:00:00+00:00,883da11233fffff
ACC-00003021,MULE,PNB-Sim,0.844,2022-11-29T00:00:00+00:00,88608b4733fffff
ACC-00003022,MULE,SBI-Sim,0.557,2023-12-31T00:00:00+00:00,8860b19695fffff
ACC-00003023,MULE,HDFC-Sim,0.842,2024-03-15T00:00:00+00:00,88618c4e63fffff
ACC-00003024,MULE,PNB-Sim,0.759,2023-12-13T00:00:00+00:00,883d8dcc0dfffff
ACC-00003025,MULE,HDFC-Sim,0.724,2023-05-24T00:00:00+00:00,88608b0961fffff
ACC-00003026,MULE,PNB-Sim,0.62,2025-08-13T00:00:00+00:00,8861892ecbfffff
ACC-00003027,MULE,Axis-Sim,0.779,2026-04-16T00:00:00+00:00,88618c4d05fffff
ACC-00003028,MULE,ICICI-Sim,0.849,2021-10-20T00:00:00+00:00,88608b0a6bfffff
ACC-00003029,MULE,HDFC-Sim,0.826,2025-06-07T00:00:00+00:00,8860145943fffff
ACC-00003030,MULE,HDFC-Sim,0.859,2023-05-19T00:00:00+00:00,88618c4e63fffff
ACC-00003031,MULE,BOI-Sim,0.747,2023-04-13T00:00:00+00:00,88618925c5fffff
ACC-00003032,MULE,PNB-Sim,0.785,2022-07-26T00:00:00+00:00,883d8dcd5dfffff
ACC-00003033,MULE,BOI-Sim,0.726,2022-04-01T00:00:00+00:00,88608b0a6bfffff
ACC-00003034,MULE,Axis-Sim,0.895,2024-03-25T00:00:00+00:00,88608b4733fffff
ACC-00003035,MULE,BOI-Sim,0.771,2023-06-15T00:00:00+00:00,8860b52c97fffff
ACC-00003036,MULE,Axis-Sim,0.731,2021-12-14T00:00:00+00:00,8842ceb5d9fffff
ACC-00003037,MULE,PNB-Sim,0.676,2024-04-05T00:00:00+00:00,8842ceb4a1fffff
ACC-00003038,MULE,PNB-Sim,0.567,2023-04-13T00:00:00+00:00,88608b0961fffff
ACC-00003039,MULE,Axis-Sim,0.942,2025-04-08T00:00:00+00:00,88618925c5fffff
ACC-00003040,MULE,BOI-Sim,0.746,2024-01-04T00:00:00+00:00,88618c45b9fffff
ACC-00003041,MULE,PNB-Sim,0.835,2024-09-10T00:00:00+00:00,883da11409fffff
ACC-00003042,MULE,PNB-Sim,0.628,2025-10-01T00:00:00+00:00,88608b4733fffff
ACC-00003043,MULE,BOI-Sim,0.702,2023-04-02T00:00:00+00:00,8861892ecbfffff
ACC-00003044,MULE,Axis-Sim,0.563,2021-11-16T00:00:00+00:00,88608b56d7fffff
ACC-00003045,MULE,SBI-Sim,0.796,2024-06-12T00:00:00+00:00,883da115a5fffff
ACC-00003046,MULE,HDFC-Sim,0.675,2022-07-08T00:00:00+00:00,8861892ecbfffff
ACC-00003047,MULE,Axis-Sim,0.731,2023-08-08T00:00:00+00:00,883d8dcf1dfffff
ACC-00003048,MULE,ICICI-Sim,0.714,2025-07-31T00:00:00+00:00,883da11623fffff
ACC-00003049,MULE,SBI-Sim,0.792,2024-12-18T00:00:00+00:00,883d8dcc0dfffff
ACC-00003050,MULE,ICICI-Sim,0.701,2022-09-14T00:00:00+00:00,88618c4d05fffff
ACC-00003051,MULE,HDFC-Sim,0.639,2024-04-12T00:00:00+00:00,88608b0961fffff
ACC-00003052,MULE,PNB-Sim,0.832,2024-02-16T00:00:00+00:00,8860b19695fffff
ACC-00003053,MULE,PNB-Sim,0.63,2025-10-26T00:00:00+00:00,8860145943fffff
ACC-00003054,MULE,Axis-Sim,0.592,2022-09-08T00:00:00+00:00,8842ceb5d9fffff
ACC-00003055,MULE,ICICI-Sim,0.749,2021-08-20T00:00:00+00:00,8842ceb4a1fffff
ACC-00003056,MULE,BOI-Sim,0.866,2022-03-07T00:00:00+00:00,8860145943fffff
ACC-00003057,MULE,BOI-Sim,0.929,2023-08-15T00:00:00+00:00,8860b52c97fffff
ACC-00003058,MULE,BOI-Sim,0.89,2022-11-07T00:00:00+00:00,88618c45b9fffff
ACC-00003059,MULE,SBI-Sim,0.871,2024-09-18T00:00:00+00:00,8860145943fffff
ACC-00003060,MULE,BOI-Sim,0.55,2022-11-22T00:00:00+00:00,8861892ecbfffff
ACC-00003061,MULE,HDFC-Sim,0.725,2022-08-25T00:00:00+00:00,88608b56d7fffff
ACC-00003062,MULE,PNB-Sim,0.555,2024-10-29T00:00:00+00:00,88618c45b9fffff
ACC-00003063,MULE,SBI-Sim,0.586,2021-09-15T00:00:00+00:00,883d8dcdd5fffff
ACC-00003064,MULE,SBI-Sim,0.736,2026-04-13T00:00:00+00:00,883da115a5fffff
ACC-00003065,MULE,Axis-Sim,0.687,2024-03-24T00:00:00+00:00,8860145943fffff
ACC-00003066,MULE,PNB-Sim,0.933,2022-02-07T00:00:00+00:00,8861892ecbfffff
ACC-00003067,MULE,BOI-Sim,0.578,2024-06-15T00:00:00+00:00,88618c4f2bfffff
ACC-00003068,MULE,HDFC-Sim,0.689,2024-08-10T00:00:00+00:00,88608b0961fffff
ACC-00003069,MULE,BOI-Sim,0.716,2022-04-04T00:00:00+00:00,8860b19695fffff
ACC-00003070,MULE,BOI-Sim,0.704,2025-10-08T00:00:00+00:00,883d8dcf1dfffff
ACC-00003071,MULE,SBI-Sim,0.776,2024-02-22T00:00:00+00:00,8860b52e9bfffff
ACC-00003072,MULE,BOI-Sim,0.551,2024-08-04T00:00:00+00:00,883da115a5fffff
ACC-00003073,MULE,Axis-Sim,0.748,2025-08-07T00:00:00+00:00,8842cea623fffff
ACC-00003074,MULE,Axis-Sim,0.594,2022-06-15T00:00:00+00:00,8860b52e9bfffff
ACC-00003075,MULE,Axis-Sim,0.551,2021-09-25T00:00:00+00:00,883d8dcdd5fffff
ACC-00003076,MULE,BOI-Sim,0.733,2022-09-06T00:00:00+00:00,88608b0961fffff
ACC-00003077,MULE,PNB-Sim,0.556,2025-04-27T00:00:00+00:00,8842ceb5d9fffff
ACC-00003078,MULE,SBI-Sim,0.652,2022-04-22T00:00:00+00:00,883da11623fffff
ACC-00003079,MULE,Axis-Sim,0.658,2024-03-02T00:00:00+00:00,88618c4d05fffff
ACC-00003080,MULE,PNB-Sim,0.673,2024-11-30T00:00:00+00:00,8861892ecbfffff
ACC-00003081,MULE,PNB-Sim,0.646,2021-11-26T00:00:00+00:00,88608b0a6bfffff
ACC-00003082,MULE,SBI-Sim,0.81,2021-11-13T00:00:00+00:00,8860b52e9bfffff
ACC-00003083,MULE,BOI-Sim,0.847,2023-03-08T00:00:00+00:00,883d8dcdd5fffff
ACC-00003084,MULE,Axis-Sim,0.884,2024-04-05T00:00:00+00:00,88618c4f2bfffff
ACC-00003085,MULE,Axis-Sim,0.745,2024-12-22T00:00:00+00:00,88618921d1fffff
ACC-00003086,MULE,ICICI-Sim,0.752,2022-07-03T00:00:00+00:00,8860b19695fffff
ACC-00003087,MULE,ICICI-Sim,0.625,2025-09-08T00:00:00+00:00,8842cea623fffff
ACC-00003088,MULE,HDFC-Sim,0.808,2023-02-14T00:00:00+00:00,883da115a5fffff
ACC-00003089,MULE,PNB-Sim,0.827,2021-08-14T00:00:00+00:00,883d8dcc0dfffff
ACC-00003090,MULE,BOI-Sim,0.637,2025-03-15T00:00:00+00:00,883da11233fffff
ACC-00003091,MULE,BOI-Sim,0.901,2021-10-07T00:00:00+00:00,88608b56d7fffff
ACC-00003092,MULE,PNB-Sim,0.932,2025-06-27T00:00:00+00:00,883d8dcdd5fffff
ACC-00003093,MULE,Axis-Sim,0.637,2022-07-26T00:00:00+00:00,88608b0a6bfffff
ACC-00003094,MULE,Axis-Sim,0.603,2023-05-09T00:00:00+00:00,883d8dcdd5fffff
ACC-00003095,MULE,BOI-Sim,0.901,2022-06-29T00:00:00+00:00,883da11409fffff
ACC-00003096,MULE,BOI-Sim,0.563,2023-02-07T00:00:00+00:00,883d8dcd5dfffff
ACC-00003097,MULE,ICICI-Sim,0.585,2025-02-11T00:00:00+00:00,883da11233fffff
ACC-00003098,MULE,HDFC-Sim,0.822,2024-05-15T00:00:00+00:00,88608b56d7fffff
ACC-00003099,MULE,PNB-Sim,0.833,2022-07-23T00:00:00+00:00,88608b0961fffff
ACC-00003100,MULE,Axis-Sim,0.874,2025-03-16T00:00:00+00:00,88618925c5fffff
ACC-00003101,MULE,Axis-Sim,0.898,2021-06-30T00:00:00+00:00,88608b56d7fffff
ACC-00003102,MULE,BOI-Sim,0.828,2021-08-29T00:00:00+00:00,88618c4d05fffff
ACC-00003103,MULE,BOI-Sim,0.89,2023-09-27T00:00:00+00:00,88618c4e63fffff
ACC-00003104,MULE,SBI-Sim,0.816,2024-03-14T00:00:00+00:00,88608b0961fffff
ACC-00003105,MULE,BOI-Sim,0.654,2022-03-28T00:00:00+00:00,8860b52c97fffff
ACC-00003106,MULE,SBI-Sim,0.653,2022-06-27T00:00:00+00:00,883d8dcd5dfffff
ACC-00003107,MULE,SBI-Sim,0.613,2024-09-10T00:00:00+00:00,8860b52e9bfffff
ACC-00003108,MULE,HDFC-Sim,0.72,2025-07-02T00:00:00+00:00,8842ceb4a1fffff
ACC-00003109,MULE,SBI-Sim,0.577,2022-09-28T00:00:00+00:00,88608b4733fffff
ACC-00003110,MULE,SBI-Sim,0.823,2023-09-07T00:00:00+00:00,88618c45b9fffff
ACC-00003111,MULE,Axis-Sim,0.63,2022-02-02T00:00:00+00:00,8842ceb4a1fffff
ACC-00003112,MULE,BOI-Sim,0.64,2024-09-05T00:00:00+00:00,88618925c5fffff
ACC-00003113,MULE,ICICI-Sim,0.579,2023-03-21T00:00:00+00:00,883da115a5fffff
ACC-00003114,MULE,Axis-Sim,0.654,2025-02-15T00:00:00+00:00,8842ceb5d9fffff
ACC-00003115,MULE,SBI-Sim,0.644,2021-10-19T00:00:00+00:00,8860b52e9bfffff
ACC-00003116,MULE,BOI-Sim,0.813,2023-03-17T00:00:00+00:00,88618c4e63fffff
ACC-00003117,MULE,HDFC-Sim,0.673,2025-10-22T00:00:00+00:00,88608b0961fffff
ACC-00003118,MULE,ICICI-Sim,0.886,2026-03-27T00:00:00+00:00,8860b52e9bfffff
ACC-00003119,MULE,SBI-Sim,0.617,2023-05-31T00:00:00+00:00,883da11409fffff
ACC-00003120,MULE,PNB-Sim,0.809,2024-09-16T00:00:00+00:00,8860145943fffff
ACC-00003121,MULE,HDFC-Sim,0.582,2025-01-15T00:00:00+00:00,883d8dcdd5fffff
ACC-00003122,MULE,ICICI-Sim,0.609,2024-05-10T00:00:00+00:00,88608b0961fffff
ACC-00003123,MULE,HDFC-Sim,0.757,2024-12-18T00:00:00+00:00,8860a259bbfffff
ACC-00003124,MULE,HDFC-Sim,0.599,2024-03-01T00:00:00+00:00,883da115a5fffff
ACC-00003125,MULE,PNB-Sim,0.82,2024-05-21T00:00:00+00:00,88608b0961fffff
ACC-00003126,MULE,BOI-Sim,0.809,2025-10-05T00:00:00+00:00,88618c4d05fffff
ACC-00003127,MULE,HDFC-Sim,0.688,2025-04-21T00:00:00+00:00,88608b0a6bfffff
ACC-00003128,MULE,PNB-Sim,0.769,2022-08-15T00:00:00+00:00,88618c45b9fffff
ACC-00003129,MULE,HDFC-Sim,0.917,2023-02-23T00:00:00+00:00,88618c4d05fffff
ACC-00003130,MULE,PNB-Sim,0.95,2025-06-10T00:00:00+00:00,8860a259bbfffff
ACC-00003131,MULE,HDFC-Sim,0.863,2022-06-24T00:00:00+00:00,88618c4d05fffff
ACC-00003132,MULE,ICICI-Sim,0.604,2025-03-29T00:00:00+00:00,88618c4d05fffff
ACC-00003133,MULE,Axis-Sim,0.947,2026-02-28T00:00:00+00:00,88618925c5fffff
ACC-00003134,MULE,PNB-Sim,0.6,2022-08-20T00:00:00+00:00,8860a259bbfffff
ACC-00003135,MULE,PNB-Sim,0.799,2025-08-02T00:00:00+00:00,883da11409fffff
ACC-00003136,MULE,HDFC-Sim,0.643,2023-02-25T00:00:00+00:00,883da11409fffff
ACC-00003137,MULE,SBI-Sim,0.656,2025-08-13T00:00:00+00:00,883d8dcd5dfffff
ACC-00003138,MULE,PNB-Sim,0.577,2022-12-02T00:00:00+00:00,883da11623fffff
ACC-00003139,MULE,Axis-Sim,0.846,2021-07-06T00:00:00+00:00,88608b0961fffff
ACC-00003140,MULE,PNB-Sim,0.712,2022-02-01T00:00:00+00:00,883da11409fffff
ACC-00003141,MULE,ICICI-Sim,0.655,2023-04-04T00:00:00+00:00,883d8dcc0dfffff
ACC-00003142,MULE,ICICI-Sim,0.863,2026-03-15T00:00:00+00:00,8860a259bbfffff
ACC-00003143,MULE,Axis-Sim,0.65,2024-06-13T00:00:00+00:00,88618c4e63fffff
ACC-00003144,MULE,Axis-Sim,0.695,2025-02-08T00:00:00+00:00,8860145943fffff
ACC-00003145,MULE,SBI-Sim,0.896,2025-11-07T00:00:00+00:00,88608b0a6bfffff
ACC-00003146,MULE,HDFC-Sim,0.847,2025-11-28T00:00:00+00:00,8842ceb5d9fffff
ACC-00003147,MULE,Axis-Sim,0.918,2021-09-23T00:00:00+00:00,8842cea623fffff
ACC-00003148,MULE,HDFC-Sim,0.713,2025-03-08T00:00:00+00:00,8842ceb4a1fffff
ACC-00003149,MULE,SBI-Sim,0.621,2026-02-15T00:00:00+00:00,88618c45b9fffff
ACC-00003150,MULE,SBI-Sim,0.782,2024-05-27T00:00:00+00:00,8861892ecbfffff
ACC-00003151,MULE,ICICI-Sim,0.909,2025-02-20T00:00:00+00:00,883d8dcd5dfffff
ACC-00003152,MULE,PNB-Sim,0.948,2026-03-22T00:00:00+00:00,8860b19695fffff
ACC-00003153,MULE,ICICI-Sim,0.868,2021-09-05T00:00:00+00:00,8860b52c97fffff
ACC-00003154,MULE,HDFC-Sim,0.739,2022-11-21T00:00:00+00:00,8842ceb5d9fffff
ACC-00003155,MULE,Axis-Sim,0.861,2023-10-12T00:00:00+00:00,883d8dcdd5fffff
ACC-00003156,MULE,Axis-Sim,0.625,2022-09-08T00:00:00+00:00,8860b52c97fffff
ACC-00003157,MULE,SBI-Sim,0.686,2024-08-12T00:00:00+00:00,88608b56d7fffff
ACC-00003158,MULE,Axis-Sim,0.86,2021-10-16T00:00:00+00:00,8842ceb559fffff
ACC-00003159,MULE,PNB-Sim,0.83,2024-11-01T00:00:00+00:00,8842cea623fffff
ACC-00003160,MULE,HDFC-Sim,0.755,2023-09-30T00:00:00+00:00,8842ceb4a1fffff
ACC-00003161,MULE,BOI-Sim,0.918,2023-11-07T00:00:00+00:00,88618c4e63fffff
ACC-00003162,MULE,BOI-Sim,0.787,2022-10-04T00:00:00+00:00,8842ceb4a1fffff
ACC-00003163,MULE,ICICI-Sim,0.732,2022-12-16T00:00:00+00:00,883d8dcd5dfffff
ACC-00003164,MULE,SBI-Sim,0.637,2023-01-28T00:00:00+00:00,88618c4f2bfffff
ACC-00003165,MULE,BOI-Sim,0.856,2025-12-28T00:00:00+00:00,883da11623fffff
ACC-00003166,MULE,Axis-Sim,0.783,2023-09-24T00:00:00+00:00,88608b4733fffff
ACC-00003167,MULE,ICICI-Sim,0.572,2024-08-01T00:00:00+00:00,8861892ecbfffff
ACC-00003168,MULE,Axis-Sim,0.623,2026-01-27T00:00:00+00:00,8861892ecbfffff
ACC-00003169,MULE,HDFC-Sim,0.736,2023-09-23T00:00:00+00:00,883da11233fffff
ACC-00003170,MULE,SBI-Sim,0.622,2023-04-17T00:00:00+00:00,8860b19695fffff
ACC-00003171,MULE,Axis-Sim,0.574,2023-11-27T00:00:00+00:00,883d8dcf1dfffff
ACC-00003172,MULE,ICICI-Sim,0.941,2021-09-26T00:00:00+00:00,8860b52e9bfffff
ACC-00003173,MULE,Axis-Sim,0.633,2025-11-17T00:00:00+00:00,88608b56d7fffff
ACC-00003174,MULE,ICICI-Sim,0.598,2024-06-30T00:00:00+00:00,8860145943fffff
ACC-00003175,MULE,HDFC-Sim,0.771,2023-09-25T00:00:00+00:00,8860a259bbfffff
ACC-00003176,MULE,SBI-Sim,0.875,2021-08-06T00:00:00+00:00,883da11409fffff
ACC-00003177,MULE,SBI-Sim,0.567,2021-11-28T00:00:00+00:00,8842cea623fffff
ACC-00003178,MULE,ICICI-Sim,0.759,2023-05-06T00:00:00+00:00,883da11233fffff
ACC-00003179,MULE,Axis-Sim,0.84,2025-10-07T00:00:00+00:00,883da115a5fffff
ACC-00003180,MULE,Axis-Sim,0.568,2022-10-13T00:00:00+00:00,88608b0961fffff
ACC-00003181,MULE,PNB-Sim,0.669,2023-03-27T00:00:00+00:00,8860145943fffff
ACC-00003182,MULE,ICICI-Sim,0.724,2024-07-25T00:00:00+00:00,883d8dcf1dfffff
ACC-00003183,MULE,Axis-Sim,0.83,2022-03-22T00:00:00+00:00,8842ceb559fffff
ACC-00003184,MULE,ICICI-Sim,0.852,2025-04-14T00:00:00+00:00,88618925c5fffff
ACC-00003185,MULE,ICICI-Sim,0.834,2026-02-12T00:00:00+00:00,88608b0961fffff
ACC-00003186,MULE,BOI-Sim,0.776,2024-03-27T00:00:00+00:00,8842ceb5d9fffff
ACC-00003187,MULE,HDFC-Sim,0.627,2021-09-08T00:00:00+00:00,883da11409fffff
ACC-00003188,MULE,SBI-Sim,0.949,2023-01-09T00:00:00+00:00,883da11409fffff
ACC-00003189,MULE,Axis-Sim,0.837,2025-01-29T00:00:00+00:00,883d8dcc0dfffff
ACC-00003190,MULE,Axis-Sim,0.601,2026-04-16T00:00:00+00:00,8860b19695fffff
ACC-00003191,MULE,SBI-Sim,0.915,2022-09-14T00:00:00+00:00,88608b0a6bfffff
ACC-00003192,MULE,Axis-Sim,0.949,2025-07-10T00:00:00+00:00,88608b56d7fffff
ACC-00003193,MULE,Axis-Sim,0.591,2022-10-23T00:00:00+00:00,88608b0a6bfffff
ACC-00003194,MULE,ICICI-Sim,0.731,2024-12-06T00:00:00+00:00,88618c4d05fffff
ACC-00003195,MULE,Axis-Sim,0.866,2021-10-01T00:00:00+00:00,8860b52e9bfffff
ACC-00003196,MULE,BOI-Sim,0.943,2023-05-09T00:00:00+00:00,88608b0961fffff
ACC-00003197,MULE,PNB-Sim,0.882,2023-02-09T00:00:00+00:00,8842ceb559fffff
ACC-00003198,MULE,BOI-Sim,0.652,2022-06-25T00:00:00+00:00,88618925c5fffff
ACC-00003199,MULE,HDFC-Sim,0.851,2022-02-22T00:00:00+00:00,88618925c5fffff
ACC-00003200,MULE,Axis-Sim,0.843,2026-01-10T00:00:00+00:00,8860a259bbfffff
ACC-00003201,MULE,Axis-Sim,0.816,2022-01-30T00:00:00+00:00,88608b0a6bfffff
ACC-00003202,MULE,ICICI-Sim,0.887,2025-01-24T00:00:00+00:00,88618c4f2bfffff
ACC-00003203,MULE,BOI-Sim,0.635,2022-01-04T00:00:00+00:00,8842cea623fffff
ACC-00003204,MULE,ICICI-Sim,0.801,2021-08-25T00:00:00+00:00,883d8dcf1dfffff
ACC-00003205,MULE,SBI-Sim,0.57,2021-11-17T00:00:00+00:00,88618c4d05fffff
ACC-00003206,MULE,HDFC-Sim,0.568,2023-07-01T00:00:00+00:00,8860b19695fffff
ACC-00003207,MULE,Axis-Sim,0.904,2022-01-22T00:00:00+00:00,88618921d1fffff
ACC-00003208,MULE,Axis-Sim,0.887,2021-09-19T00:00:00+00:00,88618c4e63fffff
ACC-00003209,MULE,HDFC-Sim,0.899,2022-02-05T00:00:00+00:00,8860a259bbfffff
ACC-00003210,MULE,SBI-Sim,0.606,2024-03-29T00:00:00+00:00,88618921d1fffff
ACC-00003211,MULE,SBI-Sim,0.943,2022-11-23T00:00:00+00:00,8842ceb4a1fffff
ACC-00003212,MULE,BOI-Sim,0.853,2024-10-10T00:00:00+00:00,8860b52c97fffff
ACC-00003213,MULE,BOI-Sim,0.569,2024-01-30T00:00:00+00:00,8842cea623fffff
ACC-00003214,MULE,SBI-Sim,0.55,2023-10-26T00:00:00+00:00,8860a259bbfffff
ACC-00003215,MULE,HDFC-Sim,0.82,2023-01-05T00:00:00+00:00,883da115a5fffff
ACC-00003216,MULE,BOI-Sim,0.9,2022-08-30T00:00:00+00:00,88608b0a6bfffff
ACC-00003217,MULE,PNB-Sim,0.722,2025-10-22T00:00:00+00:00,883d8dcf1dfffff
ACC-00003218,MULE,BOI-Sim,0.686,2021-07-17T00:00:00+00:00,883d8dcd5dfffff
ACC-00003219,MULE,HDFC-Sim,0.637,2026-01-20T00:00:00+00:00,8842ceb5d9fffff
ACC-00003220,MULE,PNB-Sim,0.835,2025-05-19T00:00:00+00:00,883d8dcd5dfffff
ACC-00003221,MULE,HDFC-Sim,0.837,2024-05-31T00:00:00+00:00,8860b19695fffff
ACC-00003222,MULE,PNB-Sim,0.564,2024-12-03T00:00:00+00:00,883d8dcd5dfffff
ACC-00003223,MULE,BOI-Sim,0.741,2023-07-28T00:00:00+00:00,8842ceb559fffff
ACC-00003224,MULE,PNB-Sim,0.873,2021-07-02T00:00:00+00:00,88618c4d05fffff
ACC-00003225,MULE,SBI-Sim,0.802,2023-05-23T00:00:00+00:00,883da11623fffff
ACC-00003226,MULE,PNB-Sim,0.807,2026-03-09T00:00:00+00:00,8860b52c97fffff
ACC-00003227,MULE,Axis-Sim,0.772,2022-07-25T00:00:00+00:00,8860b52c97fffff
ACC-00003228,MULE,HDFC-Sim,0.656,2025-10-04T00:00:00+00:00,8860b52e9bfffff
ACC-00003229,MULE,HDFC-Sim,0.689,2025-09-24T00:00:00+00:00,883da11623fffff
ACC-00003230,MULE,PNB-Sim,0.784,2024-08-27T00:00:00+00:00,88618c4d05fffff
ACC-00003231,MULE,HDFC-Sim,0.778,2024-11-06T00:00:00+00:00,8861892ecbfffff
ACC-00003232,MULE,PNB-Sim,0.879,2022-04-18T00:00:00+00:00,88618c45b9fffff
ACC-00003233,MULE,Axis-Sim,0.935,2022-09-05T00:00:00+00:00,8842ceb4a1fffff
ACC-00003234,MULE,Axis-Sim,0.723,2024-11-27T00:00:00+00:00,8860145943fffff
ACC-00003235,MULE,BOI-Sim,0.675,2024-05-18T00:00:00+00:00,883d8dcd5dfffff
ACC-00003236,MULE,HDFC-Sim,0.927,2022-02-23T00:00:00+00:00,883da11409fffff
ACC-00003237,MULE,PNB-Sim,0.701,2021-09-13T00:00:00+00:00,883d8dcc0dfffff
ACC-00003238,MULE,SBI-Sim,0.629,2023-11-04T00:00:00+00:00,88608b0961fffff
ACC-00003239,MULE,BOI-Sim,0.817,2023-01-01T00:00:00+00:00,8842ceb4a1fffff
ACC-00003240,MULE,Axis-Sim,0.593,2025-12-17T00:00:00+00:00,8842cea623fffff
ACC-00003241,MULE,BOI-Sim,0.885,2022-12-16T00:00:00+00:00,8842ceb5d9fffff
ACC-00003242,MULE,SBI-Sim,0.771,2026-05-01T00:00:00+00:00,8842ceb559fffff
ACC-00003243,MULE,Axis-Sim,0.83,2025-08-05T00:00:00+00:00,8860b19695fffff
ACC-00003244,MULE,ICICI-Sim,0.865,2023-10-10T00:00:00+00:00,883da11623fffff
ACC-00003245,MULE,Axis-Sim,0.779,2024-10-17T00:00:00+00:00,88608b56d7fffff
ACC-00003246,MULE,Axis-Sim,0.7,2023-07-14T00:00:00+00:00,88618c4e63fffff
ACC-00003247,MULE,HDFC-Sim,0.583,2024-07-07T00:00:00+00:00,88618925c5fffff
ACC-00003248,MULE,HDFC-Sim,0.859,2021-07-01T00:00:00+00:00,88608b4733fffff
ACC-00003249,MULE,ICICI-Sim,0.793,2022-10-10T00:00:00+00:00,8860145943fffff
ACC-00003250,MULE,Axis-Sim,0.733,2025-01-30T00:00:00+00:00,8842ceb5d9fffff
ACC-00003251,MULE,BOI-Sim,0.901,2023-01-01T00:00:00+00:00,88618921d1fffff
ACC-00003252,MULE,HDFC-Sim,0.604,2025-07-02T00:00:00+00:00,88618925c5fffff
ACC-00003253,MULE,BOI-Sim,0.841,2022-10-04T00:00:00+00:00,8842cea623fffff
ACC-00003254,MULE,PNB-Sim,0.81,2024-07-23T00:00:00+00:00,88618921d1fffff
ACC-00003255,MULE,BOI-Sim,0.874,2023-01-09T00:00:00+00:00,8861892ecbfffff
ACC-00003256,MULE,SBI-Sim,0.55,2024-01-02T00:00:00+00:00,8842ceb5d9fffff
ACC-00003257,MULE,ICICI-Sim,0.89,2021-11-22T00:00:00+00:00,883d8dcdd5fffff
ACC-00003258,MULE,Axis-Sim,0.782,2024-02-02T00:00:00+00:00,8861892ecbfffff
ACC-00003259,MULE,ICICI-Sim,0.664,2023-12-13T00:00:00+00:00,883da11233fffff
ACC-00003260,MULE,BOI-Sim,0.877,2022-04-17T00:00:00+00:00,883da11623fffff
ACC-00003261,MULE,SBI-Sim,0.921,2023-03-25T00:00:00+00:00,88618c4d05fffff
ACC-00003262,MULE,HDFC-Sim,0.84,2022-10-31T00:00:00+00:00,883d8dcd5dfffff
ACC-00003263,MULE,SBI-Sim,0.687,2025-02-08T00:00:00+00:00,88618c45b9fffff
ACC-00003264,MULE,HDFC-Sim,0.619,2024-06-17T00:00:00+00:00,8860145943fffff
ACC-00003265,MULE,Axis-Sim,0.765,2024-03-02T00:00:00+00:00,8842cea623fffff
ACC-00003266,MULE,HDFC-Sim,0.686,2026-02-22T00:00:00+00:00,88618925c5fffff
ACC-00003267,MULE,Axis-Sim,0.692,2023-04-06T00:00:00+00:00,8842cea623fffff
ACC-00003268,MULE,ICICI-Sim,0.582,2021-10-23T00:00:00+00:00,883d8dcdd5fffff
ACC-00003269,MULE,PNB-Sim,0.73,2022-07-14T00:00:00+00:00,883d8dcc0dfffff
ACC-00003270,MULE,BOI-Sim,0.584,2024-07-22T00:00:00+00:00,8860b52c97fffff
ACC-00003271,MULE,HDFC-Sim,0.61,2025-05-16T00:00:00+00:00,883d8dcd5dfffff
ACC-00003272,MULE,BOI-Sim,0.815,2022-01-06T00:00:00+00:00,88608b0a6bfffff
ACC-00003273,MULE,HDFC-Sim,0.762,2022-12-05T00:00:00+00:00,883da115a5fffff
ACC-00003274,MULE,ICICI-Sim,0.678,2025-06-19T00:00:00+00:00,8842ceb559fffff
ACC-00003275,MULE,Axis-Sim,0.828,2023-06-18T00:00:00+00:00,88618c4d05fffff
ACC-00003276,MULE,ICICI-Sim,0.585,2022-09-20T00:00:00+00:00,883da115a5fffff
ACC-00003277,MULE,Axis-Sim,0.582,2023-03-15T00:00:00+00:00,88608b0a6bfffff
ACC-00003278,MULE,Axis-Sim,0.782,2021-10-20T00:00:00+00:00,88608b0a6bfffff
ACC-00003279,MULE,ICICI-Sim,0.808,2022-07-04T00:00:00+00:00,88618c4e63fffff
ACC-00003280,MULE,PNB-Sim,0.822,2024-07-21T00:00:00+00:00,88608b56d7fffff
ACC-00003281,MULE,SBI-Sim,0.917,2022-04-28T00:00:00+00:00,883d8dcf1dfffff
ACC-00003282,MULE,BOI-Sim,0.621,2023-03-02T00:00:00+00:00,88608b4733fffff
ACC-00003283,MULE,SBI-Sim,0.93,2024-05-19T00:00:00+00:00,88618c4e63fffff
ACC-00003284,MULE,SBI-Sim,0.881,2025-08-16T00:00:00+00:00,883d8dcf1dfffff
ACC-00003285,MULE,ICICI-Sim,0.807,2024-01-15T00:00:00+00:00,88608b4733fffff
ACC-00003286,MULE,BOI-Sim,0.904,2023-01-16T00:00:00+00:00,88618921d1fffff
ACC-00003287,MULE,BOI-Sim,0.607,2021-09-07T00:00:00+00:00,8860b19695fffff
ACC-00003288,MULE,Axis-Sim,0.74,2024-12-24T00:00:00+00:00,88618c4d05fffff
ACC-00003289,MULE,SBI-Sim,0.699,2022-07-04T00:00:00+00:00,88608b0a6bfffff
ACC-00003290,MULE,HDFC-Sim,0.817,2021-09-03T00:00:00+00:00,8842cea623fffff
ACC-00003291,MULE,PNB-Sim,0.907,2022-03-19T00:00:00+00:00,88618c45b9fffff
ACC-00003292,MULE,ICICI-Sim,0.765,2022-05-26T00:00:00+00:00,88608b56d7fffff
ACC-00003293,MULE,HDFC-Sim,0.563,2022-08-19T00:00:00+00:00,88608b56d7fffff
ACC-00003294,MULE,HDFC-Sim,0.796,2024-08-24T00:00:00+00:00,883da11233fffff
ACC-00003295,MULE,BOI-Sim,0.711,2024-04-09T00:00:00+00:00,883da11233fffff
ACC-00003296,MULE,ICICI-Sim,0.69,2023-10-30T00:00:00+00:00,88618c45b9fffff
ACC-00003297,MULE,HDFC-Sim,0.683,2025-05-18T00:00:00+00:00,883d8dcd5dfffff
ACC-00003298,MULE,SBI-Sim,0.827,2024-02-20T00:00:00+00:00,88618c4f2bfffff
ACC-00003299,MULE,BOI-Sim,0.734,2024-11-20T00:00:00+00:00,883d8dcf1dfffff
ACC-00003300,MULE,HDFC-Sim,0.732,2023-11-17T00:00:00+00:00,8842ceb5d9fffff
ACC-00003301,MULE,PNB-Sim,0.928,2023-07-20T00:00:00+00:00,883d8dcd5dfffff
ACC-00003302,MULE,BOI-Sim,0.718,2022-10-22T00:00:00+00:00,883da11409fffff
ACC-00003303,MULE,BOI-Sim,0.781,2024-10-03T00:00:00+00:00,88608b56d7fffff
ACC-00003304,MULE,PNB-Sim,0.935,2022-11-13T00:00:00+00:00,883d8dcdd5fffff
ACC-00003305,MULE,Axis-Sim,0.893,2022-05-11T00:00:00+00:00,883d8dcdd5fffff
ACC-00003306,MULE,SBI-Sim,0.764,2024-03-31T00:00:00+00:00,883da11623fffff
ACC-00003307,MULE,BOI-Sim,0.634,2024-11-08T00:00:00+00:00,88608b0a6bfffff
ACC-00003308,MULE,SBI-Sim,0.606,2023-09-13T00:00:00+00:00,883da11409fffff
ACC-00003309,MULE,PNB-Sim,0.736,2022-09-10T00:00:00+00:00,88608b56d7fffff
ACC-00003310,MULE,ICICI-Sim,0.855,2023-09-11T00:00:00+00:00,883d8dcf1dfffff
ACC-00003311,MULE,PNB-Sim,0.585,2025-05-12T00:00:00+00:00,883d8dcc0dfffff
ACC-00003312,MULE,SBI-Sim,0.826,2024-01-16T00:00:00+00:00,8860b52c97fffff
ACC-00003313,MULE,HDFC-Sim,0.579,2022-08-09T00:00:00+00:00,8842cea623fffff
ACC-00003314,MULE,HDFC-Sim,0.885,2022-10-03T00:00:00+00:00,883d8dcc0dfffff
ACC-00003315,MULE,PNB-Sim,0.605,2023-01-06T00:00:00+00:00,8842ceb5d9fffff
ACC-00003316,MULE,SBI-Sim,0.76,2025-08-08T00:00:00+00:00,88618921d1fffff
ACC-00003317,MULE,PNB-Sim,0.824,2026-04-08T00:00:00+00:00,8860a259bbfffff
ACC-00003318,MULE,PNB-Sim,0.68,2024-07-25T00:00:00+00:00,883da115a5fffff
ACC-00003319,MULE,HDFC-Sim,0.692,2022-06-07T00:00:00+00:00,883d8dcf1dfffff
ACC-00003320,MULE,ICICI-Sim,0.921,2025-10-26T00:00:00+00:00,883d8dcf1dfffff
ACC-00003321,MULE,SBI-Sim,0.847,2025-08-27T00:00:00+00:00,88608b0961fffff
ACC-00003322,MULE,HDFC-Sim,0.781,2025-12-27T00:00:00+00:00,88618c45b9fffff
ACC-00003323,MULE,ICICI-Sim,0.638,2025-12-12T00:00:00+00:00,883da115a5fffff
ACC-00003324,MULE,BOI-Sim,0.622,2022-01-05T00:00:00+00:00,883da11409fffff
ACC-00003325,MULE,Axis-Sim,0.946,2023-04-25T00:00:00+00:00,8842cea623fffff
ACC-00003326,MULE,SBI-Sim,0.904,2021-07-23T00:00:00+00:00,88608b56d7fffff
ACC-00003327,MULE,Axis-Sim,0.938,2026-01-22T00:00:00+00:00,88608b4733fffff
ACC-00003328,MULE,HDFC-Sim,0.646,2024-09-13T00:00:00+00:00,883da11409fffff
ACC-00003329,MULE,Axis-Sim,0.895,2025-05-20T00:00:00+00:00,8860b19695fffff
ACC-00003330,MULE,BOI-Sim,0.925,2022-10-18T00:00:00+00:00,883da115a5fffff
ACC-00003331,MULE,ICICI-Sim,0.614,2025-07-20T00:00:00+00:00,883d8dcc0dfffff
ACC-00003332,MULE,BOI-Sim,0.764,2025-05-31T00:00:00+00:00,88618925c5fffff
ACC-00003333,MULE,PNB-Sim,0.848,2026-03-10T00:00:00+00:00,8860b52e9bfffff
ACC-00003334,MULE,SBI-Sim,0.88,2024-11-23T00:00:00+00:00,88618c45b9fffff
ACC-00003335,MULE,SBI-Sim,0.587,2022-05-23T00:00:00+00:00,88618c4f2bfffff
ACC-00003336,MULE,ICICI-Sim,0.881,2024-11-04T00:00:00+00:00,8860b52e9bfffff
ACC-00003337,MULE,BOI-Sim,0.717,2021-08-09T00:00:00+00:00,883da115a5fffff
ACC-00003338,MULE,HDFC-Sim,0.848,2024-10-20T00:00:00+00:00,8842cea623fffff
ACC-00003339,MULE,ICICI-Sim,0.633,2024-10-23T00:00:00+00:00,883da115a5fffff
ACC-00003340,MULE,Axis-Sim,0.669,2021-10-13T00:00:00+00:00,883da11233fffff
ACC-00003341,MULE,Axis-Sim,0.74,2024-04-16T00:00:00+00:00,88608b0a6bfffff
ACC-00003342,MULE,Axis-Sim,0.809,2025-09-02T00:00:00+00:00,8860a259bbfffff
ACC-00003343,MULE,HDFC-Sim,0.868,2024-07-23T00:00:00+00:00,8860b52e9bfffff
ACC-00003344,MULE,ICICI-Sim,0.638,2023-10-10T00:00:00+00:00,88618c4f2bfffff
ACC-00003345,MULE,HDFC-Sim,0.765,2022-08-26T00:00:00+00:00,8842ceb5d9fffff
ACC-00003346,MULE,SBI-Sim,0.833,2023-01-26T00:00:00+00:00,883d8dcdd5fffff
ACC-00003347,MULE,BOI-Sim,0.672,2025-10-26T00:00:00+00:00,8860b52c97fffff
ACC-00003348,MULE,Axis-Sim,0.695,2025-04-18T00:00:00+00:00,8860b52c97fffff
ACC-00003349,MULE,SBI-Sim,0.74,2026-01-24T00:00:00+00:00,88608b4733fffff
ACC-00003350,MULE,Axis-Sim,0.893,2022-03-10T00:00:00+00:00,883da11409fffff
ACC-00003351,MULE,HDFC-Sim,0.668,2024-01-20T00:00:00+00:00,883d8dcf1dfffff
ACC-00003352,MULE,SBI-Sim,0.731,2023-10-22T00:00:00+00:00,8861892ecbfffff
ACC-00003353,MULE,SBI-Sim,0.602,2024-01-03T00:00:00+00:00,8860a259bbfffff
ACC-00003354,MULE,BOI-Sim,0.747,2025-08-26T00:00:00+00:00,883d8dcc0dfffff
ACC-00003355,MULE,SBI-Sim,0.644,2023-12-27T00:00:00+00:00,8860145943fffff
ACC-00003356,MULE,BOI-Sim,0.784,2023-08-07T00:00:00+00:00,8842ceb559fffff
ACC-00003357,MULE,SBI-Sim,0.817,2026-04-06T00:00:00+00:00,883d8dcc0dfffff
ACC-00003358,MULE,BOI-Sim,0.741,2022-01-10T00:00:00+00:00,8860b52e9bfffff
ACC-00003359,MULE,SBI-Sim,0.848,2023-09-16T00:00:00+00:00,8861892ecbfffff
ACC-00003360,MULE,BOI-Sim,0.736,2024-08-26T00:00:00+00:00,88618921d1fffff
ACC-00003361,MULE,ICICI-Sim,0.746,2025-11-15T00:00:00+00:00,8860a259bbfffff
ACC-00003362,MULE,BOI-Sim,0.675,2024-08-14T00:00:00+00:00,8842cea623fffff
ACC-00003363,MULE,BOI-Sim,0.916,2025-08-21T00:00:00+00:00,8842ceb5d9fffff
ACC-00003364,MULE,Axis-Sim,0.729,2025-12-05T00:00:00+00:00,88618925c5fffff
ACC-00003365,MULE,SBI-Sim,0.811,2026-03-25T00:00:00+00:00,88608b4733fffff
ACC-00003366,MULE,PNB-Sim,0.818,2025-12-14T00:00:00+00:00,883d8dcd5dfffff
ACC-00003367,MULE,SBI-Sim,0.859,2025-10-26T00:00:00+00:00,883d8dcf1dfffff
ACC-00003368,MULE,PNB-Sim,0.61,2025-02-15T00:00:00+00:00,88618c45b9fffff
ACC-00003369,MULE,PNB-Sim,0.789,2025-08-06T00:00:00+00:00,88618925c5fffff
ACC-00003370,MULE,BOI-Sim,0.863,2023-05-17T00:00:00+00:00,8842ceb559fffff
ACC-00003371,MULE,HDFC-Sim,0.947,2024-04-29T00:00:00+00:00,883d8dcdd5fffff
ACC-00003372,MULE,ICICI-Sim,0.795,2025-10-25T00:00:00+00:00,8842cea623fffff
ACC-00003373,MULE,PNB-Sim,0.917,2022-12-01T00:00:00+00:00,8842ceb5d9fffff
ACC-00003374,MULE,ICICI-Sim,0.862,2024-07-27T00:00:00+00:00,883da115a5fffff
ACC-00003375,MULE,Axis-Sim,0.789,2025-07-03T00:00:00+00:00,883d8dcd5dfffff
ACC-00003376,MULE,ICICI-Sim,0.909,2025-08-18T00:00:00+00:00,8860b52c97fffff
ACC-00003377,MULE,Axis-Sim,0.627,2022-11-29T00:00:00+00:00,883d8dcf1dfffff
ACC-00003378,MULE,ICICI-Sim,0.571,2025-12-20T00:00:00+00:00,883d8dcf1dfffff
ACC-00003379,MULE,BOI-Sim,0.836,2024-05-09T00:00:00+00:00,8861892ecbfffff
ACC-00003380,MULE,SBI-Sim,0.891,2024-08-21T00:00:00+00:00,883d8dcdd5fffff
ACC-00003381,MULE,HDFC-Sim,0.901,2022-06-08T00:00:00+00:00,88608b0961fffff
ACC-00003382,MULE,Axis-Sim,0.812,2025-08-03T00:00:00+00:00,883da11233fffff
ACC-00003383,MULE,Axis-Sim,0.822,2025-05-07T00:00:00+00:00,8842cea623fffff
ACC-00003384,MULE,ICICI-Sim,0.724,2022-05-27T00:00:00+00:00,88608b56d7fffff
ACC-00003385,MULE,PNB-Sim,0.932,2022-02-05T00:00:00+00:00,8860b52c97fffff
ACC-00003386,MULE,ICICI-Sim,0.88,2024-01-10T00:00:00+00:00,8860b19695fffff
ACC-00003387,MULE,BOI-Sim,0.777,2024-10-17T00:00:00+00:00,8842ceb559fffff
ACC-00003388,MULE,Axis-Sim,0.576,2021-09-25T00:00:00+00:00,883d8dcdd5fffff
ACC-00003389,MULE,HDFC-Sim,0.844,2023-03-19T00:00:00+00:00,88608b0a6bfffff
ACC-00003390,MULE,Axis-Sim,0.898,2021-10-15T00:00:00+00:00,883d8dcf1dfffff
ACC-00003391,MULE,ICICI-Sim,0.934,2023-09-27T00:00:00+00:00,8861892ecbfffff
ACC-00003392,MULE,BOI-Sim,0.592,2023-01-14T00:00:00+00:00,8860a259bbfffff
ACC-00003393,MULE,SBI-Sim,0.762,2026-05-02T00:00:00+00:00,8860b52c97fffff
ACC-00003394,MULE,HDFC-Sim,0.616,2022-09-01T00:00:00+00:00,883da115a5fffff
ACC-00003395,MULE,HDFC-Sim,0.709,2022-08-17T00:00:00+00:00,88608b4733fffff
ACC-00003396,MULE,BOI-Sim,0.585,2022-06-16T00:00:00+00:00,883d8dcdd5fffff
ACC-00003397,MULE,PNB-Sim,0.8,2025-10-03T00:00:00+00:00,88618c4e63fffff
ACC-00003398,MULE,BOI-Sim,0.781,2024-11-19T00:00:00+00:00,88618c4d05fffff
ACC-00003399,MULE,BOI-Sim,0.878,2026-03-21T00:00:00+00:00,883da11409fffff
ACC-00003400,MULE,BOI-Sim,0.574,2022-06-27T00:00:00+00:00,88618c4e63fffff
ACC-00003401,MULE,ICICI-Sim,0.554,2022-05-18T00:00:00+00:00,883da11623fffff
ACC-00003402,MULE,SBI-Sim,0.556,2025-03-16T00:00:00+00:00,883d8dcdd5fffff
ACC-00003403,MULE,BOI-Sim,0.555,2023-10-23T00:00:00+00:00,883da11623fffff
ACC-00003404,MULE,ICICI-Sim,0.639,2021-12-07T00:00:00+00:00,8842ceb4a1fffff
ACC-00003405,MULE,BOI-Sim,0.886,2022-07-19T00:00:00+00:00,8860a259bbfffff
ACC-00003406,MULE,ICICI-Sim,0.682,2021-09-19T00:00:00+00:00,88618c45b9fffff
ACC-00003407,MULE,ICICI-Sim,0.586,2022-11-19T00:00:00+00:00,8842ceb5d9fffff
ACC-00003408,MULE,HDFC-Sim,0.821,2025-10-13T00:00:00+00:00,8860145943fffff
ACC-00003409,MULE,SBI-Sim,0.754,2021-09-03T00:00:00+00:00,88618c4d05fffff
ACC-00003410,MULE,BOI-Sim,0.91,2023-02-01T00:00:00+00:00,8860a259bbfffff
ACC-00003411,MULE,SBI-Sim,0.907,2023-04-18T00:00:00+00:00,8860a259bbfffff
ACC-00003412,MULE,ICICI-Sim,0.857,2025-04-21T00:00:00+00:00,88618921d1fffff
ACC-00003413,MULE,SBI-Sim,0.81,2024-11-06T00:00:00+00:00,8842ceb5d9fffff
ACC-00003414,MULE,BOI-Sim,0.861,2024-10-26T00:00:00+00:00,8860145943fffff
ACC-00003415,MULE,Axis-Sim,0.803,2024-04-30T00:00:00+00:00,883da115a5fffff
ACC-00003416,MULE,PNB-Sim,0.677,2026-01-08T00:00:00+00:00,883da11233fffff
ACC-00003417,MULE,BOI-Sim,0.721,2024-11-15T00:00:00+00:00,88618925c5fffff
ACC-00003418,MULE,PNB-Sim,0.632,2022-12-27T00:00:00+00:00,8860a259bbfffff
ACC-00003419,MULE,PNB-Sim,0.69,2024-01-06T00:00:00+00:00,8842ceb4a1fffff
ACC-00003420,MULE,BOI-Sim,0.759,2022-07-19T00:00:00+00:00,8842ceb559fffff
ACC-00003421,MULE,HDFC-Sim,0.644,2021-07-14T00:00:00+00:00,8860a259bbfffff
ACC-00003422,MULE,PNB-Sim,0.909,2022-01-29T00:00:00+00:00,88618c4e63fffff
ACC-00003423,MULE,Axis-Sim,0.842,2021-12-21T00:00:00+00:00,883da11409fffff
ACC-00003424,MULE,BOI-Sim,0.737,2024-06-13T00:00:00+00:00,88618c4e63fffff
ACC-00003425,MULE,Axis-Sim,0.786,2021-09-07T00:00:00+00:00,883d8dcdd5fffff
ACC-00003426,MULE,ICICI-Sim,0.924,2026-04-21T00:00:00+00:00,8861892ecbfffff
ACC-00003427,MULE,ICICI-Sim,0.579,2022-04-21T00:00:00+00:00,883d8dcc0dfffff
ACC-00003428,MULE,HDFC-Sim,0.88,2022-12-04T00:00:00+00:00,8842ceb559fffff
ACC-00003429,MULE,HDFC-Sim,0.893,2022-02-06T00:00:00+00:00,8842cea623fffff
ACC-00003430,MULE,HDFC-Sim,0.796,2023-05-30T00:00:00+00:00,883da115a5fffff
ACC-00003431,MULE,BOI-Sim,0.617,2024-08-20T00:00:00+00:00,88618921d1fffff
ACC-00003432,MULE,SBI-Sim,0.633,2026-02-14T00:00:00+00:00,88608b4733fffff
ACC-00003433,MULE,Axis-Sim,0.672,2024-12-02T00:00:00+00:00,8842ceb559fffff
ACC-00003434,MULE,BOI-Sim,0.921,2022-10-24T00:00:00+00:00,88618c4e63fffff
ACC-00003435,MULE,HDFC-Sim,0.923,2025-07-05T00:00:00+00:00,8860b52e9bfffff
ACC-00003436,MULE,SBI-Sim,0.748,2023-06-30T00:00:00+00:00,88608b0a6bfffff
ACC-00003437,MULE,PNB-Sim,0.665,2024-07-29T00:00:00+00:00,88618c4d05fffff
ACC-00003438,MULE,BOI-Sim,0.617,2022-07-02T00:00:00+00:00,883d8dcd5dfffff
ACC-00003439,MULE,SBI-Sim,0.7,2024-02-04T00:00:00+00:00,883d8dcf1dfffff
ACC-00003440,MULE,Axis-Sim,0.824,2025-11-24T00:00:00+00:00,8842ceb4a1fffff
ACC-00003441,MULE,Axis-Sim,0.574,2023-08-14T00:00:00+00:00,8842ceb4a1fffff
ACC-00003442,MULE,BOI-Sim,0.641,2023-06-04T00:00:00+00:00,8860a259bbfffff
ACC-00003443,MULE,PNB-Sim,0.754,2025-09-12T00:00:00+00:00,883da11233fffff
ACC-00003444,MULE,ICICI-Sim,0.85,2026-02-16T00:00:00+00:00,8860b52c97fffff
ACC-00003445,MULE,BOI-Sim,0.686,2024-11-22T00:00:00+00:00,8860b52e9bfffff
ACC-00003446,MULE,ICICI-Sim,0.554,2022-01-12T00:00:00+00:00,883d8dcc0dfffff
ACC-00003447,MULE,HDFC-Sim,0.848,2025-03-17T00:00:00+00:00,88608b4733fffff
ACC-00003448,MULE,Axis-Sim,0.865,2021-07-11T00:00:00+00:00,8860a259bbfffff
ACC-00003449,MULE,PNB-Sim,0.887,2025-11-04T00:00:00+00:00,88608b0961fffff
ACC-00003450,MULE,SBI-Sim,0.898,2022-02-20T00:00:00+00:00,88618921d1fffff
ACC-00003451,MULE,Axis-Sim,0.781,2024-07-30T00:00:00+00:00,88618925c5fffff
ACC-00003452,MULE,PNB-Sim,0.57,2024-06-02T00:00:00+00:00,88618c4e63fffff
ACC-00003453,MULE,SBI-Sim,0.66,2023-11-03T00:00:00+00:00,88618c4d05fffff
ACC-00003454,MULE,HDFC-Sim,0.865,2022-02-28T00:00:00+00:00,883da11623fffff
ACC-00003455,MULE,ICICI-Sim,0.932,2025-06-01T00:00:00+00:00,8842ceb4a1fffff
ACC-00003456,MULE,ICICI-Sim,0.571,2023-07-09T00:00:00+00:00,8860b52c97fffff
ACC-00003457,MULE,Axis-Sim,0.748,2023-11-21T00:00:00+00:00,88608b4733fffff
ACC-00003458,MULE,ICICI-Sim,0.615,2023-05-05T00:00:00+00:00,88608b0a6bfffff
ACC-00003459,MULE,Axis-Sim,0.703,2023-08-08T00:00:00+00:00,8842ceb4a1fffff
ACC-00003460,MULE,Axis-Sim,0.575,2025-11-21T00:00:00+00:00,88608b0961fffff
ACC-00003461,MULE,ICICI-Sim,0.824,2023-04-16T00:00:00+00:00,8842ceb5d9fffff
ACC-00003462,MULE,BOI-Sim,0.6,2023-08-22T00:00:00+00:00,8860a259bbfffff
ACC-00003463,MULE,SBI-Sim,0.867,2026-05-02T00:00:00+00:00,8860b52c97fffff
ACC-00003464,MULE,Axis-Sim,0.763,2023-10-07T00:00:00+00:00,8860a259bbfffff
ACC-00003465,MULE,Axis-Sim,0.651,2025-02-26T00:00:00+00:00,8842cea623fffff
ACC-00003466,MULE,ICICI-Sim,0.67,2025-09-24T00:00:00+00:00,8842ceb5d9fffff
ACC-00003467,MULE,BOI-Sim,0.597,2024-01-09T00:00:00+00:00,88618c4f2bfffff
ACC-00003468,MULE,BOI-Sim,0.745,2023-01-04T00:00:00+00:00,88618c4f2bfffff
ACC-00003469,MULE,SBI-Sim,0.84,2023-09-09T00:00:00+00:00,8860b52c97fffff
ACC-00003470,MULE,ICICI-Sim,0.736,2022-04-16T00:00:00+00:00,88608b56d7fffff
ACC-00003471,MULE,ICICI-Sim,0.68,2024-12-24T00:00:00+00:00,883d8dcc0dfffff
ACC-00003472,MULE,SBI-Sim,0.682,2026-01-10T00:00:00+00:00,88618c45b9fffff
ACC-00003473,MULE,SBI-Sim,0.583,2021-12-08T00:00:00+00:00,8860b52e9bfffff
ACC-00003474,MULE,HDFC-Sim,0.764,2023-03-15T00:00:00+00:00,8860a259bbfffff
ACC-00003475,MULE,BOI-Sim,0.614,2025-04-24T00:00:00+00:00,883da11623fffff
ACC-00003476,MULE,PNB-Sim,0.912,2022-07-06T00:00:00+00:00,88618c4f2bfffff
ACC-00003477,MULE,SBI-Sim,0.836,2022-05-19T00:00:00+00:00,883d8dcdd5fffff
ACC-00003478,MULE,BOI-Sim,0.685,2025-05-26T00:00:00+00:00,883d8dcdd5fffff
ACC-00003479,MULE,SBI-Sim,0.661,2022-01-24T00:00:00+00:00,88618c45b9fffff
ACC-00003480,MULE,BOI-Sim,0.722,2024-06-04T00:00:00+00:00,883d8dcdd5fffff
ACC-00003481,MULE,ICICI-Sim,0.646,2025-04-14T00:00:00+00:00,883d8dcf1dfffff
ACC-00003482,MULE,PNB-Sim,0.821,2023-01-21T00:00:00+00:00,8860b52e9bfffff
ACC-00003483,MULE,BOI-Sim,0.78,2023-02-26T00:00:00+00:00,883da11623fffff
ACC-00003484,MULE,ICICI-Sim,0.684,2021-07-16T00:00:00+00:00,883da115a5fffff
ACC-00003485,MULE,BOI-Sim,0.798,2025-04-21T00:00:00+00:00,8860b52e9bfffff
ACC-00003486,MULE,BOI-Sim,0.603,2025-04-21T00:00:00+00:00,88618c4d05fffff
ACC-00003487,MULE,ICICI-Sim,0.616,2023-11-02T00:00:00+00:00,88608b0a6bfffff
ACC-00003488,MULE,Axis-Sim,0.839,2023-11-21T00:00:00+00:00,8842ceb4a1fffff
ACC-00003489,MULE,Axis-Sim,0.825,2023-05-21T00:00:00+00:00,88608b4733fffff
ACC-00003490,MULE,PNB-Sim,0.705,2024-02-21T00:00:00+00:00,8860b19695fffff
ACC-00003491,MULE,BOI-Sim,0.887,2024-04-26T00:00:00+00:00,8860b52e9bfffff
ACC-00003492,MULE,PNB-Sim,0.889,2022-10-27T00:00:00+00:00,8860a259bbfffff
ACC-00003493,MULE,ICICI-Sim,0.706,2024-11-23T00:00:00+00:00,883d8dcc0dfffff
ACC-00003494,MULE,PNB-Sim,0.797,2024-02-21T00:00:00+00:00,883d8dcd5dfffff
ACC-00003495,MULE,PNB-Sim,0.778,2023-05-22T00:00:00+00:00,8842cea623fffff
ACC-00003496,MULE,PNB-Sim,0.748,2026-03-09T00:00:00+00:00,8842ceb4a1fffff
ACC-00003497,MULE,PNB-Sim,0.846,2026-02-01T00:00:00+00:00,883da11233fffff
ACC-00003498,MULE,Axis-Sim,0.711,2025-09-15T00:00:00+00:00,883da11233fffff
ACC-00003499,MULE,BOI-Sim,0.895,2026-01-16T00:00:00+00:00,88608b0a6bfffff
ACC-00003500,MULE,SBI-Sim,0.565,2023-12-04T00:00:00+00:00,88618921d1fffff
ACC-00003501,SUSPICIOUS,SBI-Sim,0.691,2022-08-23T00:00:00+00:00,88618c4d05fffff
ACC-00003502,SUSPICIOUS,PNB-Sim,0.585,2023-04-19T00:00:00+00:00,88618921d1fffff
ACC-00003503,SUSPICIOUS,PNB-Sim,0.719,2024-09-13T00:00:00+00:00,88618921d1fffff
ACC-00003504,SUSPICIOUS,Axis-Sim,0.61,2024-06-03T00:00:00+00:00,88608b0961fffff
ACC-00003505,SUSPICIOUS,HDFC-Sim,0.471,2022-12-21T00:00:00+00:00,88618921d1fffff
ACC-00003506,SUSPICIOUS,BOI-Sim,0.672,2025-02-10T00:00:00+00:00,883d8dcc0dfffff
ACC-00003507,SUSPICIOUS,SBI-Sim,0.582,2023-05-21T00:00:00+00:00,883d8dcd5dfffff
ACC-00003508,SUSPICIOUS,HDFC-Sim,0.731,2023-12-23T00:00:00+00:00,883d8dcf1dfffff
ACC-00003509,SUSPICIOUS,SBI-Sim,0.409,2023-10-26T00:00:00+00:00,883da11233fffff
ACC-00003510,SUSPICIOUS,SBI-Sim,0.582,2022-06-09T00:00:00+00:00,8861892ecbfffff
ACC-00003511,SUSPICIOUS,ICICI-Sim,0.661,2022-12-24T00:00:00+00:00,883da11233fffff
ACC-00003512,SUSPICIOUS,BOI-Sim,0.764,2025-07-27T00:00:00+00:00,883d8dcf1dfffff
ACC-00003513,SUSPICIOUS,BOI-Sim,0.66,2023-05-14T00:00:00+00:00,883da11623fffff
ACC-00003514,SUSPICIOUS,PNB-Sim,0.411,2024-12-26T00:00:00+00:00,8861892ecbfffff
ACC-00003515,SUSPICIOUS,ICICI-Sim,0.504,2022-06-03T00:00:00+00:00,8842ceb5d9fffff
ACC-00003516,SUSPICIOUS,BOI-Sim,0.612,2026-01-29T00:00:00+00:00,88608b4733fffff
ACC-00003517,SUSPICIOUS,Axis-Sim,0.691,2024-02-20T00:00:00+00:00,883d8dcc0dfffff
ACC-00003518,SUSPICIOUS,ICICI-Sim,0.735,2023-04-29T00:00:00+00:00,8842ceb4a1fffff
ACC-00003519,SUSPICIOUS,Axis-Sim,0.501,2024-11-28T00:00:00+00:00,88618c45b9fffff
ACC-00003520,SUSPICIOUS,Axis-Sim,0.536,2022-09-30T00:00:00+00:00,883d8dcf1dfffff
ACC-00003521,SUSPICIOUS,PNB-Sim,0.767,2024-07-25T00:00:00+00:00,883da11623fffff
ACC-00003522,SUSPICIOUS,BOI-Sim,0.711,2022-11-03T00:00:00+00:00,88618c4f2bfffff
ACC-00003523,SUSPICIOUS,SBI-Sim,0.526,2025-09-13T00:00:00+00:00,8860b52c97fffff
ACC-00003524,SUSPICIOUS,SBI-Sim,0.774,2023-12-02T00:00:00+00:00,88608b0961fffff
ACC-00003525,SUSPICIOUS,Axis-Sim,0.409,2021-07-13T00:00:00+00:00,8842ceb5d9fffff
ACC-00003526,SUSPICIOUS,BOI-Sim,0.75,2022-02-28T00:00:00+00:00,8860145943fffff
ACC-00003527,SUSPICIOUS,HDFC-Sim,0.783,2026-03-12T00:00:00+00:00,8842ceb4a1fffff
ACC-00003528,SUSPICIOUS,HDFC-Sim,0.635,2023-06-16T00:00:00+00:00,88618c4f2bfffff
ACC-00003529,SUSPICIOUS,PNB-Sim,0.635,2024-02-06T00:00:00+00:00,883da11623fffff
ACC-00003530,SUSPICIOUS,HDFC-Sim,0.743,2022-04-06T00:00:00+00:00,883d8dcf1dfffff
ACC-00003531,SUSPICIOUS,HDFC-Sim,0.448,2025-02-20T00:00:00+00:00,883da11233fffff
ACC-00003532,SUSPICIOUS,BOI-Sim,0.782,2024-11-15T00:00:00+00:00,8842cea623fffff
ACC-00003533,SUSPICIOUS,SBI-Sim,0.738,2025-02-24T00:00:00+00:00,88618921d1fffff
ACC-00003534,SUSPICIOUS,PNB-Sim,0.789,2024-12-23T00:00:00+00:00,88608b0a6bfffff
ACC-00003535,SUSPICIOUS,HDFC-Sim,0.448,2022-03-02T00:00:00+00:00,883da11233fffff
ACC-00003536,SUSPICIOUS,Axis-Sim,0.485,2025-09-18T00:00:00+00:00,8860a259bbfffff
ACC-00003537,SUSPICIOUS,PNB-Sim,0.646,2023-06-18T00:00:00+00:00,88608b4733fffff
ACC-00003538,SUSPICIOUS,ICICI-Sim,0.538,2023-05-28T00:00:00+00:00,883d8dcdd5fffff
ACC-00003539,SUSPICIOUS,ICICI-Sim,0.426,2023-01-04T00:00:00+00:00,88618925c5fffff
ACC-00003540,SUSPICIOUS,SBI-Sim,0.523,2023-01-23T00:00:00+00:00,88608b0961fffff
ACC-00003541,SUSPICIOUS,SBI-Sim,0.487,2022-05-13T00:00:00+00:00,88608b56d7fffff
ACC-00003542,SUSPICIOUS,BOI-Sim,0.615,2023-05-19T00:00:00+00:00,88608b0961fffff
ACC-00003543,SUSPICIOUS,Axis-Sim,0.479,2025-08-14T00:00:00+00:00,883da115a5fffff
ACC-00003544,SUSPICIOUS,BOI-Sim,0.784,2025-03-13T00:00:00+00:00,883d8dcd5dfffff
ACC-00003545,SUSPICIOUS,BOI-Sim,0.529,2024-12-10T00:00:00+00:00,88618c45b9fffff
ACC-00003546,SUSPICIOUS,ICICI-Sim,0.744,2022-11-19T00:00:00+00:00,88608b0961fffff
ACC-00003547,SUSPICIOUS,BOI-Sim,0.555,2023-10-17T00:00:00+00:00,88608b56d7fffff
ACC-00003548,SUSPICIOUS,Axis-Sim,0.648,2025-06-07T00:00:00+00:00,88618c4d05fffff
ACC-00003549,SUSPICIOUS,HDFC-Sim,0.673,2023-10-14T00:00:00+00:00,8842cea623fffff
ACC-00003550,SUSPICIOUS,SBI-Sim,0.753,2024-07-14T00:00:00+00:00,883da115a5fffff
ACC-00003551,SUSPICIOUS,HDFC-Sim,0.602,2025-03-20T00:00:00+00:00,88608b4733fffff
ACC-00003552,SUSPICIOUS,BOI-Sim,0.586,2024-03-21T00:00:00+00:00,883da11233fffff
ACC-00003553,SUSPICIOUS,ICICI-Sim,0.595,2024-07-07T00:00:00+00:00,8860b52e9bfffff
ACC-00003554,SUSPICIOUS,ICICI-Sim,0.674,2025-09-27T00:00:00+00:00,88618c4d05fffff
ACC-00003555,SUSPICIOUS,HDFC-Sim,0.499,2024-04-12T00:00:00+00:00,88608b0961fffff
ACC-00003556,SUSPICIOUS,PNB-Sim,0.55,2025-02-20T00:00:00+00:00,8842cea623fffff
ACC-00003557,SUSPICIOUS,PNB-Sim,0.776,2024-04-13T00:00:00+00:00,88608b0961fffff
ACC-00003558,SUSPICIOUS,BOI-Sim,0.74,2021-12-02T00:00:00+00:00,88618921d1fffff
ACC-00003559,SUSPICIOUS,ICICI-Sim,0.529,2024-12-03T00:00:00+00:00,88608b0a6bfffff
ACC-00003560,SUSPICIOUS,SBI-Sim,0.766,2025-04-27T00:00:00+00:00,883d8dcc0dfffff
ACC-00003561,SUSPICIOUS,Axis-Sim,0.638,2023-12-08T00:00:00+00:00,883da11409fffff
ACC-00003562,SUSPICIOUS,SBI-Sim,0.448,2024-08-01T00:00:00+00:00,8860b19695fffff
ACC-00003563,SUSPICIOUS,BOI-Sim,0.583,2021-12-25T00:00:00+00:00,8842cea623fffff
ACC-00003564,SUSPICIOUS,SBI-Sim,0.507,2024-06-21T00:00:00+00:00,8860145943fffff
ACC-00003565,SUSPICIOUS,ICICI-Sim,0.414,2024-07-16T00:00:00+00:00,88608b0a6bfffff
ACC-00003566,SUSPICIOUS,Axis-Sim,0.602,2022-01-15T00:00:00+00:00,8842ceb4a1fffff
ACC-00003567,SUSPICIOUS,PNB-Sim,0.553,2023-11-23T00:00:00+00:00,8860b52c97fffff
ACC-00003568,SUSPICIOUS,HDFC-Sim,0.425,2024-03-01T00:00:00+00:00,88618c4f2bfffff
ACC-00003569,SUSPICIOUS,HDFC-Sim,0.605,2022-01-18T00:00:00+00:00,8842ceb5d9fffff
ACC-00003570,SUSPICIOUS,SBI-Sim,0.524,2023-07-16T00:00:00+00:00,88618925c5fffff
ACC-00003571,SUSPICIOUS,BOI-Sim,0.678,2024-03-06T00:00:00+00:00,8842ceb4a1fffff
ACC-00003572,SUSPICIOUS,Axis-Sim,0.607,2023-07-28T00:00:00+00:00,88618925c5fffff
ACC-00003573,SUSPICIOUS,SBI-Sim,0.563,2021-09-01T00:00:00+00:00,88618c4d05fffff
ACC-00003574,SUSPICIOUS,BOI-Sim,0.631,2024-09-02T00:00:00+00:00,88618921d1fffff
ACC-00003575,SUSPICIOUS,BOI-Sim,0.412,2024-09-26T00:00:00+00:00,88618c4d05fffff
ACC-00003576,SUSPICIOUS,SBI-Sim,0.71,2025-11-17T00:00:00+00:00,88618c45b9fffff
ACC-00003577,SUSPICIOUS,HDFC-Sim,0.407,2024-06-27T00:00:00+00:00,8860b19695fffff
ACC-00003578,SUSPICIOUS,Axis-Sim,0.666,2023-08-29T00:00:00+00:00,88618c4d05fffff
ACC-00003579,SUSPICIOUS,HDFC-Sim,0.474,2022-02-07T00:00:00+00:00,883d8dcf1dfffff
ACC-00003580,SUSPICIOUS,PNB-Sim,0.429,2023-05-13T00:00:00+00:00,8842cea623fffff
ACC-00003581,SUSPICIOUS,SBI-Sim,0.725,2023-10-25T00:00:00+00:00,8860b19695fffff
ACC-00003582,SUSPICIOUS,ICICI-Sim,0.756,2022-08-04T00:00:00+00:00,883da11623fffff
ACC-00003583,SUSPICIOUS,BOI-Sim,0.604,2025-01-22T00:00:00+00:00,8842ceb4a1fffff
ACC-00003584,SUSPICIOUS,Axis-Sim,0.64,2021-11-07T00:00:00+00:00,88608b4733fffff
ACC-00003585,SUSPICIOUS,ICICI-Sim,0.451,2024-02-11T00:00:00+00:00,8860b52c97fffff
ACC-00003586,SUSPICIOUS,PNB-Sim,0.462,2023-03-23T00:00:00+00:00,88608b56d7fffff
ACC-00003587,SUSPICIOUS,SBI-Sim,0.412,2025-08-13T00:00:00+00:00,883da11409fffff
ACC-00003588,SUSPICIOUS,Axis-Sim,0.693,2023-10-14T00:00:00+00:00,8860a259bbfffff
ACC-00003589,SUSPICIOUS,PNB-Sim,0.491,2024-12-13T00:00:00+00:00,883da11409fffff
ACC-00003590,SUSPICIOUS,SBI-Sim,0.517,2024-03-26T00:00:00+00:00,88608b0a6bfffff
ACC-00003591,SUSPICIOUS,BOI-Sim,0.686,2025-10-02T00:00:00+00:00,88618c45b9fffff
ACC-00003592,SUSPICIOUS,HDFC-Sim,0.671,2024-04-15T00:00:00+00:00,8842cea623fffff
ACC-00003593,SUSPICIOUS,ICICI-Sim,0.681,2025-04-16T00:00:00+00:00,88618c4e63fffff
ACC-00003594,SUSPICIOUS,PNB-Sim,0.468,2023-05-10T00:00:00+00:00,88608b4733fffff
ACC-00003595,SUSPICIOUS,Axis-Sim,0.658,2022-03-16T00:00:00+00:00,8860b52e9bfffff
ACC-00003596,SUSPICIOUS,Axis-Sim,0.54,2023-03-21T00:00:00+00:00,883da11233fffff
ACC-00003597,SUSPICIOUS,PNB-Sim,0.552,2024-10-18T00:00:00+00:00,883d8dcd5dfffff
ACC-00003598,SUSPICIOUS,ICICI-Sim,0.572,2022-07-28T00:00:00+00:00,883d8dcf1dfffff
ACC-00003599,SUSPICIOUS,Axis-Sim,0.45,2022-09-07T00:00:00+00:00,8842ceb4a1fffff
ACC-00003600,SUSPICIOUS,HDFC-Sim,0.456,2022-06-14T00:00:00+00:00,883d8dcf1dfffff
ACC-00003601,SUSPICIOUS,SBI-Sim,0.554,2025-10-26T00:00:00+00:00,8860b52c97fffff
ACC-00003602,SUSPICIOUS,SBI-Sim,0.442,2025-02-08T00:00:00+00:00,88618c45b9fffff
ACC-00003603,SUSPICIOUS,BOI-Sim,0.509,2022-07-25T00:00:00+00:00,88618921d1fffff
ACC-00003604,SUSPICIOUS,Axis-Sim,0.775,2022-11-20T00:00:00+00:00,8842ceb559fffff
ACC-00003605,SUSPICIOUS,HDFC-Sim,0.768,2025-04-26T00:00:00+00:00,883d8dcf1dfffff
ACC-00003606,SUSPICIOUS,SBI-Sim,0.574,2024-12-12T00:00:00+00:00,883d8dcd5dfffff
ACC-00003607,SUSPICIOUS,BOI-Sim,0.633,2025-12-01T00:00:00+00:00,88618c45b9fffff
ACC-00003608,SUSPICIOUS,SBI-Sim,0.689,2023-04-08T00:00:00+00:00,8842cea623fffff
ACC-00003609,SUSPICIOUS,HDFC-Sim,0.625,2025-01-22T00:00:00+00:00,8860a259bbfffff
ACC-00003610,SUSPICIOUS,PNB-Sim,0.672,2023-03-11T00:00:00+00:00,883d8dcd5dfffff
ACC-00003611,SUSPICIOUS,Axis-Sim,0.449,2023-03-28T00:00:00+00:00,883da11623fffff
ACC-00003612,SUSPICIOUS,PNB-Sim,0.451,2024-02-15T00:00:00+00:00,8860b52e9bfffff
ACC-00003613,SUSPICIOUS,ICICI-Sim,0.507,2025-05-22T00:00:00+00:00,88608b56d7fffff
ACC-00003614,SUSPICIOUS,SBI-Sim,0.476,2022-02-03T00:00:00+00:00,88618c45b9fffff
ACC-00003615,SUSPICIOUS,HDFC-Sim,0.402,2025-09-10T00:00:00+00:00,88608b4733fffff
ACC-00003616,SUSPICIOUS,ICICI-Sim,0.727,2023-01-31T00:00:00+00:00,8842cea623fffff
ACC-00003617,SUSPICIOUS,PNB-Sim,0.663,2023-06-14T00:00:00+00:00,8860145943fffff
ACC-00003618,SUSPICIOUS,PNB-Sim,0.554,2023-04-16T00:00:00+00:00,8860a259bbfffff
ACC-00003619,SUSPICIOUS,BOI-Sim,0.633,2026-03-23T00:00:00+00:00,8842ceb5d9fffff
ACC-00003620,SUSPICIOUS,ICICI-Sim,0.599,2022-07-18T00:00:00+00:00,88618921d1fffff
ACC-00003621,SUSPICIOUS,HDFC-Sim,0.633,2025-06-09T00:00:00+00:00,8861892ecbfffff
ACC-00003622,SUSPICIOUS,SBI-Sim,0.487,2026-01-22T00:00:00+00:00,88618c4d05fffff
ACC-00003623,SUSPICIOUS,BOI-Sim,0.582,2022-06-01T00:00:00+00:00,883da11233fffff
ACC-00003624,SUSPICIOUS,PNB-Sim,0.782,2024-07-15T00:00:00+00:00,8860b52e9bfffff
ACC-00003625,SUSPICIOUS,ICICI-Sim,0.565,2022-05-08T00:00:00+00:00,88618921d1fffff
ACC-00003626,SUSPICIOUS,Axis-Sim,0.426,2024-04-19T00:00:00+00:00,883da115a5fffff
ACC-00003627,SUSPICIOUS,BOI-Sim,0.622,2024-08-28T00:00:00+00:00,88608b0a6bfffff
ACC-00003628,SUSPICIOUS,SBI-Sim,0.426,2024-10-21T00:00:00+00:00,8860b52c97fffff
ACC-00003629,SUSPICIOUS,ICICI-Sim,0.672,2021-12-01T00:00:00+00:00,883da11409fffff
ACC-00003630,SUSPICIOUS,HDFC-Sim,0.78,2024-11-27T00:00:00+00:00,88618c4f2bfffff
ACC-00003631,SUSPICIOUS,PNB-Sim,0.607,2023-07-26T00:00:00+00:00,883d8dcc0dfffff
ACC-00003632,SUSPICIOUS,PNB-Sim,0.667,2026-04-25T00:00:00+00:00,88608b0961fffff
ACC-00003633,SUSPICIOUS,ICICI-Sim,0.494,2024-04-17T00:00:00+00:00,8842ceb4a1fffff
ACC-00003634,SUSPICIOUS,PNB-Sim,0.524,2022-05-26T00:00:00+00:00,883d8dcd5dfffff
ACC-00003635,SUSPICIOUS,Axis-Sim,0.625,2021-11-14T00:00:00+00:00,883da115a5fffff
ACC-00003636,SUSPICIOUS,SBI-Sim,0.495,2025-04-23T00:00:00+00:00,88618921d1fffff
ACC-00003637,SUSPICIOUS,ICICI-Sim,0.421,2024-09-22T00:00:00+00:00,883da115a5fffff
ACC-00003638,SUSPICIOUS,ICICI-Sim,0.472,2024-04-08T00:00:00+00:00,8860b19695fffff
ACC-00003639,SUSPICIOUS,ICICI-Sim,0.407,2022-06-02T00:00:00+00:00,88618925c5fffff
ACC-00003640,SUSPICIOUS,BOI-Sim,0.692,2025-01-31T00:00:00+00:00,883da115a5fffff
ACC-00003641,SUSPICIOUS,Axis-Sim,0.583,2023-02-22T00:00:00+00:00,8860b52c97fffff
ACC-00003642,SUSPICIOUS,PNB-Sim,0.567,2024-10-06T00:00:00+00:00,88618c45b9fffff
ACC-00003643,SUSPICIOUS,PNB-Sim,0.669,2026-01-07T00:00:00+00:00,88608b56d7fffff
ACC-00003644,SUSPICIOUS,Axis-Sim,0.453,2022-08-19T00:00:00+00:00,8860b52c97fffff
ACC-00003645,SUSPICIOUS,Axis-Sim,0.422,2024-09-29T00:00:00+00:00,8842ceb5d9fffff
ACC-00003646,SUSPICIOUS,BOI-Sim,0.706,2025-05-28T00:00:00+00:00,8861892ecbfffff
ACC-00003647,SUSPICIOUS,BOI-Sim,0.61,2024-02-12T00:00:00+00:00,8860b52e9bfffff
ACC-00003648,SUSPICIOUS,SBI-Sim,0.784,2025-08-27T00:00:00+00:00,8861892ecbfffff
ACC-00003649,SUSPICIOUS,ICICI-Sim,0.45,2022-09-25T00:00:00+00:00,883d8dcd5dfffff
ACC-00003650,SUSPICIOUS,HDFC-Sim,0.65,2022-12-06T00:00:00+00:00,88608b56d7fffff
ACC-00003651,SUSPICIOUS,BOI-Sim,0.467,2025-03-25T00:00:00+00:00,8860b52c97fffff
ACC-00003652,SUSPICIOUS,SBI-Sim,0.614,2024-05-21T00:00:00+00:00,883d8dcd5dfffff
ACC-00003653,SUSPICIOUS,HDFC-Sim,0.623,2023-04-01T00:00:00+00:00,8842cea623fffff
ACC-00003654,SUSPICIOUS,Axis-Sim,0.723,2024-08-13T00:00:00+00:00,8860b52e9bfffff
ACC-00003655,SUSPICIOUS,ICICI-Sim,0.786,2022-08-16T00:00:00+00:00,883d8dcc0dfffff
ACC-00003656,SUSPICIOUS,BOI-Sim,0.734,2025-12-21T00:00:00+00:00,8842ceb4a1fffff
ACC-00003657,SUSPICIOUS,PNB-Sim,0.728,2024-04-21T00:00:00+00:00,8860a259bbfffff
ACC-00003658,SUSPICIOUS,ICICI-Sim,0.646,2021-11-21T00:00:00+00:00,883da11409fffff
ACC-00003659,SUSPICIOUS,PNB-Sim,0.49,2025-09-27T00:00:00+00:00,88618c45b9fffff
ACC-00003660,SUSPICIOUS,SBI-Sim,0.632,2026-02-07T00:00:00+00:00,88618c45b9fffff
ACC-00003661,SUSPICIOUS,BOI-Sim,0.765,2023-08-15T00:00:00+00:00,88608b4733fffff
ACC-00003662,SUSPICIOUS,BOI-Sim,0.483,2023-09-29T00:00:00+00:00,8860a259bbfffff
ACC-00003663,SUSPICIOUS,BOI-Sim,0.438,2022-09-19T00:00:00+00:00,88618c4f2bfffff
ACC-00003664,SUSPICIOUS,ICICI-Sim,0.629,2025-10-27T00:00:00+00:00,8860145943fffff
ACC-00003665,SUSPICIOUS,ICICI-Sim,0.608,2023-10-20T00:00:00+00:00,88618c45b9fffff
ACC-00003666,SUSPICIOUS,BOI-Sim,0.468,2022-08-28T00:00:00+00:00,88618c4d05fffff
ACC-00003667,SUSPICIOUS,BOI-Sim,0.415,2024-11-25T00:00:00+00:00,88608b4733fffff
ACC-00003668,SUSPICIOUS,HDFC-Sim,0.722,2022-07-19T00:00:00+00:00,883d8dcd5dfffff
ACC-00003669,SUSPICIOUS,SBI-Sim,0.658,2022-05-30T00:00:00+00:00,883da11409fffff
ACC-00003670,SUSPICIOUS,Axis-Sim,0.464,2023-10-08T00:00:00+00:00,8860b19695fffff
ACC-00003671,SUSPICIOUS,Axis-Sim,0.621,2022-06-11T00:00:00+00:00,88608b0a6bfffff
ACC-00003672,SUSPICIOUS,SBI-Sim,0.711,2026-04-12T00:00:00+00:00,8842ceb5d9fffff
ACC-00003673,SUSPICIOUS,PNB-Sim,0.512,2025-07-23T00:00:00+00:00,8842cea623fffff
ACC-00003674,SUSPICIOUS,Axis-Sim,0.759,2024-09-17T00:00:00+00:00,8861892ecbfffff
ACC-00003675,SUSPICIOUS,Axis-Sim,0.778,2023-02-19T00:00:00+00:00,883d8dcd5dfffff
ACC-00003676,SUSPICIOUS,SBI-Sim,0.73,2024-04-23T00:00:00+00:00,88618c4e63fffff
ACC-00003677,SUSPICIOUS,PNB-Sim,0.543,2023-07-09T00:00:00+00:00,88618c4f2bfffff
ACC-00003678,SUSPICIOUS,PNB-Sim,0.752,2024-05-08T00:00:00+00:00,88618925c5fffff
ACC-00003679,SUSPICIOUS,Axis-Sim,0.41,2025-06-20T00:00:00+00:00,8860a259bbfffff
ACC-00003680,SUSPICIOUS,ICICI-Sim,0.783,2021-11-09T00:00:00+00:00,883d8dcc0dfffff
ACC-00003681,SUSPICIOUS,SBI-Sim,0.466,2024-02-08T00:00:00+00:00,883da11233fffff
ACC-00003682,SUSPICIOUS,Axis-Sim,0.697,2022-01-29T00:00:00+00:00,88608b4733fffff
ACC-00003683,SUSPICIOUS,ICICI-Sim,0.705,2023-06-02T00:00:00+00:00,883d8dcdd5fffff
ACC-00003684,SUSPICIOUS,BOI-Sim,0.523,2024-09-20T00:00:00+00:00,8842cea623fffff
ACC-00003685,SUSPICIOUS,SBI-Sim,0.643,2023-06-04T00:00:00+00:00,88618921d1fffff
ACC-00003686,SUSPICIOUS,SBI-Sim,0.565,2023-02-13T00:00:00+00:00,88608b4733fffff
ACC-00003687,SUSPICIOUS,Axis-Sim,0.783,2022-09-22T00:00:00+00:00,8860b52e9bfffff
ACC-00003688,SUSPICIOUS,BOI-Sim,0.595,2023-10-07T00:00:00+00:00,88618925c5fffff
ACC-00003689,SUSPICIOUS,HDFC-Sim,0.766,2022-05-17T00:00:00+00:00,88618921d1fffff
ACC-00003690,SUSPICIOUS,SBI-Sim,0.496,2022-05-21T00:00:00+00:00,88618c4d05fffff
ACC-00003691,SUSPICIOUS,ICICI-Sim,0.652,2022-11-17T00:00:00+00:00,883da11623fffff
ACC-00003692,SUSPICIOUS,Axis-Sim,0.742,2022-09-10T00:00:00+00:00,8860b52e9bfffff
ACC-00003693,SUSPICIOUS,SBI-Sim,0.52,2025-05-31T00:00:00+00:00,88608b4733fffff
ACC-00003694,SUSPICIOUS,BOI-Sim,0.593,2026-02-14T00:00:00+00:00,883da11233fffff
ACC-00003695,SUSPICIOUS,BOI-Sim,0.453,2024-04-21T00:00:00+00:00,88618921d1fffff
ACC-00003696,SUSPICIOUS,ICICI-Sim,0.645,2023-12-31T00:00:00+00:00,88608b0961fffff
ACC-00003697,SUSPICIOUS,HDFC-Sim,0.658,2024-06-03T00:00:00+00:00,8860b52e9bfffff
ACC-00003698,SUSPICIOUS,HDFC-Sim,0.697,2025-07-01T00:00:00+00:00,8860145943fffff
ACC-00003699,SUSPICIOUS,BOI-Sim,0.438,2024-08-09T00:00:00+00:00,8842ceb5d9fffff
ACC-00003700,SUSPICIOUS,PNB-Sim,0.674,2024-06-19T00:00:00+00:00,8860b52c97fffff
ACC-00003701,SUSPICIOUS,PNB-Sim,0.642,2024-11-05T00:00:00+00:00,8860a259bbfffff
ACC-00003702,SUSPICIOUS,Axis-Sim,0.49,2025-08-08T00:00:00+00:00,8861892ecbfffff
ACC-00003703,SUSPICIOUS,ICICI-Sim,0.599,2022-04-11T00:00:00+00:00,8860145943fffff
ACC-00003704,SUSPICIOUS,Axis-Sim,0.73,2023-09-08T00:00:00+00:00,88618921d1fffff
ACC-00003705,SUSPICIOUS,SBI-Sim,0.655,2023-10-20T00:00:00+00:00,88608b0a6bfffff
ACC-00003706,SUSPICIOUS,ICICI-Sim,0.755,2022-07-24T00:00:00+00:00,88618c4e63fffff
ACC-00003707,SUSPICIOUS,SBI-Sim,0.788,2022-09-29T00:00:00+00:00,8861892ecbfffff
ACC-00003708,SUSPICIOUS,SBI-Sim,0.455,2021-09-04T00:00:00+00:00,88618c45b9fffff
ACC-00003709,SUSPICIOUS,BOI-Sim,0.78,2022-11-17T00:00:00+00:00,8860b19695fffff
ACC-00003710,SUSPICIOUS,HDFC-Sim,0.611,2024-09-19T00:00:00+00:00,8842ceb4a1fffff
ACC-00003711,SUSPICIOUS,Axis-Sim,0.465,2021-10-31T00:00:00+00:00,8842ceb4a1fffff
ACC-00003712,SUSPICIOUS,PNB-Sim,0.565,2024-10-07T00:00:00+00:00,883da115a5fffff
ACC-00003713,SUSPICIOUS,Axis-Sim,0.731,2023-08-27T00:00:00+00:00,8842ceb559fffff
ACC-00003714,SUSPICIOUS,ICICI-Sim,0.687,2023-10-03T00:00:00+00:00,88608b0961fffff
ACC-00003715,SUSPICIOUS,PNB-Sim,0.797,2023-09-10T00:00:00+00:00,8860b52c97fffff
ACC-00003716,SUSPICIOUS,Axis-Sim,0.526,2021-09-26T00:00:00+00:00,8842ceb4a1fffff
ACC-00003717,SUSPICIOUS,BOI-Sim,0.678,2022-02-06T00:00:00+00:00,8842ceb559fffff
ACC-00003718,SUSPICIOUS,Axis-Sim,0.49,2021-07-11T00:00:00+00:00,8860b19695fffff
ACC-00003719,SUSPICIOUS,HDFC-Sim,0.598,2021-10-13T00:00:00+00:00,8860145943fffff
ACC-00003720,SUSPICIOUS,Axis-Sim,0.759,2025-07-05T00:00:00+00:00,8861892ecbfffff
ACC-00003721,SUSPICIOUS,BOI-Sim,0.434,2025-04-12T00:00:00+00:00,8860b19695fffff
ACC-00003722,SUSPICIOUS,HDFC-Sim,0.523,2025-06-09T00:00:00+00:00,88618921d1fffff
ACC-00003723,SUSPICIOUS,BOI-Sim,0.421,2025-01-07T00:00:00+00:00,88608b0961fffff
ACC-00003724,SUSPICIOUS,BOI-Sim,0.688,2025-05-13T00:00:00+00:00,8860b52e9bfffff
ACC-00003725,SUSPICIOUS,PNB-Sim,0.435,2022-02-10T00:00:00+00:00,88618c4f2bfffff
ACC-00003726,SUSPICIOUS,SBI-Sim,0.577,2025-06-23T00:00:00+00:00,88618c4e63fffff
ACC-00003727,SUSPICIOUS,Axis-Sim,0.66,2025-10-25T00:00:00+00:00,883da11409fffff
ACC-00003728,SUSPICIOUS,SBI-Sim,0.441,2024-07-12T00:00:00+00:00,883da11409fffff
ACC-00003729,SUSPICIOUS,HDFC-Sim,0.552,2021-08-28T00:00:00+00:00,883d8dcd5dfffff
ACC-00003730,SUSPICIOUS,ICICI-Sim,0.775,2023-08-08T00:00:00+00:00,8860145943fffff
ACC-00003731,SUSPICIOUS,PNB-Sim,0.705,2022-08-26T00:00:00+00:00,8860b52c97fffff
ACC-00003732,SUSPICIOUS,Axis-Sim,0.455,2023-11-16T00:00:00+00:00,883da11623fffff
ACC-00003733,SUSPICIOUS,Axis-Sim,0.605,2025-06-01T00:00:00+00:00,88618c45b9fffff
ACC-00003734,SUSPICIOUS,HDFC-Sim,0.419,2023-08-29T00:00:00+00:00,8842cea623fffff
ACC-00003735,SUSPICIOUS,SBI-Sim,0.601,2021-11-29T00:00:00+00:00,883d8dcc0dfffff
ACC-00003736,SUSPICIOUS,BOI-Sim,0.753,2023-11-22T00:00:00+00:00,88618c4e63fffff
ACC-00003737,SUSPICIOUS,Axis-Sim,0.645,2024-05-09T00:00:00+00:00,88618c4e63fffff
ACC-00003738,SUSPICIOUS,BOI-Sim,0.483,2021-08-12T00:00:00+00:00,883d8dcd5dfffff
ACC-00003739,SUSPICIOUS,SBI-Sim,0.575,2024-12-06T00:00:00+00:00,883da11409fffff
ACC-00003740,SUSPICIOUS,ICICI-Sim,0.722,2022-04-11T00:00:00+00:00,8860b52e9bfffff
ACC-00003741,SUSPICIOUS,ICICI-Sim,0.604,2021-09-18T00:00:00+00:00,883d8dcc0dfffff
ACC-00003742,SUSPICIOUS,SBI-Sim,0.649,2024-06-22T00:00:00+00:00,88608b0961fffff
ACC-00003743,SUSPICIOUS,BOI-Sim,0.461,2022-05-13T00:00:00+00:00,883da11623fffff
ACC-00003744,SUSPICIOUS,SBI-Sim,0.617,2021-12-26T00:00:00+00:00,8860145943fffff
ACC-00003745,SUSPICIOUS,SBI-Sim,0.552,2024-06-26T00:00:00+00:00,88618c4e63fffff
ACC-00003746,SUSPICIOUS,ICICI-Sim,0.465,2025-01-04T00:00:00+00:00,883da11409fffff
ACC-00003747,SUSPICIOUS,BOI-Sim,0.772,2025-10-12T00:00:00+00:00,8860b52c97fffff
ACC-00003748,SUSPICIOUS,Axis-Sim,0.514,2023-02-18T00:00:00+00:00,883d8dcc0dfffff
ACC-00003749,SUSPICIOUS,PNB-Sim,0.44,2024-04-27T00:00:00+00:00,88608b4733fffff
ACC-00003750,SUSPICIOUS,BOI-Sim,0.779,2022-08-01T00:00:00+00:00,8860145943fffff
ACC-00003751,SUSPICIOUS,Axis-Sim,0.773,2025-07-17T00:00:00+00:00,883d8dcf1dfffff
ACC-00003752,SUSPICIOUS,ICICI-Sim,0.53,2024-07-24T00:00:00+00:00,88618925c5fffff
ACC-00003753,SUSPICIOUS,HDFC-Sim,0.696,2023-02-27T00:00:00+00:00,88618c4e63fffff
ACC-00003754,SUSPICIOUS,PNB-Sim,0.591,2025-05-13T00:00:00+00:00,8860b52c97fffff
ACC-00003755,SUSPICIOUS,Axis-Sim,0.637,2025-07-08T00:00:00+00:00,8861892ecbfffff
ACC-00003756,SUSPICIOUS,Axis-Sim,0.432,2021-12-19T00:00:00+00:00,88618c4e63fffff
ACC-00003757,SUSPICIOUS,ICICI-Sim,0.612,2025-09-13T00:00:00+00:00,883da11623fffff
ACC-00003758,SUSPICIOUS,Axis-Sim,0.546,2022-08-02T00:00:00+00:00,88608b56d7fffff
ACC-00003759,SUSPICIOUS,Axis-Sim,0.686,2022-12-04T00:00:00+00:00,8842cea623fffff
ACC-00003760,SUSPICIOUS,Axis-Sim,0.627,2026-03-28T00:00:00+00:00,8860b52c97fffff
ACC-00003761,SUSPICIOUS,ICICI-Sim,0.685,2022-02-17T00:00:00+00:00,88608b56d7fffff
ACC-00003762,SUSPICIOUS,SBI-Sim,0.594,2026-05-01T00:00:00+00:00,883da11233fffff
ACC-00003763,SUSPICIOUS,BOI-Sim,0.649,2022-02-24T00:00:00+00:00,8842cea623fffff
ACC-00003764,SUSPICIOUS,PNB-Sim,0.614,2022-01-05T00:00:00+00:00,88608b0a6bfffff
ACC-00003765,SUSPICIOUS,ICICI-Sim,0.574,2023-02-04T00:00:00+00:00,8861892ecbfffff
ACC-00003766,SUSPICIOUS,ICICI-Sim,0.59,2021-08-29T00:00:00+00:00,8860b19695fffff
ACC-00003767,SUSPICIOUS,Axis-Sim,0.537,2024-03-09T00:00:00+00:00,8842ceb559fffff
ACC-00003768,SUSPICIOUS,Axis-Sim,0.573,2023-11-27T00:00:00+00:00,8860b19695fffff
ACC-00003769,SUSPICIOUS,Axis-Sim,0.423,2023-05-21T00:00:00+00:00,88608b0961fffff
ACC-00003770,SUSPICIOUS,HDFC-Sim,0.632,2023-03-28T00:00:00+00:00,883d8dcf1dfffff
ACC-00003771,SUSPICIOUS,BOI-Sim,0.795,2022-05-08T00:00:00+00:00,883d8dcdd5fffff
ACC-00003772,SUSPICIOUS,SBI-Sim,0.597,2021-11-16T00:00:00+00:00,8860b52e9bfffff
ACC-00003773,SUSPICIOUS,SBI-Sim,0.769,2026-04-15T00:00:00+00:00,88608b0961fffff
ACC-00003774,SUSPICIOUS,HDFC-Sim,0.498,2025-01-23T00:00:00+00:00,8842ceb559fffff
ACC-00003775,SUSPICIOUS,HDFC-Sim,0.433,2023-07-06T00:00:00+00:00,88618921d1fffff
ACC-00003776,SUSPICIOUS,HDFC-Sim,0.46,2024-06-23T00:00:00+00:00,8842ceb559fffff
ACC-00003777,SUSPICIOUS,Axis-Sim,0.462,2024-01-27T00:00:00+00:00,883da11409fffff
ACC-00003778,SUSPICIOUS,BOI-Sim,0.628,2024-11-14T00:00:00+00:00,88608b56d7fffff
ACC-00003779,SUSPICIOUS,HDFC-Sim,0.711,2021-10-07T00:00:00+00:00,8842ceb559fffff
ACC-00003780,SUSPICIOUS,ICICI-Sim,0.673,2024-10-10T00:00:00+00:00,8860145943fffff
ACC-00003781,SUSPICIOUS,BOI-Sim,0.516,2022-09-11T00:00:00+00:00,883d8dcc0dfffff
ACC-00003782,SUSPICIOUS,BOI-Sim,0.582,2023-08-21T00:00:00+00:00,883da11409fffff
ACC-00003783,SUSPICIOUS,HDFC-Sim,0.571,2021-07-13T00:00:00+00:00,8860b52c97fffff
ACC-00003784,SUSPICIOUS,Axis-Sim,0.405,2022-11-22T00:00:00+00:00,88618925c5fffff
ACC-00003785,SUSPICIOUS,ICICI-Sim,0.477,2024-06-05T00:00:00+00:00,8860b19695fffff
ACC-00003786,SUSPICIOUS,SBI-Sim,0.7,2026-01-05T00:00:00+00:00,8842ceb559fffff
ACC-00003787,SUSPICIOUS,BOI-Sim,0.772,2024-10-26T00:00:00+00:00,883d8dcf1dfffff
ACC-00003788,SUSPICIOUS,SBI-Sim,0.689,2023-11-06T00:00:00+00:00,88618921d1fffff
ACC-00003789,SUSPICIOUS,SBI-Sim,0.606,2025-09-03T00:00:00+00:00,8842ceb5d9fffff
ACC-00003790,SUSPICIOUS,Axis-Sim,0.536,2025-01-08T00:00:00+00:00,883d8dcd5dfffff
ACC-00003791,SUSPICIOUS,ICICI-Sim,0.748,2022-02-12T00:00:00+00:00,883d8dcf1dfffff
ACC-00003792,SUSPICIOUS,ICICI-Sim,0.653,2024-06-18T00:00:00+00:00,883d8dcd5dfffff
ACC-00003793,SUSPICIOUS,Axis-Sim,0.685,2025-04-14T00:00:00+00:00,883d8dcdd5fffff
ACC-00003794,SUSPICIOUS,SBI-Sim,0.63,2024-02-21T00:00:00+00:00,8860145943fffff
ACC-00003795,SUSPICIOUS,Axis-Sim,0.522,2022-07-28T00:00:00+00:00,8860a259bbfffff
ACC-00003796,SUSPICIOUS,Axis-Sim,0.731,2022-09-04T00:00:00+00:00,88618c4e63fffff
ACC-00003797,SUSPICIOUS,SBI-Sim,0.645,2023-04-15T00:00:00+00:00,883d8dcc0dfffff
ACC-00003798,SUSPICIOUS,BOI-Sim,0.699,2024-12-28T00:00:00+00:00,88608b0a6bfffff
ACC-00003799,SUSPICIOUS,BOI-Sim,0.453,2023-05-13T00:00:00+00:00,8860a259bbfffff
ACC-00003800,SUSPICIOUS,HDFC-Sim,0.436,2025-08-30T00:00:00+00:00,88608b4733fffff
ACC-00003801,SUSPICIOUS,HDFC-Sim,0.425,2024-09-03T00:00:00+00:00,88618921d1fffff
ACC-00003802,SUSPICIOUS,SBI-Sim,0.432,2024-07-07T00:00:00+00:00,88618c45b9fffff
ACC-00003803,SUSPICIOUS,Axis-Sim,0.506,2022-01-07T00:00:00+00:00,8860b52e9bfffff
ACC-00003804,SUSPICIOUS,Axis-Sim,0.66,2021-07-18T00:00:00+00:00,883d8dcf1dfffff
ACC-00003805,SUSPICIOUS,BOI-Sim,0.573,2024-05-20T00:00:00+00:00,88618925c5fffff
ACC-00003806,SUSPICIOUS,Axis-Sim,0.519,2024-11-04T00:00:00+00:00,8861892ecbfffff
ACC-00003807,SUSPICIOUS,Axis-Sim,0.631,2024-11-29T00:00:00+00:00,8842ceb4a1fffff
ACC-00003808,SUSPICIOUS,BOI-Sim,0.765,2025-04-22T00:00:00+00:00,8842ceb4a1fffff
ACC-00003809,SUSPICIOUS,SBI-Sim,0.463,2022-04-26T00:00:00+00:00,88608b4733fffff
ACC-00003810,SUSPICIOUS,ICICI-Sim,0.749,2022-07-14T00:00:00+00:00,883d8dcdd5fffff
ACC-00003811,SUSPICIOUS,Axis-Sim,0.741,2021-11-19T00:00:00+00:00,883da11233fffff
ACC-00003812,SUSPICIOUS,HDFC-Sim,0.689,2025-05-24T00:00:00+00:00,8842ceb4a1fffff
ACC-00003813,SUSPICIOUS,BOI-Sim,0.659,2024-11-23T00:00:00+00:00,883da11623fffff
ACC-00003814,SUSPICIOUS,PNB-Sim,0.713,2022-05-08T00:00:00+00:00,88618921d1fffff
ACC-00003815,SUSPICIOUS,PNB-Sim,0.615,2022-10-06T00:00:00+00:00,88618925c5fffff
ACC-00003816,SUSPICIOUS,HDFC-Sim,0.548,2023-05-04T00:00:00+00:00,8842cea623fffff
ACC-00003817,SUSPICIOUS,Axis-Sim,0.561,2024-04-21T00:00:00+00:00,8860b19695fffff
ACC-00003818,SUSPICIOUS,PNB-Sim,0.543,2022-12-26T00:00:00+00:00,88608b4733fffff
ACC-00003819,SUSPICIOUS,ICICI-Sim,0.735,2025-12-11T00:00:00+00:00,883d8dcdd5fffff
ACC-00003820,SUSPICIOUS,SBI-Sim,0.653,2022-04-28T00:00:00+00:00,883d8dcdd5fffff
ACC-00003821,SUSPICIOUS,SBI-Sim,0.586,2021-12-28T00:00:00+00:00,8842ceb5d9fffff
ACC-00003822,SUSPICIOUS,Axis-Sim,0.566,2024-12-21T00:00:00+00:00,8861892ecbfffff
ACC-00003823,SUSPICIOUS,ICICI-Sim,0.759,2025-03-08T00:00:00+00:00,8842ceb5d9fffff
ACC-00003824,SUSPICIOUS,Axis-Sim,0.427,2024-03-15T00:00:00+00:00,88618c4d05fffff
ACC-00003825,SUSPICIOUS,Axis-Sim,0.475,2023-08-13T00:00:00+00:00,883d8dcf1dfffff
ACC-00003826,SUSPICIOUS,ICICI-Sim,0.776,2025-12-12T00:00:00+00:00,8860b19695fffff
ACC-00003827,SUSPICIOUS,ICICI-Sim,0.446,2024-10-30T00:00:00+00:00,8860a259bbfffff
ACC-00003828,SUSPICIOUS,Axis-Sim,0.49,2025-02-05T00:00:00+00:00,883da115a5fffff
ACC-00003829,SUSPICIOUS,BOI-Sim,0.673,2025-08-05T00:00:00+00:00,88618925c5fffff
ACC-00003830,SUSPICIOUS,BOI-Sim,0.472,2021-10-04T00:00:00+00:00,883d8dcc0dfffff
ACC-00003831,SUSPICIOUS,PNB-Sim,0.516,2021-07-11T00:00:00+00:00,88608b0961fffff
ACC-00003832,SUSPICIOUS,SBI-Sim,0.569,2025-12-17T00:00:00+00:00,88618c4d05fffff
ACC-00003833,SUSPICIOUS,Axis-Sim,0.454,2023-01-04T00:00:00+00:00,883d8dcdd5fffff
ACC-00003834,SUSPICIOUS,BOI-Sim,0.662,2024-09-29T00:00:00+00:00,88618925c5fffff
ACC-00003835,SUSPICIOUS,PNB-Sim,0.714,2022-09-23T00:00:00+00:00,883d8dcdd5fffff
ACC-00003836,SUSPICIOUS,SBI-Sim,0.422,2024-09-03T00:00:00+00:00,883da11409fffff
ACC-00003837,SUSPICIOUS,Axis-Sim,0.436,2022-01-17T00:00:00+00:00,8842cea623fffff
ACC-00003838,SUSPICIOUS,HDFC-Sim,0.733,2022-01-21T00:00:00+00:00,8860145943fffff
ACC-00003839,SUSPICIOUS,PNB-Sim,0.559,2023-08-29T00:00:00+00:00,8842ceb4a1fffff
ACC-00003840,SUSPICIOUS,HDFC-Sim,0.499,2021-07-17T00:00:00+00:00,8842ceb559fffff
ACC-00003841,SUSPICIOUS,HDFC-Sim,0.479,2022-07-13T00:00:00+00:00,88608b0a6bfffff
ACC-00003842,SUSPICIOUS,Axis-Sim,0.559,2025-04-22T00:00:00+00:00,8842ceb559fffff
ACC-00003843,SUSPICIOUS,HDFC-Sim,0.644,2023-11-09T00:00:00+00:00,88618c4e63fffff
ACC-00003844,SUSPICIOUS,SBI-Sim,0.579,2022-06-11T00:00:00+00:00,883d8dcf1dfffff
ACC-00003845,SUSPICIOUS,SBI-Sim,0.491,2024-01-11T00:00:00+00:00,88618c4d05fffff
ACC-00003846,SUSPICIOUS,HDFC-Sim,0.446,2026-02-17T00:00:00+00:00,883da11623fffff
ACC-00003847,SUSPICIOUS,ICICI-Sim,0.702,2021-12-26T00:00:00+00:00,8842ceb4a1fffff
ACC-00003848,SUSPICIOUS,BOI-Sim,0.711,2024-06-26T00:00:00+00:00,8860b52e9bfffff
ACC-00003849,SUSPICIOUS,SBI-Sim,0.635,2023-08-08T00:00:00+00:00,88608b0961fffff
ACC-00003850,SUSPICIOUS,HDFC-Sim,0.764,2022-05-13T00:00:00+00:00,88608b0961fffff
ACC-00003851,SUSPICIOUS,Axis-Sim,0.415,2026-01-27T00:00:00+00:00,8842ceb4a1fffff
ACC-00003852,SUSPICIOUS,ICICI-Sim,0.72,2023-09-06T00:00:00+00:00,8842ceb559fffff
ACC-00003853,SUSPICIOUS,ICICI-Sim,0.732,2023-04-10T00:00:00+00:00,88618925c5fffff
ACC-00003854,SUSPICIOUS,ICICI-Sim,0.594,2024-01-29T00:00:00+00:00,883da11233fffff
ACC-00003855,SUSPICIOUS,BOI-Sim,0.658,2025-04-29T00:00:00+00:00,88618c4d05fffff
ACC-00003856,SUSPICIOUS,ICICI-Sim,0.429,2025-11-16T00:00:00+00:00,883d8dcd5dfffff
ACC-00003857,SUSPICIOUS,ICICI-Sim,0.718,2023-03-03T00:00:00+00:00,88618c45b9fffff
ACC-00003858,SUSPICIOUS,ICICI-Sim,0.609,2024-05-02T00:00:00+00:00,883da11409fffff
ACC-00003859,SUSPICIOUS,PNB-Sim,0.64,2023-03-19T00:00:00+00:00,883d8dcf1dfffff
ACC-00003860,SUSPICIOUS,HDFC-Sim,0.483,2024-07-04T00:00:00+00:00,88608b0961fffff
ACC-00003861,SUSPICIOUS,ICICI-Sim,0.498,2023-05-18T00:00:00+00:00,88608b0961fffff
ACC-00003862,SUSPICIOUS,Axis-Sim,0.408,2023-08-22T00:00:00+00:00,883d8dcf1dfffff
ACC-00003863,SUSPICIOUS,SBI-Sim,0.581,2021-12-04T00:00:00+00:00,88618921d1fffff
ACC-00003864,SUSPICIOUS,PNB-Sim,0.441,2025-07-24T00:00:00+00:00,883da115a5fffff
ACC-00003865,SUSPICIOUS,BOI-Sim,0.447,2022-03-09T00:00:00+00:00,883d8dcd5dfffff
ACC-00003866,SUSPICIOUS,HDFC-Sim,0.713,2023-08-03T00:00:00+00:00,88618c45b9fffff
ACC-00003867,SUSPICIOUS,PNB-Sim,0.646,2025-06-23T00:00:00+00:00,8860b52e9bfffff
ACC-00003868,SUSPICIOUS,HDFC-Sim,0.701,2022-03-20T00:00:00+00:00,8842cea623fffff
ACC-00003869,SUSPICIOUS,BOI-Sim,0.716,2022-10-31T00:00:00+00:00,88608b0961fffff
ACC-00003870,SUSPICIOUS,SBI-Sim,0.707,2021-08-16T00:00:00+00:00,88618c4e63fffff
ACC-00003871,SUSPICIOUS,HDFC-Sim,0.468,2023-05-26T00:00:00+00:00,88618c4d05fffff
ACC-00003872,SUSPICIOUS,HDFC-Sim,0.684,2021-10-31T00:00:00+00:00,88618925c5fffff
ACC-00003873,SUSPICIOUS,ICICI-Sim,0.548,2023-11-11T00:00:00+00:00,88608b0a6bfffff
ACC-00003874,SUSPICIOUS,SBI-Sim,0.607,2022-02-19T00:00:00+00:00,88618c4d05fffff
ACC-00003875,SUSPICIOUS,SBI-Sim,0.624,2024-09-16T00:00:00+00:00,88618c45b9fffff
ACC-00003876,SUSPICIOUS,SBI-Sim,0.742,2025-04-26T00:00:00+00:00,8860b19695fffff
ACC-00003877,SUSPICIOUS,BOI-Sim,0.656,2022-03-12T00:00:00+00:00,8860b19695fffff
ACC-00003878,SUSPICIOUS,Axis-Sim,0.524,2026-04-08T00:00:00+00:00,88608b56d7fffff
ACC-00003879,SUSPICIOUS,PNB-Sim,0.531,2025-09-06T00:00:00+00:00,88618c4e63fffff
ACC-00003880,SUSPICIOUS,ICICI-Sim,0.656,2025-04-14T00:00:00+00:00,88608b0a6bfffff
ACC-00003881,SUSPICIOUS,PNB-Sim,0.459,2025-10-30T00:00:00+00:00,8842ceb5d9fffff
ACC-00003882,SUSPICIOUS,BOI-Sim,0.755,2022-01-21T00:00:00+00:00,8860b52c97fffff
ACC-00003883,SUSPICIOUS,BOI-Sim,0.621,2021-09-20T00:00:00+00:00,883da11233fffff
ACC-00003884,SUSPICIOUS,HDFC-Sim,0.453,2024-10-04T00:00:00+00:00,8842ceb559fffff
ACC-00003885,SUSPICIOUS,BOI-Sim,0.505,2025-04-11T00:00:00+00:00,883d8dcd5dfffff
ACC-00003886,SUSPICIOUS,ICICI-Sim,0.403,2024-12-14T00:00:00+00:00,883da115a5fffff
ACC-00003887,SUSPICIOUS,Axis-Sim,0.557,2022-12-20T00:00:00+00:00,883da11623fffff
ACC-00003888,SUSPICIOUS,Axis-Sim,0.496,2025-06-30T00:00:00+00:00,8842ceb559fffff
ACC-00003889,SUSPICIOUS,PNB-Sim,0.585,2023-08-19T00:00:00+00:00,883da115a5fffff
ACC-00003890,SUSPICIOUS,SBI-Sim,0.732,2024-08-03T00:00:00+00:00,88608b56d7fffff
ACC-00003891,SUSPICIOUS,PNB-Sim,0.776,2024-04-15T00:00:00+00:00,88618c4e63fffff
ACC-00003892,SUSPICIOUS,BOI-Sim,0.431,2022-12-21T00:00:00+00:00,88608b4733fffff
ACC-00003893,SUSPICIOUS,SBI-Sim,0.742,2022-02-05T00:00:00+00:00,8860b19695fffff
ACC-00003894,SUSPICIOUS,ICICI-Sim,0.698,2021-07-03T00:00:00+00:00,8861892ecbfffff
ACC-00003895,SUSPICIOUS,PNB-Sim,0.711,2023-01-20T00:00:00+00:00,88618925c5fffff
ACC-00003896,SUSPICIOUS,SBI-Sim,0.445,2024-01-30T00:00:00+00:00,8860b52e9bfffff
ACC-00003897,SUSPICIOUS,HDFC-Sim,0.523,2024-01-13T00:00:00+00:00,88618c4e63fffff
ACC-00003898,SUSPICIOUS,Axis-Sim,0.415,2024-10-13T00:00:00+00:00,883d8dcdd5fffff
ACC-00003899,SUSPICIOUS,ICICI-Sim,0.45,2022-10-15T00:00:00+00:00,883d8dcf1dfffff
ACC-00003900,SUSPICIOUS,ICICI-Sim,0.421,2025-01-13T00:00:00+00:00,883da11623fffff
ACC-00003901,SUSPICIOUS,PNB-Sim,0.644,2024-03-16T00:00:00+00:00,88618c45b9fffff
ACC-00003902,SUSPICIOUS,Axis-Sim,0.584,2025-10-01T00:00:00+00:00,883da115a5fffff
ACC-00003903,SUSPICIOUS,SBI-Sim,0.53,2022-12-25T00:00:00+00:00,8861892ecbfffff
ACC-00003904,SUSPICIOUS,BOI-Sim,0.651,2022-10-04T00:00:00+00:00,883d8dcc0dfffff
ACC-00003905,SUSPICIOUS,SBI-Sim,0.654,2025-03-23T00:00:00+00:00,883d8dcf1dfffff
ACC-00003906,SUSPICIOUS,HDFC-Sim,0.773,2021-08-05T00:00:00+00:00,88618c4f2bfffff
ACC-00003907,SUSPICIOUS,ICICI-Sim,0.729,2022-11-07T00:00:00+00:00,883da11409fffff
ACC-00003908,SUSPICIOUS,BOI-Sim,0.677,2022-08-17T00:00:00+00:00,8842cea623fffff
ACC-00003909,SUSPICIOUS,Axis-Sim,0.47,2025-09-13T00:00:00+00:00,883d8dcd5dfffff
ACC-00003910,SUSPICIOUS,Axis-Sim,0.496,2024-11-02T00:00:00+00:00,88618c4f2bfffff
ACC-00003911,SUSPICIOUS,PNB-Sim,0.783,2024-11-21T00:00:00+00:00,883da11233fffff
ACC-00003912,SUSPICIOUS,Axis-Sim,0.459,2025-11-15T00:00:00+00:00,883da115a5fffff
ACC-00003913,SUSPICIOUS,SBI-Sim,0.587,2022-10-19T00:00:00+00:00,8860b52c97fffff
ACC-00003914,SUSPICIOUS,BOI-Sim,0.721,2023-01-23T00:00:00+00:00,8860b52c97fffff
ACC-00003915,SUSPICIOUS,Axis-Sim,0.543,2021-10-03T00:00:00+00:00,8860a259bbfffff
ACC-00003916,SUSPICIOUS,HDFC-Sim,0.564,2021-08-06T00:00:00+00:00,883d8dcd5dfffff
ACC-00003917,SUSPICIOUS,HDFC-Sim,0.457,2024-04-16T00:00:00+00:00,88618c4d05fffff
ACC-00003918,SUSPICIOUS,SBI-Sim,0.511,2023-08-25T00:00:00+00:00,88608b4733fffff
ACC-00003919,SUSPICIOUS,Axis-Sim,0.52,2022-07-20T00:00:00+00:00,8860b52e9bfffff
ACC-00003920,SUSPICIOUS,PNB-Sim,0.523,2025-08-06T00:00:00+00:00,8842ceb559fffff
ACC-00003921,SUSPICIOUS,HDFC-Sim,0.687,2023-01-07T00:00:00+00:00,883d8dcd5dfffff
ACC-00003922,SUSPICIOUS,BOI-Sim,0.514,2022-04-04T00:00:00+00:00,88618c4f2bfffff
ACC-00003923,SUSPICIOUS,BOI-Sim,0.736,2022-01-09T00:00:00+00:00,88618c4d05fffff
ACC-00003924,SUSPICIOUS,Axis-Sim,0.434,2023-03-11T00:00:00+00:00,883d8dcf1dfffff
ACC-00003925,SUSPICIOUS,Axis-Sim,0.633,2025-09-26T00:00:00+00:00,883d8dcdd5fffff
ACC-00003926,SUSPICIOUS,PNB-Sim,0.769,2021-11-22T00:00:00+00:00,88618c45b9fffff
ACC-00003927,SUSPICIOUS,ICICI-Sim,0.745,2024-03-23T00:00:00+00:00,883da11409fffff
ACC-00003928,SUSPICIOUS,PNB-Sim,0.675,2025-03-29T00:00:00+00:00,883da11233fffff
ACC-00003929,SUSPICIOUS,Axis-Sim,0.48,2024-09-16T00:00:00+00:00,88618c4f2bfffff
ACC-00003930,SUSPICIOUS,ICICI-Sim,0.426,2022-09-25T00:00:00+00:00,88618c4f2bfffff
ACC-00003931,SUSPICIOUS,BOI-Sim,0.562,2026-02-10T00:00:00+00:00,883da11409fffff
ACC-00003932,SUSPICIOUS,Axis-Sim,0.61,2022-04-26T00:00:00+00:00,88618c4f2bfffff
ACC-00003933,SUSPICIOUS,SBI-Sim,0.413,2025-01-29T00:00:00+00:00,883d8dcd5dfffff
ACC-00003934,SUSPICIOUS,Axis-Sim,0.741,2022-03-01T00:00:00+00:00,883da115a5fffff
ACC-00003935,SUSPICIOUS,ICICI-Sim,0.741,2022-06-10T00:00:00+00:00,8861892ecbfffff
ACC-00003936,SUSPICIOUS,HDFC-Sim,0.455,2022-01-31T00:00:00+00:00,8842ceb559fffff
ACC-00003937,SUSPICIOUS,HDFC-Sim,0.682,2023-07-22T00:00:00+00:00,8842cea623fffff
ACC-00003938,SUSPICIOUS,ICICI-Sim,0.669,2021-12-19T00:00:00+00:00,88618c4f2bfffff
ACC-00003939,SUSPICIOUS,Axis-Sim,0.792,2024-10-31T00:00:00+00:00,88618c4d05fffff
ACC-00003940,SUSPICIOUS,HDFC-Sim,0.77,2026-01-28T00:00:00+00:00,8861892ecbfffff
ACC-00003941,SUSPICIOUS,Axis-Sim,0.427,2022-03-22T00:00:00+00:00,883da11623fffff
ACC-00003942,SUSPICIOUS,PNB-Sim,0.618,2023-02-11T00:00:00+00:00,88608b4733fffff
ACC-00003943,SUSPICIOUS,SBI-Sim,0.531,2021-12-27T00:00:00+00:00,88618c4d05fffff
ACC-00003944,SUSPICIOUS,PNB-Sim,0.555,2022-04-12T00:00:00+00:00,88618c4d05fffff
ACC-00003945,SUSPICIOUS,SBI-Sim,0.659,2026-03-22T00:00:00+00:00,8842ceb559fffff
ACC-00003946,SUSPICIOUS,PNB-Sim,0.709,2021-09-20T00:00:00+00:00,8860a259bbfffff
ACC-00003947,SUSPICIOUS,BOI-Sim,0.587,2021-12-14T00:00:00+00:00,8860a259bbfffff
ACC-00003948,SUSPICIOUS,PNB-Sim,0.705,2024-10-31T00:00:00+00:00,88608b4733fffff
ACC-00003949,SUSPICIOUS,HDFC-Sim,0.755,2023-01-31T00:00:00+00:00,88608b0961fffff
ACC-00003950,SUSPICIOUS,Axis-Sim,0.778,2025-11-29T00:00:00+00:00,883da11623fffff
ACC-00003951,SUSPICIOUS,SBI-Sim,0.6,2024-05-16T00:00:00+00:00,8860b19695fffff
ACC-00003952,SUSPICIOUS,ICICI-Sim,0.533,2025-08-09T00:00:00+00:00,8842ceb4a1fffff
ACC-00003953,SUSPICIOUS,SBI-Sim,0.509,2023-06-15T00:00:00+00:00,8860b52e9bfffff
ACC-00003954,SUSPICIOUS,SBI-Sim,0.5,2024-01-05T00:00:00+00:00,88618925c5fffff
ACC-00003955,SUSPICIOUS,PNB-Sim,0.709,2023-10-29T00:00:00+00:00,883d8dcd5dfffff
ACC-00003956,SUSPICIOUS,BOI-Sim,0.45,2024-04-30T00:00:00+00:00,88618921d1fffff
ACC-00003957,SUSPICIOUS,BOI-Sim,0.588,2023-12-08T00:00:00+00:00,883d8dcc0dfffff
ACC-00003958,SUSPICIOUS,ICICI-Sim,0.684,2025-12-02T00:00:00+00:00,8860b52c97fffff
ACC-00003959,SUSPICIOUS,PNB-Sim,0.432,2024-12-24T00:00:00+00:00,883d8dcd5dfffff
ACC-00003960,SUSPICIOUS,HDFC-Sim,0.555,2025-05-01T00:00:00+00:00,8842ceb4a1fffff
ACC-00003961,SUSPICIOUS,ICICI-Sim,0.51,2022-09-16T00:00:00+00:00,8842ceb559fffff
ACC-00003962,SUSPICIOUS,ICICI-Sim,0.766,2023-12-24T00:00:00+00:00,8842ceb5d9fffff
ACC-00003963,SUSPICIOUS,Axis-Sim,0.471,2023-06-28T00:00:00+00:00,883d8dcc0dfffff
ACC-00003964,SUSPICIOUS,BOI-Sim,0.551,2024-12-17T00:00:00+00:00,8842ceb5d9fffff
ACC-00003965,SUSPICIOUS,PNB-Sim,0.663,2025-05-28T00:00:00+00:00,8842cea623fffff
ACC-00003966,SUSPICIOUS,ICICI-Sim,0.704,2026-03-09T00:00:00+00:00,883da11409fffff
ACC-00003967,SUSPICIOUS,HDFC-Sim,0.448,2022-08-24T00:00:00+00:00,8860145943fffff
ACC-00003968,SUSPICIOUS,ICICI-Sim,0.689,2025-02-10T00:00:00+00:00,88618925c5fffff
ACC-00003969,SUSPICIOUS,PNB-Sim,0.52,2026-02-06T00:00:00+00:00,88618c4d05fffff
ACC-00003970,SUSPICIOUS,PNB-Sim,0.588,2024-11-15T00:00:00+00:00,8861892ecbfffff
ACC-00003971,SUSPICIOUS,ICICI-Sim,0.679,2022-02-03T00:00:00+00:00,8842ceb5d9fffff
ACC-00003972,SUSPICIOUS,HDFC-Sim,0.531,2023-11-26T00:00:00+00:00,88618921d1fffff
ACC-00003973,SUSPICIOUS,Axis-Sim,0.486,2023-11-14T00:00:00+00:00,8842ceb4a1fffff
ACC-00003974,SUSPICIOUS,SBI-Sim,0.439,2021-08-27T00:00:00+00:00,883da11623fffff
ACC-00003975,SUSPICIOUS,BOI-Sim,0.594,2025-02-07T00:00:00+00:00,883da11623fffff
ACC-00003976,SUSPICIOUS,BOI-Sim,0.525,2025-08-17T00:00:00+00:00,8860a259bbfffff
ACC-00003977,SUSPICIOUS,ICICI-Sim,0.716,2023-02-01T00:00:00+00:00,88608b56d7fffff
ACC-00003978,SUSPICIOUS,ICICI-Sim,0.537,2026-03-26T00:00:00+00:00,88608b4733fffff
ACC-00003979,SUSPICIOUS,PNB-Sim,0.573,2025-07-28T00:00:00+00:00,883d8dcc0dfffff
ACC-00003980,SUSPICIOUS,PNB-Sim,0.411,2023-08-05T00:00:00+00:00,88608b0a6bfffff
ACC-00003981,SUSPICIOUS,BOI-Sim,0.608,2023-08-06T00:00:00+00:00,883da11623fffff
ACC-00003982,SUSPICIOUS,Axis-Sim,0.641,2023-08-28T00:00:00+00:00,88608b56d7fffff
ACC-00003983,SUSPICIOUS,HDFC-Sim,0.626,2025-09-08T00:00:00+00:00,88608b0961fffff
ACC-00003984,SUSPICIOUS,SBI-Sim,0.47,2023-04-06T00:00:00+00:00,88608b0a6bfffff
ACC-00003985,SUSPICIOUS,Axis-Sim,0.608,2022-08-13T00:00:00+00:00,8860a259bbfffff
ACC-00003986,SUSPICIOUS,HDFC-Sim,0.452,2023-09-03T00:00:00+00:00,8842ceb4a1fffff
ACC-00003987,SUSPICIOUS,Axis-Sim,0.708,2025-10-28T00:00:00+00:00,883da115a5fffff
ACC-00003988,SUSPICIOUS,HDFC-Sim,0.571,2022-10-18T00:00:00+00:00,883da11233fffff
ACC-00003989,SUSPICIOUS,HDFC-Sim,0.489,2024-11-30T00:00:00+00:00,883d8dcf1dfffff
ACC-00003990,SUSPICIOUS,ICICI-Sim,0.699,2025-05-01T00:00:00+00:00,8842cea623fffff
ACC-00003991,SUSPICIOUS,ICICI-Sim,0.556,2026-01-31T00:00:00+00:00,8842cea623fffff
ACC-00003992,SUSPICIOUS,PNB-Sim,0.503,2024-03-19T00:00:00+00:00,8860b19695fffff
ACC-00003993,SUSPICIOUS,ICICI-Sim,0.756,2022-05-07T00:00:00+00:00,8860b19695fffff
ACC-00003994,SUSPICIOUS,SBI-Sim,0.54,2026-01-18T00:00:00+00:00,8860b52c97fffff
ACC-00003995,SUSPICIOUS,PNB-Sim,0.732,2025-09-01T00:00:00+00:00,883da11623fffff
ACC-00003996,SUSPICIOUS,SBI-Sim,0.538,2025-10-24T00:00:00+00:00,883d8dcc0dfffff
ACC-00003997,SUSPICIOUS,Axis-Sim,0.78,2025-09-12T00:00:00+00:00,883da115a5fffff
ACC-00003998,SUSPICIOUS,PNB-Sim,0.7,2022-12-06T00:00:00+00:00,8860145943fffff
ACC-00003999,SUSPICIOUS,HDFC-Sim,0.747,2023-03-18T00:00:00+00:00,8842ceb559fffff
ACC-00004000,SUSPICIOUS,HDFC-Sim,0.703,2021-10-04T00:00:00+00:00,8842cea623fffff
ACC-00004001,SUSPICIOUS,HDFC-Sim,0.458,2024-05-11T00:00:00+00:00,8842ceb4a1fffff
ACC-00004002,SUSPICIOUS,PNB-Sim,0.768,2022-07-03T00:00:00+00:00,8860a259bbfffff
ACC-00004003,SUSPICIOUS,Axis-Sim,0.693,2022-11-27T00:00:00+00:00,8860b52c97fffff
ACC-00004004,SUSPICIOUS,Axis-Sim,0.471,2025-09-11T00:00:00+00:00,8842ceb4a1fffff
ACC-00004005,SUSPICIOUS,ICICI-Sim,0.493,2022-05-10T00:00:00+00:00,88608b0961fffff
ACC-00004006,SUSPICIOUS,PNB-Sim,0.662,2023-08-19T00:00:00+00:00,88608b56d7fffff
ACC-00004007,SUSPICIOUS,Axis-Sim,0.427,2025-08-13T00:00:00+00:00,883d8dcd5dfffff
ACC-00004008,SUSPICIOUS,BOI-Sim,0.522,2024-05-13T00:00:00+00:00,883d8dcf1dfffff
ACC-00004009,SUSPICIOUS,SBI-Sim,0.523,2024-11-13T00:00:00+00:00,8860b52e9bfffff
ACC-00004010,SUSPICIOUS,PNB-Sim,0.718,2025-11-03T00:00:00+00:00,8860b52e9bfffff
ACC-00004011,SUSPICIOUS,ICICI-Sim,0.612,2021-09-26T00:00:00+00:00,88618921d1fffff
ACC-00004012,SUSPICIOUS,BOI-Sim,0.661,2021-11-24T00:00:00+00:00,8842ceb5d9fffff
ACC-00004013,SUSPICIOUS,SBI-Sim,0.618,2023-05-17T00:00:00+00:00,8860145943fffff
ACC-00004014,SUSPICIOUS,Axis-Sim,0.699,2022-10-21T00:00:00+00:00,8842ceb5d9fffff
ACC-00004015,SUSPICIOUS,ICICI-Sim,0.714,2025-07-19T00:00:00+00:00,88618925c5fffff
ACC-00004016,SUSPICIOUS,BOI-Sim,0.688,2024-05-02T00:00:00+00:00,8860a259bbfffff
ACC-00004017,SUSPICIOUS,SBI-Sim,0.543,2025-05-07T00:00:00+00:00,8861892ecbfffff
ACC-00004018,SUSPICIOUS,ICICI-Sim,0.643,2023-05-24T00:00:00+00:00,88618c4f2bfffff
ACC-00004019,SUSPICIOUS,BOI-Sim,0.403,2024-06-30T00:00:00+00:00,8860a259bbfffff
ACC-00004020,SUSPICIOUS,Axis-Sim,0.741,2024-11-18T00:00:00+00:00,88618c45b9fffff
ACC-00004021,SUSPICIOUS,BOI-Sim,0.516,2024-10-22T00:00:00+00:00,8861892ecbfffff
ACC-00004022,SUSPICIOUS,HDFC-Sim,0.747,2026-05-02T00:00:00+00:00,88618c4e63fffff
ACC-00004023,SUSPICIOUS,BOI-Sim,0.718,2025-10-02T00:00:00+00:00,88618c45b9fffff
ACC-00004024,SUSPICIOUS,HDFC-Sim,0.677,2024-07-27T00:00:00+00:00,8842ceb5d9fffff
ACC-00004025,SUSPICIOUS,HDFC-Sim,0.545,2024-06-21T00:00:00+00:00,883da11233fffff
ACC-00004026,SUSPICIOUS,SBI-Sim,0.747,2022-10-03T00:00:00+00:00,88608b0961fffff
ACC-00004027,SUSPICIOUS,PNB-Sim,0.492,2022-07-04T00:00:00+00:00,8842ceb4a1fffff
ACC-00004028,SUSPICIOUS,BOI-Sim,0.727,2022-01-28T00:00:00+00:00,8860b52e9bfffff
ACC-00004029,SUSPICIOUS,Axis-Sim,0.503,2023-08-01T00:00:00+00:00,8860b52c97fffff
ACC-00004030,SUSPICIOUS,Axis-Sim,0.784,2022-07-31T00:00:00+00:00,883da115a5fffff
ACC-00004031,SUSPICIOUS,HDFC-Sim,0.406,2022-10-02T00:00:00+00:00,883d8dcc0dfffff
ACC-00004032,SUSPICIOUS,SBI-Sim,0.724,2022-11-23T00:00:00+00:00,8842ceb559fffff
ACC-00004033,SUSPICIOUS,ICICI-Sim,0.595,2024-04-04T00:00:00+00:00,8860b52c97fffff
ACC-00004034,SUSPICIOUS,HDFC-Sim,0.524,2024-11-07T00:00:00+00:00,883d8dcdd5fffff
ACC-00004035,SUSPICIOUS,SBI-Sim,0.664,2022-07-30T00:00:00+00:00,8860b52e9bfffff
ACC-00004036,SUSPICIOUS,Axis-Sim,0.587,2022-12-25T00:00:00+00:00,883d8dcf1dfffff
ACC-00004037,SUSPICIOUS,PNB-Sim,0.691,2025-06-14T00:00:00+00:00,88608b0961fffff
ACC-00004038,SUSPICIOUS,ICICI-Sim,0.449,2025-02-11T00:00:00+00:00,88618c4f2bfffff
ACC-00004039,SUSPICIOUS,HDFC-Sim,0.437,2025-09-26T00:00:00+00:00,8842cea623fffff
ACC-00004040,SUSPICIOUS,BOI-Sim,0.627,2024-07-03T00:00:00+00:00,883da115a5fffff
ACC-00004041,SUSPICIOUS,Axis-Sim,0.428,2024-06-12T00:00:00+00:00,883d8dcc0dfffff
ACC-00004042,SUSPICIOUS,Axis-Sim,0.448,2024-10-30T00:00:00+00:00,883d8dcd5dfffff
ACC-00004043,SUSPICIOUS,BOI-Sim,0.461,2023-03-23T00:00:00+00:00,88608b0a6bfffff
ACC-00004044,SUSPICIOUS,BOI-Sim,0.668,2025-05-08T00:00:00+00:00,883d8dcf1dfffff
ACC-00004045,SUSPICIOUS,SBI-Sim,0.764,2025-01-07T00:00:00+00:00,88618925c5fffff
ACC-00004046,SUSPICIOUS,HDFC-Sim,0.605,2024-12-09T00:00:00+00:00,8860b19695fffff
ACC-00004047,SUSPICIOUS,PNB-Sim,0.773,2025-12-31T00:00:00+00:00,883da11233fffff
ACC-00004048,SUSPICIOUS,ICICI-Sim,0.578,2025-05-11T00:00:00+00:00,88618c4e63fffff
ACC-00004049,SUSPICIOUS,PNB-Sim,0.738,2022-01-20T00:00:00+00:00,8842ceb4a1fffff
ACC-00004050,SUSPICIOUS,Axis-Sim,0.53,2024-01-13T00:00:00+00:00,8842ceb5d9fffff
ACC-00004051,SUSPICIOUS,ICICI-Sim,0.626,2023-10-20T00:00:00+00:00,88618c45b9fffff
ACC-00004052,SUSPICIOUS,HDFC-Sim,0.768,2024-02-24T00:00:00+00:00,88618921d1fffff
ACC-00004053,SUSPICIOUS,BOI-Sim,0.484,2023-02-15T00:00:00+00:00,88608b0a6bfffff
ACC-00004054,SUSPICIOUS,ICICI-Sim,0.634,2026-04-11T00:00:00+00:00,8842cea623fffff
ACC-00004055,SUSPICIOUS,ICICI-Sim,0.578,2021-11-23T00:00:00+00:00,883da115a5fffff
ACC-00004056,SUSPICIOUS,BOI-Sim,0.711,2022-08-07T00:00:00+00:00,883d8dcc0dfffff
ACC-00004057,SUSPICIOUS,Axis-Sim,0.403,2023-01-09T00:00:00+00:00,8860b52e9bfffff
ACC-00004058,SUSPICIOUS,ICICI-Sim,0.547,2024-01-27T00:00:00+00:00,8860a259bbfffff
ACC-00004059,SUSPICIOUS,PNB-Sim,0.406,2025-06-02T00:00:00+00:00,8860145943fffff
ACC-00004060,SUSPICIOUS,ICICI-Sim,0.68,2022-04-28T00:00:00+00:00,883d8dcdd5fffff
ACC-00004061,SUSPICIOUS,Axis-Sim,0.548,2021-10-12T00:00:00+00:00,883d8dcd5dfffff
ACC-00004062,SUSPICIOUS,PNB-Sim,0.698,2025-11-07T00:00:00+00:00,8842ceb5d9fffff
ACC-00004063,SUSPICIOUS,HDFC-Sim,0.435,2022-06-30T00:00:00+00:00,8860b52c97fffff
ACC-00004064,SUSPICIOUS,SBI-Sim,0.406,2023-05-16T00:00:00+00:00,883da11409fffff
ACC-00004065,SUSPICIOUS,ICICI-Sim,0.738,2021-12-11T00:00:00+00:00,8860b52e9bfffff
ACC-00004066,SUSPICIOUS,PNB-Sim,0.548,2022-11-20T00:00:00+00:00,8842ceb4a1fffff
ACC-00004067,SUSPICIOUS,PNB-Sim,0.706,2023-02-28T00:00:00+00:00,8860b19695fffff
ACC-00004068,SUSPICIOUS,SBI-Sim,0.468,2022-05-23T00:00:00+00:00,88618c4d05fffff
ACC-00004069,SUSPICIOUS,PNB-Sim,0.472,2022-07-06T00:00:00+00:00,88608b0961fffff
ACC-00004070,SUSPICIOUS,SBI-Sim,0.432,2022-07-29T00:00:00+00:00,8860b19695fffff
ACC-00004071,SUSPICIOUS,HDFC-Sim,0.484,2022-06-23T00:00:00+00:00,88608b56d7fffff
ACC-00004072,SUSPICIOUS,BOI-Sim,0.765,2022-07-19T00:00:00+00:00,8842ceb559fffff
ACC-00004073,SUSPICIOUS,Axis-Sim,0.547,2021-08-21T00:00:00+00:00,88618921d1fffff
ACC-00004074,SUSPICIOUS,Axis-Sim,0.714,2024-12-26T00:00:00+00:00,8860b52c97fffff
ACC-00004075,SUSPICIOUS,PNB-Sim,0.483,2026-03-22T00:00:00+00:00,883da11409fffff
ACC-00004076,SUSPICIOUS,ICICI-Sim,0.611,2021-10-23T00:00:00+00:00,883d8dcf1dfffff
ACC-00004077,SUSPICIOUS,PNB-Sim,0.776,2025-09-15T00:00:00+00:00,88618921d1fffff
ACC-00004078,SUSPICIOUS,ICICI-Sim,0.703,2022-02-27T00:00:00+00:00,88618c4f2bfffff
ACC-00004079,SUSPICIOUS,HDFC-Sim,0.449,2025-08-15T00:00:00+00:00,883da11233fffff
ACC-00004080,SUSPICIOUS,SBI-Sim,0.798,2024-08-09T00:00:00+00:00,8860b52e9bfffff
ACC-00004081,SUSPICIOUS,Axis-Sim,0.631,2021-10-15T00:00:00+00:00,8860b19695fffff
ACC-00004082,SUSPICIOUS,ICICI-Sim,0.51,2021-10-02T00:00:00+00:00,883da11623fffff
ACC-00004083,SUSPICIOUS,Axis-Sim,0.524,2025-05-26T00:00:00+00:00,8842cea623fffff
ACC-00004084,SUSPICIOUS,SBI-Sim,0.659,2025-08-10T00:00:00+00:00,8842cea623fffff
ACC-00004085,SUSPICIOUS,ICICI-Sim,0.509,2024-09-26T00:00:00+00:00,8861892ecbfffff
ACC-00004086,SUSPICIOUS,BOI-Sim,0.509,2022-07-27T00:00:00+00:00,88618c4d05fffff
ACC-00004087,SUSPICIOUS,Axis-Sim,0.611,2026-03-27T00:00:00+00:00,8860b52e9bfffff
ACC-00004088,SUSPICIOUS,BOI-Sim,0.657,2023-03-28T00:00:00+00:00,88618925c5fffff
ACC-00004089,SUSPICIOUS,Axis-Sim,0.562,2024-01-08T00:00:00+00:00,883d8dcdd5fffff
ACC-00004090,SUSPICIOUS,HDFC-Sim,0.732,2023-01-15T00:00:00+00:00,8860b52e9bfffff
ACC-00004091,SUSPICIOUS,SBI-Sim,0.636,2024-03-08T00:00:00+00:00,8860b52e9bfffff
ACC-00004092,SUSPICIOUS,PNB-Sim,0.729,2024-01-02T00:00:00+00:00,883da11233fffff
ACC-00004093,SUSPICIOUS,ICICI-Sim,0.705,2024-04-28T00:00:00+00:00,883da115a5fffff
ACC-00004094,SUSPICIOUS,PNB-Sim,0.634,2024-06-10T00:00:00+00:00,883da11623fffff
ACC-00004095,SUSPICIOUS,PNB-Sim,0.653,2024-06-24T00:00:00+00:00,883da11233fffff
ACC-00004096,SUSPICIOUS,PNB-Sim,0.479,2026-04-02T00:00:00+00:00,88618c4f2bfffff
ACC-00004097,SUSPICIOUS,Axis-Sim,0.541,2023-05-14T00:00:00+00:00,88618c45b9fffff
ACC-00004098,SUSPICIOUS,ICICI-Sim,0.5,2021-09-05T00:00:00+00:00,88608b56d7fffff
ACC-00004099,SUSPICIOUS,ICICI-Sim,0.641,2025-09-08T00:00:00+00:00,88608b0a6bfffff
ACC-00004100,SUSPICIOUS,ICICI-Sim,0.59,2025-02-16T00:00:00+00:00,8860a259bbfffff
ACC-00004101,SUSPICIOUS,HDFC-Sim,0.708,2026-03-08T00:00:00+00:00,8861892ecbfffff
ACC-00004102,SUSPICIOUS,SBI-Sim,0.43,2025-09-23T00:00:00+00:00,88608b0a6bfffff
ACC-00004103,SUSPICIOUS,HDFC-Sim,0.607,2025-07-07T00:00:00+00:00,883da11623fffff
ACC-00004104,SUSPICIOUS,HDFC-Sim,0.697,2022-11-19T00:00:00+00:00,8842cea623fffff
ACC-00004105,SUSPICIOUS,SBI-Sim,0.756,2022-10-14T00:00:00+00:00,883d8dcd5dfffff
ACC-00004106,SUSPICIOUS,BOI-Sim,0.403,2024-06-08T00:00:00+00:00,88618925c5fffff
ACC-00004107,SUSPICIOUS,SBI-Sim,0.746,2023-02-09T00:00:00+00:00,88618921d1fffff
ACC-00004108,SUSPICIOUS,PNB-Sim,0.71,2023-06-22T00:00:00+00:00,88618c4e63fffff
ACC-00004109,SUSPICIOUS,BOI-Sim,0.777,2026-03-05T00:00:00+00:00,8860b52c97fffff
ACC-00004110,SUSPICIOUS,ICICI-Sim,0.421,2024-12-11T00:00:00+00:00,88618c4d05fffff
ACC-00004111,SUSPICIOUS,SBI-Sim,0.541,2022-10-22T00:00:00+00:00,883da115a5fffff
ACC-00004112,SUSPICIOUS,PNB-Sim,0.617,2021-08-25T00:00:00+00:00,88608b56d7fffff
ACC-00004113,SUSPICIOUS,SBI-Sim,0.589,2021-12-24T00:00:00+00:00,8842cea623fffff
ACC-00004114,SUSPICIOUS,PNB-Sim,0.5,2024-04-29T00:00:00+00:00,883da11233fffff
ACC-00004115,SUSPICIOUS,BOI-Sim,0.627,2022-01-24T00:00:00+00:00,883d8dcd5dfffff
ACC-00004116,SUSPICIOUS,ICICI-Sim,0.792,2025-08-26T00:00:00+00:00,8860145943fffff
ACC-00004117,SUSPICIOUS,SBI-Sim,0.471,2026-01-15T00:00:00+00:00,883da11623fffff
ACC-00004118,SUSPICIOUS,ICICI-Sim,0.621,2025-07-11T00:00:00+00:00,8860b19695fffff
ACC-00004119,SUSPICIOUS,HDFC-Sim,0.535,2023-04-15T00:00:00+00:00,8861892ecbfffff
ACC-00004120,SUSPICIOUS,SBI-Sim,0.596,2024-02-18T00:00:00+00:00,8860b52e9bfffff
ACC-00004121,SUSPICIOUS,SBI-Sim,0.579,2026-04-07T00:00:00+00:00,8861892ecbfffff
ACC-00004122,SUSPICIOUS,HDFC-Sim,0.69,2023-09-06T00:00:00+00:00,883d8dcdd5fffff
ACC-00004123,SUSPICIOUS,SBI-Sim,0.419,2022-05-30T00:00:00+00:00,8842ceb4a1fffff
ACC-00004124,SUSPICIOUS,SBI-Sim,0.796,2024-08-06T00:00:00+00:00,8860b52c97fffff
ACC-00004125,SUSPICIOUS,BOI-Sim,0.702,2022-02-28T00:00:00+00:00,88618c4e63fffff
ACC-00004126,SUSPICIOUS,HDFC-Sim,0.753,2022-05-31T00:00:00+00:00,88618c4e63fffff
ACC-00004127,SUSPICIOUS,Axis-Sim,0.562,2023-05-27T00:00:00+00:00,8860145943fffff
ACC-00004128,SUSPICIOUS,HDFC-Sim,0.418,2023-03-02T00:00:00+00:00,88608b56d7fffff
ACC-00004129,SUSPICIOUS,PNB-Sim,0.773,2023-10-17T00:00:00+00:00,88618921d1fffff
ACC-00004130,SUSPICIOUS,HDFC-Sim,0.542,2024-09-21T00:00:00+00:00,8861892ecbfffff
ACC-00004131,SUSPICIOUS,BOI-Sim,0.457,2021-10-13T00:00:00+00:00,8860b52e9bfffff
ACC-00004132,SUSPICIOUS,HDFC-Sim,0.583,2022-01-20T00:00:00+00:00,8842ceb4a1fffff
ACC-00004133,SUSPICIOUS,SBI-Sim,0.426,2024-07-13T00:00:00+00:00,8842cea623fffff
ACC-00004134,SUSPICIOUS,Axis-Sim,0.799,2023-04-10T00:00:00+00:00,8842ceb4a1fffff
ACC-00004135,SUSPICIOUS,ICICI-Sim,0.582,2022-11-19T00:00:00+00:00,88608b0961fffff
ACC-00004136,SUSPICIOUS,ICICI-Sim,0.794,2021-10-14T00:00:00+00:00,8861892ecbfffff
ACC-00004137,SUSPICIOUS,BOI-Sim,0.717,2026-04-13T00:00:00+00:00,883d8dcf1dfffff
ACC-00004138,SUSPICIOUS,BOI-Sim,0.663,2024-11-27T00:00:00+00:00,883da11233fffff
ACC-00004139,SUSPICIOUS,ICICI-Sim,0.637,2022-02-19T00:00:00+00:00,8842ceb559fffff
ACC-00004140,SUSPICIOUS,Axis-Sim,0.508,2022-07-04T00:00:00+00:00,8860a259bbfffff
ACC-00004141,SUSPICIOUS,HDFC-Sim,0.665,2023-07-24T00:00:00+00:00,88618925c5fffff
ACC-00004142,SUSPICIOUS,SBI-Sim,0.661,2024-03-27T00:00:00+00:00,88608b0a6bfffff
ACC-00004143,SUSPICIOUS,BOI-Sim,0.572,2022-01-04T00:00:00+00:00,8842ceb559fffff
ACC-00004144,SUSPICIOUS,SBI-Sim,0.406,2024-01-02T00:00:00+00:00,88618925c5fffff
ACC-00004145,SUSPICIOUS,SBI-Sim,0.522,2024-10-28T00:00:00+00:00,88608b4733fffff
ACC-00004146,SUSPICIOUS,PNB-Sim,0.791,2022-10-06T00:00:00+00:00,8842cea623fffff
ACC-00004147,SUSPICIOUS,PNB-Sim,0.775,2024-10-23T00:00:00+00:00,8860145943fffff
ACC-00004148,SUSPICIOUS,HDFC-Sim,0.465,2025-08-24T00:00:00+00:00,8842ceb559fffff
ACC-00004149,SUSPICIOUS,HDFC-Sim,0.452,2024-05-11T00:00:00+00:00,8842ceb4a1fffff
ACC-00004150,SUSPICIOUS,BOI-Sim,0.423,2023-08-29T00:00:00+00:00,8860b19695fffff
ACC-00004151,SUSPICIOUS,SBI-Sim,0.674,2024-09-08T00:00:00+00:00,883da115a5fffff
ACC-00004152,SUSPICIOUS,HDFC-Sim,0.663,2025-03-06T00:00:00+00:00,88608b0a6bfffff
ACC-00004153,SUSPICIOUS,Axis-Sim,0.531,2025-10-15T00:00:00+00:00,88608b56d7fffff
ACC-00004154,SUSPICIOUS,ICICI-Sim,0.722,2024-02-04T00:00:00+00:00,88608b4733fffff
ACC-00004155,SUSPICIOUS,ICICI-Sim,0.793,2022-09-06T00:00:00+00:00,88608b0961fffff
ACC-00004156,SUSPICIOUS,HDFC-Sim,0.747,2024-07-20T00:00:00+00:00,883da11623fffff
ACC-00004157,SUSPICIOUS,ICICI-Sim,0.532,2024-03-28T00:00:00+00:00,8860b52c97fffff
ACC-00004158,SUSPICIOUS,ICICI-Sim,0.402,2026-02-19T00:00:00+00:00,88608b0961fffff
ACC-00004159,SUSPICIOUS,BOI-Sim,0.738,2023-08-29T00:00:00+00:00,883d8dcdd5fffff
ACC-00004160,SUSPICIOUS,ICICI-Sim,0.777,2023-06-07T00:00:00+00:00,88618c4f2bfffff
ACC-00004161,SUSPICIOUS,HDFC-Sim,0.665,2024-07-07T00:00:00+00:00,8842ceb4a1fffff
ACC-00004162,SUSPICIOUS,ICICI-Sim,0.545,2024-12-06T00:00:00+00:00,8860b19695fffff
ACC-00004163,SUSPICIOUS,ICICI-Sim,0.592,2023-09-06T00:00:00+00:00,8860a259bbfffff
ACC-00004164,SUSPICIOUS,BOI-Sim,0.762,2026-02-08T00:00:00+00:00,883da115a5fffff
ACC-00004165,SUSPICIOUS,BOI-Sim,0.448,2024-03-20T00:00:00+00:00,883da115a5fffff
ACC-00004166,SUSPICIOUS,ICICI-Sim,0.529,2025-03-22T00:00:00+00:00,8842ceb559fffff
ACC-00004167,SUSPICIOUS,BOI-Sim,0.733,2025-03-08T00:00:00+00:00,88618925c5fffff
ACC-00004168,SUSPICIOUS,BOI-Sim,0.407,2022-10-30T00:00:00+00:00,8842cea623fffff
ACC-00004169,SUSPICIOUS,BOI-Sim,0.752,2026-04-22T00:00:00+00:00,8842ceb5d9fffff
ACC-00004170,SUSPICIOUS,ICICI-Sim,0.61,2025-05-30T00:00:00+00:00,88618c4d05fffff
ACC-00004171,SUSPICIOUS,HDFC-Sim,0.602,2024-10-03T00:00:00+00:00,883d8dcf1dfffff
ACC-00004172,SUSPICIOUS,PNB-Sim,0.622,2022-06-04T00:00:00+00:00,88618c4f2bfffff
ACC-00004173,SUSPICIOUS,ICICI-Sim,0.653,2026-02-17T00:00:00+00:00,8860a259bbfffff
ACC-00004174,SUSPICIOUS,Axis-Sim,0.419,2024-02-21T00:00:00+00:00,883da11233fffff
ACC-00004175,SUSPICIOUS,HDFC-Sim,0.453,2024-06-10T00:00:00+00:00,8860a259bbfffff
ACC-00004176,SUSPICIOUS,ICICI-Sim,0.531,2024-06-15T00:00:00+00:00,88618c45b9fffff
ACC-00004177,SUSPICIOUS,ICICI-Sim,0.745,2023-08-25T00:00:00+00:00,88608b4733fffff
ACC-00004178,SUSPICIOUS,HDFC-Sim,0.681,2025-06-14T00:00:00+00:00,8860145943fffff
ACC-00004179,SUSPICIOUS,HDFC-Sim,0.74,2025-02-07T00:00:00+00:00,88608b0961fffff
ACC-00004180,SUSPICIOUS,Axis-Sim,0.427,2022-12-19T00:00:00+00:00,883da11409fffff
ACC-00004181,SUSPICIOUS,BOI-Sim,0.429,2023-01-04T00:00:00+00:00,88618c4d05fffff
ACC-00004182,SUSPICIOUS,HDFC-Sim,0.786,2026-01-25T00:00:00+00:00,8842ceb559fffff
ACC-00004183,SUSPICIOUS,Axis-Sim,0.77,2021-11-25T00:00:00+00:00,88608b56d7fffff
ACC-00004184,SUSPICIOUS,ICICI-Sim,0.791,2022-02-25T00:00:00+00:00,883da11233fffff
ACC-00004185,SUSPICIOUS,SBI-Sim,0.582,2025-10-22T00:00:00+00:00,8842ceb5d9fffff
ACC-00004186,SUSPICIOUS,BOI-Sim,0.446,2022-02-25T00:00:00+00:00,883da11623fffff
ACC-00004187,SUSPICIOUS,SBI-Sim,0.685,2023-04-07T00:00:00+00:00,8842cea623fffff
ACC-00004188,SUSPICIOUS,ICICI-Sim,0.468,2024-12-30T00:00:00+00:00,883da11623fffff
ACC-00004189,SUSPICIOUS,HDFC-Sim,0.637,2026-02-06T00:00:00+00:00,883d8dcd5dfffff
ACC-00004190,SUSPICIOUS,BOI-Sim,0.427,2025-12-24T00:00:00+00:00,88618c45b9fffff
ACC-00004191,SUSPICIOUS,SBI-Sim,0.634,2024-11-14T00:00:00+00:00,883da11409fffff
ACC-00004192,SUSPICIOUS,HDFC-Sim,0.571,2023-01-06T00:00:00+00:00,88608b56d7fffff
ACC-00004193,SUSPICIOUS,SBI-Sim,0.437,2023-11-09T00:00:00+00:00,88618921d1fffff
ACC-00004194,SUSPICIOUS,SBI-Sim,0.765,2023-11-22T00:00:00+00:00,8860b19695fffff
ACC-00004195,SUSPICIOUS,Axis-Sim,0.621,2021-08-05T00:00:00+00:00,883d8dcdd5fffff
ACC-00004196,SUSPICIOUS,Axis-Sim,0.738,2021-09-13T00:00:00+00:00,88618921d1fffff
ACC-00004197,SUSPICIOUS,ICICI-Sim,0.536,2023-07-17T00:00:00+00:00,88608b56d7fffff
ACC-00004198,SUSPICIOUS,SBI-Sim,0.675,2025-08-01T00:00:00+00:00,883da11233fffff
ACC-00004199,SUSPICIOUS,PNB-Sim,0.715,2021-09-21T00:00:00+00:00,8861892ecbfffff
ACC-00004200,SUSPICIOUS,BOI-Sim,0.589,2025-05-22T00:00:00+00:00,88608b56d7fffff
ACC-00004201,SUSPICIOUS,ICICI-Sim,0.599,2024-09-12T00:00:00+00:00,88608b56d7fffff
ACC-00004202,SUSPICIOUS,ICICI-Sim,0.786,2022-07-27T00:00:00+00:00,88608b4733fffff
ACC-00004203,SUSPICIOUS,ICICI-Sim,0.795,2024-08-24T00:00:00+00:00,8842ceb5d9fffff
ACC-00004204,SUSPICIOUS,Axis-Sim,0.569,2022-08-12T00:00:00+00:00,883da11623fffff
ACC-00004205,SUSPICIOUS,SBI-Sim,0.42,2022-10-18T00:00:00+00:00,8860b52c97fffff
ACC-00004206,SUSPICIOUS,PNB-Sim,0.417,2025-06-22T00:00:00+00:00,8860b19695fffff
ACC-00004207,SUSPICIOUS,HDFC-Sim,0.673,2024-10-06T00:00:00+00:00,8860b52c97fffff
ACC-00004208,SUSPICIOUS,HDFC-Sim,0.591,2023-07-09T00:00:00+00:00,883da11409fffff
ACC-00004209,SUSPICIOUS,HDFC-Sim,0.676,2025-12-23T00:00:00+00:00,8842ceb5d9fffff
ACC-00004210,SUSPICIOUS,ICICI-Sim,0.422,2022-03-18T00:00:00+00:00,8860b19695fffff
ACC-00004211,SUSPICIOUS,Axis-Sim,0.709,2024-12-29T00:00:00+00:00,88618c4d05fffff
ACC-00004212,SUSPICIOUS,SBI-Sim,0.549,2024-11-05T00:00:00+00:00,8842cea623fffff
ACC-00004213,SUSPICIOUS,HDFC-Sim,0.648,2022-08-13T00:00:00+00:00,8842ceb5d9fffff
ACC-00004214,SUSPICIOUS,PNB-Sim,0.795,2025-08-22T00:00:00+00:00,8860b19695fffff
ACC-00004215,SUSPICIOUS,SBI-Sim,0.687,2022-12-28T00:00:00+00:00,8860b19695fffff
ACC-00004216,SUSPICIOUS,HDFC-Sim,0.654,2022-08-08T00:00:00+00:00,88618925c5fffff
ACC-00004217,SUSPICIOUS,BOI-Sim,0.423,2025-01-22T00:00:00+00:00,88618c45b9fffff
ACC-00004218,SUSPICIOUS,ICICI-Sim,0.741,2025-03-25T00:00:00+00:00,8860a259bbfffff
ACC-00004219,SUSPICIOUS,Axis-Sim,0.63,2024-06-03T00:00:00+00:00,8842cea623fffff
ACC-00004220,SUSPICIOUS,Axis-Sim,0.534,2022-01-28T00:00:00+00:00,8860b52c97fffff
ACC-00004221,SUSPICIOUS,BOI-Sim,0.666,2025-05-05T00:00:00+00:00,883da11233fffff
ACC-00004222,SUSPICIOUS,BOI-Sim,0.696,2025-07-23T00:00:00+00:00,88608b0a6bfffff
ACC-00004223,SUSPICIOUS,SBI-Sim,0.72,2025-04-28T00:00:00+00:00,8860a259bbfffff
ACC-00004224,SUSPICIOUS,PNB-Sim,0.507,2022-04-30T00:00:00+00:00,883d8dcd5dfffff
ACC-00004225,SUSPICIOUS,ICICI-Sim,0.735,2025-12-31T00:00:00+00:00,883da115a5fffff
ACC-00004226,SUSPICIOUS,BOI-Sim,0.64,2025-06-30T00:00:00+00:00,88608b0a6bfffff
ACC-00004227,SUSPICIOUS,HDFC-Sim,0.501,2024-11-02T00:00:00+00:00,883da11233fffff
ACC-00004228,SUSPICIOUS,PNB-Sim,0.622,2026-01-31T00:00:00+00:00,8860b52e9bfffff
ACC-00004229,SUSPICIOUS,Axis-Sim,0.78,2024-08-04T00:00:00+00:00,8842ceb4a1fffff
ACC-00004230,SUSPICIOUS,SBI-Sim,0.411,2025-12-30T00:00:00+00:00,8861892ecbfffff
ACC-00004231,SUSPICIOUS,SBI-Sim,0.587,2026-03-07T00:00:00+00:00,88608b0961fffff
ACC-00004232,SUSPICIOUS,Axis-Sim,0.611,2023-03-04T00:00:00+00:00,8842ceb4a1fffff
ACC-00004233,SUSPICIOUS,ICICI-Sim,0.532,2023-03-19T00:00:00+00:00,88618c45b9fffff
ACC-00004234,SUSPICIOUS,ICICI-Sim,0.561,2024-12-23T00:00:00+00:00,88618c4f2bfffff
ACC-00004235,SUSPICIOUS,BOI-Sim,0.708,2025-03-30T00:00:00+00:00,883d8dcd5dfffff
ACC-00004236,SUSPICIOUS,BOI-Sim,0.763,2025-04-04T00:00:00+00:00,88608b4733fffff
ACC-00004237,SUSPICIOUS,ICICI-Sim,0.654,2022-05-17T00:00:00+00:00,88618c4e63fffff
ACC-00004238,SUSPICIOUS,HDFC-Sim,0.751,2021-10-28T00:00:00+00:00,88608b56d7fffff
ACC-00004239,SUSPICIOUS,Axis-Sim,0.557,2025-07-10T00:00:00+00:00,883d8dcdd5fffff
ACC-00004240,SUSPICIOUS,ICICI-Sim,0.675,2022-10-11T00:00:00+00:00,883d8dcc0dfffff
ACC-00004241,SUSPICIOUS,PNB-Sim,0.658,2021-10-28T00:00:00+00:00,8842ceb4a1fffff
ACC-00004242,SUSPICIOUS,BOI-Sim,0.451,2023-12-12T00:00:00+00:00,88608b0a6bfffff
ACC-00004243,SUSPICIOUS,HDFC-Sim,0.671,2025-06-03T00:00:00+00:00,883d8dcd5dfffff
ACC-00004244,SUSPICIOUS,PNB-Sim,0.436,2023-05-18T00:00:00+00:00,88618925c5fffff
ACC-00004245,SUSPICIOUS,BOI-Sim,0.598,2023-03-05T00:00:00+00:00,883d8dcf1dfffff
ACC-00004246,SUSPICIOUS,PNB-Sim,0.61,2022-07-21T00:00:00+00:00,88618921d1fffff
ACC-00004247,SUSPICIOUS,PNB-Sim,0.511,2023-01-23T00:00:00+00:00,8860a259bbfffff
ACC-00004248,SUSPICIOUS,ICICI-Sim,0.484,2026-04-02T00:00:00+00:00,883d8dcdd5fffff
ACC-00004249,SUSPICIOUS,SBI-Sim,0.786,2023-10-19T00:00:00+00:00,883da11623fffff
ACC-00004250,SUSPICIOUS,PNB-Sim,0.743,2021-11-25T00:00:00+00:00,883d8dcf1dfffff
ACC-00004251,SUSPICIOUS,PNB-Sim,0.566,2023-11-20T00:00:00+00:00,8860b19695fffff
ACC-00004252,SUSPICIOUS,SBI-Sim,0.771,2025-03-22T00:00:00+00:00,88618921d1fffff
ACC-00004253,SUSPICIOUS,HDFC-Sim,0.562,2025-10-24T00:00:00+00:00,883da11409fffff
ACC-00004254,SUSPICIOUS,Axis-Sim,0.593,2022-04-18T00:00:00+00:00,88608b56d7fffff
ACC-00004255,SUSPICIOUS,ICICI-Sim,0.62,2023-06-28T00:00:00+00:00,883d8dcdd5fffff
ACC-00004256,SUSPICIOUS,PNB-Sim,0.455,2023-01-21T00:00:00+00:00,883d8dcf1dfffff
ACC-00004257,SUSPICIOUS,Axis-Sim,0.725,2023-07-07T00:00:00+00:00,88608b56d7fffff
ACC-00004258,SUSPICIOUS,SBI-Sim,0.55,2021-12-24T00:00:00+00:00,8842ceb5d9fffff
ACC-00004259,SUSPICIOUS,PNB-Sim,0.598,2023-02-26T00:00:00+00:00,883da115a5fffff
ACC-00004260,SUSPICIOUS,BOI-Sim,0.661,2022-11-29T00:00:00+00:00,883da11409fffff
ACC-00004261,SUSPICIOUS,ICICI-Sim,0.47,2025-12-27T00:00:00+00:00,88618c4f2bfffff
ACC-00004262,SUSPICIOUS,HDFC-Sim,0.42,2023-04-06T00:00:00+00:00,8842ceb4a1fffff
ACC-00004263,SUSPICIOUS,Axis-Sim,0.717,2021-12-27T00:00:00+00:00,8842cea623fffff
ACC-00004264,SUSPICIOUS,Axis-Sim,0.706,2021-11-19T00:00:00+00:00,883d8dcd5dfffff
ACC-00004265,SUSPICIOUS,ICICI-Sim,0.486,2022-06-08T00:00:00+00:00,883da115a5fffff
ACC-00004266,SUSPICIOUS,Axis-Sim,0.672,2021-09-14T00:00:00+00:00,883d8dcf1dfffff
ACC-00004267,SUSPICIOUS,BOI-Sim,0.656,2024-05-16T00:00:00+00:00,8860b52c97fffff
ACC-00004268,SUSPICIOUS,ICICI-Sim,0.554,2025-12-19T00:00:00+00:00,88608b56d7fffff
ACC-00004269,SUSPICIOUS,BOI-Sim,0.519,2025-01-12T00:00:00+00:00,8860145943fffff
ACC-00004270,SUSPICIOUS,HDFC-Sim,0.669,2024-05-22T00:00:00+00:00,8860145943fffff
ACC-00004271,SUSPICIOUS,BOI-Sim,0.701,2022-01-27T00:00:00+00:00,8860b52c97fffff
ACC-00004272,SUSPICIOUS,PNB-Sim,0.542,2023-01-11T00:00:00+00:00,8860145943fffff
ACC-00004273,SUSPICIOUS,Axis-Sim,0.424,2025-09-25T00:00:00+00:00,883d8dcc0dfffff
ACC-00004274,SUSPICIOUS,SBI-Sim,0.599,2024-04-07T00:00:00+00:00,883d8dcf1dfffff
ACC-00004275,SUSPICIOUS,BOI-Sim,0.75,2022-09-21T00:00:00+00:00,8842ceb4a1fffff
ACC-00004276,SUSPICIOUS,HDFC-Sim,0.476,2022-09-27T00:00:00+00:00,88608b4733fffff
ACC-00004277,SUSPICIOUS,BOI-Sim,0.53,2021-11-02T00:00:00+00:00,8860b19695fffff
ACC-00004278,SUSPICIOUS,Axis-Sim,0.722,2025-01-07T00:00:00+00:00,88618c4e63fffff
ACC-00004279,SUSPICIOUS,SBI-Sim,0.716,2022-08-08T00:00:00+00:00,88618921d1fffff
ACC-00004280,SUSPICIOUS,HDFC-Sim,0.796,2021-12-14T00:00:00+00:00,88608b4733fffff
ACC-00004281,SUSPICIOUS,Axis-Sim,0.62,2024-01-05T00:00:00+00:00,88608b56d7fffff
ACC-00004282,SUSPICIOUS,HDFC-Sim,0.611,2024-12-13T00:00:00+00:00,8860b52e9bfffff
ACC-00004283,SUSPICIOUS,BOI-Sim,0.451,2023-05-24T00:00:00+00:00,883d8dcdd5fffff
ACC-00004284,SUSPICIOUS,ICICI-Sim,0.758,2023-07-07T00:00:00+00:00,8860b52c97fffff
ACC-00004285,SUSPICIOUS,PNB-Sim,0.727,2023-11-18T00:00:00+00:00,883d8dcdd5fffff
ACC-00004286,SUSPICIOUS,BOI-Sim,0.626,2021-12-30T00:00:00+00:00,8860b19695fffff
ACC-00004287,SUSPICIOUS,BOI-Sim,0.778,2022-02-07T00:00:00+00:00,88618925c5fffff
ACC-00004288,SUSPICIOUS,PNB-Sim,0.565,2024-02-08T00:00:00+00:00,88608b0a6bfffff
ACC-00004289,SUSPICIOUS,ICICI-Sim,0.465,2024-07-05T00:00:00+00:00,88618c45b9fffff
ACC-00004290,SUSPICIOUS,HDFC-Sim,0.64,2026-03-26T00:00:00+00:00,88618925c5fffff
ACC-00004291,SUSPICIOUS,SBI-Sim,0.644,2025-09-14T00:00:00+00:00,88608b0961fffff
ACC-00004292,SUSPICIOUS,SBI-Sim,0.458,2025-05-10T00:00:00+00:00,883d8dcd5dfffff
ACC-00004293,SUSPICIOUS,Axis-Sim,0.444,2024-11-25T00:00:00+00:00,8860145943fffff
ACC-00004294,SUSPICIOUS,PNB-Sim,0.671,2022-03-18T00:00:00+00:00,88618c4d05fffff
ACC-00004295,SUSPICIOUS,PNB-Sim,0.714,2024-04-02T00:00:00+00:00,883da11409fffff
ACC-00004296,SUSPICIOUS,BOI-Sim,0.786,2026-03-08T00:00:00+00:00,883da11409fffff
ACC-00004297,SUSPICIOUS,PNB-Sim,0.495,2025-07-21T00:00:00+00:00,8860a259bbfffff
ACC-00004298,SUSPICIOUS,BOI-Sim,0.423,2024-04-15T00:00:00+00:00,8860b52e9bfffff
ACC-00004299,SUSPICIOUS,ICICI-Sim,0.699,2022-04-05T00:00:00+00:00,8842cea623fffff
ACC-00004300,SUSPICIOUS,SBI-Sim,0.589,2021-08-21T00:00:00+00:00,88608b4733fffff
ACC-00004301,SUSPICIOUS,SBI-Sim,0.511,2025-09-23T00:00:00+00:00,8842ceb5d9fffff
ACC-00004302,SUSPICIOUS,PNB-Sim,0.68,2023-04-29T00:00:00+00:00,88618c4e63fffff
ACC-00004303,SUSPICIOUS,Axis-Sim,0.643,2024-02-03T00:00:00+00:00,883da11233fffff
ACC-00004304,SUSPICIOUS,BOI-Sim,0.61,2024-01-02T00:00:00+00:00,8842ceb5d9fffff
ACC-00004305,SUSPICIOUS,HDFC-Sim,0.499,2025-02-13T00:00:00+00:00,88608b56d7fffff
ACC-00004306,SUSPICIOUS,SBI-Sim,0.423,2024-04-21T00:00:00+00:00,8842ceb4a1fffff
ACC-00004307,SUSPICIOUS,BOI-Sim,0.748,2022-03-25T00:00:00+00:00,8842ceb559fffff
ACC-00004308,SUSPICIOUS,Axis-Sim,0.543,2024-02-24T00:00:00+00:00,8860b52c97fffff
ACC-00004309,SUSPICIOUS,HDFC-Sim,0.755,2025-05-26T00:00:00+00:00,8842cea623fffff
ACC-00004310,SUSPICIOUS,ICICI-Sim,0.661,2022-03-05T00:00:00+00:00,8861892ecbfffff
ACC-00004311,SUSPICIOUS,BOI-Sim,0.692,2024-12-29T00:00:00+00:00,883da115a5fffff
ACC-00004312,SUSPICIOUS,Axis-Sim,0.43,2021-12-14T00:00:00+00:00,8860a259bbfffff
ACC-00004313,SUSPICIOUS,SBI-Sim,0.65,2024-06-08T00:00:00+00:00,883d8dcc0dfffff
ACC-00004314,SUSPICIOUS,SBI-Sim,0.72,2024-10-05T00:00:00+00:00,883d8dcc0dfffff
ACC-00004315,SUSPICIOUS,ICICI-Sim,0.786,2024-06-01T00:00:00+00:00,8842ceb5d9fffff
ACC-00004316,SUSPICIOUS,HDFC-Sim,0.655,2021-12-09T00:00:00+00:00,88618c4e63fffff
ACC-00004317,SUSPICIOUS,BOI-Sim,0.436,2026-03-29T00:00:00+00:00,8860145943fffff
ACC-00004318,SUSPICIOUS,BOI-Sim,0.533,2021-11-08T00:00:00+00:00,8860a259bbfffff
ACC-00004319,SUSPICIOUS,ICICI-Sim,0.588,2023-03-29T00:00:00+00:00,883da11233fffff
ACC-00004320,SUSPICIOUS,Axis-Sim,0.689,2021-08-11T00:00:00+00:00,8842cea623fffff
ACC-00004321,SUSPICIOUS,HDFC-Sim,0.705,2024-12-15T00:00:00+00:00,8842ceb559fffff
ACC-00004322,SUSPICIOUS,Axis-Sim,0.716,2023-05-04T00:00:00+00:00,88618c4d05fffff
ACC-00004323,SUSPICIOUS,Axis-Sim,0.513,2026-02-09T00:00:00+00:00,88618c4f2bfffff
ACC-00004324,SUSPICIOUS,PNB-Sim,0.641,2025-11-14T00:00:00+00:00,883d8dcdd5fffff
ACC-00004325,SUSPICIOUS,HDFC-Sim,0.57,2022-11-05T00:00:00+00:00,88608b4733fffff
ACC-00004326,SUSPICIOUS,HDFC-Sim,0.685,2024-01-25T00:00:00+00:00,88608b0961fffff
ACC-00004327,SUSPICIOUS,Axis-Sim,0.641,2023-08-05T00:00:00+00:00,883d8dcdd5fffff
ACC-00004328,SUSPICIOUS,Axis-Sim,0.619,2022-11-25T00:00:00+00:00,88618921d1fffff
ACC-00004329,SUSPICIOUS,PNB-Sim,0.412,2022-12-14T00:00:00+00:00,883d8dcd5dfffff
ACC-00004330,SUSPICIOUS,HDFC-Sim,0.572,2021-08-30T00:00:00+00:00,883d8dcf1dfffff
ACC-00004331,SUSPICIOUS,ICICI-Sim,0.796,2023-12-13T00:00:00+00:00,883da11623fffff
ACC-00004332,SUSPICIOUS,HDFC-Sim,0.629,2023-12-24T00:00:00+00:00,8860145943fffff
ACC-00004333,SUSPICIOUS,BOI-Sim,0.703,2023-04-30T00:00:00+00:00,883da11233fffff
ACC-00004334,SUSPICIOUS,ICICI-Sim,0.403,2022-06-03T00:00:00+00:00,883da115a5fffff
ACC-00004335,SUSPICIOUS,Axis-Sim,0.668,2021-09-18T00:00:00+00:00,883d8dcf1dfffff
ACC-00004336,SUSPICIOUS,HDFC-Sim,0.593,2022-11-06T00:00:00+00:00,8860a259bbfffff
ACC-00004337,SUSPICIOUS,ICICI-Sim,0.627,2026-03-11T00:00:00+00:00,8860b52e9bfffff
ACC-00004338,SUSPICIOUS,BOI-Sim,0.623,2021-08-16T00:00:00+00:00,88618c4e63fffff
ACC-00004339,SUSPICIOUS,SBI-Sim,0.621,2025-01-16T00:00:00+00:00,88618c4f2bfffff
ACC-00004340,SUSPICIOUS,BOI-Sim,0.635,2022-06-02T00:00:00+00:00,8842ceb4a1fffff
ACC-00004341,SUSPICIOUS,PNB-Sim,0.515,2024-02-06T00:00:00+00:00,8861892ecbfffff
ACC-00004342,SUSPICIOUS,SBI-Sim,0.58,2022-02-01T00:00:00+00:00,8842ceb5d9fffff
ACC-00004343,SUSPICIOUS,PNB-Sim,0.569,2025-10-31T00:00:00+00:00,8842ceb559fffff
ACC-00004344,SUSPICIOUS,BOI-Sim,0.618,2022-06-07T00:00:00+00:00,883d8dcc0dfffff
ACC-00004345,SUSPICIOUS,BOI-Sim,0.721,2022-03-13T00:00:00+00:00,8842ceb559fffff
ACC-00004346,SUSPICIOUS,PNB-Sim,0.727,2022-12-16T00:00:00+00:00,8861892ecbfffff
ACC-00004347,SUSPICIOUS,HDFC-Sim,0.594,2022-01-07T00:00:00+00:00,88618c45b9fffff
ACC-00004348,SUSPICIOUS,SBI-Sim,0.677,2023-04-07T00:00:00+00:00,883da11623fffff
ACC-00004349,SUSPICIOUS,BOI-Sim,0.665,2021-06-28T00:00:00+00:00,8860b19695fffff
ACC-00004350,SUSPICIOUS,BOI-Sim,0.744,2025-03-08T00:00:00+00:00,883d8dcf1dfffff
ACC-00004351,SUSPICIOUS,ICICI-Sim,0.563,2025-06-21T00:00:00+00:00,88608b4733fffff
ACC-00004352,SUSPICIOUS,SBI-Sim,0.453,2025-10-18T00:00:00+00:00,883d8dcd5dfffff
ACC-00004353,SUSPICIOUS,HDFC-Sim,0.597,2026-03-13T00:00:00+00:00,8842ceb5d9fffff
ACC-00004354,SUSPICIOUS,HDFC-Sim,0.481,2024-08-15T00:00:00+00:00,88608b4733fffff
ACC-00004355,SUSPICIOUS,HDFC-Sim,0.725,2025-06-19T00:00:00+00:00,8842ceb559fffff
ACC-00004356,SUSPICIOUS,SBI-Sim,0.626,2021-09-05T00:00:00+00:00,88618c4e63fffff
ACC-00004357,SUSPICIOUS,Axis-Sim,0.653,2022-07-02T00:00:00+00:00,8842ceb559fffff
ACC-00004358,SUSPICIOUS,BOI-Sim,0.64,2024-01-08T00:00:00+00:00,8860b52c97fffff
ACC-00004359,SUSPICIOUS,ICICI-Sim,0.613,2026-01-27T00:00:00+00:00,883da115a5fffff
ACC-00004360,SUSPICIOUS,Axis-Sim,0.663,2022-08-31T00:00:00+00:00,8842ceb5d9fffff
ACC-00004361,SUSPICIOUS,PNB-Sim,0.554,2021-10-24T00:00:00+00:00,883da115a5fffff
ACC-00004362,SUSPICIOUS,BOI-Sim,0.718,2023-05-29T00:00:00+00:00,8842ceb5d9fffff
ACC-00004363,SUSPICIOUS,PNB-Sim,0.574,2024-06-16T00:00:00+00:00,88618925c5fffff
ACC-00004364,SUSPICIOUS,Axis-Sim,0.763,2022-05-24T00:00:00+00:00,883da11409fffff
ACC-00004365,SUSPICIOUS,Axis-Sim,0.485,2023-04-25T00:00:00+00:00,88618c4f2bfffff
ACC-00004366,SUSPICIOUS,SBI-Sim,0.401,2026-01-03T00:00:00+00:00,8860a259bbfffff
ACC-00004367,SUSPICIOUS,Axis-Sim,0.519,2022-12-04T00:00:00+00:00,88608b56d7fffff
ACC-00004368,SUSPICIOUS,SBI-Sim,0.692,2023-07-01T00:00:00+00:00,88618c4d05fffff
ACC-00004369,SUSPICIOUS,SBI-Sim,0.651,2024-11-01T00:00:00+00:00,8860a259bbfffff
ACC-00004370,SUSPICIOUS,BOI-Sim,0.443,2023-11-04T00:00:00+00:00,88618c45b9fffff
ACC-00004371,SUSPICIOUS,BOI-Sim,0.755,2022-02-03T00:00:00+00:00,88618925c5fffff
ACC-00004372,SUSPICIOUS,Axis-Sim,0.745,2022-09-06T00:00:00+00:00,8842ceb559fffff
ACC-00004373,SUSPICIOUS,HDFC-Sim,0.433,2025-03-16T00:00:00+00:00,8842ceb4a1fffff
ACC-00004374,SUSPICIOUS,ICICI-Sim,0.702,2023-07-01T00:00:00+00:00,883da115a5fffff
ACC-00004375,SUSPICIOUS,PNB-Sim,0.618,2023-02-24T00:00:00+00:00,8860b19695fffff
ACC-00004376,SUSPICIOUS,SBI-Sim,0.767,2022-04-04T00:00:00+00:00,8860145943fffff
ACC-00004377,SUSPICIOUS,Axis-Sim,0.78,2023-08-09T00:00:00+00:00,88608b4733fffff
ACC-00004378,SUSPICIOUS,Axis-Sim,0.73,2025-09-06T00:00:00+00:00,8842ceb5d9fffff
ACC-00004379,SUSPICIOUS,BOI-Sim,0.565,2022-09-16T00:00:00+00:00,8842cea623fffff
ACC-00004380,SUSPICIOUS,HDFC-Sim,0.465,2023-11-11T00:00:00+00:00,883d8dcf1dfffff
ACC-00004381,SUSPICIOUS,HDFC-Sim,0.756,2023-10-12T00:00:00+00:00,88608b0961fffff
ACC-00004382,SUSPICIOUS,PNB-Sim,0.434,2025-02-28T00:00:00+00:00,883d8dcdd5fffff
ACC-00004383,SUSPICIOUS,Axis-Sim,0.444,2025-05-05T00:00:00+00:00,88618925c5fffff
ACC-00004384,SUSPICIOUS,Axis-Sim,0.448,2025-08-16T00:00:00+00:00,883da11233fffff
ACC-00004385,SUSPICIOUS,SBI-Sim,0.787,2023-05-15T00:00:00+00:00,8860b52e9bfffff
ACC-00004386,SUSPICIOUS,BOI-Sim,0.513,2022-01-22T00:00:00+00:00,88608b56d7fffff
ACC-00004387,SUSPICIOUS,Axis-Sim,0.499,2023-09-03T00:00:00+00:00,883d8dcd5dfffff
ACC-00004388,SUSPICIOUS,HDFC-Sim,0.436,2024-03-04T00:00:00+00:00,88618c4d05fffff
ACC-00004389,SUSPICIOUS,BOI-Sim,0.559,2024-05-08T00:00:00+00:00,883d8dcf1dfffff
ACC-00004390,SUSPICIOUS,Axis-Sim,0.734,2025-08-09T00:00:00+00:00,88618c4d05fffff
ACC-00004391,SUSPICIOUS,PNB-Sim,0.515,2022-03-15T00:00:00+00:00,8860a259bbfffff
ACC-00004392,SUSPICIOUS,BOI-Sim,0.454,2026-02-24T00:00:00+00:00,8842ceb4a1fffff
ACC-00004393,SUSPICIOUS,SBI-Sim,0.707,2024-12-22T00:00:00+00:00,88608b0a6bfffff
ACC-00004394,SUSPICIOUS,HDFC-Sim,0.5,2023-11-07T00:00:00+00:00,883da115a5fffff
ACC-00004395,SUSPICIOUS,PNB-Sim,0.684,2026-02-02T00:00:00+00:00,88608b0961fffff
ACC-00004396,SUSPICIOUS,Axis-Sim,0.67,2022-07-02T00:00:00+00:00,883d8dcf1dfffff
ACC-00004397,SUSPICIOUS,SBI-Sim,0.468,2026-04-10T00:00:00+00:00,88608b0961fffff
ACC-00004398,SUSPICIOUS,BOI-Sim,0.454,2025-06-04T00:00:00+00:00,88608b4733fffff
ACC-00004399,SUSPICIOUS,PNB-Sim,0.541,2023-06-02T00:00:00+00:00,88608b56d7fffff
ACC-00004400,SUSPICIOUS,BOI-Sim,0.551,2022-08-09T00:00:00+00:00,883da11409fffff
ACC-00004401,SUSPICIOUS,Axis-Sim,0.487,2023-12-08T00:00:00+00:00,88618c4d05fffff
ACC-00004402,SUSPICIOUS,PNB-Sim,0.733,2026-04-26T00:00:00+00:00,88608b56d7fffff
ACC-00004403,SUSPICIOUS,ICICI-Sim,0.629,2025-05-09T00:00:00+00:00,8842ceb5d9fffff
ACC-00004404,SUSPICIOUS,BOI-Sim,0.755,2025-02-21T00:00:00+00:00,8861892ecbfffff
ACC-00004405,SUSPICIOUS,SBI-Sim,0.582,2023-12-17T00:00:00+00:00,8860a259bbfffff
ACC-00004406,SUSPICIOUS,BOI-Sim,0.692,2021-09-01T00:00:00+00:00,88618c4d05fffff
ACC-00004407,SUSPICIOUS,Axis-Sim,0.614,2022-11-16T00:00:00+00:00,8860145943fffff
ACC-00004408,SUSPICIOUS,SBI-Sim,0.454,2023-10-04T00:00:00+00:00,88608b0a6bfffff
ACC-00004409,SUSPICIOUS,ICICI-Sim,0.71,2022-02-16T00:00:00+00:00,88608b56d7fffff
ACC-00004410,SUSPICIOUS,SBI-Sim,0.423,2025-02-27T00:00:00+00:00,8861892ecbfffff
ACC-00004411,SUSPICIOUS,BOI-Sim,0.671,2022-05-07T00:00:00+00:00,883d8dcd5dfffff
ACC-00004412,SUSPICIOUS,Axis-Sim,0.745,2025-08-09T00:00:00+00:00,8860b52c97fffff
ACC-00004413,SUSPICIOUS,HDFC-Sim,0.724,2023-07-08T00:00:00+00:00,88618921d1fffff
ACC-00004414,SUSPICIOUS,Axis-Sim,0.545,2022-06-06T00:00:00+00:00,8860b52c97fffff
ACC-00004415,SUSPICIOUS,PNB-Sim,0.631,2024-08-26T00:00:00+00:00,88608b0a6bfffff
ACC-00004416,SUSPICIOUS,Axis-Sim,0.412,2024-09-15T00:00:00+00:00,88618c4f2bfffff
ACC-00004417,SUSPICIOUS,Axis-Sim,0.56,2023-02-05T00:00:00+00:00,8860a259bbfffff
ACC-00004418,SUSPICIOUS,ICICI-Sim,0.654,2022-03-01T00:00:00+00:00,883d8dcc0dfffff
ACC-00004419,SUSPICIOUS,BOI-Sim,0.689,2023-08-20T00:00:00+00:00,88618921d1fffff
ACC-00004420,SUSPICIOUS,Axis-Sim,0.672,2025-09-15T00:00:00+00:00,8860b19695fffff
ACC-00004421,SUSPICIOUS,HDFC-Sim,0.698,2022-01-18T00:00:00+00:00,883d8dcf1dfffff
ACC-00004422,SUSPICIOUS,SBI-Sim,0.639,2025-09-26T00:00:00+00:00,8861892ecbfffff
ACC-00004423,SUSPICIOUS,SBI-Sim,0.513,2024-07-02T00:00:00+00:00,88608b0961fffff
ACC-00004424,SUSPICIOUS,PNB-Sim,0.54,2024-09-25T00:00:00+00:00,88618c4f2bfffff
ACC-00004425,SUSPICIOUS,Axis-Sim,0.702,2022-12-06T00:00:00+00:00,883d8dcdd5fffff
ACC-00004426,SUSPICIOUS,Axis-Sim,0.57,2024-05-11T00:00:00+00:00,883d8dcdd5fffff
ACC-00004427,SUSPICIOUS,PNB-Sim,0.559,2022-10-29T00:00:00+00:00,883da115a5fffff
ACC-00004428,SUSPICIOUS,SBI-Sim,0.521,2023-02-06T00:00:00+00:00,88608b0961fffff
ACC-00004429,SUSPICIOUS,SBI-Sim,0.585,2024-11-08T00:00:00+00:00,88608b0961fffff
ACC-00004430,SUSPICIOUS,PNB-Sim,0.746,2023-11-14T00:00:00+00:00,88618c4e63fffff
ACC-00004431,SUSPICIOUS,ICICI-Sim,0.52,2023-08-16T00:00:00+00:00,883d8dcd5dfffff
ACC-00004432,SUSPICIOUS,ICICI-Sim,0.627,2021-10-06T00:00:00+00:00,8842ceb4a1fffff
ACC-00004433,SUSPICIOUS,ICICI-Sim,0.756,2023-12-07T00:00:00+00:00,88608b4733fffff
ACC-00004434,SUSPICIOUS,Axis-Sim,0.607,2021-07-02T00:00:00+00:00,8842cea623fffff
ACC-00004435,SUSPICIOUS,HDFC-Sim,0.748,2024-06-06T00:00:00+00:00,883da115a5fffff
ACC-00004436,SUSPICIOUS,BOI-Sim,0.573,2024-12-16T00:00:00+00:00,8842ceb559fffff
ACC-00004437,SUSPICIOUS,BOI-Sim,0.734,2023-10-19T00:00:00+00:00,88618c4f2bfffff
ACC-00004438,SUSPICIOUS,PNB-Sim,0.493,2024-11-27T00:00:00+00:00,883da11233fffff
ACC-00004439,SUSPICIOUS,SBI-Sim,0.58,2023-12-17T00:00:00+00:00,8860b19695fffff
ACC-00004440,SUSPICIOUS,PNB-Sim,0.619,2023-06-28T00:00:00+00:00,8860b52e9bfffff
ACC-00004441,SUSPICIOUS,HDFC-Sim,0.595,2023-02-03T00:00:00+00:00,883d8dcc0dfffff
ACC-00004442,SUSPICIOUS,PNB-Sim,0.686,2022-07-19T00:00:00+00:00,88608b0a6bfffff
ACC-00004443,SUSPICIOUS,BOI-Sim,0.752,2023-03-21T00:00:00+00:00,8842ceb559fffff
ACC-00004444,SUSPICIOUS,Axis-Sim,0.495,2022-08-30T00:00:00+00:00,8842ceb4a1fffff
ACC-00004445,SUSPICIOUS,Axis-Sim,0.643,2023-10-08T00:00:00+00:00,88618c45b9fffff
ACC-00004446,SUSPICIOUS,PNB-Sim,0.553,2021-08-15T00:00:00+00:00,88608b4733fffff
ACC-00004447,SUSPICIOUS,HDFC-Sim,0.734,2024-10-05T00:00:00+00:00,883da11409fffff
ACC-00004448,SUSPICIOUS,ICICI-Sim,0.646,2021-10-16T00:00:00+00:00,883d8dcf1dfffff
ACC-00004449,SUSPICIOUS,ICICI-Sim,0.712,2022-07-05T00:00:00+00:00,8861892ecbfffff
ACC-00004450,SUSPICIOUS,SBI-Sim,0.574,2022-03-08T00:00:00+00:00,88618c4e63fffff
ACC-00004451,SUSPICIOUS,SBI-Sim,0.555,2025-02-28T00:00:00+00:00,8860145943fffff
ACC-00004452,SUSPICIOUS,HDFC-Sim,0.456,2024-06-16T00:00:00+00:00,883d8dcdd5fffff
ACC-00004453,SUSPICIOUS,Axis-Sim,0.758,2023-05-25T00:00:00+00:00,883da115a5fffff
ACC-00004454,SUSPICIOUS,PNB-Sim,0.647,2024-08-19T00:00:00+00:00,88608b56d7fffff
ACC-00004455,SUSPICIOUS,PNB-Sim,0.513,2021-08-20T00:00:00+00:00,88618c45b9fffff
ACC-00004456,SUSPICIOUS,ICICI-Sim,0.571,2023-06-04T00:00:00+00:00,8860b52c97fffff
ACC-00004457,SUSPICIOUS,Axis-Sim,0.798,2023-06-19T00:00:00+00:00,8842cea623fffff
ACC-00004458,SUSPICIOUS,BOI-Sim,0.798,2022-06-26T00:00:00+00:00,8860b19695fffff
ACC-00004459,SUSPICIOUS,ICICI-Sim,0.549,2023-10-15T00:00:00+00:00,88618925c5fffff
ACC-00004460,SUSPICIOUS,HDFC-Sim,0.682,2024-07-26T00:00:00+00:00,8860b52c97fffff
ACC-00004461,SUSPICIOUS,SBI-Sim,0.531,2024-01-20T00:00:00+00:00,8842cea623fffff
ACC-00004462,SUSPICIOUS,HDFC-Sim,0.4,2023-07-12T00:00:00+00:00,88618c45b9fffff
ACC-00004463,SUSPICIOUS,SBI-Sim,0.649,2022-12-09T00:00:00+00:00,8860b52e9bfffff
ACC-00004464,SUSPICIOUS,ICICI-Sim,0.409,2024-11-23T00:00:00+00:00,88608b0a6bfffff
ACC-00004465,SUSPICIOUS,HDFC-Sim,0.554,2025-09-02T00:00:00+00:00,883d8dcf1dfffff
ACC-00004466,SUSPICIOUS,HDFC-Sim,0.685,2023-10-08T00:00:00+00:00,8860145943fffff
ACC-00004467,SUSPICIOUS,HDFC-Sim,0.425,2026-04-01T00:00:00+00:00,88608b0961fffff
ACC-00004468,SUSPICIOUS,PNB-Sim,0.697,2022-01-24T00:00:00+00:00,88618921d1fffff
ACC-00004469,SUSPICIOUS,ICICI-Sim,0.673,2022-10-25T00:00:00+00:00,883da11623fffff
ACC-00004470,SUSPICIOUS,PNB-Sim,0.667,2024-05-23T00:00:00+00:00,8860b19695fffff
ACC-00004471,SUSPICIOUS,Axis-Sim,0.432,2023-01-06T00:00:00+00:00,883da11233fffff
ACC-00004472,SUSPICIOUS,ICICI-Sim,0.458,2025-08-17T00:00:00+00:00,88618c4f2bfffff
ACC-00004473,SUSPICIOUS,ICICI-Sim,0.722,2024-05-12T00:00:00+00:00,88618c45b9fffff
ACC-00004474,SUSPICIOUS,SBI-Sim,0.436,2022-02-19T00:00:00+00:00,8860b52e9bfffff
ACC-00004475,SUSPICIOUS,HDFC-Sim,0.731,2021-09-11T00:00:00+00:00,883da11623fffff
ACC-00004476,SUSPICIOUS,Axis-Sim,0.446,2023-02-10T00:00:00+00:00,8860a259bbfffff
ACC-00004477,SUSPICIOUS,ICICI-Sim,0.778,2024-05-05T00:00:00+00:00,8860145943fffff
ACC-00004478,SUSPICIOUS,Axis-Sim,0.404,2024-05-08T00:00:00+00:00,8861892ecbfffff
ACC-00004479,SUSPICIOUS,ICICI-Sim,0.529,2025-09-07T00:00:00+00:00,88608b4733fffff
ACC-00004480,SUSPICIOUS,HDFC-Sim,0.412,2024-09-22T00:00:00+00:00,8842ceb559fffff
ACC-00004481,SUSPICIOUS,ICICI-Sim,0.459,2024-08-03T00:00:00+00:00,8842ceb4a1fffff
ACC-00004482,SUSPICIOUS,BOI-Sim,0.449,2022-04-13T00:00:00+00:00,8842ceb5d9fffff
ACC-00004483,SUSPICIOUS,BOI-Sim,0.555,2024-08-25T00:00:00+00:00,883da115a5fffff
ACC-00004484,SUSPICIOUS,Axis-Sim,0.745,2024-09-04T00:00:00+00:00,88608b4733fffff
ACC-00004485,SUSPICIOUS,ICICI-Sim,0.782,2025-01-10T00:00:00+00:00,8860b52e9bfffff
ACC-00004486,SUSPICIOUS,SBI-Sim,0.766,2023-08-28T00:00:00+00:00,8860a259bbfffff
ACC-00004487,SUSPICIOUS,BOI-Sim,0.564,2024-05-29T00:00:00+00:00,88618c45b9fffff
ACC-00004488,SUSPICIOUS,HDFC-Sim,0.758,2024-08-23T00:00:00+00:00,88618c4d05fffff
ACC-00004489,SUSPICIOUS,ICICI-Sim,0.668,2022-04-07T00:00:00+00:00,88618c4d05fffff
ACC-00004490,SUSPICIOUS,PNB-Sim,0.676,2024-05-12T00:00:00+00:00,883da11409fffff
ACC-00004491,SUSPICIOUS,PNB-Sim,0.41,2025-02-20T00:00:00+00:00,8860b52e9bfffff
ACC-00004492,SUSPICIOUS,HDFC-Sim,0.419,2026-04-11T00:00:00+00:00,88608b0961fffff
ACC-00004493,SUSPICIOUS,PNB-Sim,0.616,2022-10-24T00:00:00+00:00,88618c4d05fffff
ACC-00004494,SUSPICIOUS,ICICI-Sim,0.526,2026-02-08T00:00:00+00:00,8842cea623fffff
ACC-00004495,SUSPICIOUS,PNB-Sim,0.74,2021-10-22T00:00:00+00:00,88618925c5fffff
ACC-00004496,SUSPICIOUS,BOI-Sim,0.449,2024-02-08T00:00:00+00:00,8842ceb4a1fffff
ACC-00004497,SUSPICIOUS,ICICI-Sim,0.451,2024-06-08T00:00:00+00:00,88608b0a6bfffff
ACC-00004498,SUSPICIOUS,PNB-Sim,0.701,2022-12-05T00:00:00+00:00,8842ceb559fffff
ACC-00004499,SUSPICIOUS,PNB-Sim,0.665,2026-04-30T00:00:00+00:00,8842ceb559fffff
ACC-00004500,SUSPICIOUS,SBI-Sim,0.588,2023-07-13T00:00:00+00:00,8860a259bbfffff
ACC-00004501,SUSPICIOUS,PNB-Sim,0.646,2022-09-05T00:00:00+00:00,88618921d1fffff
ACC-00004502,SUSPICIOUS,SBI-Sim,0.772,2024-12-28T00:00:00+00:00,8860b52e9bfffff
ACC-00004503,SUSPICIOUS,BOI-Sim,0.477,2025-10-11T00:00:00+00:00,88618921d1fffff
ACC-00004504,SUSPICIOUS,HDFC-Sim,0.766,2022-08-28T00:00:00+00:00,8842ceb559fffff
ACC-00004505,SUSPICIOUS,Axis-Sim,0.532,2022-12-08T00:00:00+00:00,883d8dcd5dfffff
ACC-00004506,SUSPICIOUS,ICICI-Sim,0.423,2025-09-14T00:00:00+00:00,88608b0a6bfffff
ACC-00004507,SUSPICIOUS,SBI-Sim,0.61,2023-04-08T00:00:00+00:00,8860b19695fffff
ACC-00004508,SUSPICIOUS,HDFC-Sim,0.424,2022-07-25T00:00:00+00:00,8860b52c97fffff
ACC-00004509,SUSPICIOUS,BOI-Sim,0.59,2025-03-03T00:00:00+00:00,8842ceb4a1fffff
ACC-00004510,SUSPICIOUS,ICICI-Sim,0.698,2022-03-02T00:00:00+00:00,88608b4733fffff
ACC-00004511,SUSPICIOUS,PNB-Sim,0.64,2025-08-13T00:00:00+00:00,88618c4d05fffff
ACC-00004512,SUSPICIOUS,ICICI-Sim,0.723,2025-03-28T00:00:00+00:00,883da11233fffff
ACC-00004513,SUSPICIOUS,SBI-Sim,0.76,2025-02-09T00:00:00+00:00,88608b56d7fffff
ACC-00004514,SUSPICIOUS,SBI-Sim,0.459,2022-12-27T00:00:00+00:00,883d8dcf1dfffff
ACC-00004515,SUSPICIOUS,SBI-Sim,0.74,2024-07-10T00:00:00+00:00,88618c4d05fffff
ACC-00004516,SUSPICIOUS,HDFC-Sim,0.712,2021-12-02T00:00:00+00:00,883d8dcd5dfffff
ACC-00004517,SUSPICIOUS,BOI-Sim,0.721,2021-07-03T00:00:00+00:00,88618c45b9fffff
ACC-00004518,SUSPICIOUS,Axis-Sim,0.425,2025-11-26T00:00:00+00:00,883d8dcc0dfffff
ACC-00004519,SUSPICIOUS,HDFC-Sim,0.576,2025-09-20T00:00:00+00:00,8860b19695fffff
ACC-00004520,SUSPICIOUS,PNB-Sim,0.778,2022-11-12T00:00:00+00:00,88618c45b9fffff
ACC-00004521,SUSPICIOUS,SBI-Sim,0.759,2024-02-26T00:00:00+00:00,8842cea623fffff
ACC-00004522,SUSPICIOUS,ICICI-Sim,0.594,2025-07-20T00:00:00+00:00,8842ceb4a1fffff
ACC-00004523,SUSPICIOUS,BOI-Sim,0.72,2023-09-14T00:00:00+00:00,883d8dcdd5fffff
ACC-00004524,SUSPICIOUS,SBI-Sim,0.547,2024-05-11T00:00:00+00:00,883da11623fffff
ACC-00004525,SUSPICIOUS,PNB-Sim,0.698,2025-04-28T00:00:00+00:00,88608b0a6bfffff
ACC-00004526,SUSPICIOUS,HDFC-Sim,0.436,2022-02-25T00:00:00+00:00,883d8dcf1dfffff
ACC-00004527,SUSPICIOUS,SBI-Sim,0.593,2023-05-01T00:00:00+00:00,8860a259bbfffff
ACC-00004528,SUSPICIOUS,BOI-Sim,0.503,2022-02-27T00:00:00+00:00,883d8dcdd5fffff
ACC-00004529,SUSPICIOUS,Axis-Sim,0.717,2025-01-19T00:00:00+00:00,88618c4f2bfffff
ACC-00004530,SUSPICIOUS,SBI-Sim,0.509,2023-11-16T00:00:00+00:00,8860145943fffff
ACC-00004531,SUSPICIOUS,BOI-Sim,0.606,2026-04-10T00:00:00+00:00,8860b52e9bfffff
ACC-00004532,SUSPICIOUS,BOI-Sim,0.499,2026-01-23T00:00:00+00:00,883da11233fffff
ACC-00004533,SUSPICIOUS,Axis-Sim,0.631,2024-07-07T00:00:00+00:00,883da11623fffff
ACC-00004534,SUSPICIOUS,BOI-Sim,0.6,2023-01-21T00:00:00+00:00,88608b4733fffff
ACC-00004535,SUSPICIOUS,PNB-Sim,0.625,2024-02-03T00:00:00+00:00,8842cea623fffff
ACC-00004536,SUSPICIOUS,PNB-Sim,0.774,2021-09-11T00:00:00+00:00,88618921d1fffff
ACC-00004537,SUSPICIOUS,HDFC-Sim,0.6,2023-02-24T00:00:00+00:00,88618c4d05fffff
ACC-00004538,SUSPICIOUS,SBI-Sim,0.617,2023-11-19T00:00:00+00:00,88608b4733fffff
ACC-00004539,SUSPICIOUS,SBI-Sim,0.674,2022-05-04T00:00:00+00:00,8842ceb5d9fffff
ACC-00004540,SUSPICIOUS,SBI-Sim,0.774,2024-08-28T00:00:00+00:00,8842ceb4a1fffff
ACC-00004541,SUSPICIOUS,SBI-Sim,0.797,2023-05-15T00:00:00+00:00,8860b19695fffff
ACC-00004542,SUSPICIOUS,PNB-Sim,0.463,2026-01-24T00:00:00+00:00,88618c45b9fffff
ACC-00004543,SUSPICIOUS,HDFC-Sim,0.683,2023-05-22T00:00:00+00:00,883d8dcd5dfffff
ACC-00004544,SUSPICIOUS,ICICI-Sim,0.475,2022-04-08T00:00:00+00:00,88618925c5fffff
ACC-00004545,SUSPICIOUS,BOI-Sim,0.406,2022-08-26T00:00:00+00:00,8860b19695fffff
ACC-00004546,SUSPICIOUS,PNB-Sim,0.726,2024-12-03T00:00:00+00:00,88618921d1fffff
ACC-00004547,SUSPICIOUS,PNB-Sim,0.445,2023-06-12T00:00:00+00:00,8860b19695fffff
ACC-00004548,SUSPICIOUS,SBI-Sim,0.614,2024-09-21T00:00:00+00:00,883da11409fffff
ACC-00004549,SUSPICIOUS,Axis-Sim,0.633,2022-09-09T00:00:00+00:00,883da11233fffff
ACC-00004550,SUSPICIOUS,PNB-Sim,0.443,2022-06-03T00:00:00+00:00,883d8dcdd5fffff
ACC-00004551,SUSPICIOUS,SBI-Sim,0.601,2026-04-17T00:00:00+00:00,8860a259bbfffff
ACC-00004552,SUSPICIOUS,SBI-Sim,0.679,2021-08-23T00:00:00+00:00,883da11623fffff
ACC-00004553,SUSPICIOUS,Axis-Sim,0.458,2024-03-16T00:00:00+00:00,88618c45b9fffff
ACC-00004554,SUSPICIOUS,Axis-Sim,0.439,2023-10-20T00:00:00+00:00,8860b52e9bfffff
ACC-00004555,SUSPICIOUS,SBI-Sim,0.756,2023-08-19T00:00:00+00:00,8860b52e9bfffff
ACC-00004556,SUSPICIOUS,Axis-Sim,0.622,2023-07-11T00:00:00+00:00,883d8dcf1dfffff
ACC-00004557,SUSPICIOUS,PNB-Sim,0.42,2023-10-17T00:00:00+00:00,88618c4d05fffff
ACC-00004558,SUSPICIOUS,PNB-Sim,0.495,2024-04-03T00:00:00+00:00,883da115a5fffff
ACC-00004559,SUSPICIOUS,ICICI-Sim,0.606,2021-09-14T00:00:00+00:00,8861892ecbfffff
ACC-00004560,SUSPICIOUS,ICICI-Sim,0.485,2024-08-10T00:00:00+00:00,8842ceb4a1fffff
ACC-00004561,SUSPICIOUS,Axis-Sim,0.596,2023-08-19T00:00:00+00:00,88618c4d05fffff
ACC-00004562,SUSPICIOUS,HDFC-Sim,0.446,2026-01-24T00:00:00+00:00,88618c45b9fffff
ACC-00004563,SUSPICIOUS,HDFC-Sim,0.634,2025-05-23T00:00:00+00:00,883d8dcdd5fffff
ACC-00004564,SUSPICIOUS,Axis-Sim,0.471,2022-03-17T00:00:00+00:00,88618c4f2bfffff
ACC-00004565,SUSPICIOUS,BOI-Sim,0.542,2022-06-30T00:00:00+00:00,8860145943fffff
ACC-00004566,SUSPICIOUS,SBI-Sim,0.518,2024-04-13T00:00:00+00:00,88608b0961fffff
ACC-00004567,SUSPICIOUS,HDFC-Sim,0.691,2025-09-25T00:00:00+00:00,88618925c5fffff
ACC-00004568,SUSPICIOUS,BOI-Sim,0.557,2023-01-23T00:00:00+00:00,88608b0a6bfffff
ACC-00004569,SUSPICIOUS,PNB-Sim,0.661,2024-04-10T00:00:00+00:00,88618921d1fffff
ACC-00004570,SUSPICIOUS,ICICI-Sim,0.711,2024-05-26T00:00:00+00:00,8860a259bbfffff
ACC-00004571,SUSPICIOUS,SBI-Sim,0.699,2021-11-01T00:00:00+00:00,88618c4d05fffff
ACC-00004572,SUSPICIOUS,Axis-Sim,0.559,2021-07-02T00:00:00+00:00,8842ceb5d9fffff
ACC-00004573,SUSPICIOUS,ICICI-Sim,0.724,2025-04-19T00:00:00+00:00,8860a259bbfffff
ACC-00004574,SUSPICIOUS,HDFC-Sim,0.492,2024-08-24T00:00:00+00:00,8842ceb4a1fffff
ACC-00004575,SUSPICIOUS,ICICI-Sim,0.736,2024-07-07T00:00:00+00:00,88608b0a6bfffff
ACC-00004576,SUSPICIOUS,HDFC-Sim,0.64,2023-12-04T00:00:00+00:00,8860145943fffff
ACC-00004577,SUSPICIOUS,ICICI-Sim,0.5,2025-06-27T00:00:00+00:00,883da115a5fffff
ACC-00004578,SUSPICIOUS,BOI-Sim,0.501,2025-12-20T00:00:00+00:00,8842ceb559fffff
ACC-00004579,SUSPICIOUS,PNB-Sim,0.475,2021-12-27T00:00:00+00:00,883d8dcc0dfffff
ACC-00004580,SUSPICIOUS,ICICI-Sim,0.44,2025-08-09T00:00:00+00:00,8842ceb559fffff
ACC-00004581,SUSPICIOUS,HDFC-Sim,0.75,2021-12-09T00:00:00+00:00,883da11623fffff
ACC-00004582,SUSPICIOUS,Axis-Sim,0.731,2026-04-12T00:00:00+00:00,883da11409fffff
ACC-00004583,SUSPICIOUS,SBI-Sim,0.408,2025-05-13T00:00:00+00:00,88608b0a6bfffff
ACC-00004584,SUSPICIOUS,PNB-Sim,0.716,2022-04-09T00:00:00+00:00,88608b4733fffff
ACC-00004585,SUSPICIOUS,HDFC-Sim,0.503,2024-08-02T00:00:00+00:00,883d8dcf1dfffff
ACC-00004586,SUSPICIOUS,HDFC-Sim,0.465,2024-07-09T00:00:00+00:00,8860b52c97fffff
ACC-00004587,SUSPICIOUS,ICICI-Sim,0.457,2024-10-16T00:00:00+00:00,883d8dcc0dfffff
ACC-00004588,SUSPICIOUS,Axis-Sim,0.552,2023-12-22T00:00:00+00:00,883da11623fffff
ACC-00004589,SUSPICIOUS,ICICI-Sim,0.598,2023-09-15T00:00:00+00:00,883d8dcdd5fffff
ACC-00004590,SUSPICIOUS,PNB-Sim,0.42,2023-07-10T00:00:00+00:00,88608b56d7fffff
ACC-00004591,SUSPICIOUS,ICICI-Sim,0.59,2024-03-22T00:00:00+00:00,88608b4733fffff
ACC-00004592,SUSPICIOUS,PNB-Sim,0.525,2025-01-16T00:00:00+00:00,8860b19695fffff
ACC-00004593,SUSPICIOUS,HDFC-Sim,0.741,2026-04-20T00:00:00+00:00,8860145943fffff
ACC-00004594,SUSPICIOUS,HDFC-Sim,0.665,2025-03-16T00:00:00+00:00,8842ceb4a1fffff
ACC-00004595,SUSPICIOUS,ICICI-Sim,0.488,2023-01-26T00:00:00+00:00,88618c4f2bfffff
ACC-00004596,SUSPICIOUS,ICICI-Sim,0.583,2025-05-16T00:00:00+00:00,88608b56d7fffff
ACC-00004597,SUSPICIOUS,PNB-Sim,0.754,2021-07-15T00:00:00+00:00,883da11233fffff
ACC-00004598,SUSPICIOUS,PNB-Sim,0.543,2026-01-02T00:00:00+00:00,8860b52c97fffff
ACC-00004599,SUSPICIOUS,ICICI-Sim,0.507,2025-05-26T00:00:00+00:00,8842cea623fffff
ACC-00004600,SUSPICIOUS,HDFC-Sim,0.475,2022-04-15T00:00:00+00:00,8842ceb5d9fffff
ACC-00004601,SUSPICIOUS,Axis-Sim,0.493,2021-08-07T00:00:00+00:00,883da11623fffff
ACC-00004602,SUSPICIOUS,HDFC-Sim,0.795,2023-10-04T00:00:00+00:00,8842ceb5d9fffff
ACC-00004603,SUSPICIOUS,ICICI-Sim,0.523,2025-11-29T00:00:00+00:00,883da11623fffff
ACC-00004604,SUSPICIOUS,Axis-Sim,0.753,2025-11-02T00:00:00+00:00,8860b19695fffff
ACC-00004605,SUSPICIOUS,ICICI-Sim,0.534,2022-03-06T00:00:00+00:00,88618c4f2bfffff
ACC-00004606,SUSPICIOUS,BOI-Sim,0.788,2022-04-07T00:00:00+00:00,883d8dcdd5fffff
ACC-00004607,SUSPICIOUS,HDFC-Sim,0.668,2025-04-09T00:00:00+00:00,8860b19695fffff
ACC-00004608,SUSPICIOUS,Axis-Sim,0.703,2021-10-25T00:00:00+00:00,883da11233fffff
ACC-00004609,SUSPICIOUS,SBI-Sim,0.435,2022-07-22T00:00:00+00:00,88608b0a6bfffff
ACC-00004610,SUSPICIOUS,PNB-Sim,0.403,2024-02-10T00:00:00+00:00,88618c4d05fffff
ACC-00004611,SUSPICIOUS,BOI-Sim,0.417,2024-08-28T00:00:00+00:00,883da115a5fffff
ACC-00004612,SUSPICIOUS,ICICI-Sim,0.667,2023-06-24T00:00:00+00:00,88618c4f2bfffff
ACC-00004613,SUSPICIOUS,BOI-Sim,0.587,2023-06-20T00:00:00+00:00,88618c4e63fffff
ACC-00004614,SUSPICIOUS,PNB-Sim,0.667,2023-04-12T00:00:00+00:00,88618925c5fffff
ACC-00004615,SUSPICIOUS,HDFC-Sim,0.406,2021-11-22T00:00:00+00:00,883d8dcf1dfffff
ACC-00004616,SUSPICIOUS,BOI-Sim,0.584,2024-10-12T00:00:00+00:00,883d8dcf1dfffff
ACC-00004617,SUSPICIOUS,HDFC-Sim,0.547,2025-10-19T00:00:00+00:00,883d8dcf1dfffff
ACC-00004618,SUSPICIOUS,ICICI-Sim,0.458,2024-07-30T00:00:00+00:00,883d8dcf1dfffff
ACC-00004619,SUSPICIOUS,HDFC-Sim,0.555,2024-06-01T00:00:00+00:00,883d8dcc0dfffff
ACC-00004620,SUSPICIOUS,ICICI-Sim,0.608,2021-11-20T00:00:00+00:00,88618921d1fffff
ACC-00004621,SUSPICIOUS,BOI-Sim,0.736,2025-07-13T00:00:00+00:00,88618c4e63fffff
ACC-00004622,SUSPICIOUS,ICICI-Sim,0.665,2025-06-06T00:00:00+00:00,8860a259bbfffff
ACC-00004623,SUSPICIOUS,HDFC-Sim,0.46,2025-01-10T00:00:00+00:00,8861892ecbfffff
ACC-00004624,SUSPICIOUS,ICICI-Sim,0.698,2025-03-02T00:00:00+00:00,883d8dcd5dfffff
ACC-00004625,SUSPICIOUS,Axis-Sim,0.756,2025-09-01T00:00:00+00:00,8860145943fffff
ACC-00004626,SUSPICIOUS,BOI-Sim,0.795,2022-10-25T00:00:00+00:00,8842ceb4a1fffff
ACC-00004627,SUSPICIOUS,PNB-Sim,0.73,2022-05-04T00:00:00+00:00,88618c4e63fffff
ACC-00004628,SUSPICIOUS,ICICI-Sim,0.411,2025-02-11T00:00:00+00:00,8842cea623fffff
ACC-00004629,SUSPICIOUS,SBI-Sim,0.679,2024-04-15T00:00:00+00:00,88618925c5fffff
ACC-00004630,SUSPICIOUS,HDFC-Sim,0.69,2021-08-26T00:00:00+00:00,883da115a5fffff
ACC-00004631,SUSPICIOUS,HDFC-Sim,0.63,2021-10-03T00:00:00+00:00,8842cea623fffff
ACC-00004632,SUSPICIOUS,SBI-Sim,0.666,2022-05-08T00:00:00+00:00,8842cea623fffff
ACC-00004633,SUSPICIOUS,BOI-Sim,0.431,2025-12-12T00:00:00+00:00,883d8dcd5dfffff
ACC-00004634,SUSPICIOUS,ICICI-Sim,0.499,2022-11-14T00:00:00+00:00,883da11409fffff
ACC-00004635,SUSPICIOUS,ICICI-Sim,0.722,2022-01-13T00:00:00+00:00,883da11623fffff
ACC-00004636,SUSPICIOUS,HDFC-Sim,0.665,2023-08-20T00:00:00+00:00,88618c45b9fffff
ACC-00004637,SUSPICIOUS,SBI-Sim,0.528,2021-10-28T00:00:00+00:00,8861892ecbfffff
ACC-00004638,SUSPICIOUS,Axis-Sim,0.667,2021-11-13T00:00:00+00:00,88608b56d7fffff
ACC-00004639,SUSPICIOUS,HDFC-Sim,0.717,2025-07-05T00:00:00+00:00,883d8dcdd5fffff
ACC-00004640,SUSPICIOUS,HDFC-Sim,0.625,2021-10-16T00:00:00+00:00,88618921d1fffff
ACC-00004641,SUSPICIOUS,HDFC-Sim,0.444,2023-03-15T00:00:00+00:00,8842ceb5d9fffff
ACC-00004642,SUSPICIOUS,HDFC-Sim,0.744,2026-04-21T00:00:00+00:00,883d8dcf1dfffff
ACC-00004643,SUSPICIOUS,HDFC-Sim,0.737,2024-11-09T00:00:00+00:00,88608b0961fffff
ACC-00004644,SUSPICIOUS,Axis-Sim,0.708,2023-04-13T00:00:00+00:00,8842ceb4a1fffff
ACC-00004645,SUSPICIOUS,Axis-Sim,0.496,2026-01-02T00:00:00+00:00,883da11233fffff
ACC-00004646,SUSPICIOUS,SBI-Sim,0.519,2022-03-08T00:00:00+00:00,883da115a5fffff
ACC-00004647,SUSPICIOUS,HDFC-Sim,0.799,2022-09-09T00:00:00+00:00,8860145943fffff
ACC-00004648,SUSPICIOUS,ICICI-Sim,0.73,2026-01-31T00:00:00+00:00,883d8dcdd5fffff
ACC-00004649,SUSPICIOUS,PNB-Sim,0.467,2021-09-04T00:00:00+00:00,8842ceb5d9fffff
ACC-00004650,SUSPICIOUS,HDFC-Sim,0.54,2025-07-02T00:00:00+00:00,8860b52c97fffff
ACC-00004651,SUSPICIOUS,ICICI-Sim,0.502,2022-01-22T00:00:00+00:00,8860b19695fffff
ACC-00004652,SUSPICIOUS,SBI-Sim,0.573,2024-04-02T00:00:00+00:00,88608b0961fffff
ACC-00004653,SUSPICIOUS,Axis-Sim,0.548,2025-05-23T00:00:00+00:00,8860b52c97fffff
ACC-00004654,SUSPICIOUS,BOI-Sim,0.574,2022-11-14T00:00:00+00:00,8861892ecbfffff
ACC-00004655,SUSPICIOUS,PNB-Sim,0.586,2022-07-21T00:00:00+00:00,8860b52c97fffff
ACC-00004656,SUSPICIOUS,Axis-Sim,0.698,2025-09-08T00:00:00+00:00,883da115a5fffff
ACC-00004657,SUSPICIOUS,Axis-Sim,0.621,2024-01-28T00:00:00+00:00,8842cea623fffff
ACC-00004658,SUSPICIOUS,BOI-Sim,0.414,2021-11-26T00:00:00+00:00,883d8dcc0dfffff
ACC-00004659,SUSPICIOUS,HDFC-Sim,0.563,2023-03-30T00:00:00+00:00,8860b19695fffff
ACC-00004660,SUSPICIOUS,BOI-Sim,0.734,2024-08-07T00:00:00+00:00,88618c4e63fffff
ACC-00004661,SUSPICIOUS,BOI-Sim,0.602,2023-05-09T00:00:00+00:00,8860b52e9bfffff
ACC-00004662,SUSPICIOUS,HDFC-Sim,0.53,2023-01-01T00:00:00+00:00,883d8dcdd5fffff
ACC-00004663,SUSPICIOUS,HDFC-Sim,0.772,2022-07-16T00:00:00+00:00,8860b52e9bfffff
ACC-00004664,SUSPICIOUS,Axis-Sim,0.418,2023-06-15T00:00:00+00:00,8860a259bbfffff
ACC-00004665,SUSPICIOUS,HDFC-Sim,0.425,2023-06-08T00:00:00+00:00,8842ceb4a1fffff
ACC-00004666,SUSPICIOUS,BOI-Sim,0.645,2025-04-10T00:00:00+00:00,8842ceb4a1fffff
ACC-00004667,SUSPICIOUS,Axis-Sim,0.793,2022-11-29T00:00:00+00:00,88618925c5fffff
ACC-00004668,SUSPICIOUS,BOI-Sim,0.47,2022-02-28T00:00:00+00:00,883d8dcd5dfffff
ACC-00004669,SUSPICIOUS,ICICI-Sim,0.735,2023-10-24T00:00:00+00:00,88618c45b9fffff
ACC-00004670,SUSPICIOUS,BOI-Sim,0.717,2025-02-23T00:00:00+00:00,8861892ecbfffff
ACC-00004671,SUSPICIOUS,BOI-Sim,0.705,2024-01-06T00:00:00+00:00,8842ceb4a1fffff
ACC-00004672,SUSPICIOUS,PNB-Sim,0.561,2022-02-12T00:00:00+00:00,883da115a5fffff
ACC-00004673,SUSPICIOUS,ICICI-Sim,0.694,2024-12-02T00:00:00+00:00,883da115a5fffff
ACC-00004674,SUSPICIOUS,HDFC-Sim,0.426,2026-01-13T00:00:00+00:00,8860b19695fffff
ACC-00004675,SUSPICIOUS,Axis-Sim,0.788,2024-04-17T00:00:00+00:00,8861892ecbfffff
ACC-00004676,SUSPICIOUS,HDFC-Sim,0.456,2023-05-26T00:00:00+00:00,88618c4e63fffff
ACC-00004677,SUSPICIOUS,PNB-Sim,0.459,2024-05-31T00:00:00+00:00,8860b52c97fffff
ACC-00004678,SUSPICIOUS,BOI-Sim,0.422,2026-03-09T00:00:00+00:00,8861892ecbfffff
ACC-00004679,SUSPICIOUS,SBI-Sim,0.59,2024-04-01T00:00:00+00:00,883da11409fffff
ACC-00004680,SUSPICIOUS,ICICI-Sim,0.561,2024-01-28T00:00:00+00:00,88618925c5fffff
ACC-00004681,SUSPICIOUS,SBI-Sim,0.71,2026-04-25T00:00:00+00:00,88608b0961fffff
ACC-00004682,SUSPICIOUS,BOI-Sim,0.577,2022-02-22T00:00:00+00:00,883da11623fffff
ACC-00004683,SUSPICIOUS,PNB-Sim,0.503,2024-11-13T00:00:00+00:00,88618c4e63fffff
ACC-00004684,SUSPICIOUS,PNB-Sim,0.699,2024-07-04T00:00:00+00:00,88608b0a6bfffff
ACC-00004685,SUSPICIOUS,PNB-Sim,0.673,2023-06-10T00:00:00+00:00,883da11409fffff
ACC-00004686,SUSPICIOUS,HDFC-Sim,0.78,2023-08-03T00:00:00+00:00,88618c4d05fffff
ACC-00004687,SUSPICIOUS,PNB-Sim,0.583,2021-07-30T00:00:00+00:00,883d8dcf1dfffff
ACC-00004688,SUSPICIOUS,SBI-Sim,0.611,2025-12-18T00:00:00+00:00,883da11409fffff
ACC-00004689,SUSPICIOUS,Axis-Sim,0.787,2026-04-20T00:00:00+00:00,88618c4f2bfffff
ACC-00004690,SUSPICIOUS,PNB-Sim,0.479,2023-05-05T00:00:00+00:00,883d8dcdd5fffff
ACC-00004691,SUSPICIOUS,BOI-Sim,0.713,2026-04-11T00:00:00+00:00,8842ceb5d9fffff
ACC-00004692,SUSPICIOUS,PNB-Sim,0.617,2026-01-03T00:00:00+00:00,883d8dcc0dfffff
ACC-00004693,SUSPICIOUS,HDFC-Sim,0.577,2026-01-16T00:00:00+00:00,8842ceb559fffff
ACC-00004694,SUSPICIOUS,PNB-Sim,0.739,2025-10-27T00:00:00+00:00,883da11409fffff
ACC-00004695,SUSPICIOUS,SBI-Sim,0.586,2022-06-22T00:00:00+00:00,88608b0a6bfffff
ACC-00004696,SUSPICIOUS,BOI-Sim,0.501,2022-04-13T00:00:00+00:00,8860145943fffff
ACC-00004697,SUSPICIOUS,SBI-Sim,0.732,2021-10-26T00:00:00+00:00,883d8dcc0dfffff
ACC-00004698,SUSPICIOUS,SBI-Sim,0.729,2025-06-26T00:00:00+00:00,883d8dcdd5fffff
ACC-00004699,SUSPICIOUS,SBI-Sim,0.754,2021-09-30T00:00:00+00:00,88608b56d7fffff
ACC-00004700,SUSPICIOUS,ICICI-Sim,0.751,2021-07-19T00:00:00+00:00,88608b0a6bfffff
ACC-00004701,SUSPICIOUS,ICICI-Sim,0.422,2023-12-20T00:00:00+00:00,883d8dcd5dfffff
ACC-00004702,SUSPICIOUS,ICICI-Sim,0.593,2023-10-25T00:00:00+00:00,883d8dcdd5fffff
ACC-00004703,SUSPICIOUS,SBI-Sim,0.547,2024-10-27T00:00:00+00:00,8860b52c97fffff
ACC-00004704,SUSPICIOUS,PNB-Sim,0.777,2021-09-13T00:00:00+00:00,8860a259bbfffff
ACC-00004705,SUSPICIOUS,BOI-Sim,0.673,2025-09-12T00:00:00+00:00,8860b52e9bfffff
ACC-00004706,SUSPICIOUS,SBI-Sim,0.599,2022-12-13T00:00:00+00:00,88618c4e63fffff
ACC-00004707,SUSPICIOUS,BOI-Sim,0.547,2021-12-23T00:00:00+00:00,8842ceb5d9fffff
ACC-00004708,SUSPICIOUS,ICICI-Sim,0.515,2024-02-05T00:00:00+00:00,88608b0a6bfffff
ACC-00004709,SUSPICIOUS,BOI-Sim,0.647,2023-05-25T00:00:00+00:00,8861892ecbfffff
ACC-00004710,SUSPICIOUS,HDFC-Sim,0.478,2021-07-10T00:00:00+00:00,883da115a5fffff
ACC-00004711,SUSPICIOUS,BOI-Sim,0.744,2023-01-14T00:00:00+00:00,8842ceb4a1fffff
ACC-00004712,SUSPICIOUS,HDFC-Sim,0.57,2021-07-01T00:00:00+00:00,883da11623fffff
ACC-00004713,SUSPICIOUS,ICICI-Sim,0.746,2022-08-15T00:00:00+00:00,8842ceb559fffff
ACC-00004714,SUSPICIOUS,SBI-Sim,0.599,2025-12-09T00:00:00+00:00,883da11409fffff
ACC-00004715,SUSPICIOUS,PNB-Sim,0.601,2026-01-26T00:00:00+00:00,88618921d1fffff
ACC-00004716,SUSPICIOUS,HDFC-Sim,0.411,2025-10-09T00:00:00+00:00,8861892ecbfffff
ACC-00004717,SUSPICIOUS,BOI-Sim,0.648,2021-10-11T00:00:00+00:00,8842ceb4a1fffff
ACC-00004718,SUSPICIOUS,BOI-Sim,0.43,2022-07-31T00:00:00+00:00,88618c4f2bfffff
ACC-00004719,SUSPICIOUS,PNB-Sim,0.702,2022-05-08T00:00:00+00:00,8860b19695fffff
ACC-00004720,SUSPICIOUS,Axis-Sim,0.5,2023-01-15T00:00:00+00:00,88608b0a6bfffff
ACC-00004721,SUSPICIOUS,Axis-Sim,0.466,2022-07-22T00:00:00+00:00,8860a259bbfffff
ACC-00004722,SUSPICIOUS,PNB-Sim,0.477,2025-06-21T00:00:00+00:00,88618c45b9fffff
ACC-00004723,SUSPICIOUS,BOI-Sim,0.418,2024-09-15T00:00:00+00:00,8860b52e9bfffff
ACC-00004724,SUSPICIOUS,ICICI-Sim,0.545,2026-04-06T00:00:00+00:00,88608b56d7fffff
ACC-00004725,SUSPICIOUS,Axis-Sim,0.713,2025-01-16T00:00:00+00:00,88608b56d7fffff
ACC-00004726,SUSPICIOUS,HDFC-Sim,0.516,2023-03-07T00:00:00+00:00,8860b19695fffff
ACC-00004727,SUSPICIOUS,HDFC-Sim,0.664,2024-02-23T00:00:00+00:00,8860a259bbfffff
ACC-00004728,SUSPICIOUS,PNB-Sim,0.418,2021-07-28T00:00:00+00:00,88618921d1fffff
ACC-00004729,SUSPICIOUS,Axis-Sim,0.665,2022-06-15T00:00:00+00:00,88618c4f2bfffff
ACC-00004730,SUSPICIOUS,ICICI-Sim,0.775,2024-12-19T00:00:00+00:00,883d8dcd5dfffff
ACC-00004731,SUSPICIOUS,PNB-Sim,0.649,2023-06-16T00:00:00+00:00,8860a259bbfffff
ACC-00004732,SUSPICIOUS,Axis-Sim,0.766,2021-12-12T00:00:00+00:00,88618c45b9fffff
ACC-00004733,SUSPICIOUS,SBI-Sim,0.552,2021-09-02T00:00:00+00:00,88618c4e63fffff
ACC-00004734,SUSPICIOUS,PNB-Sim,0.586,2023-09-11T00:00:00+00:00,8842ceb559fffff
ACC-00004735,SUSPICIOUS,Axis-Sim,0.473,2024-10-08T00:00:00+00:00,883d8dcdd5fffff
ACC-00004736,SUSPICIOUS,HDFC-Sim,0.784,2025-11-15T00:00:00+00:00,88618921d1fffff
ACC-00004737,SUSPICIOUS,ICICI-Sim,0.445,2023-02-12T00:00:00+00:00,88608b56d7fffff
ACC-00004738,SUSPICIOUS,HDFC-Sim,0.487,2022-10-17T00:00:00+00:00,88618c4f2bfffff
ACC-00004739,SUSPICIOUS,HDFC-Sim,0.718,2025-01-16T00:00:00+00:00,88608b4733fffff
ACC-00004740,SUSPICIOUS,HDFC-Sim,0.589,2022-10-08T00:00:00+00:00,883da11409fffff
ACC-00004741,SUSPICIOUS,SBI-Sim,0.602,2024-09-22T00:00:00+00:00,88618921d1fffff
ACC-00004742,SUSPICIOUS,Axis-Sim,0.614,2022-11-06T00:00:00+00:00,8842ceb5d9fffff
ACC-00004743,SUSPICIOUS,PNB-Sim,0.628,2023-04-22T00:00:00+00:00,883d8dcdd5fffff
ACC-00004744,SUSPICIOUS,BOI-Sim,0.584,2024-04-08T00:00:00+00:00,8860b52c97fffff
ACC-00004745,SUSPICIOUS,Axis-Sim,0.632,2022-05-15T00:00:00+00:00,88608b56d7fffff
ACC-00004746,SUSPICIOUS,PNB-Sim,0.781,2023-06-20T00:00:00+00:00,883da115a5fffff
ACC-00004747,SUSPICIOUS,HDFC-Sim,0.611,2023-10-30T00:00:00+00:00,883da11233fffff
ACC-00004748,SUSPICIOUS,Axis-Sim,0.517,2026-03-13T00:00:00+00:00,88618c45b9fffff
ACC-00004749,SUSPICIOUS,ICICI-Sim,0.676,2022-04-30T00:00:00+00:00,883da11623fffff
ACC-00004750,SUSPICIOUS,Axis-Sim,0.729,2026-03-05T00:00:00+00:00,883da11409fffff
ACC-00004751,SUSPICIOUS,SBI-Sim,0.671,2022-02-08T00:00:00+00:00,8860145943fffff
ACC-00004752,SUSPICIOUS,ICICI-Sim,0.702,2023-10-21T00:00:00+00:00,8842cea623fffff
ACC-00004753,SUSPICIOUS,SBI-Sim,0.503,2023-03-16T00:00:00+00:00,88608b4733fffff
ACC-00004754,SUSPICIOUS,BOI-Sim,0.726,2026-02-13T00:00:00+00:00,883da11233fffff
ACC-00004755,SUSPICIOUS,BOI-Sim,0.509,2022-08-13T00:00:00+00:00,88618c4e63fffff
ACC-00004756,SUSPICIOUS,BOI-Sim,0.742,2026-04-19T00:00:00+00:00,8842ceb5d9fffff
ACC-00004757,SUSPICIOUS,BOI-Sim,0.749,2024-07-12T00:00:00+00:00,88608b0961fffff
ACC-00004758,SUSPICIOUS,BOI-Sim,0.489,2024-05-15T00:00:00+00:00,88608b0a6bfffff
ACC-00004759,SUSPICIOUS,Axis-Sim,0.558,2024-11-17T00:00:00+00:00,8861892ecbfffff
ACC-00004760,SUSPICIOUS,ICICI-Sim,0.507,2021-08-24T00:00:00+00:00,883d8dcf1dfffff
ACC-00004761,SUSPICIOUS,SBI-Sim,0.487,2021-08-08T00:00:00+00:00,883d8dcf1dfffff
ACC-00004762,SUSPICIOUS,ICICI-Sim,0.642,2025-03-19T00:00:00+00:00,8860b52c97fffff
ACC-00004763,SUSPICIOUS,Axis-Sim,0.701,2025-05-03T00:00:00+00:00,883da11409fffff
ACC-00004764,SUSPICIOUS,ICICI-Sim,0.609,2022-06-27T00:00:00+00:00,88608b4733fffff
ACC-00004765,SUSPICIOUS,PNB-Sim,0.448,2022-01-11T00:00:00+00:00,88618925c5fffff
ACC-00004766,SUSPICIOUS,BOI-Sim,0.792,2022-09-11T00:00:00+00:00,883da11233fffff
ACC-00004767,SUSPICIOUS,PNB-Sim,0.477,2022-05-15T00:00:00+00:00,883da115a5fffff
ACC-00004768,SUSPICIOUS,PNB-Sim,0.659,2026-02-22T00:00:00+00:00,88618c4e63fffff
ACC-00004769,SUSPICIOUS,HDFC-Sim,0.778,2022-10-28T00:00:00+00:00,88618c4f2bfffff
ACC-00004770,SUSPICIOUS,Axis-Sim,0.421,2022-03-13T00:00:00+00:00,88608b56d7fffff
ACC-00004771,SUSPICIOUS,Axis-Sim,0.782,2024-06-23T00:00:00+00:00,88618c4e63fffff
ACC-00004772,SUSPICIOUS,PNB-Sim,0.446,2023-09-20T00:00:00+00:00,8860b19695fffff
ACC-00004773,SUSPICIOUS,BOI-Sim,0.403,2024-04-01T00:00:00+00:00,8842cea623fffff
ACC-00004774,SUSPICIOUS,Axis-Sim,0.529,2023-01-01T00:00:00+00:00,88608b0a6bfffff
ACC-00004775,SUSPICIOUS,Axis-Sim,0.501,2023-07-31T00:00:00+00:00,88608b0961fffff
ACC-00004776,SUSPICIOUS,BOI-Sim,0.48,2023-03-01T00:00:00+00:00,8842ceb559fffff
ACC-00004777,SUSPICIOUS,HDFC-Sim,0.766,2022-07-27T00:00:00+00:00,883da11409fffff
ACC-00004778,SUSPICIOUS,Axis-Sim,0.464,2024-07-27T00:00:00+00:00,8860b19695fffff
ACC-00004779,SUSPICIOUS,Axis-Sim,0.568,2025-01-09T00:00:00+00:00,8860145943fffff
ACC-00004780,SUSPICIOUS,Axis-Sim,0.748,2022-10-31T00:00:00+00:00,883da11409fffff
ACC-00004781,SUSPICIOUS,HDFC-Sim,0.616,2022-09-09T00:00:00+00:00,8842ceb559fffff
ACC-00004782,SUSPICIOUS,SBI-Sim,0.681,2022-03-17T00:00:00+00:00,883d8dcc0dfffff
ACC-00004783,SUSPICIOUS,BOI-Sim,0.726,2023-10-18T00:00:00+00:00,88618c4f2bfffff
ACC-00004784,SUSPICIOUS,ICICI-Sim,0.509,2023-08-09T00:00:00+00:00,8842ceb5d9fffff
ACC-00004785,SUSPICIOUS,Axis-Sim,0.53,2024-03-04T00:00:00+00:00,88618c45b9fffff
ACC-00004786,SUSPICIOUS,BOI-Sim,0.473,2026-04-23T00:00:00+00:00,8842ceb559fffff
ACC-00004787,SUSPICIOUS,PNB-Sim,0.45,2021-10-27T00:00:00+00:00,8842ceb4a1fffff
ACC-00004788,SUSPICIOUS,HDFC-Sim,0.424,2024-10-22T00:00:00+00:00,88618c45b9fffff
ACC-00004789,SUSPICIOUS,Axis-Sim,0.63,2023-02-26T00:00:00+00:00,88618c4e63fffff
ACC-00004790,SUSPICIOUS,PNB-Sim,0.443,2021-11-19T00:00:00+00:00,883d8dcf1dfffff
ACC-00004791,SUSPICIOUS,PNB-Sim,0.403,2024-11-01T00:00:00+00:00,883d8dcc0dfffff
ACC-00004792,SUSPICIOUS,ICICI-Sim,0.558,2024-07-02T00:00:00+00:00,883da11623fffff
ACC-00004793,SUSPICIOUS,SBI-Sim,0.446,2021-12-06T00:00:00+00:00,88618925c5fffff
ACC-00004794,SUSPICIOUS,SBI-Sim,0.445,2022-06-25T00:00:00+00:00,8842ceb4a1fffff
ACC-00004795,SUSPICIOUS,SBI-Sim,0.665,2024-10-04T00:00:00+00:00,883d8dcdd5fffff
ACC-00004796,SUSPICIOUS,SBI-Sim,0.422,2026-02-16T00:00:00+00:00,8842ceb4a1fffff
ACC-00004797,SUSPICIOUS,ICICI-Sim,0.475,2021-09-20T00:00:00+00:00,8860b19695fffff
ACC-00004798,SUSPICIOUS,ICICI-Sim,0.767,2026-03-26T00:00:00+00:00,8860a259bbfffff
ACC-00004799,SUSPICIOUS,SBI-Sim,0.756,2025-06-28T00:00:00+00:00,8842ceb4a1fffff
ACC-00004800,SUSPICIOUS,BOI-Sim,0.502,2025-12-22T00:00:00+00:00,88608b0961fffff
ACC-00004801,SUSPICIOUS,Axis-Sim,0.722,2022-09-03T00:00:00+00:00,88608b56d7fffff
ACC-00004802,SUSPICIOUS,HDFC-Sim,0.666,2026-01-21T00:00:00+00:00,8842ceb4a1fffff
ACC-00004803,SUSPICIOUS,PNB-Sim,0.62,2021-11-12T00:00:00+00:00,88618921d1fffff
ACC-00004804,SUSPICIOUS,BOI-Sim,0.57,2022-10-04T00:00:00+00:00,88618921d1fffff
ACC-00004805,SUSPICIOUS,PNB-Sim,0.51,2024-03-15T00:00:00+00:00,883d8dcdd5fffff
ACC-00004806,SUSPICIOUS,ICICI-Sim,0.458,2024-12-29T00:00:00+00:00,883da115a5fffff
ACC-00004807,SUSPICIOUS,HDFC-Sim,0.558,2022-09-24T00:00:00+00:00,883d8dcdd5fffff
ACC-00004808,SUSPICIOUS,PNB-Sim,0.653,2022-08-29T00:00:00+00:00,88618925c5fffff
ACC-00004809,SUSPICIOUS,SBI-Sim,0.437,2025-11-06T00:00:00+00:00,8842ceb4a1fffff
ACC-00004810,SUSPICIOUS,PNB-Sim,0.561,2024-10-17T00:00:00+00:00,883d8dcc0dfffff
ACC-00004811,SUSPICIOUS,SBI-Sim,0.403,2023-04-01T00:00:00+00:00,88608b0961fffff
ACC-00004812,SUSPICIOUS,SBI-Sim,0.674,2026-02-19T00:00:00+00:00,88608b0961fffff
ACC-00004813,SUSPICIOUS,ICICI-Sim,0.787,2024-09-19T00:00:00+00:00,88608b0a6bfffff
ACC-00004814,SUSPICIOUS,PNB-Sim,0.601,2025-04-17T00:00:00+00:00,8842ceb5d9fffff
ACC-00004815,SUSPICIOUS,ICICI-Sim,0.406,2023-10-15T00:00:00+00:00,8842ceb4a1fffff
ACC-00004816,SUSPICIOUS,PNB-Sim,0.785,2024-03-23T00:00:00+00:00,8860a259bbfffff
ACC-00004817,SUSPICIOUS,Axis-Sim,0.63,2021-09-09T00:00:00+00:00,8861892ecbfffff
ACC-00004818,SUSPICIOUS,BOI-Sim,0.623,2025-03-28T00:00:00+00:00,8842cea623fffff
ACC-00004819,SUSPICIOUS,SBI-Sim,0.664,2022-03-03T00:00:00+00:00,8860b19695fffff
ACC-00004820,SUSPICIOUS,ICICI-Sim,0.442,2021-07-04T00:00:00+00:00,8842cea623fffff
ACC-00004821,SUSPICIOUS,BOI-Sim,0.558,2025-12-21T00:00:00+00:00,883da11623fffff
ACC-00004822,SUSPICIOUS,ICICI-Sim,0.601,2025-01-03T00:00:00+00:00,8860145943fffff
ACC-00004823,SUSPICIOUS,Axis-Sim,0.668,2023-12-13T00:00:00+00:00,8860b52e9bfffff
ACC-00004824,SUSPICIOUS,BOI-Sim,0.671,2024-11-25T00:00:00+00:00,88618925c5fffff
ACC-00004825,SUSPICIOUS,BOI-Sim,0.669,2023-09-10T00:00:00+00:00,883d8dcc0dfffff
ACC-00004826,SUSPICIOUS,BOI-Sim,0.52,2023-01-16T00:00:00+00:00,8842cea623fffff
ACC-00004827,SUSPICIOUS,Axis-Sim,0.491,2024-05-14T00:00:00+00:00,8842cea623fffff
ACC-00004828,SUSPICIOUS,PNB-Sim,0.745,2022-03-10T00:00:00+00:00,88608b56d7fffff
ACC-00004829,SUSPICIOUS,HDFC-Sim,0.591,2022-03-27T00:00:00+00:00,88618c45b9fffff
ACC-00004830,SUSPICIOUS,HDFC-Sim,0.569,2023-06-23T00:00:00+00:00,883da11233fffff
ACC-00004831,SUSPICIOUS,HDFC-Sim,0.467,2025-05-21T00:00:00+00:00,88618c45b9fffff
ACC-00004832,SUSPICIOUS,ICICI-Sim,0.422,2025-03-19T00:00:00+00:00,88618c4d05fffff
ACC-00004833,SUSPICIOUS,HDFC-Sim,0.451,2024-04-18T00:00:00+00:00,88618925c5fffff
ACC-00004834,SUSPICIOUS,PNB-Sim,0.636,2025-07-18T00:00:00+00:00,883d8dcc0dfffff
ACC-00004835,SUSPICIOUS,HDFC-Sim,0.651,2023-04-05T00:00:00+00:00,883d8dcc0dfffff
ACC-00004836,SUSPICIOUS,BOI-Sim,0.618,2026-03-11T00:00:00+00:00,883d8dcd5dfffff
ACC-00004837,SUSPICIOUS,BOI-Sim,0.599,2023-11-29T00:00:00+00:00,88618c4f2bfffff
ACC-00004838,SUSPICIOUS,Axis-Sim,0.595,2024-05-24T00:00:00+00:00,88618c4f2bfffff
ACC-00004839,SUSPICIOUS,ICICI-Sim,0.777,2023-06-06T00:00:00+00:00,8842ceb559fffff
ACC-00004840,SUSPICIOUS,PNB-Sim,0.484,2025-02-07T00:00:00+00:00,88618c4d05fffff
ACC-00004841,SUSPICIOUS,BOI-Sim,0.79,2024-06-22T00:00:00+00:00,883da11233fffff
ACC-00004842,SUSPICIOUS,BOI-Sim,0.438,2024-04-17T00:00:00+00:00,8860b52c97fffff
ACC-00004843,SUSPICIOUS,BOI-Sim,0.594,2024-07-21T00:00:00+00:00,883d8dcdd5fffff
ACC-00004844,SUSPICIOUS,SBI-Sim,0.499,2022-07-27T00:00:00+00:00,88618c4e63fffff
ACC-00004845,SUSPICIOUS,ICICI-Sim,0.635,2026-01-29T00:00:00+00:00,88618c4d05fffff
ACC-00004846,SUSPICIOUS,PNB-Sim,0.73,2024-08-10T00:00:00+00:00,88618c4d05fffff
ACC-00004847,SUSPICIOUS,BOI-Sim,0.547,2024-03-09T00:00:00+00:00,883d8dcdd5fffff
ACC-00004848,SUSPICIOUS,SBI-Sim,0.507,2023-01-31T00:00:00+00:00,883da11409fffff
ACC-00004849,SUSPICIOUS,SBI-Sim,0.763,2025-05-20T00:00:00+00:00,8860a259bbfffff
ACC-00004850,SUSPICIOUS,HDFC-Sim,0.769,2026-02-14T00:00:00+00:00,88618c45b9fffff
ACC-00004851,SUSPICIOUS,BOI-Sim,0.597,2025-09-12T00:00:00+00:00,88618925c5fffff
ACC-00004852,SUSPICIOUS,PNB-Sim,0.58,2022-10-11T00:00:00+00:00,88608b4733fffff
ACC-00004853,SUSPICIOUS,SBI-Sim,0.773,2024-01-31T00:00:00+00:00,8860b19695fffff
ACC-00004854,SUSPICIOUS,ICICI-Sim,0.423,2025-04-12T00:00:00+00:00,883d8dcdd5fffff
ACC-00004855,SUSPICIOUS,PNB-Sim,0.531,2026-02-13T00:00:00+00:00,8842cea623fffff
ACC-00004856,SUSPICIOUS,BOI-Sim,0.453,2024-07-13T00:00:00+00:00,88618c4d05fffff
ACC-00004857,SUSPICIOUS,Axis-Sim,0.491,2024-01-22T00:00:00+00:00,88618921d1fffff
ACC-00004858,SUSPICIOUS,SBI-Sim,0.471,2021-08-19T00:00:00+00:00,8842ceb559fffff
ACC-00004859,SUSPICIOUS,Axis-Sim,0.611,2022-10-13T00:00:00+00:00,88618c4e63fffff
ACC-00004860,SUSPICIOUS,PNB-Sim,0.763,2024-09-04T00:00:00+00:00,88618921d1fffff
ACC-00004861,SUSPICIOUS,ICICI-Sim,0.518,2024-07-24T00:00:00+00:00,88618921d1fffff
ACC-00004862,SUSPICIOUS,SBI-Sim,0.683,2022-02-14T00:00:00+00:00,88618c4f2bfffff
ACC-00004863,SUSPICIOUS,BOI-Sim,0.644,2022-07-09T00:00:00+00:00,8860a259bbfffff
ACC-00004864,SUSPICIOUS,HDFC-Sim,0.767,2024-01-19T00:00:00+00:00,88608b4733fffff
ACC-00004865,SUSPICIOUS,Axis-Sim,0.609,2024-10-24T00:00:00+00:00,883d8dcc0dfffff
ACC-00004866,SUSPICIOUS,ICICI-Sim,0.641,2025-02-03T00:00:00+00:00,883d8dcd5dfffff
ACC-00004867,SUSPICIOUS,SBI-Sim,0.494,2022-08-20T00:00:00+00:00,88618c4e63fffff
ACC-00004868,SUSPICIOUS,Axis-Sim,0.736,2022-08-20T00:00:00+00:00,8842ceb5d9fffff
ACC-00004869,SUSPICIOUS,HDFC-Sim,0.51,2022-08-26T00:00:00+00:00,88608b56d7fffff
ACC-00004870,SUSPICIOUS,HDFC-Sim,0.685,2023-07-29T00:00:00+00:00,8860a259bbfffff
ACC-00004871,SUSPICIOUS,HDFC-Sim,0.591,2024-08-12T00:00:00+00:00,8860a259bbfffff
ACC-00004872,SUSPICIOUS,BOI-Sim,0.456,2024-08-06T00:00:00+00:00,88618925c5fffff
ACC-00004873,SUSPICIOUS,BOI-Sim,0.789,2023-08-05T00:00:00+00:00,883d8dcd5dfffff
ACC-00004874,SUSPICIOUS,Axis-Sim,0.698,2022-04-02T00:00:00+00:00,883da115a5fffff
ACC-00004875,SUSPICIOUS,Axis-Sim,0.503,2025-03-15T00:00:00+00:00,88608b56d7fffff
ACC-00004876,SUSPICIOUS,Axis-Sim,0.449,2026-04-02T00:00:00+00:00,8860b52c97fffff
ACC-00004877,SUSPICIOUS,PNB-Sim,0.684,2024-06-24T00:00:00+00:00,88618921d1fffff
ACC-00004878,SUSPICIOUS,BOI-Sim,0.46,2024-01-20T00:00:00+00:00,883d8dcf1dfffff
ACC-00004879,SUSPICIOUS,SBI-Sim,0.786,2021-12-03T00:00:00+00:00,88618c4f2bfffff
ACC-00004880,SUSPICIOUS,PNB-Sim,0.634,2022-04-04T00:00:00+00:00,88618c45b9fffff
ACC-00004881,SUSPICIOUS,PNB-Sim,0.594,2022-12-18T00:00:00+00:00,883d8dcc0dfffff
ACC-00004882,SUSPICIOUS,Axis-Sim,0.626,2021-11-05T00:00:00+00:00,8860145943fffff
ACC-00004883,SUSPICIOUS,BOI-Sim,0.475,2025-09-11T00:00:00+00:00,88618c45b9fffff
ACC-00004884,SUSPICIOUS,SBI-Sim,0.723,2024-04-23T00:00:00+00:00,8860145943fffff
ACC-00004885,SUSPICIOUS,PNB-Sim,0.642,2025-11-01T00:00:00+00:00,883d8dcdd5fffff
ACC-00004886,SUSPICIOUS,HDFC-Sim,0.548,2022-11-14T00:00:00+00:00,883da11409fffff
ACC-00004887,SUSPICIOUS,ICICI-Sim,0.422,2023-03-18T00:00:00+00:00,8861892ecbfffff
ACC-00004888,SUSPICIOUS,HDFC-Sim,0.455,2025-01-11T00:00:00+00:00,88618921d1fffff
ACC-00004889,SUSPICIOUS,SBI-Sim,0.507,2023-09-11T00:00:00+00:00,8861892ecbfffff
ACC-00004890,SUSPICIOUS,Axis-Sim,0.519,2022-11-04T00:00:00+00:00,8842ceb5d9fffff
ACC-00004891,SUSPICIOUS,PNB-Sim,0.769,2023-12-31T00:00:00+00:00,883d8dcd5dfffff
ACC-00004892,SUSPICIOUS,SBI-Sim,0.721,2025-04-16T00:00:00+00:00,88608b0a6bfffff
ACC-00004893,SUSPICIOUS,Axis-Sim,0.518,2023-05-05T00:00:00+00:00,88618921d1fffff
ACC-00004894,SUSPICIOUS,Axis-Sim,0.67,2024-01-29T00:00:00+00:00,883d8dcd5dfffff
ACC-00004895,SUSPICIOUS,Axis-Sim,0.524,2023-01-30T00:00:00+00:00,8842cea623fffff
ACC-00004896,SUSPICIOUS,SBI-Sim,0.437,2025-09-09T00:00:00+00:00,88618c4f2bfffff
ACC-00004897,SUSPICIOUS,Axis-Sim,0.618,2025-12-21T00:00:00+00:00,8842ceb5d9fffff
ACC-00004898,SUSPICIOUS,Axis-Sim,0.52,2026-01-13T00:00:00+00:00,8842ceb559fffff
ACC-00004899,SUSPICIOUS,BOI-Sim,0.599,2021-08-06T00:00:00+00:00,8842ceb559fffff
ACC-00004900,SUSPICIOUS,ICICI-Sim,0.695,2024-07-26T00:00:00+00:00,88608b0961fffff
ACC-00004901,SUSPICIOUS,HDFC-Sim,0.522,2023-12-29T00:00:00+00:00,883d8dcdd5fffff
ACC-00004902,SUSPICIOUS,BOI-Sim,0.77,2025-07-15T00:00:00+00:00,88608b56d7fffff
ACC-00004903,SUSPICIOUS,ICICI-Sim,0.535,2026-04-21T00:00:00+00:00,883d8dcd5dfffff
ACC-00004904,SUSPICIOUS,BOI-Sim,0.471,2021-08-03T00:00:00+00:00,88608b0961fffff
ACC-00004905,SUSPICIOUS,ICICI-Sim,0.54,2021-09-10T00:00:00+00:00,88608b56d7fffff
ACC-00004906,SUSPICIOUS,SBI-Sim,0.673,2025-05-30T00:00:00+00:00,8860145943fffff
ACC-00004907,SUSPICIOUS,Axis-Sim,0.561,2025-02-05T00:00:00+00:00,883da11409fffff
ACC-00004908,SUSPICIOUS,PNB-Sim,0.421,2024-01-16T00:00:00+00:00,8860b52e9bfffff
ACC-00004909,SUSPICIOUS,SBI-Sim,0.594,2026-03-12T00:00:00+00:00,883d8dcdd5fffff
ACC-00004910,SUSPICIOUS,PNB-Sim,0.519,2023-07-17T00:00:00+00:00,88618c45b9fffff
ACC-00004911,SUSPICIOUS,Axis-Sim,0.752,2022-06-08T00:00:00+00:00,883d8dcf1dfffff
ACC-00004912,SUSPICIOUS,ICICI-Sim,0.466,2025-11-25T00:00:00+00:00,883d8dcdd5fffff
ACC-00004913,SUSPICIOUS,ICICI-Sim,0.583,2024-03-28T00:00:00+00:00,8860b52e9bfffff
ACC-00004914,SUSPICIOUS,HDFC-Sim,0.533,2022-04-09T00:00:00+00:00,88618c45b9fffff
ACC-00004915,SUSPICIOUS,PNB-Sim,0.664,2025-09-10T00:00:00+00:00,88618c4d05fffff
ACC-00004916,SUSPICIOUS,Axis-Sim,0.401,2024-01-03T00:00:00+00:00,88608b0961fffff
ACC-00004917,SUSPICIOUS,HDFC-Sim,0.557,2022-01-23T00:00:00+00:00,88618921d1fffff
ACC-00004918,SUSPICIOUS,Axis-Sim,0.765,2022-07-10T00:00:00+00:00,883da11233fffff
ACC-00004919,SUSPICIOUS,ICICI-Sim,0.581,2022-08-02T00:00:00+00:00,8842ceb559fffff
ACC-00004920,SUSPICIOUS,BOI-Sim,0.73,2022-08-05T00:00:00+00:00,8842ceb5d9fffff
ACC-00004921,SUSPICIOUS,BOI-Sim,0.557,2024-04-22T00:00:00+00:00,88608b0961fffff
ACC-00004922,SUSPICIOUS,BOI-Sim,0.612,2023-05-30T00:00:00+00:00,8842ceb4a1fffff
ACC-00004923,SUSPICIOUS,SBI-Sim,0.447,2026-01-02T00:00:00+00:00,8842cea623fffff
ACC-00004924,SUSPICIOUS,HDFC-Sim,0.791,2025-08-06T00:00:00+00:00,883da11233fffff
ACC-00004925,SUSPICIOUS,ICICI-Sim,0.669,2024-01-23T00:00:00+00:00,883d8dcc0dfffff
ACC-00004926,SUSPICIOUS,HDFC-Sim,0.464,2022-08-30T00:00:00+00:00,883d8dcdd5fffff
ACC-00004927,SUSPICIOUS,HDFC-Sim,0.588,2022-07-11T00:00:00+00:00,8860a259bbfffff
ACC-00004928,SUSPICIOUS,ICICI-Sim,0.717,2023-01-09T00:00:00+00:00,8860a259bbfffff
ACC-00004929,SUSPICIOUS,SBI-Sim,0.724,2025-02-09T00:00:00+00:00,883d8dcc0dfffff
ACC-00004930,SUSPICIOUS,Axis-Sim,0.747,2021-08-22T00:00:00+00:00,88618c45b9fffff
ACC-00004931,SUSPICIOUS,BOI-Sim,0.576,2022-03-09T00:00:00+00:00,8860b52e9bfffff
ACC-00004932,SUSPICIOUS,Axis-Sim,0.618,2023-06-14T00:00:00+00:00,8860b52c97fffff
ACC-00004933,SUSPICIOUS,Axis-Sim,0.601,2024-03-26T00:00:00+00:00,8860a259bbfffff
ACC-00004934,SUSPICIOUS,ICICI-Sim,0.789,2023-01-17T00:00:00+00:00,8860a259bbfffff
ACC-00004935,SUSPICIOUS,PNB-Sim,0.638,2022-05-13T00:00:00+00:00,88608b56d7fffff
ACC-00004936,SUSPICIOUS,ICICI-Sim,0.427,2024-08-14T00:00:00+00:00,883da11623fffff
ACC-00004937,SUSPICIOUS,Axis-Sim,0.683,2024-09-08T00:00:00+00:00,883d8dcdd5fffff
ACC-00004938,SUSPICIOUS,ICICI-Sim,0.421,2023-07-01T00:00:00+00:00,8860145943fffff
ACC-00004939,SUSPICIOUS,HDFC-Sim,0.525,2022-01-16T00:00:00+00:00,88608b0961fffff
ACC-00004940,SUSPICIOUS,BOI-Sim,0.709,2021-07-28T00:00:00+00:00,883d8dcdd5fffff
ACC-00004941,SUSPICIOUS,HDFC-Sim,0.533,2024-03-05T00:00:00+00:00,88618c4d05fffff
ACC-00004942,SUSPICIOUS,BOI-Sim,0.693,2024-08-06T00:00:00+00:00,88608b0961fffff
ACC-00004943,SUSPICIOUS,HDFC-Sim,0.739,2024-01-28T00:00:00+00:00,883d8dcd5dfffff
ACC-00004944,SUSPICIOUS,HDFC-Sim,0.787,2022-10-18T00:00:00+00:00,883d8dcdd5fffff
ACC-00004945,SUSPICIOUS,ICICI-Sim,0.562,2022-06-19T00:00:00+00:00,883da11409fffff
ACC-00004946,SUSPICIOUS,SBI-Sim,0.527,2025-01-02T00:00:00+00:00,88608b0a6bfffff
ACC-00004947,SUSPICIOUS,Axis-Sim,0.605,2022-07-04T00:00:00+00:00,883da11409fffff
ACC-00004948,SUSPICIOUS,Axis-Sim,0.536,2021-08-16T00:00:00+00:00,88608b4733fffff
ACC-00004949,SUSPICIOUS,Axis-Sim,0.471,2026-04-05T00:00:00+00:00,8860b52c97fffff
ACC-00004950,SUSPICIOUS,Axis-Sim,0.548,2021-11-16T00:00:00+00:00,8860b19695fffff
ACC-00004951,SUSPICIOUS,SBI-Sim,0.797,2026-04-12T00:00:00+00:00,88618c4d05fffff
ACC-00004952,SUSPICIOUS,HDFC-Sim,0.624,2024-11-05T00:00:00+00:00,88608b0961fffff
ACC-00004953,SUSPICIOUS,SBI-Sim,0.625,2025-02-05T00:00:00+00:00,883d8dcdd5fffff
ACC-00004954,SUSPICIOUS,PNB-Sim,0.599,2025-03-06T00:00:00+00:00,883d8dcf1dfffff
ACC-00004955,SUSPICIOUS,ICICI-Sim,0.546,2023-03-06T00:00:00+00:00,883da11409fffff
ACC-00004956,SUSPICIOUS,HDFC-Sim,0.678,2023-08-23T00:00:00+00:00,883da11623fffff
ACC-00004957,SUSPICIOUS,SBI-Sim,0.537,2023-10-06T00:00:00+00:00,88618925c5fffff
ACC-00004958,SUSPICIOUS,BOI-Sim,0.562,2023-06-22T00:00:00+00:00,8842ceb5d9fffff
ACC-00004959,SUSPICIOUS,PNB-Sim,0.769,2021-07-28T00:00:00+00:00,8860b52e9bfffff
ACC-00004960,SUSPICIOUS,SBI-Sim,0.573,2023-01-06T00:00:00+00:00,88608b0961fffff
ACC-00004961,SUSPICIOUS,SBI-Sim,0.573,2021-08-11T00:00:00+00:00,8860b52c97fffff
ACC-00004962,SUSPICIOUS,ICICI-Sim,0.441,2023-12-29T00:00:00+00:00,88618925c5fffff
ACC-00004963,SUSPICIOUS,SBI-Sim,0.581,2025-05-24T00:00:00+00:00,88618c45b9fffff
ACC-00004964,SUSPICIOUS,PNB-Sim,0.744,2025-11-16T00:00:00+00:00,88618c45b9fffff
ACC-00004965,SUSPICIOUS,Axis-Sim,0.527,2024-08-20T00:00:00+00:00,8860b52e9bfffff
ACC-00004966,SUSPICIOUS,SBI-Sim,0.597,2021-07-19T00:00:00+00:00,8842cea623fffff
ACC-00004967,SUSPICIOUS,SBI-Sim,0.466,2026-04-01T00:00:00+00:00,88618c4e63fffff
ACC-00004968,SUSPICIOUS,Axis-Sim,0.67,2023-05-22T00:00:00+00:00,8842ceb5d9fffff
ACC-00004969,SUSPICIOUS,HDFC-Sim,0.734,2022-07-24T00:00:00+00:00,883d8dcdd5fffff
ACC-00004970,SUSPICIOUS,Axis-Sim,0.773,2025-09-15T00:00:00+00:00,88608b56d7fffff
ACC-00004971,SUSPICIOUS,HDFC-Sim,0.401,2023-03-06T00:00:00+00:00,8842ceb559fffff
ACC-00004972,SUSPICIOUS,Axis-Sim,0.539,2024-09-02T00:00:00+00:00,88608b56d7fffff
ACC-00004973,SUSPICIOUS,HDFC-Sim,0.605,2024-06-16T00:00:00+00:00,883d8dcc0dfffff
ACC-00004974,SUSPICIOUS,SBI-Sim,0.551,2025-04-14T00:00:00+00:00,88618c4e63fffff
ACC-00004975,SUSPICIOUS,BOI-Sim,0.707,2023-09-07T00:00:00+00:00,8842ceb5d9fffff
ACC-00004976,SUSPICIOUS,ICICI-Sim,0.529,2021-07-05T00:00:00+00:00,883da11409fffff
ACC-00004977,SUSPICIOUS,PNB-Sim,0.606,2023-03-30T00:00:00+00:00,8861892ecbfffff
ACC-00004978,SUSPICIOUS,ICICI-Sim,0.557,2022-10-07T00:00:00+00:00,8860a259bbfffff
ACC-00004979,SUSPICIOUS,PNB-Sim,0.519,2025-08-08T00:00:00+00:00,88608b56d7fffff
ACC-00004980,SUSPICIOUS,BOI-Sim,0.782,2021-11-12T00:00:00+00:00,88608b0961fffff
ACC-00004981,SUSPICIOUS,SBI-Sim,0.646,2023-09-27T00:00:00+00:00,883d8dcf1dfffff
ACC-00004982,SUSPICIOUS,Axis-Sim,0.778,2024-12-03T00:00:00+00:00,883da11623fffff
ACC-00004983,SUSPICIOUS,PNB-Sim,0.47,2023-12-15T00:00:00+00:00,88618925c5fffff
ACC-00004984,SUSPICIOUS,SBI-Sim,0.541,2022-01-23T00:00:00+00:00,883da11409fffff
ACC-00004985,SUSPICIOUS,SBI-Sim,0.646,2022-11-01T00:00:00+00:00,883d8dcf1dfffff
ACC-00004986,SUSPICIOUS,BOI-Sim,0.492,2021-09-18T00:00:00+00:00,8860b19695fffff
ACC-00004987,SUSPICIOUS,BOI-Sim,0.697,2022-08-11T00:00:00+00:00,8860b19695fffff
ACC-00004988,SUSPICIOUS,Axis-Sim,0.747,2022-09-08T00:00:00+00:00,88608b56d7fffff
ACC-00004989,SUSPICIOUS,ICICI-Sim,0.431,2022-12-21T00:00:00+00:00,88608b0961fffff
ACC-00004990,SUSPICIOUS,ICICI-Sim,0.679,2022-01-04T00:00:00+00:00,883da11233fffff
ACC-00004991,SUSPICIOUS,HDFC-Sim,0.7,2025-11-05T00:00:00+00:00,88608b0961fffff
ACC-00004992,SUSPICIOUS,PNB-Sim,0.643,2022-11-13T00:00:00+00:00,8860b19695fffff
ACC-00004993,SUSPICIOUS,ICICI-Sim,0.412,2024-04-27T00:00:00+00:00,88618921d1fffff
ACC-00004994,SUSPICIOUS,BOI-Sim,0.784,2021-11-18T00:00:00+00:00,8861892ecbfffff
ACC-00004995,SUSPICIOUS,ICICI-Sim,0.596,2023-08-12T00:00:00+00:00,8842ceb559fffff
ACC-00004996,SUSPICIOUS,BOI-Sim,0.759,2025-07-01T00:00:00+00:00,8860145943fffff
ACC-00004997,SUSPICIOUS,SBI-Sim,0.508,2022-10-17T00:00:00+00:00,8860b52c97fffff
ACC-00004998,SUSPICIOUS,BOI-Sim,0.736,2025-04-13T00:00:00+00:00,8860a259bbfffff
ACC-00004999,SUSPICIOUS,PNB-Sim,0.405,2025-01-17T00:00:00+00:00,88618c4e63fffff
ACC-00005000,SUSPICIOUS,HDFC-Sim,0.674,2022-07-13T00:00:00+00:00,8842ceb5d9fffff
ACC-00005001,MERCHANT,HDFC-Sim,0.015,2024-01-12T00:00:00+00:00,8860b52e9bfffff
ACC-00005002,MERCHANT,SBI-Sim,0.113,2024-06-21T00:00:00+00:00,88608b0a6bfffff
ACC-00005003,MERCHANT,SBI-Sim,0.021,2023-09-13T00:00:00+00:00,88618925c5fffff
ACC-00005004,MERCHANT,HDFC-Sim,0.042,2022-02-03T00:00:00+00:00,883d8dcf1dfffff
ACC-00005005,MERCHANT,Axis-Sim,0.051,2023-03-13T00:00:00+00:00,883d8dcdd5fffff
ACC-00005006,MERCHANT,SBI-Sim,0.002,2024-04-21T00:00:00+00:00,883d8dcf1dfffff
ACC-00005007,MERCHANT,BOI-Sim,0.087,2021-08-02T00:00:00+00:00,88608b0961fffff
ACC-00005008,MERCHANT,ICICI-Sim,0.117,2025-05-30T00:00:00+00:00,88618c4e63fffff
ACC-00005009,MERCHANT,HDFC-Sim,0.072,2024-05-28T00:00:00+00:00,8860a259bbfffff
ACC-00005010,MERCHANT,HDFC-Sim,0.048,2021-07-13T00:00:00+00:00,8860b52e9bfffff
ACC-00005011,MERCHANT,BOI-Sim,0.078,2022-01-19T00:00:00+00:00,88608b0961fffff
ACC-00005012,MERCHANT,BOI-Sim,0.09,2022-02-23T00:00:00+00:00,883da11233fffff
ACC-00005013,MERCHANT,BOI-Sim,0.084,2025-08-31T00:00:00+00:00,8842cea623fffff
ACC-00005014,MERCHANT,HDFC-Sim,0.126,2026-02-09T00:00:00+00:00,883d8dcd5dfffff
ACC-00005015,MERCHANT,PNB-Sim,0.021,2022-07-12T00:00:00+00:00,88618921d1fffff
ACC-00005016,MERCHANT,PNB-Sim,0.024,2024-04-15T00:00:00+00:00,883da11623fffff
ACC-00005017,MERCHANT,Axis-Sim,0.073,2024-01-17T00:00:00+00:00,883d8dcd5dfffff
ACC-00005018,MERCHANT,BOI-Sim,0.061,2026-02-10T00:00:00+00:00,8842ceb5d9fffff
ACC-00005019,MERCHANT,Axis-Sim,0.026,2021-07-28T00:00:00+00:00,88608b56d7fffff
ACC-00005020,MERCHANT,ICICI-Sim,0.066,2022-07-31T00:00:00+00:00,883da115a5fffff
ACC-00005021,MERCHANT,BOI-Sim,0.086,2025-09-15T00:00:00+00:00,8842ceb4a1fffff
ACC-00005022,MERCHANT,PNB-Sim,0.025,2023-04-27T00:00:00+00:00,883d8dcd5dfffff
ACC-00005023,MERCHANT,Axis-Sim,0.124,2023-11-06T00:00:00+00:00,883da11409fffff
ACC-00005024,MERCHANT,HDFC-Sim,0.004,2022-02-01T00:00:00+00:00,883da115a5fffff
ACC-00005025,MERCHANT,SBI-Sim,0.001,2024-05-04T00:00:00+00:00,88618c4d05fffff
ACC-00005026,MERCHANT,HDFC-Sim,0.009,2021-12-07T00:00:00+00:00,88608b56d7fffff
ACC-00005027,MERCHANT,Axis-Sim,0.091,2026-03-28T00:00:00+00:00,8842ceb4a1fffff
ACC-00005028,MERCHANT,ICICI-Sim,0.029,2021-12-24T00:00:00+00:00,88608b4733fffff
ACC-00005029,MERCHANT,BOI-Sim,0.005,2021-07-31T00:00:00+00:00,883da11233fffff
ACC-00005030,MERCHANT,PNB-Sim,0.148,2025-11-25T00:00:00+00:00,883da11409fffff
ACC-00005031,MERCHANT,SBI-Sim,0.099,2023-04-19T00:00:00+00:00,88618925c5fffff
ACC-00005032,MERCHANT,HDFC-Sim,0.114,2023-07-21T00:00:00+00:00,8842ceb559fffff
ACC-00005033,MERCHANT,BOI-Sim,0.091,2024-08-25T00:00:00+00:00,88618c4d05fffff
ACC-00005034,MERCHANT,PNB-Sim,0.111,2024-12-11T00:00:00+00:00,883d8dcf1dfffff
ACC-00005035,MERCHANT,BOI-Sim,0.064,2021-10-09T00:00:00+00:00,88618c4f2bfffff
ACC-00005036,MERCHANT,SBI-Sim,0.139,2023-04-24T00:00:00+00:00,88608b56d7fffff
ACC-00005037,MERCHANT,SBI-Sim,0.059,2026-01-07T00:00:00+00:00,8861892ecbfffff
ACC-00005038,MERCHANT,PNB-Sim,0.088,2024-01-31T00:00:00+00:00,8842ceb5d9fffff
ACC-00005039,MERCHANT,BOI-Sim,0.013,2024-04-07T00:00:00+00:00,8842ceb4a1fffff
ACC-00005040,MERCHANT,ICICI-Sim,0.139,2025-11-10T00:00:00+00:00,88608b4733fffff
ACC-00005041,MERCHANT,HDFC-Sim,0.059,2025-07-26T00:00:00+00:00,883da11233fffff
ACC-00005042,MERCHANT,ICICI-Sim,0.082,2023-12-29T00:00:00+00:00,8842ceb5d9fffff
ACC-00005043,MERCHANT,Axis-Sim,0.042,2022-10-26T00:00:00+00:00,88608b56d7fffff
ACC-00005044,MERCHANT,Axis-Sim,0.053,2023-07-05T00:00:00+00:00,88608b0961fffff
ACC-00005045,MERCHANT,BOI-Sim,0.123,2023-04-10T00:00:00+00:00,883da11233fffff
ACC-00005046,MERCHANT,ICICI-Sim,0.005,2025-05-04T00:00:00+00:00,88618c4e63fffff
ACC-00005047,MERCHANT,BOI-Sim,0.07,2025-12-19T00:00:00+00:00,8842ceb559fffff
ACC-00005048,MERCHANT,PNB-Sim,0.124,2025-09-16T00:00:00+00:00,8860145943fffff
ACC-00005049,MERCHANT,BOI-Sim,0.056,2026-03-24T00:00:00+00:00,88618c4f2bfffff
ACC-00005050,MERCHANT,Axis-Sim,0.047,2023-07-26T00:00:00+00:00,8861892ecbfffff
ACC-00005051,MERCHANT,PNB-Sim,0.035,2024-07-25T00:00:00+00:00,88618c4d05fffff
ACC-00005052,MERCHANT,BOI-Sim,0.123,2023-10-10T00:00:00+00:00,8842ceb559fffff
ACC-00005053,MERCHANT,Axis-Sim,0.085,2021-06-27T00:00:00+00:00,883da11623fffff
ACC-00005054,MERCHANT,SBI-Sim,0.002,2026-03-14T00:00:00+00:00,88608b0a6bfffff
ACC-00005055,MERCHANT,ICICI-Sim,0.039,2023-05-11T00:00:00+00:00,8842ceb5d9fffff
ACC-00005056,MERCHANT,HDFC-Sim,0.07,2024-02-11T00:00:00+00:00,88608b4733fffff
ACC-00005057,MERCHANT,SBI-Sim,0.043,2022-11-07T00:00:00+00:00,8860b52c97fffff
ACC-00005058,MERCHANT,ICICI-Sim,0.097,2024-03-12T00:00:00+00:00,88608b56d7fffff
ACC-00005059,MERCHANT,BOI-Sim,0.127,2023-10-18T00:00:00+00:00,88618c45b9fffff
ACC-00005060,MERCHANT,PNB-Sim,0.088,2025-06-29T00:00:00+00:00,8860b52c97fffff
ACC-00005061,MERCHANT,HDFC-Sim,0.037,2023-06-24T00:00:00+00:00,883d8dcc0dfffff
ACC-00005062,MERCHANT,BOI-Sim,0.107,2024-07-06T00:00:00+00:00,88608b0961fffff
ACC-00005063,MERCHANT,SBI-Sim,0.002,2023-06-10T00:00:00+00:00,883da11623fffff
ACC-00005064,MERCHANT,Axis-Sim,0.117,2025-06-04T00:00:00+00:00,883d8dcf1dfffff
ACC-00005065,MERCHANT,HDFC-Sim,0.069,2021-08-08T00:00:00+00:00,88618c4f2bfffff
ACC-00005066,MERCHANT,BOI-Sim,0.009,2021-12-16T00:00:00+00:00,88608b0961fffff
ACC-00005067,MERCHANT,PNB-Sim,0.138,2022-01-22T00:00:00+00:00,88618921d1fffff
ACC-00005068,MERCHANT,ICICI-Sim,0.003,2025-08-05T00:00:00+00:00,883da11409fffff
ACC-00005069,MERCHANT,BOI-Sim,0.124,2023-12-15T00:00:00+00:00,8861892ecbfffff
ACC-00005070,MERCHANT,SBI-Sim,0.141,2022-02-26T00:00:00+00:00,883d8dcf1dfffff
ACC-00005071,MERCHANT,BOI-Sim,0.083,2026-01-16T00:00:00+00:00,88618921d1fffff
ACC-00005072,MERCHANT,SBI-Sim,0.064,2024-07-18T00:00:00+00:00,883da115a5fffff
ACC-00005073,MERCHANT,ICICI-Sim,0.038,2024-10-12T00:00:00+00:00,88618c4e63fffff
ACC-00005074,MERCHANT,SBI-Sim,0.05,2023-12-21T00:00:00+00:00,883d8dcc0dfffff
ACC-00005075,MERCHANT,SBI-Sim,0.061,2021-07-04T00:00:00+00:00,8860b19695fffff
ACC-00005076,MERCHANT,HDFC-Sim,0.108,2023-02-27T00:00:00+00:00,88608b0961fffff
ACC-00005077,MERCHANT,ICICI-Sim,0.078,2023-05-21T00:00:00+00:00,88608b0961fffff
ACC-00005078,MERCHANT,ICICI-Sim,0.005,2026-04-05T00:00:00+00:00,8860b52c97fffff
ACC-00005079,MERCHANT,PNB-Sim,0.023,2026-01-18T00:00:00+00:00,883d8dcc0dfffff
ACC-00005080,MERCHANT,Axis-Sim,0.011,2025-07-22T00:00:00+00:00,883d8dcdd5fffff
ACC-00005081,MERCHANT,BOI-Sim,0.038,2023-11-14T00:00:00+00:00,8842cea623fffff
ACC-00005082,MERCHANT,SBI-Sim,0.069,2024-10-31T00:00:00+00:00,883da11623fffff
ACC-00005083,MERCHANT,BOI-Sim,0.075,2024-05-03T00:00:00+00:00,88608b56d7fffff
ACC-00005084,MERCHANT,HDFC-Sim,0.07,2021-11-17T00:00:00+00:00,883da11623fffff
ACC-00005085,MERCHANT,HDFC-Sim,0.064,2024-01-27T00:00:00+00:00,8842ceb5d9fffff
ACC-00005086,MERCHANT,ICICI-Sim,0.045,2025-08-08T00:00:00+00:00,8860b52e9bfffff
ACC-00005087,MERCHANT,BOI-Sim,0.136,2023-08-31T00:00:00+00:00,883da11233fffff
ACC-00005088,MERCHANT,ICICI-Sim,0.15,2021-07-05T00:00:00+00:00,88608b0961fffff
ACC-00005089,MERCHANT,HDFC-Sim,0.036,2024-11-05T00:00:00+00:00,8860b52e9bfffff
ACC-00005090,MERCHANT,ICICI-Sim,0.013,2025-11-27T00:00:00+00:00,883da115a5fffff
ACC-00005091,MERCHANT,BOI-Sim,0.098,2024-01-01T00:00:00+00:00,8860b19695fffff
ACC-00005092,MERCHANT,ICICI-Sim,0.027,2021-12-27T00:00:00+00:00,8860145943fffff
ACC-00005093,MERCHANT,HDFC-Sim,0.033,2021-07-12T00:00:00+00:00,883d8dcf1dfffff
ACC-00005094,MERCHANT,ICICI-Sim,0.139,2024-08-24T00:00:00+00:00,88608b56d7fffff
ACC-00005095,MERCHANT,Axis-Sim,0.063,2022-02-26T00:00:00+00:00,8860b52c97fffff
ACC-00005096,MERCHANT,ICICI-Sim,0.095,2021-09-25T00:00:00+00:00,8860a259bbfffff
ACC-00005097,MERCHANT,SBI-Sim,0.069,2022-06-11T00:00:00+00:00,8860a259bbfffff
ACC-00005098,MERCHANT,ICICI-Sim,0.14,2025-12-21T00:00:00+00:00,883d8dcc0dfffff
ACC-00005099,MERCHANT,HDFC-Sim,0.044,2024-09-22T00:00:00+00:00,8860145943fffff
ACC-00005100,MERCHANT,BOI-Sim,0.113,2021-11-19T00:00:00+00:00,88618c45b9fffff
ACC-00005101,MERCHANT,PNB-Sim,0.063,2024-01-26T00:00:00+00:00,8842ceb4a1fffff
ACC-00005102,MERCHANT,PNB-Sim,0.128,2024-12-11T00:00:00+00:00,88608b0961fffff
ACC-00005103,MERCHANT,PNB-Sim,0.077,2023-07-16T00:00:00+00:00,883d8dcdd5fffff
ACC-00005104,MERCHANT,HDFC-Sim,0.132,2025-08-15T00:00:00+00:00,88608b0a6bfffff
ACC-00005105,MERCHANT,Axis-Sim,0.118,2025-07-01T00:00:00+00:00,883da11623fffff
ACC-00005106,MERCHANT,HDFC-Sim,0.123,2022-07-24T00:00:00+00:00,883d8dcf1dfffff
ACC-00005107,MERCHANT,PNB-Sim,0.022,2024-03-10T00:00:00+00:00,8860b19695fffff
ACC-00005108,MERCHANT,PNB-Sim,0.12,2022-08-13T00:00:00+00:00,883da11233fffff
ACC-00005109,MERCHANT,BOI-Sim,0.097,2024-02-20T00:00:00+00:00,8860145943fffff
ACC-00005110,MERCHANT,BOI-Sim,0.065,2022-06-24T00:00:00+00:00,88608b0961fffff
ACC-00005111,MERCHANT,ICICI-Sim,0.146,2022-05-08T00:00:00+00:00,88608b56d7fffff
ACC-00005112,MERCHANT,BOI-Sim,0.035,2021-10-08T00:00:00+00:00,8842ceb559fffff
ACC-00005113,MERCHANT,SBI-Sim,0.111,2023-02-20T00:00:00+00:00,883d8dcdd5fffff
ACC-00005114,MERCHANT,ICICI-Sim,0.114,2025-11-22T00:00:00+00:00,88618c4f2bfffff
ACC-00005115,MERCHANT,PNB-Sim,0.147,2024-10-14T00:00:00+00:00,88618925c5fffff
ACC-00005116,MERCHANT,HDFC-Sim,0.069,2025-10-09T00:00:00+00:00,883da115a5fffff
ACC-00005117,MERCHANT,SBI-Sim,0.141,2024-10-30T00:00:00+00:00,8860b19695fffff
ACC-00005118,MERCHANT,ICICI-Sim,0.09,2021-10-20T00:00:00+00:00,883d8dcd5dfffff
ACC-00005119,MERCHANT,PNB-Sim,0.128,2021-11-14T00:00:00+00:00,8842ceb5d9fffff
ACC-00005120,MERCHANT,SBI-Sim,0.131,2023-05-18T00:00:00+00:00,8860b52c97fffff
ACC-00005121,MERCHANT,Axis-Sim,0.139,2024-11-09T00:00:00+00:00,8861892ecbfffff
ACC-00005122,MERCHANT,BOI-Sim,0.14,2022-08-31T00:00:00+00:00,883d8dcc0dfffff
ACC-00005123,MERCHANT,SBI-Sim,0.015,2025-09-29T00:00:00+00:00,8860b52c97fffff
ACC-00005124,MERCHANT,PNB-Sim,0.016,2022-02-02T00:00:00+00:00,88618921d1fffff
ACC-00005125,MERCHANT,BOI-Sim,0.108,2023-04-05T00:00:00+00:00,8861892ecbfffff
ACC-00005126,MERCHANT,HDFC-Sim,0.037,2024-01-25T00:00:00+00:00,88608b0a6bfffff
ACC-00005127,MERCHANT,BOI-Sim,0.036,2023-12-09T00:00:00+00:00,88608b4733fffff
ACC-00005128,MERCHANT,Axis-Sim,0.004,2024-12-19T00:00:00+00:00,88618c45b9fffff
ACC-00005129,MERCHANT,PNB-Sim,0.038,2023-08-13T00:00:00+00:00,88618c4d05fffff
ACC-00005130,MERCHANT,BOI-Sim,0.076,2023-07-31T00:00:00+00:00,8860b52e9bfffff
ACC-00005131,MERCHANT,PNB-Sim,0.121,2024-12-31T00:00:00+00:00,88618921d1fffff
ACC-00005132,MERCHANT,Axis-Sim,0.121,2023-09-14T00:00:00+00:00,8842ceb5d9fffff
ACC-00005133,MERCHANT,SBI-Sim,0.136,2025-04-13T00:00:00+00:00,88608b0961fffff
ACC-00005134,MERCHANT,BOI-Sim,0.107,2023-11-17T00:00:00+00:00,88618c4f2bfffff
ACC-00005135,MERCHANT,HDFC-Sim,0.02,2023-04-30T00:00:00+00:00,883da11233fffff
ACC-00005136,MERCHANT,SBI-Sim,0.1,2022-04-26T00:00:00+00:00,8860b52c97fffff
ACC-00005137,MERCHANT,HDFC-Sim,0.136,2022-03-08T00:00:00+00:00,883d8dcc0dfffff
ACC-00005138,MERCHANT,ICICI-Sim,0.119,2024-11-06T00:00:00+00:00,88608b0961fffff
ACC-00005139,MERCHANT,BOI-Sim,0.075,2025-05-21T00:00:00+00:00,88608b4733fffff
ACC-00005140,MERCHANT,HDFC-Sim,0.098,2025-10-11T00:00:00+00:00,8861892ecbfffff
ACC-00005141,MERCHANT,PNB-Sim,0.096,2025-11-26T00:00:00+00:00,883d8dcf1dfffff
ACC-00005142,MERCHANT,HDFC-Sim,0.112,2025-03-07T00:00:00+00:00,883da11233fffff
ACC-00005143,MERCHANT,BOI-Sim,0.071,2023-01-28T00:00:00+00:00,8842ceb4a1fffff
ACC-00005144,MERCHANT,HDFC-Sim,0.109,2026-04-21T00:00:00+00:00,88618925c5fffff
ACC-00005145,MERCHANT,BOI-Sim,0.104,2023-03-22T00:00:00+00:00,88618c4f2bfffff
ACC-00005146,MERCHANT,HDFC-Sim,0.113,2022-10-17T00:00:00+00:00,8842ceb4a1fffff
ACC-00005147,MERCHANT,Axis-Sim,0.033,2022-05-20T00:00:00+00:00,883d8dcd5dfffff
ACC-00005148,MERCHANT,PNB-Sim,0.002,2021-12-11T00:00:00+00:00,8842ceb5d9fffff
ACC-00005149,MERCHANT,ICICI-Sim,0.007,2022-07-29T00:00:00+00:00,8842ceb4a1fffff
ACC-00005150,MERCHANT,Axis-Sim,0.007,2023-09-25T00:00:00+00:00,883da11233fffff
ACC-00005151,MERCHANT,Axis-Sim,0.132,2026-04-17T00:00:00+00:00,8842ceb5d9fffff
ACC-00005152,MERCHANT,BOI-Sim,0.084,2026-04-23T00:00:00+00:00,88608b4733fffff
ACC-00005153,MERCHANT,SBI-Sim,0.097,2024-08-17T00:00:00+00:00,8860b19695fffff
ACC-00005154,MERCHANT,PNB-Sim,0.043,2025-06-01T00:00:00+00:00,883da11409fffff
ACC-00005155,MERCHANT,HDFC-Sim,0.075,2022-02-13T00:00:00+00:00,8842cea623fffff
ACC-00005156,MERCHANT,Axis-Sim,0.093,2022-03-07T00:00:00+00:00,88618c4e63fffff
ACC-00005157,MERCHANT,HDFC-Sim,0.005,2023-12-01T00:00:00+00:00,883d8dcc0dfffff
ACC-00005158,MERCHANT,HDFC-Sim,0.056,2024-02-11T00:00:00+00:00,883d8dcdd5fffff
ACC-00005159,MERCHANT,HDFC-Sim,0.101,2025-03-11T00:00:00+00:00,883da11623fffff
ACC-00005160,MERCHANT,SBI-Sim,0.089,2026-01-29T00:00:00+00:00,883d8dcd5dfffff
ACC-00005161,MERCHANT,SBI-Sim,0.038,2026-02-12T00:00:00+00:00,883da11409fffff
ACC-00005162,MERCHANT,BOI-Sim,0.123,2021-06-29T00:00:00+00:00,88618c4d05fffff
ACC-00005163,MERCHANT,PNB-Sim,0.068,2021-08-12T00:00:00+00:00,8861892ecbfffff
ACC-00005164,MERCHANT,SBI-Sim,0.045,2023-06-09T00:00:00+00:00,88618921d1fffff
ACC-00005165,MERCHANT,PNB-Sim,0.089,2024-12-09T00:00:00+00:00,8861892ecbfffff
ACC-00005166,MERCHANT,HDFC-Sim,0.022,2024-01-09T00:00:00+00:00,88608b0961fffff
ACC-00005167,MERCHANT,SBI-Sim,0.078,2023-07-09T00:00:00+00:00,883d8dcdd5fffff
ACC-00005168,MERCHANT,Axis-Sim,0.106,2026-04-09T00:00:00+00:00,8860b52c97fffff
ACC-00005169,MERCHANT,SBI-Sim,0.016,2026-03-03T00:00:00+00:00,8860b19695fffff
ACC-00005170,MERCHANT,ICICI-Sim,0.068,2023-05-21T00:00:00+00:00,883da11409fffff
ACC-00005171,MERCHANT,SBI-Sim,0.044,2024-02-20T00:00:00+00:00,883da115a5fffff
ACC-00005172,MERCHANT,ICICI-Sim,0.137,2023-12-13T00:00:00+00:00,88608b0a6bfffff
ACC-00005173,MERCHANT,Axis-Sim,0.078,2023-07-03T00:00:00+00:00,883da11233fffff
ACC-00005174,MERCHANT,PNB-Sim,0.029,2023-12-10T00:00:00+00:00,883da115a5fffff
ACC-00005175,MERCHANT,Axis-Sim,0.094,2024-11-10T00:00:00+00:00,88608b4733fffff
ACC-00005176,MERCHANT,ICICI-Sim,0.088,2022-03-28T00:00:00+00:00,8860145943fffff
ACC-00005177,MERCHANT,Axis-Sim,0.126,2022-02-18T00:00:00+00:00,8842ceb559fffff
ACC-00005178,MERCHANT,Axis-Sim,0.12,2025-12-18T00:00:00+00:00,883d8dcdd5fffff
ACC-00005179,MERCHANT,Axis-Sim,0.101,2023-08-06T00:00:00+00:00,883d8dcdd5fffff
ACC-00005180,MERCHANT,BOI-Sim,0.102,2024-05-15T00:00:00+00:00,8860b52e9bfffff
ACC-00005181,MERCHANT,HDFC-Sim,0.069,2023-01-31T00:00:00+00:00,8860a259bbfffff
ACC-00005182,MERCHANT,BOI-Sim,0.009,2026-03-08T00:00:00+00:00,88608b4733fffff
ACC-00005183,MERCHANT,Axis-Sim,0.113,2023-08-02T00:00:00+00:00,88608b4733fffff
ACC-00005184,MERCHANT,ICICI-Sim,0.057,2023-04-05T00:00:00+00:00,8860b19695fffff
ACC-00005185,MERCHANT,PNB-Sim,0.131,2021-11-05T00:00:00+00:00,8842ceb4a1fffff
ACC-00005186,MERCHANT,ICICI-Sim,0.137,2022-01-18T00:00:00+00:00,8861892ecbfffff
ACC-00005187,MERCHANT,Axis-Sim,0.049,2021-10-13T00:00:00+00:00,883da11233fffff
ACC-00005188,MERCHANT,PNB-Sim,0.05,2026-01-13T00:00:00+00:00,8842ceb559fffff
ACC-00005189,MERCHANT,PNB-Sim,0.079,2021-12-24T00:00:00+00:00,8842ceb4a1fffff
ACC-00005190,MERCHANT,BOI-Sim,0.084,2025-12-26T00:00:00+00:00,883da115a5fffff
ACC-00005191,MERCHANT,PNB-Sim,0.115,2022-03-20T00:00:00+00:00,883d8dcdd5fffff
ACC-00005192,MERCHANT,HDFC-Sim,0.142,2022-02-20T00:00:00+00:00,88608b56d7fffff
ACC-00005193,MERCHANT,SBI-Sim,0.147,2024-12-01T00:00:00+00:00,8842ceb559fffff
ACC-00005194,MERCHANT,SBI-Sim,0.064,2022-10-15T00:00:00+00:00,88608b0961fffff
ACC-00005195,MERCHANT,BOI-Sim,0.124,2022-09-09T00:00:00+00:00,8842ceb559fffff
ACC-00005196,MERCHANT,Axis-Sim,0.054,2023-08-07T00:00:00+00:00,8842ceb5d9fffff
ACC-00005197,MERCHANT,SBI-Sim,0.08,2025-10-21T00:00:00+00:00,883da11233fffff
ACC-00005198,MERCHANT,BOI-Sim,0.02,2024-09-23T00:00:00+00:00,88618c4f2bfffff
ACC-00005199,MERCHANT,Axis-Sim,0.056,2023-09-10T00:00:00+00:00,8842cea623fffff
ACC-00005200,MERCHANT,HDFC-Sim,0.077,2023-02-22T00:00:00+00:00,883da11623fffff
ACC-00005201,MERCHANT,PNB-Sim,0.096,2024-10-30T00:00:00+00:00,8842cea623fffff
ACC-00005202,MERCHANT,ICICI-Sim,0.119,2022-11-20T00:00:00+00:00,883da11233fffff
ACC-00005203,MERCHANT,PNB-Sim,0.11,2021-09-09T00:00:00+00:00,88608b0961fffff
ACC-00005204,MERCHANT,Axis-Sim,0.126,2024-10-15T00:00:00+00:00,8861892ecbfffff
ACC-00005205,MERCHANT,ICICI-Sim,0.024,2026-04-18T00:00:00+00:00,8860b52e9bfffff
ACC-00005206,MERCHANT,ICICI-Sim,0.107,2025-03-22T00:00:00+00:00,8860145943fffff
ACC-00005207,MERCHANT,SBI-Sim,0.032,2022-07-30T00:00:00+00:00,883da11233fffff
ACC-00005208,MERCHANT,HDFC-Sim,0.068,2024-03-08T00:00:00+00:00,883da11233fffff
ACC-00005209,MERCHANT,ICICI-Sim,0.046,2024-07-22T00:00:00+00:00,883d8dcc0dfffff
ACC-00005210,MERCHANT,PNB-Sim,0.077,2022-04-27T00:00:00+00:00,88618921d1fffff
ACC-00005211,MERCHANT,ICICI-Sim,0.04,2022-05-28T00:00:00+00:00,8860b19695fffff
ACC-00005212,MERCHANT,Axis-Sim,0.047,2025-09-04T00:00:00+00:00,88608b0a6bfffff
ACC-00005213,MERCHANT,BOI-Sim,0.076,2023-03-06T00:00:00+00:00,883d8dcd5dfffff
ACC-00005214,MERCHANT,SBI-Sim,0.134,2022-03-11T00:00:00+00:00,8861892ecbfffff
ACC-00005215,MERCHANT,HDFC-Sim,0.062,2021-12-19T00:00:00+00:00,88608b0961fffff
ACC-00005216,MERCHANT,PNB-Sim,0.143,2025-05-15T00:00:00+00:00,8860a259bbfffff
ACC-00005217,MERCHANT,BOI-Sim,0.118,2024-05-08T00:00:00+00:00,883da11409fffff
ACC-00005218,MERCHANT,SBI-Sim,0.03,2022-11-20T00:00:00+00:00,8842ceb4a1fffff
ACC-00005219,MERCHANT,HDFC-Sim,0.078,2022-03-01T00:00:00+00:00,883da11233fffff
ACC-00005220,MERCHANT,Axis-Sim,0.149,2023-10-02T00:00:00+00:00,88608b0961fffff
ACC-00005221,MERCHANT,BOI-Sim,0.007,2026-01-24T00:00:00+00:00,8861892ecbfffff
ACC-00005222,MERCHANT,ICICI-Sim,0.043,2024-12-31T00:00:00+00:00,8860b19695fffff
ACC-00005223,MERCHANT,Axis-Sim,0.055,2022-03-19T00:00:00+00:00,8860b52c97fffff
ACC-00005224,MERCHANT,Axis-Sim,0.085,2025-05-09T00:00:00+00:00,8842ceb4a1fffff
ACC-00005225,MERCHANT,BOI-Sim,0.099,2024-10-05T00:00:00+00:00,8842cea623fffff
ACC-00005226,MERCHANT,SBI-Sim,0.025,2022-10-02T00:00:00+00:00,883da11409fffff
ACC-00005227,MERCHANT,PNB-Sim,0.149,2023-04-26T00:00:00+00:00,8842ceb4a1fffff
ACC-00005228,MERCHANT,ICICI-Sim,0.133,2026-02-11T00:00:00+00:00,8860b52e9bfffff
ACC-00005229,MERCHANT,HDFC-Sim,0.023,2026-03-24T00:00:00+00:00,883d8dcc0dfffff
ACC-00005230,MERCHANT,BOI-Sim,0.019,2022-01-29T00:00:00+00:00,883d8dcc0dfffff
ACC-00005231,MERCHANT,HDFC-Sim,0.067,2021-12-13T00:00:00+00:00,883d8dcd5dfffff
ACC-00005232,MERCHANT,HDFC-Sim,0.143,2025-10-26T00:00:00+00:00,88618c45b9fffff
ACC-00005233,MERCHANT,HDFC-Sim,0.035,2024-02-17T00:00:00+00:00,88618c4e63fffff
ACC-00005234,MERCHANT,SBI-Sim,0.012,2026-04-27T00:00:00+00:00,88608b0a6bfffff
ACC-00005235,MERCHANT,ICICI-Sim,0.064,2023-01-18T00:00:00+00:00,88618c4d05fffff
ACC-00005236,MERCHANT,PNB-Sim,0.05,2024-03-16T00:00:00+00:00,88618921d1fffff
ACC-00005237,MERCHANT,ICICI-Sim,0.129,2023-10-14T00:00:00+00:00,8860b52c97fffff
ACC-00005238,MERCHANT,BOI-Sim,0.097,2021-12-11T00:00:00+00:00,8842ceb4a1fffff
ACC-00005239,MERCHANT,HDFC-Sim,0.133,2023-06-18T00:00:00+00:00,8860b52c97fffff
ACC-00005240,MERCHANT,BOI-Sim,0.13,2025-03-27T00:00:00+00:00,88608b56d7fffff
ACC-00005241,MERCHANT,BOI-Sim,0.004,2024-12-16T00:00:00+00:00,88618c4e63fffff
ACC-00005242,MERCHANT,SBI-Sim,0.12,2022-07-03T00:00:00+00:00,88608b56d7fffff
ACC-00005243,MERCHANT,HDFC-Sim,0.114,2023-12-22T00:00:00+00:00,88618c4e63fffff
ACC-00005244,MERCHANT,Axis-Sim,0.014,2022-10-11T00:00:00+00:00,8860b52e9bfffff
ACC-00005245,MERCHANT,HDFC-Sim,0.078,2021-12-29T00:00:00+00:00,883d8dcdd5fffff
ACC-00005246,MERCHANT,BOI-Sim,0.101,2025-06-29T00:00:00+00:00,8860b52e9bfffff
ACC-00005247,MERCHANT,ICICI-Sim,0.022,2021-11-17T00:00:00+00:00,8842ceb5d9fffff
ACC-00005248,MERCHANT,PNB-Sim,0.087,2024-03-10T00:00:00+00:00,883da11409fffff
ACC-00005249,MERCHANT,SBI-Sim,0.067,2024-08-25T00:00:00+00:00,883d8dcdd5fffff
ACC-00005250,MERCHANT,ICICI-Sim,0.053,2022-01-01T00:00:00+00:00,8842ceb559fffff
ACC-00005251,MERCHANT,ICICI-Sim,0.032,2023-09-24T00:00:00+00:00,883da11409fffff
ACC-00005252,MERCHANT,ICICI-Sim,0.021,2022-05-15T00:00:00+00:00,88618c4e63fffff
ACC-00005253,MERCHANT,BOI-Sim,0.005,2024-09-26T00:00:00+00:00,8842ceb4a1fffff
ACC-00005254,MERCHANT,HDFC-Sim,0.032,2023-11-16T00:00:00+00:00,883d8dcdd5fffff
ACC-00005255,MERCHANT,BOI-Sim,0.102,2024-02-11T00:00:00+00:00,88608b0a6bfffff
ACC-00005256,MERCHANT,PNB-Sim,0.034,2024-08-07T00:00:00+00:00,88608b0961fffff
ACC-00005257,MERCHANT,HDFC-Sim,0.049,2021-09-04T00:00:00+00:00,88618921d1fffff
ACC-00005258,MERCHANT,ICICI-Sim,0.135,2021-07-03T00:00:00+00:00,88608b4733fffff
ACC-00005259,MERCHANT,Axis-Sim,0.074,2023-08-20T00:00:00+00:00,88608b4733fffff
ACC-00005260,MERCHANT,PNB-Sim,0.148,2022-04-16T00:00:00+00:00,88618c4e63fffff
ACC-00005261,MERCHANT,SBI-Sim,0.132,2022-12-12T00:00:00+00:00,883da115a5fffff
ACC-00005262,MERCHANT,SBI-Sim,0.034,2026-03-13T00:00:00+00:00,883d8dcd5dfffff
ACC-00005263,MERCHANT,ICICI-Sim,0.111,2026-01-17T00:00:00+00:00,8842ceb5d9fffff
ACC-00005264,MERCHANT,Axis-Sim,0.084,2022-07-25T00:00:00+00:00,88618c45b9fffff
ACC-00005265,MERCHANT,SBI-Sim,0.12,2025-08-17T00:00:00+00:00,88618c4d05fffff
ACC-00005266,MERCHANT,HDFC-Sim,0.108,2022-03-11T00:00:00+00:00,88618925c5fffff
ACC-00005267,MERCHANT,SBI-Sim,0.09,2026-02-13T00:00:00+00:00,8861892ecbfffff
ACC-00005268,MERCHANT,ICICI-Sim,0.122,2025-10-10T00:00:00+00:00,883da11409fffff
ACC-00005269,MERCHANT,ICICI-Sim,0.128,2022-04-06T00:00:00+00:00,88618925c5fffff
ACC-00005270,MERCHANT,Axis-Sim,0.108,2024-02-21T00:00:00+00:00,8860b19695fffff
ACC-00005271,MERCHANT,HDFC-Sim,0.016,2022-04-10T00:00:00+00:00,88618921d1fffff
ACC-00005272,MERCHANT,Axis-Sim,0.096,2021-07-26T00:00:00+00:00,8861892ecbfffff
ACC-00005273,MERCHANT,PNB-Sim,0.037,2022-03-06T00:00:00+00:00,8860b52c97fffff
ACC-00005274,MERCHANT,SBI-Sim,0.013,2023-10-16T00:00:00+00:00,88618925c5fffff
ACC-00005275,MERCHANT,BOI-Sim,0.143,2024-07-31T00:00:00+00:00,88618c4d05fffff
ACC-00005276,MERCHANT,BOI-Sim,0.116,2025-06-04T00:00:00+00:00,883d8dcdd5fffff
ACC-00005277,MERCHANT,HDFC-Sim,0.027,2024-01-16T00:00:00+00:00,8842ceb559fffff
ACC-00005278,MERCHANT,HDFC-Sim,0.148,2024-08-31T00:00:00+00:00,8861892ecbfffff
ACC-00005279,MERCHANT,PNB-Sim,0.01,2026-02-14T00:00:00+00:00,88618c4f2bfffff
ACC-00005280,MERCHANT,HDFC-Sim,0.14,2024-04-13T00:00:00+00:00,883da11409fffff
ACC-00005281,MERCHANT,HDFC-Sim,0.039,2024-08-27T00:00:00+00:00,8860b52e9bfffff
ACC-00005282,MERCHANT,HDFC-Sim,0.07,2023-01-23T00:00:00+00:00,8860b19695fffff
ACC-00005283,MERCHANT,PNB-Sim,0.079,2023-01-15T00:00:00+00:00,883da11623fffff
ACC-00005284,MERCHANT,PNB-Sim,0.067,2023-10-24T00:00:00+00:00,88608b0a6bfffff
ACC-00005285,MERCHANT,ICICI-Sim,0.094,2024-05-31T00:00:00+00:00,8842cea623fffff
ACC-00005286,MERCHANT,BOI-Sim,0.053,2024-01-07T00:00:00+00:00,8860145943fffff
ACC-00005287,MERCHANT,ICICI-Sim,0.126,2021-11-18T00:00:00+00:00,88618925c5fffff
ACC-00005288,MERCHANT,ICICI-Sim,0.135,2025-03-29T00:00:00+00:00,8842ceb559fffff
ACC-00005289,MERCHANT,HDFC-Sim,0.111,2023-05-01T00:00:00+00:00,883d8dcc0dfffff
ACC-00005290,MERCHANT,SBI-Sim,0.112,2022-08-20T00:00:00+00:00,883d8dcdd5fffff
ACC-00005291,MERCHANT,PNB-Sim,0.05,2023-11-20T00:00:00+00:00,88608b4733fffff
ACC-00005292,MERCHANT,Axis-Sim,0.0,2026-02-03T00:00:00+00:00,88618c4f2bfffff
ACC-00005293,MERCHANT,PNB-Sim,0.026,2024-04-28T00:00:00+00:00,88618c4e63fffff
ACC-00005294,MERCHANT,ICICI-Sim,0.118,2025-06-05T00:00:00+00:00,883da11233fffff
ACC-00005295,MERCHANT,HDFC-Sim,0.011,2022-01-14T00:00:00+00:00,88618c4d05fffff
ACC-00005296,MERCHANT,BOI-Sim,0.127,2024-03-04T00:00:00+00:00,88618c4f2bfffff
ACC-00005297,MERCHANT,ICICI-Sim,0.011,2024-11-30T00:00:00+00:00,883da11409fffff
ACC-00005298,MERCHANT,BOI-Sim,0.016,2022-02-16T00:00:00+00:00,88608b0a6bfffff
ACC-00005299,MERCHANT,BOI-Sim,0.057,2021-08-08T00:00:00+00:00,8842cea623fffff
ACC-00005300,MERCHANT,HDFC-Sim,0.083,2023-01-25T00:00:00+00:00,883da11623fffff
ACC-00005301,MERCHANT,PNB-Sim,0.1,2021-12-15T00:00:00+00:00,88618c4f2bfffff
ACC-00005302,MERCHANT,SBI-Sim,0.142,2025-06-26T00:00:00+00:00,883d8dcc0dfffff
ACC-00005303,MERCHANT,SBI-Sim,0.119,2022-02-12T00:00:00+00:00,8861892ecbfffff
ACC-00005304,MERCHANT,Axis-Sim,0.043,2026-01-30T00:00:00+00:00,8860145943fffff
ACC-00005305,MERCHANT,ICICI-Sim,0.147,2023-09-09T00:00:00+00:00,8860b52c97fffff
ACC-00005306,MERCHANT,SBI-Sim,0.08,2022-04-04T00:00:00+00:00,883d8dcf1dfffff
ACC-00005307,MERCHANT,SBI-Sim,0.013,2024-01-27T00:00:00+00:00,883da11623fffff
ACC-00005308,MERCHANT,SBI-Sim,0.114,2022-03-05T00:00:00+00:00,88618c4e63fffff
ACC-00005309,MERCHANT,PNB-Sim,0.017,2025-10-02T00:00:00+00:00,88608b0a6bfffff
ACC-00005310,MERCHANT,BOI-Sim,0.117,2023-10-06T00:00:00+00:00,88618c4d05fffff
ACC-00005311,MERCHANT,Axis-Sim,0.119,2025-02-11T00:00:00+00:00,8842cea623fffff
ACC-00005312,MERCHANT,Axis-Sim,0.012,2025-04-28T00:00:00+00:00,883d8dcdd5fffff
ACC-00005313,MERCHANT,BOI-Sim,0.007,2022-03-17T00:00:00+00:00,8861892ecbfffff
ACC-00005314,MERCHANT,ICICI-Sim,0.098,2024-07-16T00:00:00+00:00,8860a259bbfffff
ACC-00005315,MERCHANT,ICICI-Sim,0.127,2025-07-07T00:00:00+00:00,88608b0961fffff
ACC-00005316,MERCHANT,Axis-Sim,0.012,2024-04-29T00:00:00+00:00,8861892ecbfffff
ACC-00005317,MERCHANT,HDFC-Sim,0.096,2023-12-03T00:00:00+00:00,88608b4733fffff
ACC-00005318,MERCHANT,SBI-Sim,0.069,2022-11-24T00:00:00+00:00,8860145943fffff
ACC-00005319,MERCHANT,HDFC-Sim,0.01,2022-06-23T00:00:00+00:00,883d8dcdd5fffff
ACC-00005320,MERCHANT,SBI-Sim,0.094,2025-06-14T00:00:00+00:00,8842cea623fffff
ACC-00005321,MERCHANT,HDFC-Sim,0.077,2023-07-04T00:00:00+00:00,8860b52c97fffff
ACC-00005322,MERCHANT,BOI-Sim,0.089,2021-09-29T00:00:00+00:00,8860b52e9bfffff
ACC-00005323,MERCHANT,BOI-Sim,0.125,2025-01-05T00:00:00+00:00,883da11233fffff
ACC-00005324,MERCHANT,Axis-Sim,0.14,2025-05-20T00:00:00+00:00,8860145943fffff
ACC-00005325,MERCHANT,PNB-Sim,0.108,2024-03-04T00:00:00+00:00,8842ceb4a1fffff
ACC-00005326,MERCHANT,HDFC-Sim,0.094,2022-02-11T00:00:00+00:00,8860b19695fffff
ACC-00005327,MERCHANT,HDFC-Sim,0.068,2025-01-02T00:00:00+00:00,88618c4f2bfffff
ACC-00005328,MERCHANT,HDFC-Sim,0.047,2023-09-07T00:00:00+00:00,88618c4d05fffff
ACC-00005329,MERCHANT,BOI-Sim,0.052,2024-10-15T00:00:00+00:00,883d8dcdd5fffff
ACC-00005330,MERCHANT,BOI-Sim,0.07,2024-06-10T00:00:00+00:00,883da11623fffff
ACC-00005331,MERCHANT,PNB-Sim,0.06,2025-10-09T00:00:00+00:00,88618c4d05fffff
ACC-00005332,MERCHANT,Axis-Sim,0.077,2024-10-28T00:00:00+00:00,883da11233fffff
ACC-00005333,MERCHANT,HDFC-Sim,0.117,2024-07-01T00:00:00+00:00,8860145943fffff
ACC-00005334,MERCHANT,PNB-Sim,0.016,2025-10-07T00:00:00+00:00,883da115a5fffff
ACC-00005335,MERCHANT,PNB-Sim,0.01,2025-08-12T00:00:00+00:00,883da11623fffff
ACC-00005336,MERCHANT,PNB-Sim,0.067,2021-12-26T00:00:00+00:00,8860a259bbfffff
ACC-00005337,MERCHANT,ICICI-Sim,0.006,2022-11-12T00:00:00+00:00,88608b0961fffff
ACC-00005338,MERCHANT,BOI-Sim,0.016,2024-08-26T00:00:00+00:00,88608b0961fffff
ACC-00005339,MERCHANT,Axis-Sim,0.08,2023-08-09T00:00:00+00:00,883da115a5fffff
ACC-00005340,MERCHANT,Axis-Sim,0.143,2022-08-14T00:00:00+00:00,883da11409fffff
ACC-00005341,MERCHANT,Axis-Sim,0.049,2024-06-24T00:00:00+00:00,88618925c5fffff
ACC-00005342,MERCHANT,Axis-Sim,0.121,2025-08-26T00:00:00+00:00,88618921d1fffff
ACC-00005343,MERCHANT,BOI-Sim,0.148,2021-07-14T00:00:00+00:00,8842cea623fffff
ACC-00005344,MERCHANT,HDFC-Sim,0.082,2021-09-17T00:00:00+00:00,88618925c5fffff
ACC-00005345,MERCHANT,BOI-Sim,0.07,2022-08-24T00:00:00+00:00,8842cea623fffff
ACC-00005346,MERCHANT,BOI-Sim,0.097,2021-08-14T00:00:00+00:00,883da11409fffff
ACC-00005347,MERCHANT,SBI-Sim,0.118,2024-08-03T00:00:00+00:00,883da11409fffff
ACC-00005348,MERCHANT,ICICI-Sim,0.149,2025-12-12T00:00:00+00:00,88608b0961fffff
ACC-00005349,MERCHANT,Axis-Sim,0.092,2023-03-30T00:00:00+00:00,88608b0961fffff
ACC-00005350,MERCHANT,HDFC-Sim,0.063,2023-09-12T00:00:00+00:00,8861892ecbfffff
ACC-00005351,MERCHANT,ICICI-Sim,0.137,2023-07-29T00:00:00+00:00,8860145943fffff
ACC-00005352,MERCHANT,BOI-Sim,0.068,2022-09-22T00:00:00+00:00,883da115a5fffff
ACC-00005353,MERCHANT,Axis-Sim,0.148,2021-08-02T00:00:00+00:00,88618921d1fffff
ACC-00005354,MERCHANT,ICICI-Sim,0.014,2024-12-12T00:00:00+00:00,883da11409fffff
ACC-00005355,MERCHANT,Axis-Sim,0.019,2022-07-01T00:00:00+00:00,8860b19695fffff
ACC-00005356,MERCHANT,BOI-Sim,0.029,2023-05-05T00:00:00+00:00,883da11623fffff
ACC-00005357,MERCHANT,SBI-Sim,0.039,2021-10-23T00:00:00+00:00,88618925c5fffff
ACC-00005358,MERCHANT,BOI-Sim,0.126,2022-07-18T00:00:00+00:00,88608b56d7fffff
ACC-00005359,MERCHANT,PNB-Sim,0.015,2026-02-09T00:00:00+00:00,883da11233fffff
ACC-00005360,MERCHANT,Axis-Sim,0.082,2024-07-25T00:00:00+00:00,8860145943fffff
ACC-00005361,MERCHANT,BOI-Sim,0.127,2022-09-27T00:00:00+00:00,88618c4f2bfffff
ACC-00005362,MERCHANT,BOI-Sim,0.143,2025-12-27T00:00:00+00:00,88608b4733fffff
ACC-00005363,MERCHANT,BOI-Sim,0.098,2024-02-10T00:00:00+00:00,88608b0961fffff
ACC-00005364,MERCHANT,BOI-Sim,0.104,2026-02-13T00:00:00+00:00,88608b0a6bfffff
ACC-00005365,MERCHANT,PNB-Sim,0.112,2022-06-23T00:00:00+00:00,883da115a5fffff
ACC-00005366,MERCHANT,HDFC-Sim,0.067,2024-06-05T00:00:00+00:00,8842ceb4a1fffff
ACC-00005367,MERCHANT,ICICI-Sim,0.012,2023-02-01T00:00:00+00:00,8860b52c97fffff
ACC-00005368,MERCHANT,SBI-Sim,0.023,2021-10-12T00:00:00+00:00,88618c4e63fffff
ACC-00005369,MERCHANT,Axis-Sim,0.035,2022-09-11T00:00:00+00:00,88608b0961fffff
ACC-00005370,MERCHANT,ICICI-Sim,0.062,2024-08-17T00:00:00+00:00,883d8dcd5dfffff
ACC-00005371,MERCHANT,SBI-Sim,0.03,2021-12-15T00:00:00+00:00,883d8dcdd5fffff
ACC-00005372,MERCHANT,PNB-Sim,0.137,2022-10-18T00:00:00+00:00,88608b4733fffff
ACC-00005373,MERCHANT,PNB-Sim,0.041,2021-07-30T00:00:00+00:00,88618c4f2bfffff
ACC-00005374,MERCHANT,Axis-Sim,0.1,2024-07-28T00:00:00+00:00,883d8dcdd5fffff
ACC-00005375,MERCHANT,SBI-Sim,0.138,2023-11-29T00:00:00+00:00,8860b19695fffff
ACC-00005376,MERCHANT,BOI-Sim,0.103,2025-02-18T00:00:00+00:00,88618c4e63fffff
ACC-00005377,MERCHANT,SBI-Sim,0.094,2022-08-03T00:00:00+00:00,8842ceb5d9fffff
ACC-00005378,MERCHANT,Axis-Sim,0.063,2023-11-28T00:00:00+00:00,8860145943fffff
ACC-00005379,MERCHANT,BOI-Sim,0.145,2022-03-16T00:00:00+00:00,883da11233fffff
ACC-00005380,MERCHANT,Axis-Sim,0.093,2022-05-09T00:00:00+00:00,8842ceb5d9fffff
ACC-00005381,MERCHANT,Axis-Sim,0.115,2026-03-24T00:00:00+00:00,8860145943fffff
ACC-00005382,MERCHANT,Axis-Sim,0.006,2023-03-25T00:00:00+00:00,8842cea623fffff
ACC-00005383,MERCHANT,SBI-Sim,0.005,2022-07-13T00:00:00+00:00,883d8dcd5dfffff
ACC-00005384,MERCHANT,HDFC-Sim,0.039,2023-05-28T00:00:00+00:00,88618c4e63fffff
ACC-00005385,MERCHANT,SBI-Sim,0.077,2022-08-03T00:00:00+00:00,88608b4733fffff
ACC-00005386,MERCHANT,BOI-Sim,0.097,2023-05-04T00:00:00+00:00,8842cea623fffff
ACC-00005387,MERCHANT,PNB-Sim,0.036,2021-09-28T00:00:00+00:00,88618925c5fffff
ACC-00005388,MERCHANT,BOI-Sim,0.141,2025-06-27T00:00:00+00:00,883d8dcf1dfffff
ACC-00005389,MERCHANT,HDFC-Sim,0.088,2025-08-21T00:00:00+00:00,8860b19695fffff
ACC-00005390,MERCHANT,SBI-Sim,0.117,2023-06-26T00:00:00+00:00,88618c4f2bfffff
ACC-00005391,MERCHANT,ICICI-Sim,0.142,2025-06-18T00:00:00+00:00,883da115a5fffff
ACC-00005392,MERCHANT,SBI-Sim,0.137,2025-03-20T00:00:00+00:00,8860145943fffff
ACC-00005393,MERCHANT,SBI-Sim,0.005,2021-12-24T00:00:00+00:00,883da11623fffff
ACC-00005394,MERCHANT,BOI-Sim,0.056,2022-10-04T00:00:00+00:00,88618921d1fffff
ACC-00005395,MERCHANT,SBI-Sim,0.073,2025-08-24T00:00:00+00:00,8860b19695fffff
ACC-00005396,MERCHANT,BOI-Sim,0.067,2023-08-28T00:00:00+00:00,8860b52c97fffff
ACC-00005397,MERCHANT,PNB-Sim,0.075,2021-09-07T00:00:00+00:00,8842ceb4a1fffff
ACC-00005398,MERCHANT,ICICI-Sim,0.066,2023-07-23T00:00:00+00:00,8860b52e9bfffff
ACC-00005399,MERCHANT,BOI-Sim,0.028,2024-11-30T00:00:00+00:00,883d8dcd5dfffff
ACC-00005400,MERCHANT,HDFC-Sim,0.068,2022-01-28T00:00:00+00:00,8860b52e9bfffff
ACC-00005401,MERCHANT,Axis-Sim,0.127,2023-07-11T00:00:00+00:00,883d8dcc0dfffff
ACC-00005402,MERCHANT,Axis-Sim,0.145,2023-02-14T00:00:00+00:00,88618c4e63fffff
ACC-00005403,MERCHANT,Axis-Sim,0.082,2023-11-28T00:00:00+00:00,8860a259bbfffff
ACC-00005404,MERCHANT,SBI-Sim,0.048,2026-04-02T00:00:00+00:00,8842cea623fffff
ACC-00005405,MERCHANT,PNB-Sim,0.092,2022-03-19T00:00:00+00:00,8861892ecbfffff
ACC-00005406,MERCHANT,ICICI-Sim,0.113,2021-11-25T00:00:00+00:00,88618c4d05fffff
ACC-00005407,MERCHANT,Axis-Sim,0.048,2026-04-20T00:00:00+00:00,883d8dcd5dfffff
ACC-00005408,MERCHANT,Axis-Sim,0.085,2021-11-03T00:00:00+00:00,883da11409fffff
ACC-00005409,MERCHANT,SBI-Sim,0.016,2023-08-13T00:00:00+00:00,8861892ecbfffff
ACC-00005410,MERCHANT,HDFC-Sim,0.075,2025-05-20T00:00:00+00:00,8842ceb4a1fffff
ACC-00005411,MERCHANT,PNB-Sim,0.046,2025-08-26T00:00:00+00:00,8842cea623fffff
ACC-00005412,MERCHANT,HDFC-Sim,0.142,2025-02-17T00:00:00+00:00,8860b52c97fffff
ACC-00005413,MERCHANT,SBI-Sim,0.139,2022-04-15T00:00:00+00:00,8842ceb559fffff
ACC-00005414,MERCHANT,HDFC-Sim,0.134,2024-02-11T00:00:00+00:00,88618c4f2bfffff
ACC-00005415,MERCHANT,SBI-Sim,0.129,2024-03-16T00:00:00+00:00,8842ceb4a1fffff
ACC-00005416,MERCHANT,PNB-Sim,0.101,2025-08-10T00:00:00+00:00,8860b52e9bfffff
ACC-00005417,MERCHANT,BOI-Sim,0.018,2023-01-13T00:00:00+00:00,883da115a5fffff
ACC-00005418,MERCHANT,PNB-Sim,0.135,2025-10-16T00:00:00+00:00,8861892ecbfffff
ACC-00005419,MERCHANT,PNB-Sim,0.104,2025-04-22T00:00:00+00:00,8860b19695fffff
ACC-00005420,MERCHANT,HDFC-Sim,0.145,2023-07-04T00:00:00+00:00,883d8dcd5dfffff
ACC-00005421,MERCHANT,PNB-Sim,0.046,2025-08-18T00:00:00+00:00,8860a259bbfffff
ACC-00005422,MERCHANT,ICICI-Sim,0.073,2023-11-25T00:00:00+00:00,88618c4d05fffff
ACC-00005423,MERCHANT,PNB-Sim,0.034,2023-03-15T00:00:00+00:00,88618c4d05fffff
ACC-00005424,MERCHANT,PNB-Sim,0.146,2024-10-19T00:00:00+00:00,8861892ecbfffff
ACC-00005425,MERCHANT,PNB-Sim,0.021,2025-09-28T00:00:00+00:00,88618c45b9fffff
ACC-00005426,MERCHANT,PNB-Sim,0.132,2025-09-14T00:00:00+00:00,8860b52e9bfffff
ACC-00005427,MERCHANT,ICICI-Sim,0.043,2025-08-19T00:00:00+00:00,883da115a5fffff
ACC-00005428,MERCHANT,Axis-Sim,0.031,2025-11-05T00:00:00+00:00,883d8dcf1dfffff
ACC-00005429,MERCHANT,SBI-Sim,0.038,2024-07-05T00:00:00+00:00,8860a259bbfffff
ACC-00005430,MERCHANT,ICICI-Sim,0.079,2022-10-24T00:00:00+00:00,883da11233fffff
ACC-00005431,MERCHANT,SBI-Sim,0.033,2022-03-20T00:00:00+00:00,8861892ecbfffff
ACC-00005432,MERCHANT,ICICI-Sim,0.141,2026-03-12T00:00:00+00:00,8842ceb4a1fffff
ACC-00005433,MERCHANT,PNB-Sim,0.033,2025-11-20T00:00:00+00:00,8842cea623fffff
ACC-00005434,MERCHANT,BOI-Sim,0.021,2023-11-02T00:00:00+00:00,88608b0a6bfffff
ACC-00005435,MERCHANT,BOI-Sim,0.098,2024-08-16T00:00:00+00:00,883da115a5fffff
ACC-00005436,MERCHANT,SBI-Sim,0.148,2022-10-16T00:00:00+00:00,8842ceb559fffff
ACC-00005437,MERCHANT,Axis-Sim,0.034,2023-08-31T00:00:00+00:00,883da11623fffff
ACC-00005438,MERCHANT,HDFC-Sim,0.134,2025-11-21T00:00:00+00:00,8842ceb559fffff
ACC-00005439,MERCHANT,Axis-Sim,0.111,2025-11-12T00:00:00+00:00,8842ceb4a1fffff
ACC-00005440,MERCHANT,SBI-Sim,0.097,2025-03-01T00:00:00+00:00,88608b0961fffff
ACC-00005441,MERCHANT,HDFC-Sim,0.024,2024-02-10T00:00:00+00:00,8842ceb559fffff
ACC-00005442,MERCHANT,BOI-Sim,0.037,2026-03-24T00:00:00+00:00,8860b19695fffff
ACC-00005443,MERCHANT,SBI-Sim,0.097,2023-12-31T00:00:00+00:00,88618c4e63fffff
ACC-00005444,MERCHANT,BOI-Sim,0.1,2022-11-09T00:00:00+00:00,8860a259bbfffff
ACC-00005445,MERCHANT,ICICI-Sim,0.054,2023-11-30T00:00:00+00:00,883d8dcc0dfffff
ACC-00005446,MERCHANT,HDFC-Sim,0.088,2026-03-15T00:00:00+00:00,88618c4d05fffff
ACC-00005447,MERCHANT,BOI-Sim,0.121,2026-01-11T00:00:00+00:00,883d8dcc0dfffff
ACC-00005448,MERCHANT,Axis-Sim,0.044,2024-12-15T00:00:00+00:00,88618c45b9fffff
ACC-00005449,MERCHANT,BOI-Sim,0.127,2022-10-01T00:00:00+00:00,8860b52c97fffff
ACC-00005450,MERCHANT,ICICI-Sim,0.011,2025-08-18T00:00:00+00:00,8860a259bbfffff
ACC-00005451,MERCHANT,HDFC-Sim,0.102,2025-12-18T00:00:00+00:00,88608b4733fffff
ACC-00005452,MERCHANT,BOI-Sim,0.144,2023-03-07T00:00:00+00:00,8860b52e9bfffff
ACC-00005453,MERCHANT,SBI-Sim,0.023,2024-08-17T00:00:00+00:00,88608b0961fffff
ACC-00005454,MERCHANT,PNB-Sim,0.063,2023-05-21T00:00:00+00:00,88618c4f2bfffff
ACC-00005455,MERCHANT,PNB-Sim,0.109,2021-07-16T00:00:00+00:00,8860b19695fffff
ACC-00005456,MERCHANT,HDFC-Sim,0.063,2023-08-15T00:00:00+00:00,88608b56d7fffff
ACC-00005457,MERCHANT,HDFC-Sim,0.064,2021-09-07T00:00:00+00:00,88618921d1fffff
ACC-00005458,MERCHANT,SBI-Sim,0.144,2022-01-26T00:00:00+00:00,88608b0961fffff
ACC-00005459,MERCHANT,Axis-Sim,0.09,2024-02-14T00:00:00+00:00,883d8dcdd5fffff
ACC-00005460,MERCHANT,Axis-Sim,0.063,2026-02-19T00:00:00+00:00,8842cea623fffff
ACC-00005461,MERCHANT,HDFC-Sim,0.095,2025-10-04T00:00:00+00:00,883da11623fffff
ACC-00005462,MERCHANT,HDFC-Sim,0.068,2021-09-18T00:00:00+00:00,8860145943fffff
ACC-00005463,MERCHANT,PNB-Sim,0.142,2021-08-06T00:00:00+00:00,883d8dcdd5fffff
ACC-00005464,MERCHANT,PNB-Sim,0.038,2022-02-12T00:00:00+00:00,8842ceb559fffff
ACC-00005465,MERCHANT,PNB-Sim,0.061,2025-04-07T00:00:00+00:00,88608b0a6bfffff
ACC-00005466,MERCHANT,Axis-Sim,0.139,2025-03-13T00:00:00+00:00,88608b0961fffff
ACC-00005467,MERCHANT,Axis-Sim,0.022,2024-12-12T00:00:00+00:00,8860b52e9bfffff
ACC-00005468,MERCHANT,HDFC-Sim,0.009,2025-11-22T00:00:00+00:00,8842ceb4a1fffff
ACC-00005469,MERCHANT,HDFC-Sim,0.105,2024-05-02T00:00:00+00:00,883da11233fffff
ACC-00005470,MERCHANT,HDFC-Sim,0.021,2021-09-30T00:00:00+00:00,8842ceb5d9fffff
ACC-00005471,MERCHANT,ICICI-Sim,0.01,2021-06-29T00:00:00+00:00,8860145943fffff
ACC-00005472,MERCHANT,HDFC-Sim,0.012,2026-01-06T00:00:00+00:00,8842ceb4a1fffff
ACC-00005473,MERCHANT,BOI-Sim,0.076,2024-04-05T00:00:00+00:00,88608b56d7fffff
ACC-00005474,MERCHANT,HDFC-Sim,0.03,2026-01-09T00:00:00+00:00,883d8dcc0dfffff
ACC-00005475,MERCHANT,BOI-Sim,0.007,2024-02-19T00:00:00+00:00,883da115a5fffff
ACC-00005476,MERCHANT,PNB-Sim,0.053,2022-03-09T00:00:00+00:00,8842ceb5d9fffff
ACC-00005477,MERCHANT,BOI-Sim,0.124,2025-09-11T00:00:00+00:00,8860b19695fffff
ACC-00005478,MERCHANT,PNB-Sim,0.035,2022-07-03T00:00:00+00:00,88618921d1fffff
ACC-00005479,MERCHANT,HDFC-Sim,0.004,2025-01-18T00:00:00+00:00,8860a259bbfffff
ACC-00005480,MERCHANT,ICICI-Sim,0.121,2022-12-21T00:00:00+00:00,883da11233fffff
ACC-00005481,MERCHANT,BOI-Sim,0.129,2023-11-12T00:00:00+00:00,883da11409fffff
ACC-00005482,MERCHANT,ICICI-Sim,0.085,2025-09-12T00:00:00+00:00,8842ceb5d9fffff
ACC-00005483,MERCHANT,BOI-Sim,0.14,2023-05-29T00:00:00+00:00,88618c4e63fffff
ACC-00005484,MERCHANT,SBI-Sim,0.069,2021-12-20T00:00:00+00:00,883da11409fffff
ACC-00005485,MERCHANT,BOI-Sim,0.018,2022-07-11T00:00:00+00:00,88608b4733fffff
ACC-00005486,MERCHANT,Axis-Sim,0.105,2022-03-20T00:00:00+00:00,883d8dcd5dfffff
ACC-00005487,MERCHANT,BOI-Sim,0.125,2024-07-30T00:00:00+00:00,8860b52c97fffff
ACC-00005488,MERCHANT,SBI-Sim,0.02,2025-04-10T00:00:00+00:00,88618925c5fffff
ACC-00005489,MERCHANT,BOI-Sim,0.132,2025-12-05T00:00:00+00:00,8860b19695fffff
ACC-00005490,MERCHANT,ICICI-Sim,0.127,2022-06-22T00:00:00+00:00,883da115a5fffff
ACC-00005491,MERCHANT,ICICI-Sim,0.076,2023-03-03T00:00:00+00:00,8860b52c97fffff
ACC-00005492,MERCHANT,PNB-Sim,0.088,2022-10-25T00:00:00+00:00,88618c4d05fffff
ACC-00005493,MERCHANT,SBI-Sim,0.034,2025-07-18T00:00:00+00:00,8861892ecbfffff
ACC-00005494,MERCHANT,HDFC-Sim,0.054,2024-06-19T00:00:00+00:00,8842ceb559fffff
ACC-00005495,MERCHANT,HDFC-Sim,0.049,2021-11-26T00:00:00+00:00,8861892ecbfffff
ACC-00005496,MERCHANT,Axis-Sim,0.012,2024-02-26T00:00:00+00:00,883da115a5fffff
ACC-00005497,MERCHANT,HDFC-Sim,0.028,2024-11-17T00:00:00+00:00,8860b52c97fffff
ACC-00005498,MERCHANT,HDFC-Sim,0.043,2025-01-08T00:00:00+00:00,8842ceb5d9fffff
ACC-00005499,MERCHANT,PNB-Sim,0.083,2025-08-13T00:00:00+00:00,88618c4f2bfffff
ACC-00005500,MERCHANT,HDFC-Sim,0.085,2023-11-26T00:00:00+00:00,883d8dcc0dfffff
ACC-00005501,MERCHANT,ICICI-Sim,0.012,2026-03-23T00:00:00+00:00,883d8dcdd5fffff
ACC-00005502,MERCHANT,ICICI-Sim,0.05,2022-08-03T00:00:00+00:00,883da11233fffff
ACC-00005503,MERCHANT,Axis-Sim,0.065,2021-12-25T00:00:00+00:00,88608b0961fffff
ACC-00005504,MERCHANT,BOI-Sim,0.102,2022-07-05T00:00:00+00:00,8860b52e9bfffff
ACC-00005505,MERCHANT,HDFC-Sim,0.055,2025-03-09T00:00:00+00:00,88618c4f2bfffff
ACC-00005506,MERCHANT,SBI-Sim,0.107,2024-06-28T00:00:00+00:00,8860145943fffff
ACC-00005507,MERCHANT,PNB-Sim,0.012,2025-04-23T00:00:00+00:00,88618c4d05fffff
ACC-00005508,MERCHANT,PNB-Sim,0.103,2022-01-15T00:00:00+00:00,88618c4e63fffff
ACC-00005509,MERCHANT,BOI-Sim,0.04,2026-03-20T00:00:00+00:00,883da11409fffff
ACC-00005510,MERCHANT,SBI-Sim,0.063,2021-10-14T00:00:00+00:00,883d8dcd5dfffff
ACC-00005511,MERCHANT,SBI-Sim,0.028,2024-03-12T00:00:00+00:00,8860b19695fffff
ACC-00005512,MERCHANT,PNB-Sim,0.039,2024-03-27T00:00:00+00:00,883d8dcc0dfffff
ACC-00005513,MERCHANT,SBI-Sim,0.032,2024-03-22T00:00:00+00:00,8842ceb5d9fffff
ACC-00005514,MERCHANT,ICICI-Sim,0.101,2022-07-18T00:00:00+00:00,883d8dcdd5fffff
ACC-00005515,MERCHANT,SBI-Sim,0.071,2023-10-19T00:00:00+00:00,88608b56d7fffff
ACC-00005516,MERCHANT,BOI-Sim,0.088,2025-06-18T00:00:00+00:00,883da11409fffff
ACC-00005517,MERCHANT,SBI-Sim,0.027,2026-01-21T00:00:00+00:00,8842ceb559fffff
ACC-00005518,MERCHANT,BOI-Sim,0.139,2022-11-21T00:00:00+00:00,88608b4733fffff
ACC-00005519,MERCHANT,BOI-Sim,0.075,2025-03-15T00:00:00+00:00,883d8dcdd5fffff
ACC-00005520,MERCHANT,Axis-Sim,0.097,2023-03-13T00:00:00+00:00,883da11623fffff
ACC-00005521,MERCHANT,SBI-Sim,0.021,2021-12-08T00:00:00+00:00,88618c4e63fffff
ACC-00005522,MERCHANT,PNB-Sim,0.069,2024-04-16T00:00:00+00:00,88608b56d7fffff
ACC-00005523,MERCHANT,BOI-Sim,0.133,2024-09-08T00:00:00+00:00,8842ceb4a1fffff
ACC-00005524,MERCHANT,SBI-Sim,0.081,2022-06-03T00:00:00+00:00,8860b52c97fffff
ACC-00005525,MERCHANT,HDFC-Sim,0.046,2022-12-18T00:00:00+00:00,8860b52c97fffff
ACC-00005526,MERCHANT,HDFC-Sim,0.098,2024-08-29T00:00:00+00:00,883d8dcc0dfffff
ACC-00005527,MERCHANT,SBI-Sim,0.078,2025-02-27T00:00:00+00:00,8860b19695fffff
ACC-00005528,MERCHANT,BOI-Sim,0.074,2024-01-19T00:00:00+00:00,8842ceb5d9fffff
ACC-00005529,MERCHANT,Axis-Sim,0.09,2024-03-22T00:00:00+00:00,88608b56d7fffff
ACC-00005530,MERCHANT,PNB-Sim,0.105,2022-06-29T00:00:00+00:00,88618c45b9fffff
ACC-00005531,MERCHANT,BOI-Sim,0.125,2025-11-17T00:00:00+00:00,8860b19695fffff
ACC-00005532,MERCHANT,PNB-Sim,0.063,2025-09-27T00:00:00+00:00,8842cea623fffff
ACC-00005533,MERCHANT,ICICI-Sim,0.081,2024-06-23T00:00:00+00:00,88618925c5fffff
ACC-00005534,MERCHANT,SBI-Sim,0.057,2024-03-25T00:00:00+00:00,88618c4f2bfffff
ACC-00005535,MERCHANT,Axis-Sim,0.067,2024-05-10T00:00:00+00:00,883da115a5fffff
ACC-00005536,MERCHANT,SBI-Sim,0.057,2026-02-08T00:00:00+00:00,8842ceb4a1fffff
ACC-00005537,MERCHANT,HDFC-Sim,0.063,2026-04-06T00:00:00+00:00,88618c45b9fffff
ACC-00005538,MERCHANT,PNB-Sim,0.117,2022-02-10T00:00:00+00:00,88618c4d05fffff
ACC-00005539,MERCHANT,HDFC-Sim,0.033,2022-12-24T00:00:00+00:00,88618c4d05fffff
ACC-00005540,MERCHANT,PNB-Sim,0.115,2023-12-15T00:00:00+00:00,88618c4e63fffff
ACC-00005541,MERCHANT,ICICI-Sim,0.05,2025-08-09T00:00:00+00:00,88608b0a6bfffff
ACC-00005542,MERCHANT,PNB-Sim,0.136,2022-05-31T00:00:00+00:00,8842ceb5d9fffff
ACC-00005543,MERCHANT,ICICI-Sim,0.135,2025-10-17T00:00:00+00:00,883d8dcdd5fffff
ACC-00005544,MERCHANT,HDFC-Sim,0.079,2024-09-01T00:00:00+00:00,8860145943fffff
ACC-00005545,MERCHANT,SBI-Sim,0.059,2024-10-18T00:00:00+00:00,8842ceb4a1fffff
ACC-00005546,MERCHANT,ICICI-Sim,0.017,2024-04-29T00:00:00+00:00,8842cea623fffff
ACC-00005547,MERCHANT,SBI-Sim,0.069,2022-12-24T00:00:00+00:00,8860b52c97fffff
ACC-00005548,MERCHANT,Axis-Sim,0.101,2022-10-14T00:00:00+00:00,883d8dcdd5fffff
ACC-00005549,MERCHANT,ICICI-Sim,0.02,2024-10-29T00:00:00+00:00,88608b56d7fffff
ACC-00005550,MERCHANT,PNB-Sim,0.091,2024-10-28T00:00:00+00:00,88618c45b9fffff
ACC-00005551,MERCHANT,Axis-Sim,0.096,2026-01-07T00:00:00+00:00,88618c45b9fffff
ACC-00005552,MERCHANT,ICICI-Sim,0.004,2024-09-21T00:00:00+00:00,8860b19695fffff
ACC-00005553,MERCHANT,PNB-Sim,0.138,2024-12-22T00:00:00+00:00,8842ceb559fffff
ACC-00005554,MERCHANT,PNB-Sim,0.037,2022-04-28T00:00:00+00:00,883da11409fffff
ACC-00005555,MERCHANT,ICICI-Sim,0.095,2021-07-16T00:00:00+00:00,88608b0961fffff
ACC-00005556,MERCHANT,Axis-Sim,0.111,2021-08-30T00:00:00+00:00,8842ceb5d9fffff
ACC-00005557,MERCHANT,ICICI-Sim,0.08,2022-01-13T00:00:00+00:00,883da11409fffff
ACC-00005558,MERCHANT,HDFC-Sim,0.076,2025-10-09T00:00:00+00:00,88608b56d7fffff
ACC-00005559,MERCHANT,PNB-Sim,0.109,2025-05-12T00:00:00+00:00,88618921d1fffff
ACC-00005560,MERCHANT,Axis-Sim,0.057,2023-10-27T00:00:00+00:00,883da11623fffff
ACC-00005561,MERCHANT,SBI-Sim,0.118,2022-02-12T00:00:00+00:00,88608b4733fffff
ACC-00005562,MERCHANT,SBI-Sim,0.023,2026-04-17T00:00:00+00:00,8842ceb5d9fffff
ACC-00005563,MERCHANT,SBI-Sim,0.039,2022-05-11T00:00:00+00:00,883d8dcd5dfffff
ACC-00005564,MERCHANT,Axis-Sim,0.102,2023-09-03T00:00:00+00:00,883da115a5fffff
ACC-00005565,MERCHANT,SBI-Sim,0.011,2023-08-15T00:00:00+00:00,883d8dcdd5fffff
ACC-00005566,MERCHANT,HDFC-Sim,0.116,2022-12-25T00:00:00+00:00,8842ceb5d9fffff
ACC-00005567,MERCHANT,PNB-Sim,0.035,2024-12-26T00:00:00+00:00,8842ceb559fffff
ACC-00005568,MERCHANT,SBI-Sim,0.043,2023-07-24T00:00:00+00:00,88618c4e63fffff
ACC-00005569,MERCHANT,SBI-Sim,0.079,2021-07-04T00:00:00+00:00,8860b52e9bfffff
ACC-00005570,MERCHANT,HDFC-Sim,0.132,2026-02-03T00:00:00+00:00,8861892ecbfffff
ACC-00005571,MERCHANT,ICICI-Sim,0.011,2024-05-10T00:00:00+00:00,883da11623fffff
ACC-00005572,MERCHANT,Axis-Sim,0.068,2021-07-14T00:00:00+00:00,8860b52e9bfffff
ACC-00005573,MERCHANT,HDFC-Sim,0.107,2026-02-02T00:00:00+00:00,883da11233fffff
ACC-00005574,MERCHANT,PNB-Sim,0.084,2025-11-09T00:00:00+00:00,8860b19695fffff
ACC-00005575,MERCHANT,SBI-Sim,0.149,2022-12-16T00:00:00+00:00,883d8dcf1dfffff
ACC-00005576,MERCHANT,ICICI-Sim,0.085,2023-01-30T00:00:00+00:00,88618925c5fffff
ACC-00005577,MERCHANT,BOI-Sim,0.02,2021-08-27T00:00:00+00:00,88608b56d7fffff
ACC-00005578,MERCHANT,PNB-Sim,0.031,2026-01-12T00:00:00+00:00,8842cea623fffff
ACC-00005579,MERCHANT,ICICI-Sim,0.15,2021-11-10T00:00:00+00:00,88618921d1fffff
ACC-00005580,MERCHANT,ICICI-Sim,0.046,2024-04-12T00:00:00+00:00,8842ceb559fffff
ACC-00005581,MERCHANT,PNB-Sim,0.015,2024-03-10T00:00:00+00:00,8842ceb5d9fffff
ACC-00005582,MERCHANT,PNB-Sim,0.029,2024-05-04T00:00:00+00:00,883d8dcdd5fffff
ACC-00005583,MERCHANT,SBI-Sim,0.067,2026-04-12T00:00:00+00:00,8860b52e9bfffff
ACC-00005584,MERCHANT,PNB-Sim,0.008,2022-03-16T00:00:00+00:00,883d8dcc0dfffff
ACC-00005585,MERCHANT,SBI-Sim,0.108,2025-07-15T00:00:00+00:00,88618921d1fffff
ACC-00005586,MERCHANT,ICICI-Sim,0.024,2025-02-01T00:00:00+00:00,883d8dcdd5fffff
ACC-00005587,MERCHANT,ICICI-Sim,0.131,2022-01-29T00:00:00+00:00,8842ceb4a1fffff
ACC-00005588,MERCHANT,Axis-Sim,0.05,2021-08-21T00:00:00+00:00,88608b56d7fffff
ACC-00005589,MERCHANT,ICICI-Sim,0.138,2022-05-04T00:00:00+00:00,8842cea623fffff
ACC-00005590,MERCHANT,BOI-Sim,0.133,2022-06-07T00:00:00+00:00,8842ceb4a1fffff
ACC-00005591,MERCHANT,SBI-Sim,0.121,2024-12-02T00:00:00+00:00,88618925c5fffff
ACC-00005592,MERCHANT,ICICI-Sim,0.141,2023-11-04T00:00:00+00:00,8860b52e9bfffff
ACC-00005593,MERCHANT,BOI-Sim,0.047,2022-12-27T00:00:00+00:00,8860145943fffff
ACC-00005594,MERCHANT,SBI-Sim,0.101,2023-05-28T00:00:00+00:00,88618921d1fffff
ACC-00005595,MERCHANT,PNB-Sim,0.059,2023-01-09T00:00:00+00:00,883da11623fffff
ACC-00005596,MERCHANT,ICICI-Sim,0.148,2022-08-06T00:00:00+00:00,883d8dcd5dfffff
ACC-00005597,MERCHANT,PNB-Sim,0.102,2025-09-04T00:00:00+00:00,88618c4d05fffff
ACC-00005598,MERCHANT,ICICI-Sim,0.084,2022-10-04T00:00:00+00:00,8860b19695fffff
ACC-00005599,MERCHANT,ICICI-Sim,0.05,2022-01-15T00:00:00+00:00,88618921d1fffff
ACC-00005600,MERCHANT,PNB-Sim,0.137,2023-04-18T00:00:00+00:00,883da11233fffff
ACC-00005601,MERCHANT,ICICI-Sim,0.001,2024-11-11T00:00:00+00:00,883d8dcf1dfffff
ACC-00005602,MERCHANT,SBI-Sim,0.083,2025-02-25T00:00:00+00:00,8860a259bbfffff
ACC-00005603,MERCHANT,BOI-Sim,0.139,2026-02-07T00:00:00+00:00,88618921d1fffff
ACC-00005604,MERCHANT,Axis-Sim,0.05,2023-10-02T00:00:00+00:00,883d8dcc0dfffff
ACC-00005605,MERCHANT,BOI-Sim,0.068,2024-07-01T00:00:00+00:00,883da115a5fffff
ACC-00005606,MERCHANT,BOI-Sim,0.023,2024-01-14T00:00:00+00:00,8842ceb559fffff
ACC-00005607,MERCHANT,Axis-Sim,0.066,2024-03-24T00:00:00+00:00,8860b52c97fffff
ACC-00005608,MERCHANT,ICICI-Sim,0.01,2023-03-08T00:00:00+00:00,8861892ecbfffff
ACC-00005609,MERCHANT,Axis-Sim,0.078,2022-03-19T00:00:00+00:00,8842ceb4a1fffff
ACC-00005610,MERCHANT,Axis-Sim,0.111,2025-05-16T00:00:00+00:00,88618921d1fffff
ACC-00005611,MERCHANT,PNB-Sim,0.13,2024-10-19T00:00:00+00:00,88608b56d7fffff
ACC-00005612,MERCHANT,ICICI-Sim,0.011,2025-08-06T00:00:00+00:00,8842ceb4a1fffff
ACC-00005613,MERCHANT,PNB-Sim,0.133,2024-10-28T00:00:00+00:00,88608b56d7fffff
ACC-00005614,MERCHANT,HDFC-Sim,0.113,2021-09-12T00:00:00+00:00,88618c4e63fffff
ACC-00005615,MERCHANT,Axis-Sim,0.101,2022-01-16T00:00:00+00:00,8842ceb4a1fffff
ACC-00005616,MERCHANT,SBI-Sim,0.017,2025-04-12T00:00:00+00:00,883da11233fffff
ACC-00005617,MERCHANT,ICICI-Sim,0.059,2025-12-15T00:00:00+00:00,883da115a5fffff
ACC-00005618,MERCHANT,PNB-Sim,0.099,2024-03-26T00:00:00+00:00,8842ceb4a1fffff
ACC-00005619,MERCHANT,PNB-Sim,0.003,2024-03-31T00:00:00+00:00,8860a259bbfffff
ACC-00005620,MERCHANT,Axis-Sim,0.082,2024-06-25T00:00:00+00:00,88608b0961fffff
ACC-00005621,MERCHANT,Axis-Sim,0.085,2021-07-15T00:00:00+00:00,88608b0961fffff
ACC-00005622,MERCHANT,PNB-Sim,0.011,2022-12-26T00:00:00+00:00,883d8dcd5dfffff
ACC-00005623,MERCHANT,Axis-Sim,0.008,2022-03-18T00:00:00+00:00,88618c45b9fffff
ACC-00005624,MERCHANT,ICICI-Sim,0.112,2025-08-08T00:00:00+00:00,883da11623fffff
ACC-00005625,MERCHANT,ICICI-Sim,0.053,2022-08-20T00:00:00+00:00,88618c4e63fffff
ACC-00005626,MERCHANT,ICICI-Sim,0.146,2025-02-15T00:00:00+00:00,88608b56d7fffff
ACC-00005627,MERCHANT,BOI-Sim,0.059,2023-11-02T00:00:00+00:00,88608b0a6bfffff
ACC-00005628,MERCHANT,BOI-Sim,0.146,2024-12-13T00:00:00+00:00,8860b52c97fffff
ACC-00005629,MERCHANT,BOI-Sim,0.129,2024-03-03T00:00:00+00:00,883d8dcf1dfffff
ACC-00005630,MERCHANT,SBI-Sim,0.016,2025-03-28T00:00:00+00:00,88618c4e63fffff
ACC-00005631,MERCHANT,PNB-Sim,0.09,2021-09-07T00:00:00+00:00,88618c4d05fffff
ACC-00005632,MERCHANT,ICICI-Sim,0.062,2024-04-04T00:00:00+00:00,8842ceb559fffff
ACC-00005633,MERCHANT,Axis-Sim,0.083,2026-02-28T00:00:00+00:00,883d8dcd5dfffff
ACC-00005634,MERCHANT,BOI-Sim,0.039,2025-08-07T00:00:00+00:00,883d8dcdd5fffff
ACC-00005635,MERCHANT,HDFC-Sim,0.03,2021-07-05T00:00:00+00:00,8860145943fffff
ACC-00005636,MERCHANT,ICICI-Sim,0.13,2022-03-08T00:00:00+00:00,883da11409fffff
ACC-00005637,MERCHANT,SBI-Sim,0.141,2025-02-18T00:00:00+00:00,88618925c5fffff
ACC-00005638,MERCHANT,PNB-Sim,0.12,2024-12-22T00:00:00+00:00,883d8dcf1dfffff
ACC-00005639,MERCHANT,HDFC-Sim,0.046,2022-11-16T00:00:00+00:00,883da115a5fffff
ACC-00005640,MERCHANT,BOI-Sim,0.045,2023-08-11T00:00:00+00:00,88618c4e63fffff
ACC-00005641,MERCHANT,ICICI-Sim,0.082,2025-08-10T00:00:00+00:00,88608b0a6bfffff
ACC-00005642,MERCHANT,BOI-Sim,0.092,2024-03-08T00:00:00+00:00,8842cea623fffff
ACC-00005643,MERCHANT,Axis-Sim,0.078,2022-07-26T00:00:00+00:00,88608b0a6bfffff
ACC-00005644,MERCHANT,Axis-Sim,0.123,2022-08-07T00:00:00+00:00,8861892ecbfffff
ACC-00005645,MERCHANT,SBI-Sim,0.017,2022-06-14T00:00:00+00:00,883d8dcdd5fffff
ACC-00005646,MERCHANT,PNB-Sim,0.015,2025-05-02T00:00:00+00:00,88618c4e63fffff
ACC-00005647,MERCHANT,SBI-Sim,0.122,2021-07-31T00:00:00+00:00,883d8dcdd5fffff
ACC-00005648,MERCHANT,BOI-Sim,0.136,2024-04-17T00:00:00+00:00,883da11409fffff
ACC-00005649,MERCHANT,PNB-Sim,0.108,2021-12-24T00:00:00+00:00,883d8dcd5dfffff
ACC-00005650,MERCHANT,PNB-Sim,0.009,2022-11-13T00:00:00+00:00,883d8dcdd5fffff
ACC-00005651,MERCHANT,BOI-Sim,0.133,2022-05-03T00:00:00+00:00,8842ceb5d9fffff
ACC-00005652,MERCHANT,PNB-Sim,0.017,2021-07-28T00:00:00+00:00,883d8dcdd5fffff
ACC-00005653,MERCHANT,BOI-Sim,0.076,2024-08-10T00:00:00+00:00,8860145943fffff
ACC-00005654,MERCHANT,ICICI-Sim,0.047,2026-03-02T00:00:00+00:00,883da11623fffff
ACC-00005655,MERCHANT,SBI-Sim,0.094,2025-02-09T00:00:00+00:00,8860b19695fffff
ACC-00005656,MERCHANT,Axis-Sim,0.121,2021-08-01T00:00:00+00:00,8842ceb5d9fffff
ACC-00005657,MERCHANT,SBI-Sim,0.093,2025-12-10T00:00:00+00:00,88618925c5fffff
ACC-00005658,MERCHANT,SBI-Sim,0.058,2023-10-07T00:00:00+00:00,883d8dcf1dfffff
ACC-00005659,MERCHANT,Axis-Sim,0.148,2025-05-29T00:00:00+00:00,8861892ecbfffff
ACC-00005660,MERCHANT,HDFC-Sim,0.065,2022-08-05T00:00:00+00:00,8860b19695fffff
ACC-00005661,MERCHANT,ICICI-Sim,0.018,2025-07-06T00:00:00+00:00,88618925c5fffff
ACC-00005662,MERCHANT,PNB-Sim,0.139,2026-04-18T00:00:00+00:00,8860b52e9bfffff
ACC-00005663,MERCHANT,ICICI-Sim,0.046,2025-03-30T00:00:00+00:00,883da11623fffff
ACC-00005664,MERCHANT,HDFC-Sim,0.028,2025-02-11T00:00:00+00:00,88618c45b9fffff
ACC-00005665,MERCHANT,PNB-Sim,0.028,2023-01-16T00:00:00+00:00,8860a259bbfffff
ACC-00005666,MERCHANT,ICICI-Sim,0.138,2026-03-13T00:00:00+00:00,88618c4d05fffff
ACC-00005667,MERCHANT,Axis-Sim,0.073,2026-01-13T00:00:00+00:00,88618c4d05fffff
ACC-00005668,MERCHANT,ICICI-Sim,0.002,2021-10-13T00:00:00+00:00,883d8dcd5dfffff
ACC-00005669,MERCHANT,BOI-Sim,0.08,2022-04-03T00:00:00+00:00,88618925c5fffff
ACC-00005670,MERCHANT,Axis-Sim,0.091,2023-01-03T00:00:00+00:00,88618c4e63fffff
ACC-00005671,MERCHANT,SBI-Sim,0.029,2024-08-14T00:00:00+00:00,883da115a5fffff
ACC-00005672,MERCHANT,PNB-Sim,0.117,2023-11-05T00:00:00+00:00,883da11409fffff
ACC-00005673,MERCHANT,PNB-Sim,0.148,2026-02-12T00:00:00+00:00,883da11409fffff
ACC-00005674,MERCHANT,BOI-Sim,0.116,2022-10-07T00:00:00+00:00,8842ceb4a1fffff
ACC-00005675,MERCHANT,ICICI-Sim,0.131,2022-07-29T00:00:00+00:00,883da115a5fffff
ACC-00005676,MERCHANT,SBI-Sim,0.1,2023-10-24T00:00:00+00:00,8842ceb5d9fffff
ACC-00005677,MERCHANT,PNB-Sim,0.068,2024-05-29T00:00:00+00:00,883d8dcf1dfffff
ACC-00005678,MERCHANT,Axis-Sim,0.096,2025-06-01T00:00:00+00:00,88618925c5fffff
ACC-00005679,MERCHANT,PNB-Sim,0.042,2022-10-08T00:00:00+00:00,8860a259bbfffff
ACC-00005680,MERCHANT,HDFC-Sim,0.086,2024-03-26T00:00:00+00:00,88618921d1fffff
ACC-00005681,MERCHANT,Axis-Sim,0.024,2026-01-05T00:00:00+00:00,88608b4733fffff
ACC-00005682,MERCHANT,PNB-Sim,0.032,2022-09-28T00:00:00+00:00,88618c4e63fffff
ACC-00005683,MERCHANT,BOI-Sim,0.069,2022-01-31T00:00:00+00:00,88618c4f2bfffff
ACC-00005684,MERCHANT,HDFC-Sim,0.006,2022-05-14T00:00:00+00:00,8842ceb4a1fffff
ACC-00005685,MERCHANT,Axis-Sim,0.013,2021-10-23T00:00:00+00:00,88618921d1fffff
ACC-00005686,MERCHANT,BOI-Sim,0.02,2024-02-27T00:00:00+00:00,88608b0961fffff
ACC-00005687,MERCHANT,ICICI-Sim,0.005,2023-04-26T00:00:00+00:00,883da115a5fffff
ACC-00005688,MERCHANT,Axis-Sim,0.105,2021-09-10T00:00:00+00:00,8842cea623fffff
ACC-00005689,MERCHANT,PNB-Sim,0.058,2022-01-02T00:00:00+00:00,883da11623fffff
ACC-00005690,MERCHANT,BOI-Sim,0.031,2022-07-05T00:00:00+00:00,883d8dcc0dfffff
ACC-00005691,MERCHANT,BOI-Sim,0.028,2021-09-02T00:00:00+00:00,8860b52e9bfffff
ACC-00005692,MERCHANT,ICICI-Sim,0.08,2023-09-30T00:00:00+00:00,883da11409fffff
ACC-00005693,MERCHANT,SBI-Sim,0.083,2023-01-26T00:00:00+00:00,883d8dcdd5fffff
ACC-00005694,MERCHANT,ICICI-Sim,0.135,2024-05-09T00:00:00+00:00,8861892ecbfffff
ACC-00005695,MERCHANT,SBI-Sim,0.019,2021-12-21T00:00:00+00:00,88608b0a6bfffff
ACC-00005696,MERCHANT,ICICI-Sim,0.018,2022-10-18T00:00:00+00:00,883da115a5fffff
ACC-00005697,MERCHANT,SBI-Sim,0.059,2023-02-07T00:00:00+00:00,88608b56d7fffff
ACC-00005698,MERCHANT,HDFC-Sim,0.144,2025-04-07T00:00:00+00:00,8842ceb559fffff
ACC-00005699,MERCHANT,PNB-Sim,0.098,2024-12-12T00:00:00+00:00,8860a259bbfffff
ACC-00005700,MERCHANT,ICICI-Sim,0.08,2024-04-09T00:00:00+00:00,88618925c5fffff
ACC-00005701,MERCHANT,HDFC-Sim,0.146,2025-02-15T00:00:00+00:00,8861892ecbfffff
ACC-00005702,MERCHANT,HDFC-Sim,0.13,2023-06-07T00:00:00+00:00,8860145943fffff
ACC-00005703,MERCHANT,PNB-Sim,0.012,2022-06-15T00:00:00+00:00,88618c4e63fffff
ACC-00005704,MERCHANT,SBI-Sim,0.081,2022-09-25T00:00:00+00:00,88618c4e63fffff
ACC-00005705,MERCHANT,ICICI-Sim,0.076,2024-09-14T00:00:00+00:00,8860b52e9bfffff
ACC-00005706,MERCHANT,Axis-Sim,0.033,2022-06-10T00:00:00+00:00,88618c45b9fffff
ACC-00005707,MERCHANT,BOI-Sim,0.03,2026-04-01T00:00:00+00:00,88618c4e63fffff
ACC-00005708,MERCHANT,BOI-Sim,0.098,2023-04-12T00:00:00+00:00,883d8dcc0dfffff
ACC-00005709,MERCHANT,BOI-Sim,0.023,2024-07-27T00:00:00+00:00,883d8dcdd5fffff
ACC-00005710,MERCHANT,Axis-Sim,0.125,2023-12-18T00:00:00+00:00,88608b56d7fffff
ACC-00005711,MERCHANT,SBI-Sim,0.059,2021-07-11T00:00:00+00:00,883da11409fffff
ACC-00005712,MERCHANT,PNB-Sim,0.089,2023-09-15T00:00:00+00:00,8842ceb559fffff
ACC-00005713,MERCHANT,SBI-Sim,0.004,2025-07-24T00:00:00+00:00,88618c4d05fffff
ACC-00005714,MERCHANT,SBI-Sim,0.106,2024-12-09T00:00:00+00:00,883d8dcd5dfffff
ACC-00005715,MERCHANT,BOI-Sim,0.143,2023-05-31T00:00:00+00:00,88608b56d7fffff
ACC-00005716,MERCHANT,HDFC-Sim,0.089,2024-07-16T00:00:00+00:00,88608b0a6bfffff
ACC-00005717,MERCHANT,BOI-Sim,0.054,2023-03-06T00:00:00+00:00,8860a259bbfffff
ACC-00005718,MERCHANT,SBI-Sim,0.122,2021-12-15T00:00:00+00:00,8860b19695fffff
ACC-00005719,MERCHANT,HDFC-Sim,0.03,2022-08-10T00:00:00+00:00,8842ceb4a1fffff
ACC-00005720,MERCHANT,PNB-Sim,0.01,2025-12-22T00:00:00+00:00,8860b19695fffff
ACC-00005721,MERCHANT,SBI-Sim,0.004,2024-07-23T00:00:00+00:00,883d8dcd5dfffff
ACC-00005722,MERCHANT,BOI-Sim,0.05,2022-05-13T00:00:00+00:00,883d8dcf1dfffff
ACC-00005723,MERCHANT,PNB-Sim,0.137,2022-07-13T00:00:00+00:00,88608b4733fffff
ACC-00005724,MERCHANT,Axis-Sim,0.01,2025-11-07T00:00:00+00:00,8860145943fffff
ACC-00005725,MERCHANT,BOI-Sim,0.011,2024-10-26T00:00:00+00:00,8842cea623fffff
ACC-00005726,MERCHANT,BOI-Sim,0.065,2025-09-24T00:00:00+00:00,88608b4733fffff
ACC-00005727,MERCHANT,HDFC-Sim,0.054,2021-11-24T00:00:00+00:00,88608b0961fffff
ACC-00005728,MERCHANT,PNB-Sim,0.035,2024-01-31T00:00:00+00:00,88618921d1fffff
ACC-00005729,MERCHANT,Axis-Sim,0.057,2023-09-04T00:00:00+00:00,883d8dcc0dfffff
ACC-00005730,MERCHANT,HDFC-Sim,0.012,2025-05-15T00:00:00+00:00,88618c45b9fffff
ACC-00005731,MERCHANT,SBI-Sim,0.033,2023-04-02T00:00:00+00:00,8860b52e9bfffff
ACC-00005732,MERCHANT,HDFC-Sim,0.048,2023-06-16T00:00:00+00:00,8861892ecbfffff
ACC-00005733,MERCHANT,SBI-Sim,0.027,2025-06-29T00:00:00+00:00,88608b0a6bfffff
ACC-00005734,MERCHANT,PNB-Sim,0.141,2023-08-18T00:00:00+00:00,88608b4733fffff
ACC-00005735,MERCHANT,HDFC-Sim,0.11,2024-05-02T00:00:00+00:00,88608b0a6bfffff
ACC-00005736,MERCHANT,PNB-Sim,0.145,2024-12-11T00:00:00+00:00,88618c4e63fffff
ACC-00005737,MERCHANT,Axis-Sim,0.106,2025-11-17T00:00:00+00:00,88618c45b9fffff
ACC-00005738,MERCHANT,HDFC-Sim,0.148,2025-05-24T00:00:00+00:00,883d8dcc0dfffff
ACC-00005739,MERCHANT,Axis-Sim,0.145,2023-06-30T00:00:00+00:00,88618c45b9fffff
ACC-00005740,MERCHANT,HDFC-Sim,0.088,2024-05-30T00:00:00+00:00,883da11409fffff
ACC-00005741,MERCHANT,PNB-Sim,0.038,2021-12-29T00:00:00+00:00,883da11233fffff
ACC-00005742,MERCHANT,PNB-Sim,0.049,2025-03-07T00:00:00+00:00,88618c4e63fffff
ACC-00005743,MERCHANT,SBI-Sim,0.023,2025-02-11T00:00:00+00:00,8861892ecbfffff
ACC-00005744,MERCHANT,BOI-Sim,0.042,2025-11-08T00:00:00+00:00,8842ceb5d9fffff
ACC-00005745,MERCHANT,HDFC-Sim,0.044,2025-01-30T00:00:00+00:00,88618c4e63fffff
ACC-00005746,MERCHANT,ICICI-Sim,0.049,2023-03-14T00:00:00+00:00,88618925c5fffff
ACC-00005747,MERCHANT,ICICI-Sim,0.001,2021-09-07T00:00:00+00:00,883d8dcf1dfffff
ACC-00005748,MERCHANT,BOI-Sim,0.09,2025-06-18T00:00:00+00:00,8860145943fffff
ACC-00005749,MERCHANT,ICICI-Sim,0.062,2023-06-26T00:00:00+00:00,8860b52e9bfffff
ACC-00005750,MERCHANT,HDFC-Sim,0.019,2025-01-13T00:00:00+00:00,88608b56d7fffff
ACC-00005751,MERCHANT,PNB-Sim,0.148,2023-01-07T00:00:00+00:00,8842ceb559fffff
ACC-00005752,MERCHANT,Axis-Sim,0.088,2021-07-17T00:00:00+00:00,8842ceb559fffff
ACC-00005753,MERCHANT,PNB-Sim,0.028,2022-03-13T00:00:00+00:00,8860b52e9bfffff
ACC-00005754,MERCHANT,SBI-Sim,0.067,2023-01-21T00:00:00+00:00,883d8dcf1dfffff
ACC-00005755,MERCHANT,PNB-Sim,0.002,2022-01-17T00:00:00+00:00,88608b0a6bfffff
ACC-00005756,MERCHANT,PNB-Sim,0.031,2025-06-16T00:00:00+00:00,8860b52c97fffff
ACC-00005757,MERCHANT,Axis-Sim,0.093,2023-08-27T00:00:00+00:00,8860145943fffff
ACC-00005758,MERCHANT,HDFC-Sim,0.136,2024-08-16T00:00:00+00:00,88608b56d7fffff
ACC-00005759,MERCHANT,Axis-Sim,0.077,2023-12-02T00:00:00+00:00,8842ceb5d9fffff
ACC-00005760,MERCHANT,ICICI-Sim,0.04,2023-03-19T00:00:00+00:00,883da115a5fffff
ACC-00005761,MERCHANT,SBI-Sim,0.137,2024-12-22T00:00:00+00:00,883d8dcf1dfffff
ACC-00005762,MERCHANT,SBI-Sim,0.06,2023-03-27T00:00:00+00:00,88608b4733fffff
ACC-00005763,MERCHANT,ICICI-Sim,0.012,2022-06-08T00:00:00+00:00,8842cea623fffff
ACC-00005764,MERCHANT,BOI-Sim,0.009,2024-02-18T00:00:00+00:00,88618921d1fffff
ACC-00005765,MERCHANT,BOI-Sim,0.076,2022-09-27T00:00:00+00:00,8860145943fffff
ACC-00005766,MERCHANT,Axis-Sim,0.032,2023-05-03T00:00:00+00:00,883da115a5fffff
ACC-00005767,MERCHANT,SBI-Sim,0.145,2023-12-14T00:00:00+00:00,88608b0a6bfffff
ACC-00005768,MERCHANT,ICICI-Sim,0.017,2024-09-18T00:00:00+00:00,88618921d1fffff
ACC-00005769,MERCHANT,BOI-Sim,0.005,2023-08-03T00:00:00+00:00,8860a259bbfffff
ACC-00005770,MERCHANT,SBI-Sim,0.043,2025-01-18T00:00:00+00:00,8861892ecbfffff
ACC-00005771,MERCHANT,BOI-Sim,0.14,2023-04-29T00:00:00+00:00,883da11623fffff
ACC-00005772,MERCHANT,ICICI-Sim,0.064,2023-07-04T00:00:00+00:00,88608b0961fffff
ACC-00005773,MERCHANT,SBI-Sim,0.129,2022-01-31T00:00:00+00:00,88618c4e63fffff
ACC-00005774,MERCHANT,PNB-Sim,0.036,2024-07-30T00:00:00+00:00,88618c4d05fffff
ACC-00005775,MERCHANT,PNB-Sim,0.013,2022-10-31T00:00:00+00:00,883da11623fffff
ACC-00005776,MERCHANT,SBI-Sim,0.105,2026-02-25T00:00:00+00:00,8860145943fffff
ACC-00005777,MERCHANT,ICICI-Sim,0.029,2025-05-18T00:00:00+00:00,883d8dcc0dfffff
ACC-00005778,MERCHANT,Axis-Sim,0.041,2022-12-12T00:00:00+00:00,8860a259bbfffff
ACC-00005779,MERCHANT,PNB-Sim,0.017,2025-07-28T00:00:00+00:00,88608b56d7fffff
ACC-00005780,MERCHANT,PNB-Sim,0.013,2021-06-27T00:00:00+00:00,8842ceb559fffff
ACC-00005781,MERCHANT,PNB-Sim,0.046,2023-11-12T00:00:00+00:00,883d8dcdd5fffff
ACC-00005782,MERCHANT,BOI-Sim,0.053,2024-09-30T00:00:00+00:00,883d8dcd5dfffff
ACC-00005783,MERCHANT,Axis-Sim,0.087,2026-04-27T00:00:00+00:00,8842ceb4a1fffff
ACC-00005784,MERCHANT,HDFC-Sim,0.139,2025-05-21T00:00:00+00:00,88618c4f2bfffff
ACC-00005785,MERCHANT,HDFC-Sim,0.005,2022-03-27T00:00:00+00:00,883da11409fffff
ACC-00005786,MERCHANT,Axis-Sim,0.096,2024-09-25T00:00:00+00:00,88618c4d05fffff
ACC-00005787,MERCHANT,Axis-Sim,0.04,2024-09-09T00:00:00+00:00,88618c4e63fffff
ACC-00005788,MERCHANT,BOI-Sim,0.065,2022-08-01T00:00:00+00:00,8842ceb5d9fffff
ACC-00005789,MERCHANT,Axis-Sim,0.059,2021-10-07T00:00:00+00:00,883da11233fffff
ACC-00005790,MERCHANT,PNB-Sim,0.14,2025-05-04T00:00:00+00:00,8842ceb5d9fffff
ACC-00005791,MERCHANT,ICICI-Sim,0.131,2021-11-10T00:00:00+00:00,8842ceb4a1fffff
ACC-00005792,MERCHANT,Axis-Sim,0.012,2021-07-19T00:00:00+00:00,88608b0a6bfffff
ACC-00005793,MERCHANT,BOI-Sim,0.071,2024-09-09T00:00:00+00:00,883d8dcc0dfffff
ACC-00005794,MERCHANT,PNB-Sim,0.036,2024-04-03T00:00:00+00:00,88618c4e63fffff
ACC-00005795,MERCHANT,Axis-Sim,0.001,2021-09-20T00:00:00+00:00,883d8dcc0dfffff
ACC-00005796,MERCHANT,BOI-Sim,0.008,2023-05-31T00:00:00+00:00,88618c4e63fffff
ACC-00005797,MERCHANT,ICICI-Sim,0.132,2025-07-15T00:00:00+00:00,8860b52c97fffff
ACC-00005798,MERCHANT,SBI-Sim,0.117,2022-11-15T00:00:00+00:00,8842ceb5d9fffff
ACC-00005799,MERCHANT,PNB-Sim,0.073,2022-03-17T00:00:00+00:00,8860a259bbfffff
ACC-00005800,MERCHANT,SBI-Sim,0.147,2024-07-17T00:00:00+00:00,88608b56d7fffff
ACC-00005801,MERCHANT,HDFC-Sim,0.02,2023-04-17T00:00:00+00:00,88618925c5fffff
ACC-00005802,MERCHANT,Axis-Sim,0.038,2024-06-06T00:00:00+00:00,883da11233fffff
ACC-00005803,MERCHANT,ICICI-Sim,0.039,2026-03-25T00:00:00+00:00,8842ceb559fffff
ACC-00005804,MERCHANT,ICICI-Sim,0.077,2022-03-10T00:00:00+00:00,88618925c5fffff
ACC-00005805,MERCHANT,BOI-Sim,0.075,2021-08-30T00:00:00+00:00,8842cea623fffff
ACC-00005806,MERCHANT,ICICI-Sim,0.068,2021-07-05T00:00:00+00:00,883da115a5fffff
ACC-00005807,MERCHANT,PNB-Sim,0.062,2021-09-15T00:00:00+00:00,883da115a5fffff
ACC-00005808,MERCHANT,ICICI-Sim,0.066,2024-06-22T00:00:00+00:00,88618921d1fffff
ACC-00005809,MERCHANT,BOI-Sim,0.126,2024-07-14T00:00:00+00:00,88618c4d05fffff
ACC-00005810,MERCHANT,BOI-Sim,0.097,2023-06-17T00:00:00+00:00,88618c4f2bfffff
ACC-00005811,MERCHANT,ICICI-Sim,0.042,2022-11-17T00:00:00+00:00,88618921d1fffff
ACC-00005812,MERCHANT,BOI-Sim,0.055,2024-05-20T00:00:00+00:00,8842ceb5d9fffff
ACC-00005813,MERCHANT,ICICI-Sim,0.116,2024-01-26T00:00:00+00:00,88618c4d05fffff
ACC-00005814,MERCHANT,HDFC-Sim,0.098,2025-08-26T00:00:00+00:00,883da11409fffff
ACC-00005815,MERCHANT,SBI-Sim,0.133,2025-07-11T00:00:00+00:00,88608b0961fffff
ACC-00005816,MERCHANT,SBI-Sim,0.071,2024-08-03T00:00:00+00:00,88608b4733fffff
ACC-00005817,MERCHANT,BOI-Sim,0.006,2021-12-07T00:00:00+00:00,8860a259bbfffff
ACC-00005818,MERCHANT,Axis-Sim,0.04,2022-12-07T00:00:00+00:00,88608b56d7fffff
ACC-00005819,MERCHANT,Axis-Sim,0.121,2021-10-28T00:00:00+00:00,8860b52e9bfffff
ACC-00005820,MERCHANT,HDFC-Sim,0.095,2021-10-05T00:00:00+00:00,8860b19695fffff
ACC-00005821,MERCHANT,Axis-Sim,0.142,2023-11-24T00:00:00+00:00,8860b52c97fffff
ACC-00005822,MERCHANT,ICICI-Sim,0.123,2026-04-11T00:00:00+00:00,883da115a5fffff
ACC-00005823,MERCHANT,Axis-Sim,0.113,2021-08-07T00:00:00+00:00,883d8dcc0dfffff
ACC-00005824,MERCHANT,BOI-Sim,0.051,2023-12-07T00:00:00+00:00,883d8dcc0dfffff
ACC-00005825,MERCHANT,SBI-Sim,0.087,2023-12-23T00:00:00+00:00,883da11409fffff
ACC-00005826,MERCHANT,ICICI-Sim,0.076,2024-01-17T00:00:00+00:00,883da11623fffff
ACC-00005827,MERCHANT,HDFC-Sim,0.138,2022-03-12T00:00:00+00:00,8842ceb559fffff
ACC-00005828,MERCHANT,BOI-Sim,0.086,2021-08-20T00:00:00+00:00,88608b0961fffff
ACC-00005829,MERCHANT,BOI-Sim,0.031,2025-10-09T00:00:00+00:00,883d8dcc0dfffff
ACC-00005830,MERCHANT,HDFC-Sim,0.083,2023-09-19T00:00:00+00:00,883d8dcf1dfffff
ACC-00005831,MERCHANT,HDFC-Sim,0.034,2023-04-11T00:00:00+00:00,883d8dcf1dfffff
ACC-00005832,MERCHANT,SBI-Sim,0.129,2024-08-01T00:00:00+00:00,88618c4d05fffff
ACC-00005833,MERCHANT,PNB-Sim,0.093,2026-03-17T00:00:00+00:00,883d8dcdd5fffff
ACC-00005834,MERCHANT,PNB-Sim,0.078,2026-01-19T00:00:00+00:00,883da11409fffff
ACC-00005835,MERCHANT,Axis-Sim,0.03,2022-02-25T00:00:00+00:00,88618c4e63fffff
ACC-00005836,MERCHANT,Axis-Sim,0.119,2025-04-27T00:00:00+00:00,8842ceb4a1fffff
ACC-00005837,MERCHANT,ICICI-Sim,0.096,2023-02-22T00:00:00+00:00,88618c4e63fffff
ACC-00005838,MERCHANT,ICICI-Sim,0.059,2023-11-04T00:00:00+00:00,8860a259bbfffff
ACC-00005839,MERCHANT,Axis-Sim,0.007,2022-01-12T00:00:00+00:00,8842ceb4a1fffff
ACC-00005840,MERCHANT,ICICI-Sim,0.026,2024-06-11T00:00:00+00:00,8842ceb4a1fffff
ACC-00005841,MERCHANT,ICICI-Sim,0.103,2023-07-20T00:00:00+00:00,883da11409fffff
ACC-00005842,MERCHANT,Axis-Sim,0.04,2021-07-01T00:00:00+00:00,883d8dcc0dfffff
ACC-00005843,MERCHANT,BOI-Sim,0.052,2023-02-03T00:00:00+00:00,8860b19695fffff
ACC-00005844,MERCHANT,Axis-Sim,0.072,2024-12-09T00:00:00+00:00,88618c4e63fffff
ACC-00005845,MERCHANT,BOI-Sim,0.117,2024-08-07T00:00:00+00:00,88618925c5fffff
ACC-00005846,MERCHANT,PNB-Sim,0.054,2025-11-08T00:00:00+00:00,8842cea623fffff
ACC-00005847,MERCHANT,PNB-Sim,0.101,2024-07-29T00:00:00+00:00,88618c45b9fffff
ACC-00005848,MERCHANT,PNB-Sim,0.119,2021-12-14T00:00:00+00:00,88608b4733fffff
ACC-00005849,MERCHANT,Axis-Sim,0.098,2024-10-06T00:00:00+00:00,883d8dcdd5fffff
ACC-00005850,MERCHANT,HDFC-Sim,0.09,2026-03-11T00:00:00+00:00,883d8dcc0dfffff
ACC-00005851,MERCHANT,SBI-Sim,0.134,2022-12-04T00:00:00+00:00,8842ceb5d9fffff
ACC-00005852,MERCHANT,PNB-Sim,0.1,2023-11-03T00:00:00+00:00,8860b52c97fffff
ACC-00005853,MERCHANT,PNB-Sim,0.124,2022-05-09T00:00:00+00:00,88618c4e63fffff
ACC-00005854,MERCHANT,Axis-Sim,0.149,2026-04-10T00:00:00+00:00,8861892ecbfffff
ACC-00005855,MERCHANT,BOI-Sim,0.099,2024-12-19T00:00:00+00:00,88618c4f2bfffff
ACC-00005856,MERCHANT,ICICI-Sim,0.022,2022-09-15T00:00:00+00:00,88618921d1fffff
ACC-00005857,MERCHANT,ICICI-Sim,0.128,2022-07-17T00:00:00+00:00,88608b0961fffff
ACC-00005858,MERCHANT,Axis-Sim,0.098,2021-07-04T00:00:00+00:00,8860b19695fffff
ACC-00005859,MERCHANT,BOI-Sim,0.005,2025-11-06T00:00:00+00:00,8842ceb5d9fffff
ACC-00005860,MERCHANT,Axis-Sim,0.13,2022-05-02T00:00:00+00:00,8860145943fffff
ACC-00005861,MERCHANT,BOI-Sim,0.128,2025-02-07T00:00:00+00:00,883d8dcf1dfffff
ACC-00005862,MERCHANT,PNB-Sim,0.054,2022-07-22T00:00:00+00:00,883da11623fffff
ACC-00005863,MERCHANT,Axis-Sim,0.115,2024-02-10T00:00:00+00:00,88608b4733fffff
ACC-00005864,MERCHANT,HDFC-Sim,0.048,2023-06-02T00:00:00+00:00,8842ceb4a1fffff
ACC-00005865,MERCHANT,ICICI-Sim,0.032,2023-01-27T00:00:00+00:00,8860b52c97fffff
ACC-00005866,MERCHANT,SBI-Sim,0.029,2022-09-07T00:00:00+00:00,8842ceb4a1fffff
ACC-00005867,MERCHANT,BOI-Sim,0.081,2025-03-14T00:00:00+00:00,883d8dcf1dfffff
ACC-00005868,MERCHANT,Axis-Sim,0.118,2024-12-22T00:00:00+00:00,88618c4e63fffff
ACC-00005869,MERCHANT,HDFC-Sim,0.084,2025-06-07T00:00:00+00:00,8842cea623fffff
ACC-00005870,MERCHANT,Axis-Sim,0.054,2026-02-21T00:00:00+00:00,883da11233fffff
ACC-00005871,MERCHANT,SBI-Sim,0.04,2025-06-02T00:00:00+00:00,88608b4733fffff
ACC-00005872,MERCHANT,BOI-Sim,0.081,2023-08-18T00:00:00+00:00,88608b0a6bfffff
ACC-00005873,MERCHANT,BOI-Sim,0.132,2021-07-24T00:00:00+00:00,883da11233fffff
ACC-00005874,MERCHANT,BOI-Sim,0.061,2024-07-27T00:00:00+00:00,8842cea623fffff
ACC-00005875,MERCHANT,Axis-Sim,0.083,2025-11-16T00:00:00+00:00,8842ceb4a1fffff
ACC-00005876,MERCHANT,PNB-Sim,0.082,2023-03-01T00:00:00+00:00,883da11409fffff
ACC-00005877,MERCHANT,SBI-Sim,0.016,2025-09-01T00:00:00+00:00,88618c4e63fffff
ACC-00005878,MERCHANT,PNB-Sim,0.03,2024-08-03T00:00:00+00:00,883da11623fffff
ACC-00005879,MERCHANT,BOI-Sim,0.082,2025-10-09T00:00:00+00:00,88618c4f2bfffff
ACC-00005880,MERCHANT,HDFC-Sim,0.096,2021-11-14T00:00:00+00:00,8860a259bbfffff
ACC-00005881,MERCHANT,HDFC-Sim,0.055,2025-08-15T00:00:00+00:00,883da11233fffff
ACC-00005882,MERCHANT,PNB-Sim,0.059,2021-11-06T00:00:00+00:00,88618921d1fffff
ACC-00005883,MERCHANT,PNB-Sim,0.011,2025-10-26T00:00:00+00:00,88608b56d7fffff
ACC-00005884,MERCHANT,Axis-Sim,0.054,2022-12-15T00:00:00+00:00,883da11409fffff
ACC-00005885,MERCHANT,PNB-Sim,0.058,2023-10-28T00:00:00+00:00,8842ceb5d9fffff
ACC-00005886,MERCHANT,HDFC-Sim,0.05,2023-12-02T00:00:00+00:00,8861892ecbfffff
ACC-00005887,MERCHANT,SBI-Sim,0.032,2024-05-24T00:00:00+00:00,8860b52e9bfffff
ACC-00005888,MERCHANT,BOI-Sim,0.019,2024-08-08T00:00:00+00:00,8860b52e9bfffff
ACC-00005889,MERCHANT,HDFC-Sim,0.111,2026-04-10T00:00:00+00:00,8861892ecbfffff
ACC-00005890,MERCHANT,ICICI-Sim,0.125,2023-07-20T00:00:00+00:00,8860b52e9bfffff
ACC-00005891,MERCHANT,Axis-Sim,0.075,2022-03-15T00:00:00+00:00,8842ceb5d9fffff
ACC-00005892,MERCHANT,BOI-Sim,0.025,2022-08-02T00:00:00+00:00,8842ceb4a1fffff
ACC-00005893,MERCHANT,SBI-Sim,0.116,2021-11-09T00:00:00+00:00,8842ceb4a1fffff
ACC-00005894,MERCHANT,SBI-Sim,0.055,2025-05-18T00:00:00+00:00,8860b52e9bfffff
ACC-00005895,MERCHANT,PNB-Sim,0.126,2026-03-01T00:00:00+00:00,88618921d1fffff
ACC-00005896,MERCHANT,PNB-Sim,0.005,2023-05-09T00:00:00+00:00,88608b4733fffff
ACC-00005897,MERCHANT,BOI-Sim,0.144,2025-04-17T00:00:00+00:00,88608b56d7fffff
ACC-00005898,MERCHANT,Axis-Sim,0.026,2023-11-17T00:00:00+00:00,88618c4f2bfffff
ACC-00005899,MERCHANT,PNB-Sim,0.051,2024-12-20T00:00:00+00:00,883da11409fffff
ACC-00005900,MERCHANT,SBI-Sim,0.02,2022-08-29T00:00:00+00:00,88618c4d05fffff
ACC-00005901,MERCHANT,SBI-Sim,0.078,2021-09-25T00:00:00+00:00,88618c4d05fffff
ACC-00005902,MERCHANT,HDFC-Sim,0.135,2021-09-19T00:00:00+00:00,883da11623fffff
ACC-00005903,MERCHANT,BOI-Sim,0.027,2024-07-16T00:00:00+00:00,883d8dcdd5fffff
ACC-00005904,MERCHANT,HDFC-Sim,0.146,2023-05-08T00:00:00+00:00,883d8dcd5dfffff
ACC-00005905,MERCHANT,PNB-Sim,0.073,2026-04-04T00:00:00+00:00,88618c45b9fffff
ACC-00005906,MERCHANT,SBI-Sim,0.132,2024-02-05T00:00:00+00:00,8842ceb5d9fffff
ACC-00005907,MERCHANT,PNB-Sim,0.144,2021-12-02T00:00:00+00:00,8860b19695fffff
ACC-00005908,MERCHANT,BOI-Sim,0.013,2021-10-18T00:00:00+00:00,88608b4733fffff
ACC-00005909,MERCHANT,HDFC-Sim,0.027,2023-08-15T00:00:00+00:00,8860145943fffff
ACC-00005910,MERCHANT,HDFC-Sim,0.072,2021-09-25T00:00:00+00:00,88618c45b9fffff
ACC-00005911,MERCHANT,Axis-Sim,0.125,2026-03-11T00:00:00+00:00,8860145943fffff
ACC-00005912,MERCHANT,SBI-Sim,0.149,2025-06-03T00:00:00+00:00,883d8dcdd5fffff
ACC-00005913,MERCHANT,ICICI-Sim,0.127,2025-06-20T00:00:00+00:00,88618c45b9fffff
ACC-00005914,MERCHANT,BOI-Sim,0.05,2024-12-16T00:00:00+00:00,8860b19695fffff
ACC-00005915,MERCHANT,Axis-Sim,0.096,2025-05-31T00:00:00+00:00,88608b0a6bfffff
ACC-00005916,MERCHANT,SBI-Sim,0.032,2024-05-18T00:00:00+00:00,88618c45b9fffff
ACC-00005917,MERCHANT,Axis-Sim,0.079,2022-04-14T00:00:00+00:00,883da115a5fffff
ACC-00005918,MERCHANT,HDFC-Sim,0.063,2022-02-04T00:00:00+00:00,883d8dcd5dfffff
ACC-00005919,MERCHANT,SBI-Sim,0.087,2023-03-14T00:00:00+00:00,8860b52c97fffff
ACC-00005920,MERCHANT,ICICI-Sim,0.098,2022-05-09T00:00:00+00:00,8860b52e9bfffff
ACC-00005921,MERCHANT,Axis-Sim,0.134,2025-02-27T00:00:00+00:00,88608b4733fffff
ACC-00005922,MERCHANT,ICICI-Sim,0.129,2024-07-20T00:00:00+00:00,8860b52e9bfffff
ACC-00005923,MERCHANT,BOI-Sim,0.117,2025-01-04T00:00:00+00:00,8860b52c97fffff
ACC-00005924,MERCHANT,SBI-Sim,0.146,2025-10-06T00:00:00+00:00,883d8dcf1dfffff
ACC-00005925,MERCHANT,Axis-Sim,0.134,2025-01-19T00:00:00+00:00,88618c4e63fffff
ACC-00005926,MERCHANT,PNB-Sim,0.128,2022-10-03T00:00:00+00:00,88618921d1fffff
ACC-00005927,MERCHANT,PNB-Sim,0.04,2025-02-23T00:00:00+00:00,8842ceb4a1fffff
ACC-00005928,MERCHANT,ICICI-Sim,0.031,2022-08-22T00:00:00+00:00,8842ceb4a1fffff
ACC-00005929,MERCHANT,HDFC-Sim,0.081,2025-09-09T00:00:00+00:00,883da11623fffff
ACC-00005930,MERCHANT,ICICI-Sim,0.005,2022-09-08T00:00:00+00:00,8842ceb4a1fffff
ACC-00005931,MERCHANT,ICICI-Sim,0.02,2026-04-12T00:00:00+00:00,8860b52e9bfffff
ACC-00005932,MERCHANT,Axis-Sim,0.023,2025-07-15T00:00:00+00:00,883d8dcdd5fffff
ACC-00005933,MERCHANT,PNB-Sim,0.047,2023-05-13T00:00:00+00:00,8860145943fffff
ACC-00005934,MERCHANT,PNB-Sim,0.092,2025-08-25T00:00:00+00:00,883d8dcdd5fffff
ACC-00005935,MERCHANT,SBI-Sim,0.118,2026-03-25T00:00:00+00:00,88618c4d05fffff
ACC-00005936,MERCHANT,Axis-Sim,0.042,2024-06-15T00:00:00+00:00,88618c4d05fffff
ACC-00005937,MERCHANT,Axis-Sim,0.016,2026-01-03T00:00:00+00:00,8860a259bbfffff
ACC-00005938,MERCHANT,ICICI-Sim,0.068,2023-07-11T00:00:00+00:00,88608b0961fffff
ACC-00005939,MERCHANT,Axis-Sim,0.082,2021-10-08T00:00:00+00:00,88618c4d05fffff
ACC-00005940,MERCHANT,HDFC-Sim,0.111,2025-01-21T00:00:00+00:00,8861892ecbfffff
ACC-00005941,MERCHANT,SBI-Sim,0.14,2022-08-11T00:00:00+00:00,8860a259bbfffff
ACC-00005942,MERCHANT,HDFC-Sim,0.013,2025-04-18T00:00:00+00:00,8860b52e9bfffff
ACC-00005943,MERCHANT,PNB-Sim,0.111,2021-12-10T00:00:00+00:00,883d8dcf1dfffff
ACC-00005944,MERCHANT,SBI-Sim,0.134,2021-07-31T00:00:00+00:00,883da115a5fffff
ACC-00005945,MERCHANT,SBI-Sim,0.126,2025-02-07T00:00:00+00:00,883da11233fffff
ACC-00005946,MERCHANT,Axis-Sim,0.041,2023-03-11T00:00:00+00:00,8842cea623fffff
ACC-00005947,MERCHANT,ICICI-Sim,0.039,2024-06-28T00:00:00+00:00,8860145943fffff
ACC-00005948,MERCHANT,SBI-Sim,0.144,2024-09-09T00:00:00+00:00,88618c4d05fffff
ACC-00005949,MERCHANT,Axis-Sim,0.134,2021-12-02T00:00:00+00:00,8861892ecbfffff
ACC-00005950,MERCHANT,SBI-Sim,0.026,2021-07-28T00:00:00+00:00,883d8dcd5dfffff
ACC-00005951,MERCHANT,HDFC-Sim,0.042,2023-04-26T00:00:00+00:00,883d8dcc0dfffff
ACC-00005952,MERCHANT,ICICI-Sim,0.069,2022-06-14T00:00:00+00:00,88618c45b9fffff
ACC-00005953,MERCHANT,Axis-Sim,0.006,2022-11-24T00:00:00+00:00,88618c45b9fffff
ACC-00005954,MERCHANT,BOI-Sim,0.1,2023-01-27T00:00:00+00:00,8842ceb5d9fffff
ACC-00005955,MERCHANT,BOI-Sim,0.044,2022-08-20T00:00:00+00:00,8860b52c97fffff
ACC-00005956,MERCHANT,SBI-Sim,0.135,2024-06-13T00:00:00+00:00,88618c4f2bfffff
ACC-00005957,MERCHANT,Axis-Sim,0.105,2022-10-15T00:00:00+00:00,8860a259bbfffff
ACC-00005958,MERCHANT,PNB-Sim,0.036,2024-06-06T00:00:00+00:00,8860b52e9bfffff
ACC-00005959,MERCHANT,HDFC-Sim,0.055,2023-08-18T00:00:00+00:00,883d8dcf1dfffff
ACC-00005960,MERCHANT,HDFC-Sim,0.051,2025-10-27T00:00:00+00:00,88618921d1fffff
ACC-00005961,MERCHANT,SBI-Sim,0.034,2023-10-17T00:00:00+00:00,8842ceb4a1fffff
ACC-00005962,MERCHANT,PNB-Sim,0.074,2024-08-31T00:00:00+00:00,883d8dcdd5fffff
ACC-00005963,MERCHANT,Axis-Sim,0.026,2025-11-14T00:00:00+00:00,8860b52c97fffff
ACC-00005964,MERCHANT,Axis-Sim,0.144,2026-01-31T00:00:00+00:00,883da11233fffff
ACC-00005965,MERCHANT,ICICI-Sim,0.073,2022-02-13T00:00:00+00:00,8842ceb5d9fffff
ACC-00005966,MERCHANT,SBI-Sim,0.05,2024-11-18T00:00:00+00:00,883d8dcd5dfffff
ACC-00005967,MERCHANT,HDFC-Sim,0.032,2024-01-06T00:00:00+00:00,883da11409fffff
ACC-00005968,MERCHANT,Axis-Sim,0.113,2023-01-16T00:00:00+00:00,883d8dcc0dfffff
ACC-00005969,MERCHANT,SBI-Sim,0.099,2023-05-31T00:00:00+00:00,8860145943fffff
ACC-00005970,MERCHANT,SBI-Sim,0.146,2023-04-05T00:00:00+00:00,883d8dcd5dfffff
ACC-00005971,MERCHANT,SBI-Sim,0.021,2024-01-08T00:00:00+00:00,8842ceb5d9fffff
ACC-00005972,MERCHANT,HDFC-Sim,0.119,2021-11-28T00:00:00+00:00,8860b52c97fffff
ACC-00005973,MERCHANT,BOI-Sim,0.127,2022-05-13T00:00:00+00:00,8861892ecbfffff
ACC-00005974,MERCHANT,PNB-Sim,0.109,2022-02-28T00:00:00+00:00,883d8dcf1dfffff
ACC-00005975,MERCHANT,ICICI-Sim,0.061,2022-05-25T00:00:00+00:00,88618c4d05fffff
ACC-00005976,MERCHANT,HDFC-Sim,0.068,2022-11-11T00:00:00+00:00,8860145943fffff
ACC-00005977,MERCHANT,PNB-Sim,0.127,2022-04-22T00:00:00+00:00,8861892ecbfffff
ACC-00005978,MERCHANT,HDFC-Sim,0.122,2022-03-28T00:00:00+00:00,8842ceb4a1fffff
ACC-00005979,MERCHANT,SBI-Sim,0.089,2021-07-13T00:00:00+00:00,8860a259bbfffff
ACC-00005980,MERCHANT,Axis-Sim,0.017,2026-02-08T00:00:00+00:00,88608b4733fffff
ACC-00005981,MERCHANT,ICICI-Sim,0.019,2024-07-07T00:00:00+00:00,8860b19695fffff
ACC-00005982,MERCHANT,BOI-Sim,0.008,2026-04-13T00:00:00+00:00,8842ceb4a1fffff
ACC-00005983,MERCHANT,BOI-Sim,0.141,2024-09-24T00:00:00+00:00,883da11409fffff
ACC-00005984,MERCHANT,PNB-Sim,0.063,2022-05-12T00:00:00+00:00,8860b52e9bfffff
ACC-00005985,MERCHANT,SBI-Sim,0.014,2024-11-21T00:00:00+00:00,88608b56d7fffff
ACC-00005986,MERCHANT,BOI-Sim,0.122,2025-05-08T00:00:00+00:00,8842ceb5d9fffff
ACC-00005987,MERCHANT,SBI-Sim,0.121,2023-12-11T00:00:00+00:00,8860b52c97fffff
ACC-00005988,MERCHANT,BOI-Sim,0.014,2023-11-06T00:00:00+00:00,88608b56d7fffff
ACC-00005989,MERCHANT,Axis-Sim,0.043,2022-12-09T00:00:00+00:00,883d8dcf1dfffff
ACC-00005990,MERCHANT,SBI-Sim,0.031,2024-12-30T00:00:00+00:00,88608b0961fffff
ACC-00005991,MERCHANT,PNB-Sim,0.093,2022-07-12T00:00:00+00:00,88618921d1fffff
ACC-00005992,MERCHANT,ICICI-Sim,0.083,2021-10-29T00:00:00+00:00,883da11623fffff
ACC-00005993,MERCHANT,HDFC-Sim,0.032,2026-01-27T00:00:00+00:00,8860b52e9bfffff
ACC-00005994,MERCHANT,HDFC-Sim,0.029,2023-07-22T00:00:00+00:00,8842ceb4a1fffff
ACC-00005995,MERCHANT,BOI-Sim,0.066,2025-07-23T00:00:00+00:00,88618921d1fffff
ACC-00005996,MERCHANT,PNB-Sim,0.076,2022-10-29T00:00:00+00:00,883da11233fffff
ACC-00005997,MERCHANT,SBI-Sim,0.08,2024-07-16T00:00:00+00:00,88618925c5fffff
ACC-00005998,MERCHANT,Axis-Sim,0.087,2022-02-03T00:00:00+00:00,88618c4e63fffff
ACC-00005999,MERCHANT,HDFC-Sim,0.064,2022-09-21T00:00:00+00:00,8860145943fffff
ACC-00006000,MERCHANT,PNB-Sim,0.065,2022-04-29T00:00:00+00:00,883da11623fffff
ACC-00006001,MERCHANT,ICICI-Sim,0.064,2022-06-02T00:00:00+00:00,883da11623fffff
ACC-00006002,MERCHANT,ICICI-Sim,0.043,2024-01-31T00:00:00+00:00,883d8dcdd5fffff
ACC-00006003,MERCHANT,ICICI-Sim,0.028,2024-06-18T00:00:00+00:00,8860145943fffff
ACC-00006004,MERCHANT,BOI-Sim,0.079,2022-12-31T00:00:00+00:00,883da11623fffff
ACC-00006005,MERCHANT,ICICI-Sim,0.072,2024-10-06T00:00:00+00:00,88608b0961fffff
ACC-00006006,MERCHANT,SBI-Sim,0.09,2022-01-02T00:00:00+00:00,8842ceb4a1fffff
ACC-00006007,MERCHANT,HDFC-Sim,0.131,2025-04-16T00:00:00+00:00,883da115a5fffff
ACC-00006008,MERCHANT,ICICI-Sim,0.074,2025-11-12T00:00:00+00:00,8860b19695fffff
ACC-00006009,MERCHANT,ICICI-Sim,0.092,2021-12-08T00:00:00+00:00,883d8dcf1dfffff
ACC-00006010,MERCHANT,PNB-Sim,0.103,2023-01-19T00:00:00+00:00,883d8dcf1dfffff
ACC-00006011,MERCHANT,Axis-Sim,0.087,2022-10-25T00:00:00+00:00,8842ceb5d9fffff
ACC-00006012,MERCHANT,SBI-Sim,0.039,2025-04-04T00:00:00+00:00,8860145943fffff
ACC-00006013,MERCHANT,Axis-Sim,0.109,2024-02-18T00:00:00+00:00,88618c4f2bfffff
ACC-00006014,MERCHANT,PNB-Sim,0.074,2021-10-30T00:00:00+00:00,883d8dcc0dfffff
ACC-00006015,MERCHANT,Axis-Sim,0.048,2022-03-04T00:00:00+00:00,88618c4d05fffff
ACC-00006016,MERCHANT,BOI-Sim,0.032,2025-05-24T00:00:00+00:00,883da11409fffff
ACC-00006017,MERCHANT,BOI-Sim,0.0,2023-08-29T00:00:00+00:00,883d8dcd5dfffff
ACC-00006018,MERCHANT,Axis-Sim,0.131,2025-02-06T00:00:00+00:00,8842ceb559fffff
ACC-00006019,MERCHANT,SBI-Sim,0.044,2023-12-31T00:00:00+00:00,8842ceb5d9fffff
ACC-00006020,MERCHANT,Axis-Sim,0.08,2024-04-04T00:00:00+00:00,883da115a5fffff
ACC-00006021,MERCHANT,Axis-Sim,0.055,2025-05-30T00:00:00+00:00,883da115a5fffff
ACC-00006022,MERCHANT,BOI-Sim,0.083,2025-07-21T00:00:00+00:00,88618c4f2bfffff
ACC-00006023,MERCHANT,ICICI-Sim,0.128,2025-04-01T00:00:00+00:00,883d8dcdd5fffff
ACC-00006024,MERCHANT,BOI-Sim,0.096,2023-01-07T00:00:00+00:00,883d8dcdd5fffff
ACC-00006025,MERCHANT,ICICI-Sim,0.137,2024-08-26T00:00:00+00:00,883da115a5fffff
ACC-00006026,MERCHANT,Axis-Sim,0.144,2024-01-20T00:00:00+00:00,883da11409fffff
ACC-00006027,MERCHANT,PNB-Sim,0.046,2024-01-15T00:00:00+00:00,8860a259bbfffff
ACC-00006028,MERCHANT,Axis-Sim,0.075,2025-09-24T00:00:00+00:00,883d8dcdd5fffff
ACC-00006029,MERCHANT,SBI-Sim,0.122,2026-02-13T00:00:00+00:00,883d8dcd5dfffff
ACC-00006030,MERCHANT,PNB-Sim,0.087,2022-03-24T00:00:00+00:00,88608b0a6bfffff
ACC-00006031,MERCHANT,BOI-Sim,0.105,2024-12-20T00:00:00+00:00,88618921d1fffff
ACC-00006032,MERCHANT,PNB-Sim,0.04,2023-06-28T00:00:00+00:00,8842ceb559fffff
ACC-00006033,MERCHANT,HDFC-Sim,0.034,2026-04-14T00:00:00+00:00,88618c45b9fffff
ACC-00006034,MERCHANT,BOI-Sim,0.041,2026-04-29T00:00:00+00:00,88618921d1fffff
ACC-00006035,MERCHANT,HDFC-Sim,0.056,2026-03-25T00:00:00+00:00,883d8dcc0dfffff
ACC-00006036,MERCHANT,HDFC-Sim,0.025,2026-02-24T00:00:00+00:00,8860b52e9bfffff
ACC-00006037,MERCHANT,HDFC-Sim,0.066,2025-01-25T00:00:00+00:00,88608b4733fffff
ACC-00006038,MERCHANT,ICICI-Sim,0.143,2022-01-25T00:00:00+00:00,8860b19695fffff
ACC-00006039,MERCHANT,BOI-Sim,0.114,2026-02-16T00:00:00+00:00,883d8dcf1dfffff
ACC-00006040,MERCHANT,PNB-Sim,0.147,2024-08-06T00:00:00+00:00,8860145943fffff
ACC-00006041,MERCHANT,BOI-Sim,0.14,2023-05-19T00:00:00+00:00,883da11409fffff
ACC-00006042,MERCHANT,ICICI-Sim,0.132,2022-07-24T00:00:00+00:00,8861892ecbfffff
ACC-00006043,MERCHANT,SBI-Sim,0.008,2025-12-11T00:00:00+00:00,88608b56d7fffff
ACC-00006044,MERCHANT,Axis-Sim,0.127,2023-07-30T00:00:00+00:00,88618c4e63fffff
ACC-00006045,MERCHANT,SBI-Sim,0.04,2024-05-26T00:00:00+00:00,88618c45b9fffff
ACC-00006046,MERCHANT,SBI-Sim,0.007,2022-12-25T00:00:00+00:00,8860b52c97fffff
ACC-00006047,MERCHANT,ICICI-Sim,0.021,2023-01-16T00:00:00+00:00,883d8dcdd5fffff
ACC-00006048,MERCHANT,ICICI-Sim,0.057,2022-04-03T00:00:00+00:00,883d8dcc0dfffff
ACC-00006049,MERCHANT,ICICI-Sim,0.089,2024-04-18T00:00:00+00:00,88608b56d7fffff
ACC-00006050,MERCHANT,SBI-Sim,0.008,2022-08-22T00:00:00+00:00,88618c4f2bfffff
ACC-00006051,MERCHANT,HDFC-Sim,0.066,2025-07-01T00:00:00+00:00,8860b52c97fffff
ACC-00006052,MERCHANT,HDFC-Sim,0.092,2025-06-07T00:00:00+00:00,8842ceb4a1fffff
ACC-00006053,MERCHANT,SBI-Sim,0.059,2023-03-01T00:00:00+00:00,883da11623fffff
ACC-00006054,MERCHANT,PNB-Sim,0.125,2023-12-31T00:00:00+00:00,88618925c5fffff
ACC-00006055,MERCHANT,Axis-Sim,0.045,2025-08-20T00:00:00+00:00,883d8dcc0dfffff
ACC-00006056,MERCHANT,Axis-Sim,0.109,2023-12-02T00:00:00+00:00,8860b52e9bfffff
ACC-00006057,MERCHANT,ICICI-Sim,0.135,2023-11-29T00:00:00+00:00,883d8dcd5dfffff
ACC-00006058,MERCHANT,HDFC-Sim,0.019,2023-07-10T00:00:00+00:00,883d8dcf1dfffff
ACC-00006059,MERCHANT,HDFC-Sim,0.023,2021-11-01T00:00:00+00:00,88618921d1fffff
ACC-00006060,MERCHANT,SBI-Sim,0.098,2023-11-15T00:00:00+00:00,883da11233fffff
ACC-00006061,MERCHANT,HDFC-Sim,0.008,2022-04-16T00:00:00+00:00,88618c4f2bfffff
ACC-00006062,MERCHANT,HDFC-Sim,0.029,2025-12-11T00:00:00+00:00,88618c4d05fffff
ACC-00006063,MERCHANT,Axis-Sim,0.044,2021-12-26T00:00:00+00:00,88608b0961fffff
ACC-00006064,MERCHANT,HDFC-Sim,0.063,2022-10-06T00:00:00+00:00,883da11623fffff
ACC-00006065,MERCHANT,Axis-Sim,0.012,2024-06-03T00:00:00+00:00,8860145943fffff
ACC-00006066,MERCHANT,HDFC-Sim,0.085,2023-07-15T00:00:00+00:00,883d8dcc0dfffff
ACC-00006067,MERCHANT,HDFC-Sim,0.073,2024-02-08T00:00:00+00:00,88608b4733fffff
ACC-00006068,MERCHANT,SBI-Sim,0.093,2024-03-31T00:00:00+00:00,8860145943fffff
ACC-00006069,MERCHANT,HDFC-Sim,0.084,2025-11-24T00:00:00+00:00,883da11233fffff
ACC-00006070,MERCHANT,SBI-Sim,0.075,2025-12-18T00:00:00+00:00,88618c4e63fffff
ACC-00006071,MERCHANT,BOI-Sim,0.087,2021-11-15T00:00:00+00:00,8860b19695fffff
ACC-00006072,MERCHANT,SBI-Sim,0.083,2022-07-06T00:00:00+00:00,88618c4d05fffff
ACC-00006073,MERCHANT,ICICI-Sim,0.01,2021-08-16T00:00:00+00:00,88618921d1fffff
ACC-00006074,MERCHANT,HDFC-Sim,0.113,2024-03-20T00:00:00+00:00,88608b0a6bfffff
ACC-00006075,MERCHANT,Axis-Sim,0.062,2026-02-01T00:00:00+00:00,8842ceb5d9fffff
ACC-00006076,MERCHANT,HDFC-Sim,0.041,2022-10-25T00:00:00+00:00,8860b52e9bfffff
ACC-00006077,MERCHANT,SBI-Sim,0.135,2025-04-18T00:00:00+00:00,883da11409fffff
ACC-00006078,MERCHANT,ICICI-Sim,0.04,2024-05-13T00:00:00+00:00,8860a259bbfffff
ACC-00006079,MERCHANT,BOI-Sim,0.047,2023-04-12T00:00:00+00:00,883d8dcdd5fffff
ACC-00006080,MERCHANT,SBI-Sim,0.052,2024-11-24T00:00:00+00:00,8842ceb5d9fffff
ACC-00006081,MERCHANT,PNB-Sim,0.025,2026-04-27T00:00:00+00:00,883d8dcc0dfffff
ACC-00006082,MERCHANT,ICICI-Sim,0.038,2025-10-10T00:00:00+00:00,883d8dcc0dfffff
ACC-00006083,MERCHANT,Axis-Sim,0.126,2025-10-01T00:00:00+00:00,8842ceb559fffff
ACC-00006084,MERCHANT,BOI-Sim,0.131,2025-01-29T00:00:00+00:00,8842ceb5d9fffff
ACC-00006085,MERCHANT,SBI-Sim,0.111,2026-01-25T00:00:00+00:00,8842ceb4a1fffff
ACC-00006086,MERCHANT,Axis-Sim,0.026,2021-10-05T00:00:00+00:00,88608b4733fffff
ACC-00006087,MERCHANT,Axis-Sim,0.079,2023-10-08T00:00:00+00:00,8860a259bbfffff
ACC-00006088,MERCHANT,PNB-Sim,0.131,2025-08-05T00:00:00+00:00,8842ceb5d9fffff
ACC-00006089,MERCHANT,ICICI-Sim,0.094,2024-03-18T00:00:00+00:00,8861892ecbfffff
ACC-00006090,MERCHANT,BOI-Sim,0.077,2021-11-27T00:00:00+00:00,883d8dcf1dfffff
ACC-00006091,MERCHANT,Axis-Sim,0.051,2021-11-09T00:00:00+00:00,883da11409fffff
ACC-00006092,MERCHANT,PNB-Sim,0.059,2025-12-04T00:00:00+00:00,8860b19695fffff
ACC-00006093,MERCHANT,BOI-Sim,0.043,2023-04-17T00:00:00+00:00,8842cea623fffff
ACC-00006094,MERCHANT,SBI-Sim,0.048,2024-07-21T00:00:00+00:00,8842ceb5d9fffff
ACC-00006095,MERCHANT,Axis-Sim,0.045,2023-05-24T00:00:00+00:00,883d8dcc0dfffff
ACC-00006096,MERCHANT,Axis-Sim,0.011,2024-12-29T00:00:00+00:00,883da115a5fffff
ACC-00006097,MERCHANT,BOI-Sim,0.026,2025-02-19T00:00:00+00:00,88608b0a6bfffff
ACC-00006098,MERCHANT,HDFC-Sim,0.082,2025-11-04T00:00:00+00:00,88618c4e63fffff
ACC-00006099,MERCHANT,SBI-Sim,0.139,2022-06-14T00:00:00+00:00,8842ceb4a1fffff
ACC-00006100,MERCHANT,BOI-Sim,0.135,2024-10-19T00:00:00+00:00,883da11233fffff
ACC-00006101,MERCHANT,SBI-Sim,0.066,2025-02-09T00:00:00+00:00,883da11623fffff
ACC-00006102,MERCHANT,PNB-Sim,0.044,2024-02-17T00:00:00+00:00,883da11409fffff
ACC-00006103,MERCHANT,BOI-Sim,0.147,2022-05-29T00:00:00+00:00,88618c4f2bfffff
ACC-00006104,MERCHANT,ICICI-Sim,0.143,2025-08-27T00:00:00+00:00,88618c4e63fffff
ACC-00006105,MERCHANT,PNB-Sim,0.083,2025-01-30T00:00:00+00:00,883da11233fffff
ACC-00006106,MERCHANT,ICICI-Sim,0.14,2022-05-08T00:00:00+00:00,8842ceb4a1fffff
ACC-00006107,MERCHANT,Axis-Sim,0.105,2023-11-18T00:00:00+00:00,883d8dcd5dfffff
ACC-00006108,MERCHANT,PNB-Sim,0.051,2025-04-13T00:00:00+00:00,883da11233fffff
ACC-00006109,MERCHANT,PNB-Sim,0.039,2024-05-25T00:00:00+00:00,883d8dcd5dfffff
ACC-00006110,MERCHANT,SBI-Sim,0.05,2021-10-31T00:00:00+00:00,883da11233fffff
ACC-00006111,MERCHANT,PNB-Sim,0.051,2021-07-07T00:00:00+00:00,8860b19695fffff
ACC-00006112,MERCHANT,Axis-Sim,0.132,2025-09-14T00:00:00+00:00,88608b4733fffff
ACC-00006113,MERCHANT,SBI-Sim,0.005,2023-10-05T00:00:00+00:00,88608b0961fffff
ACC-00006114,MERCHANT,BOI-Sim,0.082,2023-08-18T00:00:00+00:00,88618925c5fffff
ACC-00006115,MERCHANT,HDFC-Sim,0.101,2026-02-15T00:00:00+00:00,8842ceb559fffff
ACC-00006116,MERCHANT,ICICI-Sim,0.106,2024-03-06T00:00:00+00:00,883da115a5fffff
ACC-00006117,MERCHANT,Axis-Sim,0.041,2025-02-19T00:00:00+00:00,8842ceb4a1fffff
ACC-00006118,MERCHANT,SBI-Sim,0.137,2023-01-18T00:00:00+00:00,883da11409fffff
ACC-00006119,MERCHANT,HDFC-Sim,0.043,2022-12-08T00:00:00+00:00,88618921d1fffff
ACC-00006120,MERCHANT,HDFC-Sim,0.125,2024-02-09T00:00:00+00:00,8860a259bbfffff
ACC-00006121,MERCHANT,ICICI-Sim,0.042,2023-04-18T00:00:00+00:00,8842ceb559fffff
ACC-00006122,MERCHANT,ICICI-Sim,0.112,2021-11-09T00:00:00+00:00,8842ceb4a1fffff
ACC-00006123,MERCHANT,BOI-Sim,0.041,2021-06-29T00:00:00+00:00,88618925c5fffff
ACC-00006124,MERCHANT,SBI-Sim,0.045,2025-05-04T00:00:00+00:00,88608b0961fffff
ACC-00006125,MERCHANT,Axis-Sim,0.065,2025-04-06T00:00:00+00:00,883da11233fffff
ACC-00006126,MERCHANT,Axis-Sim,0.14,2024-03-21T00:00:00+00:00,8842cea623fffff
ACC-00006127,MERCHANT,SBI-Sim,0.065,2024-11-21T00:00:00+00:00,8842ceb4a1fffff
ACC-00006128,MERCHANT,PNB-Sim,0.142,2025-04-01T00:00:00+00:00,883d8dcd5dfffff
ACC-00006129,MERCHANT,Axis-Sim,0.138,2026-03-07T00:00:00+00:00,88618921d1fffff
ACC-00006130,MERCHANT,PNB-Sim,0.01,2023-01-20T00:00:00+00:00,883d8dcc0dfffff
ACC-00006131,MERCHANT,BOI-Sim,0.015,2022-12-12T00:00:00+00:00,88608b4733fffff
ACC-00006132,MERCHANT,HDFC-Sim,0.098,2025-11-20T00:00:00+00:00,88608b0a6bfffff
ACC-00006133,MERCHANT,ICICI-Sim,0.035,2024-10-26T00:00:00+00:00,883d8dcdd5fffff
ACC-00006134,MERCHANT,HDFC-Sim,0.012,2021-12-13T00:00:00+00:00,8860145943fffff
ACC-00006135,MERCHANT,PNB-Sim,0.079,2024-05-20T00:00:00+00:00,883d8dcdd5fffff
ACC-00006136,MERCHANT,Axis-Sim,0.045,2023-05-08T00:00:00+00:00,88608b4733fffff
ACC-00006137,MERCHANT,BOI-Sim,0.047,2021-12-27T00:00:00+00:00,8860b19695fffff
ACC-00006138,MERCHANT,ICICI-Sim,0.025,2022-10-15T00:00:00+00:00,8860a259bbfffff
ACC-00006139,MERCHANT,ICICI-Sim,0.089,2021-12-21T00:00:00+00:00,883d8dcd5dfffff
ACC-00006140,MERCHANT,SBI-Sim,0.046,2021-09-04T00:00:00+00:00,8842ceb5d9fffff
ACC-00006141,MERCHANT,ICICI-Sim,0.033,2025-09-27T00:00:00+00:00,8860b52c97fffff
ACC-00006142,MERCHANT,PNB-Sim,0.023,2023-05-12T00:00:00+00:00,88618c4f2bfffff
ACC-00006143,MERCHANT,PNB-Sim,0.077,2026-03-07T00:00:00+00:00,883da11623fffff
ACC-00006144,MERCHANT,SBI-Sim,0.122,2023-06-24T00:00:00+00:00,8860145943fffff
ACC-00006145,MERCHANT,Axis-Sim,0.092,2026-02-21T00:00:00+00:00,88608b56d7fffff
ACC-00006146,MERCHANT,BOI-Sim,0.081,2025-07-13T00:00:00+00:00,8860b19695fffff
ACC-00006147,MERCHANT,SBI-Sim,0.01,2022-02-25T00:00:00+00:00,88618c4e63fffff
ACC-00006148,MERCHANT,ICICI-Sim,0.135,2025-01-13T00:00:00+00:00,8842ceb5d9fffff
ACC-00006149,MERCHANT,HDFC-Sim,0.045,2024-10-22T00:00:00+00:00,88618921d1fffff
ACC-00006150,MERCHANT,ICICI-Sim,0.137,2023-11-14T00:00:00+00:00,88618c4e63fffff
ACC-00006151,MERCHANT,PNB-Sim,0.077,2024-03-27T00:00:00+00:00,88608b0a6bfffff
ACC-00006152,MERCHANT,HDFC-Sim,0.087,2024-03-06T00:00:00+00:00,8860145943fffff
ACC-00006153,MERCHANT,BOI-Sim,0.142,2023-02-16T00:00:00+00:00,88618925c5fffff
ACC-00006154,MERCHANT,PNB-Sim,0.108,2024-01-25T00:00:00+00:00,883da115a5fffff
ACC-00006155,MERCHANT,ICICI-Sim,0.014,2025-12-02T00:00:00+00:00,883da115a5fffff
ACC-00006156,MERCHANT,Axis-Sim,0.016,2025-04-29T00:00:00+00:00,8860b52c97fffff
ACC-00006157,MERCHANT,ICICI-Sim,0.101,2022-06-21T00:00:00+00:00,88618925c5fffff
ACC-00006158,MERCHANT,HDFC-Sim,0.126,2024-03-20T00:00:00+00:00,88608b4733fffff
ACC-00006159,MERCHANT,BOI-Sim,0.111,2021-12-08T00:00:00+00:00,883da11623fffff
ACC-00006160,MERCHANT,BOI-Sim,0.071,2023-05-27T00:00:00+00:00,8842ceb559fffff
ACC-00006161,MERCHANT,Axis-Sim,0.144,2025-11-08T00:00:00+00:00,88618c45b9fffff
ACC-00006162,MERCHANT,PNB-Sim,0.123,2024-01-22T00:00:00+00:00,88608b4733fffff
ACC-00006163,MERCHANT,SBI-Sim,0.126,2022-11-21T00:00:00+00:00,88608b4733fffff
ACC-00006164,MERCHANT,Axis-Sim,0.003,2022-01-21T00:00:00+00:00,88608b0a6bfffff
ACC-00006165,MERCHANT,PNB-Sim,0.046,2024-06-30T00:00:00+00:00,88618c4e63fffff
ACC-00006166,MERCHANT,BOI-Sim,0.113,2025-12-12T00:00:00+00:00,8860b52c97fffff
ACC-00006167,MERCHANT,HDFC-Sim,0.031,2022-06-03T00:00:00+00:00,8860b19695fffff
ACC-00006168,MERCHANT,BOI-Sim,0.029,2022-03-25T00:00:00+00:00,883da11409fffff
ACC-00006169,MERCHANT,Axis-Sim,0.036,2025-11-19T00:00:00+00:00,88608b56d7fffff
ACC-00006170,MERCHANT,HDFC-Sim,0.058,2024-09-27T00:00:00+00:00,88618c4d05fffff
ACC-00006171,MERCHANT,BOI-Sim,0.144,2026-04-18T00:00:00+00:00,8860b19695fffff
ACC-00006172,MERCHANT,SBI-Sim,0.025,2023-11-08T00:00:00+00:00,883da11623fffff
ACC-00006173,MERCHANT,PNB-Sim,0.015,2024-08-03T00:00:00+00:00,8842ceb5d9fffff
ACC-00006174,MERCHANT,Axis-Sim,0.116,2022-07-04T00:00:00+00:00,883da11623fffff
ACC-00006175,MERCHANT,HDFC-Sim,0.102,2024-03-03T00:00:00+00:00,88608b0a6bfffff
ACC-00006176,MERCHANT,SBI-Sim,0.094,2022-12-16T00:00:00+00:00,88608b0961fffff
ACC-00006177,MERCHANT,HDFC-Sim,0.035,2021-11-24T00:00:00+00:00,88608b0961fffff
ACC-00006178,MERCHANT,HDFC-Sim,0.025,2022-02-12T00:00:00+00:00,88618c45b9fffff
ACC-00006179,MERCHANT,PNB-Sim,0.065,2023-06-28T00:00:00+00:00,8860b52e9bfffff
ACC-00006180,MERCHANT,HDFC-Sim,0.117,2023-12-31T00:00:00+00:00,883da11409fffff
ACC-00006181,MERCHANT,SBI-Sim,0.049,2024-03-27T00:00:00+00:00,88608b0a6bfffff
ACC-00006182,MERCHANT,PNB-Sim,0.089,2025-08-05T00:00:00+00:00,88608b56d7fffff
ACC-00006183,MERCHANT,HDFC-Sim,0.124,2025-04-03T00:00:00+00:00,883d8dcd5dfffff
ACC-00006184,MERCHANT,Axis-Sim,0.039,2022-05-06T00:00:00+00:00,88618921d1fffff
ACC-00006185,MERCHANT,Axis-Sim,0.013,2025-02-24T00:00:00+00:00,8860b19695fffff
ACC-00006186,MERCHANT,SBI-Sim,0.026,2024-09-13T00:00:00+00:00,883da115a5fffff
ACC-00006187,MERCHANT,HDFC-Sim,0.039,2023-10-06T00:00:00+00:00,8861892ecbfffff
ACC-00006188,MERCHANT,ICICI-Sim,0.108,2024-04-13T00:00:00+00:00,8861892ecbfffff
ACC-00006189,MERCHANT,HDFC-Sim,0.025,2023-06-06T00:00:00+00:00,8860b52e9bfffff
ACC-00006190,MERCHANT,HDFC-Sim,0.033,2023-08-24T00:00:00+00:00,88608b56d7fffff
ACC-00006191,MERCHANT,HDFC-Sim,0.132,2023-03-04T00:00:00+00:00,883d8dcf1dfffff
ACC-00006192,MERCHANT,HDFC-Sim,0.002,2024-06-23T00:00:00+00:00,8842cea623fffff
ACC-00006193,MERCHANT,ICICI-Sim,0.114,2023-08-07T00:00:00+00:00,8860145943fffff
ACC-00006194,MERCHANT,BOI-Sim,0.075,2025-02-23T00:00:00+00:00,8860b52e9bfffff
ACC-00006195,MERCHANT,BOI-Sim,0.135,2026-04-08T00:00:00+00:00,8842cea623fffff
ACC-00006196,MERCHANT,PNB-Sim,0.035,2021-12-29T00:00:00+00:00,883da11409fffff
ACC-00006197,MERCHANT,Axis-Sim,0.047,2025-10-19T00:00:00+00:00,88608b0a6bfffff
ACC-00006198,MERCHANT,BOI-Sim,0.017,2022-08-29T00:00:00+00:00,88618925c5fffff
ACC-00006199,MERCHANT,ICICI-Sim,0.018,2025-06-28T00:00:00+00:00,88618921d1fffff
ACC-00006200,MERCHANT,BOI-Sim,0.137,2023-10-12T00:00:00+00:00,8860b19695fffff
ACC-00006201,MERCHANT,BOI-Sim,0.031,2023-08-29T00:00:00+00:00,88618921d1fffff
ACC-00006202,MERCHANT,HDFC-Sim,0.035,2021-07-13T00:00:00+00:00,883da11409fffff
ACC-00006203,MERCHANT,SBI-Sim,0.034,2023-04-15T00:00:00+00:00,883d8dcf1dfffff
ACC-00006204,MERCHANT,HDFC-Sim,0.062,2021-07-01T00:00:00+00:00,8860b52e9bfffff
ACC-00006205,MERCHANT,ICICI-Sim,0.118,2025-03-06T00:00:00+00:00,883da11409fffff
ACC-00006206,MERCHANT,BOI-Sim,0.059,2025-07-03T00:00:00+00:00,8860b52c97fffff
ACC-00006207,MERCHANT,Axis-Sim,0.125,2024-07-17T00:00:00+00:00,883d8dcc0dfffff
ACC-00006208,MERCHANT,SBI-Sim,0.09,2022-01-03T00:00:00+00:00,88618921d1fffff
ACC-00006209,MERCHANT,HDFC-Sim,0.1,2023-08-19T00:00:00+00:00,8842cea623fffff
ACC-00006210,MERCHANT,ICICI-Sim,0.008,2022-01-03T00:00:00+00:00,88618c4e63fffff
ACC-00006211,MERCHANT,BOI-Sim,0.021,2021-08-16T00:00:00+00:00,883da11233fffff
ACC-00006212,MERCHANT,BOI-Sim,0.049,2024-04-20T00:00:00+00:00,88608b56d7fffff
ACC-00006213,MERCHANT,BOI-Sim,0.137,2024-10-15T00:00:00+00:00,883da11409fffff
ACC-00006214,MERCHANT,Axis-Sim,0.002,2026-01-30T00:00:00+00:00,8842ceb5d9fffff
ACC-00006215,MERCHANT,Axis-Sim,0.035,2024-06-14T00:00:00+00:00,883da11409fffff
ACC-00006216,MERCHANT,HDFC-Sim,0.083,2021-12-14T00:00:00+00:00,88618c4d05fffff
ACC-00006217,MERCHANT,HDFC-Sim,0.089,2024-06-20T00:00:00+00:00,883da115a5fffff
ACC-00006218,MERCHANT,PNB-Sim,0.047,2023-06-10T00:00:00+00:00,883d8dcf1dfffff
ACC-00006219,MERCHANT,ICICI-Sim,0.0,2021-08-23T00:00:00+00:00,88608b0961fffff
ACC-00006220,MERCHANT,HDFC-Sim,0.145,2026-03-12T00:00:00+00:00,883d8dcdd5fffff
ACC-00006221,MERCHANT,BOI-Sim,0.122,2025-05-13T00:00:00+00:00,883d8dcf1dfffff
ACC-00006222,MERCHANT,PNB-Sim,0.148,2025-01-02T00:00:00+00:00,883d8dcd5dfffff
ACC-00006223,MERCHANT,HDFC-Sim,0.13,2025-02-20T00:00:00+00:00,8860b52c97fffff
ACC-00006224,MERCHANT,ICICI-Sim,0.144,2024-03-28T00:00:00+00:00,8860b52e9bfffff
ACC-00006225,MERCHANT,PNB-Sim,0.032,2024-06-23T00:00:00+00:00,88618c4e63fffff
ACC-00006226,MERCHANT,ICICI-Sim,0.114,2025-05-07T00:00:00+00:00,8860145943fffff
ACC-00006227,MERCHANT,ICICI-Sim,0.052,2021-10-25T00:00:00+00:00,8842ceb4a1fffff
ACC-00006228,MERCHANT,BOI-Sim,0.025,2026-01-07T00:00:00+00:00,883da11409fffff
ACC-00006229,MERCHANT,PNB-Sim,0.106,2026-05-01T00:00:00+00:00,88618c4f2bfffff
ACC-00006230,MERCHANT,ICICI-Sim,0.138,2023-02-24T00:00:00+00:00,88608b0a6bfffff
ACC-00006231,MERCHANT,HDFC-Sim,0.095,2025-03-08T00:00:00+00:00,88618c4f2bfffff
ACC-00006232,MERCHANT,PNB-Sim,0.107,2023-07-21T00:00:00+00:00,8860b19695fffff
ACC-00006233,MERCHANT,PNB-Sim,0.046,2022-04-08T00:00:00+00:00,8861892ecbfffff
ACC-00006234,MERCHANT,Axis-Sim,0.012,2024-01-13T00:00:00+00:00,88618c4e63fffff
ACC-00006235,MERCHANT,Axis-Sim,0.104,2022-12-04T00:00:00+00:00,883da115a5fffff
ACC-00006236,MERCHANT,BOI-Sim,0.073,2026-03-18T00:00:00+00:00,88608b56d7fffff
ACC-00006237,MERCHANT,HDFC-Sim,0.013,2024-01-02T00:00:00+00:00,883da115a5fffff
ACC-00006238,MERCHANT,HDFC-Sim,0.013,2022-10-31T00:00:00+00:00,883d8dcc0dfffff
ACC-00006239,MERCHANT,PNB-Sim,0.033,2022-06-22T00:00:00+00:00,88618c4f2bfffff
ACC-00006240,MERCHANT,BOI-Sim,0.032,2024-08-01T00:00:00+00:00,88608b56d7fffff
ACC-00006241,MERCHANT,BOI-Sim,0.111,2022-03-28T00:00:00+00:00,88608b0961fffff
ACC-00006242,MERCHANT,HDFC-Sim,0.012,2023-04-07T00:00:00+00:00,8860b52e9bfffff
ACC-00006243,MERCHANT,PNB-Sim,0.029,2024-07-01T00:00:00+00:00,883d8dcd5dfffff
ACC-00006244,MERCHANT,HDFC-Sim,0.138,2022-01-29T00:00:00+00:00,88618c4e63fffff
ACC-00006245,MERCHANT,HDFC-Sim,0.066,2021-07-11T00:00:00+00:00,88608b0a6bfffff
ACC-00006246,MERCHANT,Axis-Sim,0.091,2024-11-02T00:00:00+00:00,88618c45b9fffff
ACC-00006247,MERCHANT,ICICI-Sim,0.14,2021-07-07T00:00:00+00:00,88618c4e63fffff
ACC-00006248,MERCHANT,Axis-Sim,0.038,2021-09-30T00:00:00+00:00,88608b0961fffff
ACC-00006249,MERCHANT,BOI-Sim,0.104,2022-09-12T00:00:00+00:00,88618925c5fffff
ACC-00006250,MERCHANT,PNB-Sim,0.021,2023-09-27T00:00:00+00:00,883da11409fffff
ACC-00006251,MERCHANT,SBI-Sim,0.031,2024-01-14T00:00:00+00:00,88618921d1fffff
ACC-00006252,MERCHANT,BOI-Sim,0.148,2023-03-17T00:00:00+00:00,88608b0a6bfffff
ACC-00006253,MERCHANT,BOI-Sim,0.097,2025-02-01T00:00:00+00:00,883d8dcd5dfffff
ACC-00006254,MERCHANT,SBI-Sim,0.101,2021-12-26T00:00:00+00:00,88618c4e63fffff
ACC-00006255,MERCHANT,ICICI-Sim,0.017,2024-04-17T00:00:00+00:00,88618921d1fffff
ACC-00006256,MERCHANT,HDFC-Sim,0.048,2024-07-28T00:00:00+00:00,883d8dcd5dfffff
ACC-00006257,MERCHANT,PNB-Sim,0.09,2025-12-10T00:00:00+00:00,88608b0a6bfffff
ACC-00006258,MERCHANT,ICICI-Sim,0.002,2024-07-28T00:00:00+00:00,88618c45b9fffff
ACC-00006259,MERCHANT,HDFC-Sim,0.002,2024-03-08T00:00:00+00:00,8842ceb5d9fffff
ACC-00006260,MERCHANT,HDFC-Sim,0.002,2024-01-03T00:00:00+00:00,8860145943fffff
ACC-00006261,MERCHANT,ICICI-Sim,0.09,2025-06-04T00:00:00+00:00,8842ceb4a1fffff
ACC-00006262,MERCHANT,HDFC-Sim,0.124,2021-12-07T00:00:00+00:00,8842ceb559fffff
ACC-00006263,MERCHANT,PNB-Sim,0.039,2024-06-13T00:00:00+00:00,8842cea623fffff
ACC-00006264,MERCHANT,HDFC-Sim,0.013,2024-02-11T00:00:00+00:00,88618c4d05fffff
ACC-00006265,MERCHANT,HDFC-Sim,0.149,2024-12-06T00:00:00+00:00,883d8dcdd5fffff
ACC-00006266,MERCHANT,Axis-Sim,0.047,2025-09-15T00:00:00+00:00,8860145943fffff
ACC-00006267,MERCHANT,ICICI-Sim,0.108,2026-03-02T00:00:00+00:00,88608b56d7fffff
ACC-00006268,MERCHANT,BOI-Sim,0.056,2025-02-15T00:00:00+00:00,883d8dcdd5fffff
ACC-00006269,MERCHANT,Axis-Sim,0.072,2023-08-24T00:00:00+00:00,8860145943fffff
ACC-00006270,MERCHANT,BOI-Sim,0.133,2023-09-22T00:00:00+00:00,883d8dcdd5fffff
ACC-00006271,MERCHANT,HDFC-Sim,0.03,2021-10-29T00:00:00+00:00,8842ceb4a1fffff
ACC-00006272,MERCHANT,PNB-Sim,0.132,2025-07-31T00:00:00+00:00,8860a259bbfffff
ACC-00006273,MERCHANT,ICICI-Sim,0.099,2021-11-20T00:00:00+00:00,883da11623fffff
ACC-00006274,MERCHANT,ICICI-Sim,0.002,2023-11-01T00:00:00+00:00,88618c4f2bfffff
ACC-00006275,MERCHANT,BOI-Sim,0.052,2021-11-23T00:00:00+00:00,8861892ecbfffff
ACC-00006276,MERCHANT,ICICI-Sim,0.009,2023-02-25T00:00:00+00:00,883d8dcdd5fffff
ACC-00006277,MERCHANT,Axis-Sim,0.106,2022-03-15T00:00:00+00:00,883d8dcf1dfffff
ACC-00006278,MERCHANT,ICICI-Sim,0.119,2022-02-02T00:00:00+00:00,883d8dcc0dfffff
ACC-00006279,MERCHANT,Axis-Sim,0.115,2023-04-09T00:00:00+00:00,8842ceb559fffff
ACC-00006280,MERCHANT,HDFC-Sim,0.069,2025-10-16T00:00:00+00:00,8860b52e9bfffff
ACC-00006281,MERCHANT,HDFC-Sim,0.025,2024-05-23T00:00:00+00:00,8860b52c97fffff
ACC-00006282,MERCHANT,Axis-Sim,0.067,2025-05-01T00:00:00+00:00,88618c4f2bfffff
ACC-00006283,MERCHANT,HDFC-Sim,0.136,2024-03-25T00:00:00+00:00,883d8dcd5dfffff
ACC-00006284,MERCHANT,PNB-Sim,0.074,2025-03-10T00:00:00+00:00,883d8dcdd5fffff
ACC-00006285,MERCHANT,HDFC-Sim,0.068,2024-02-08T00:00:00+00:00,88608b4733fffff
ACC-00006286,MERCHANT,BOI-Sim,0.044,2021-11-25T00:00:00+00:00,883da115a5fffff
ACC-00006287,MERCHANT,HDFC-Sim,0.025,2022-05-27T00:00:00+00:00,883d8dcc0dfffff
ACC-00006288,MERCHANT,PNB-Sim,0.023,2023-12-20T00:00:00+00:00,88608b0961fffff
ACC-00006289,MERCHANT,ICICI-Sim,0.13,2022-01-15T00:00:00+00:00,88608b0961fffff
ACC-00006290,MERCHANT,HDFC-Sim,0.047,2023-11-07T00:00:00+00:00,88608b0a6bfffff
ACC-00006291,MERCHANT,Axis-Sim,0.047,2025-05-27T00:00:00+00:00,8860145943fffff
ACC-00006292,MERCHANT,PNB-Sim,0.145,2025-11-23T00:00:00+00:00,88618c4d05fffff
ACC-00006293,MERCHANT,PNB-Sim,0.11,2024-01-15T00:00:00+00:00,88618921d1fffff
ACC-00006294,MERCHANT,Axis-Sim,0.073,2024-04-29T00:00:00+00:00,883da115a5fffff
ACC-00006295,MERCHANT,BOI-Sim,0.012,2023-10-02T00:00:00+00:00,883d8dcf1dfffff
ACC-00006296,MERCHANT,ICICI-Sim,0.012,2025-07-31T00:00:00+00:00,88608b4733fffff
ACC-00006297,MERCHANT,ICICI-Sim,0.023,2021-10-25T00:00:00+00:00,8860a259bbfffff
ACC-00006298,MERCHANT,SBI-Sim,0.14,2023-04-16T00:00:00+00:00,883da115a5fffff
ACC-00006299,MERCHANT,HDFC-Sim,0.023,2022-07-10T00:00:00+00:00,8842ceb4a1fffff
ACC-00006300,MERCHANT,ICICI-Sim,0.076,2026-04-28T00:00:00+00:00,88618921d1fffff
ACC-00006301,MERCHANT,SBI-Sim,0.022,2025-06-21T00:00:00+00:00,88618c45b9fffff
ACC-00006302,MERCHANT,PNB-Sim,0.041,2026-03-06T00:00:00+00:00,8842ceb4a1fffff
ACC-00006303,MERCHANT,PNB-Sim,0.013,2023-12-18T00:00:00+00:00,8842ceb5d9fffff
ACC-00006304,MERCHANT,SBI-Sim,0.102,2021-11-24T00:00:00+00:00,88608b0961fffff
ACC-00006305,MERCHANT,ICICI-Sim,0.144,2021-09-11T00:00:00+00:00,8842ceb4a1fffff
ACC-00006306,MERCHANT,ICICI-Sim,0.033,2022-05-07T00:00:00+00:00,88608b0961fffff
ACC-00006307,MERCHANT,SBI-Sim,0.149,2025-02-10T00:00:00+00:00,883d8dcdd5fffff
ACC-00006308,MERCHANT,ICICI-Sim,0.094,2022-05-27T00:00:00+00:00,883d8dcd5dfffff
ACC-00006309,MERCHANT,BOI-Sim,0.144,2023-09-09T00:00:00+00:00,883da11623fffff
ACC-00006310,MERCHANT,BOI-Sim,0.029,2024-02-02T00:00:00+00:00,88618c4f2bfffff
ACC-00006311,MERCHANT,Axis-Sim,0.067,2022-02-08T00:00:00+00:00,8842cea623fffff
ACC-00006312,MERCHANT,PNB-Sim,0.123,2024-03-09T00:00:00+00:00,883da11623fffff
ACC-00006313,MERCHANT,BOI-Sim,0.085,2026-04-03T00:00:00+00:00,88608b0961fffff
ACC-00006314,MERCHANT,HDFC-Sim,0.01,2021-12-18T00:00:00+00:00,8842cea623fffff
ACC-00006315,MERCHANT,BOI-Sim,0.065,2022-09-05T00:00:00+00:00,88618c4f2bfffff
ACC-00006316,MERCHANT,SBI-Sim,0.042,2026-04-01T00:00:00+00:00,8861892ecbfffff
ACC-00006317,MERCHANT,SBI-Sim,0.078,2024-08-23T00:00:00+00:00,88618c4f2bfffff
ACC-00006318,MERCHANT,PNB-Sim,0.055,2026-04-26T00:00:00+00:00,883d8dcf1dfffff
ACC-00006319,MERCHANT,PNB-Sim,0.005,2024-07-18T00:00:00+00:00,883d8dcf1dfffff
ACC-00006320,MERCHANT,HDFC-Sim,0.019,2023-07-14T00:00:00+00:00,8860b52e9bfffff
ACC-00006321,MERCHANT,Axis-Sim,0.07,2022-05-01T00:00:00+00:00,88608b0961fffff
ACC-00006322,MERCHANT,PNB-Sim,0.071,2025-03-14T00:00:00+00:00,883da11623fffff
ACC-00006323,MERCHANT,BOI-Sim,0.078,2025-10-18T00:00:00+00:00,883da11623fffff
ACC-00006324,MERCHANT,ICICI-Sim,0.134,2025-02-13T00:00:00+00:00,883da11409fffff
ACC-00006325,MERCHANT,HDFC-Sim,0.054,2024-04-08T00:00:00+00:00,88608b0a6bfffff
ACC-00006326,MERCHANT,Axis-Sim,0.027,2022-08-14T00:00:00+00:00,88618921d1fffff
ACC-00006327,MERCHANT,PNB-Sim,0.094,2023-03-12T00:00:00+00:00,8861892ecbfffff
ACC-00006328,MERCHANT,BOI-Sim,0.142,2023-04-02T00:00:00+00:00,8860145943fffff
ACC-00006329,MERCHANT,Axis-Sim,0.059,2023-11-17T00:00:00+00:00,8842cea623fffff
ACC-00006330,MERCHANT,ICICI-Sim,0.122,2025-09-03T00:00:00+00:00,8842ceb4a1fffff
ACC-00006331,MERCHANT,Axis-Sim,0.057,2023-10-27T00:00:00+00:00,8860b52c97fffff
ACC-00006332,MERCHANT,Axis-Sim,0.05,2023-09-26T00:00:00+00:00,8842ceb4a1fffff
ACC-00006333,MERCHANT,HDFC-Sim,0.03,2022-07-20T00:00:00+00:00,8860b52c97fffff
ACC-00006334,MERCHANT,SBI-Sim,0.116,2021-09-13T00:00:00+00:00,88618c4d05fffff
ACC-00006335,MERCHANT,HDFC-Sim,0.013,2023-02-21T00:00:00+00:00,883d8dcdd5fffff
ACC-00006336,MERCHANT,HDFC-Sim,0.094,2025-01-29T00:00:00+00:00,88618925c5fffff
ACC-00006337,MERCHANT,SBI-Sim,0.036,2024-05-01T00:00:00+00:00,8860145943fffff
ACC-00006338,MERCHANT,SBI-Sim,0.091,2025-10-23T00:00:00+00:00,883d8dcd5dfffff
ACC-00006339,MERCHANT,PNB-Sim,0.077,2026-02-19T00:00:00+00:00,88618c4d05fffff
ACC-00006340,MERCHANT,PNB-Sim,0.125,2023-05-01T00:00:00+00:00,88618c45b9fffff
ACC-00006341,MERCHANT,Axis-Sim,0.135,2022-07-30T00:00:00+00:00,88618921d1fffff
ACC-00006342,MERCHANT,HDFC-Sim,0.094,2022-07-22T00:00:00+00:00,88618c4d05fffff
ACC-00006343,MERCHANT,SBI-Sim,0.097,2026-04-28T00:00:00+00:00,8842ceb5d9fffff
ACC-00006344,MERCHANT,Axis-Sim,0.102,2021-09-12T00:00:00+00:00,883da115a5fffff
ACC-00006345,MERCHANT,Axis-Sim,0.127,2023-01-12T00:00:00+00:00,883da11233fffff
ACC-00006346,MERCHANT,Axis-Sim,0.029,2025-05-21T00:00:00+00:00,8842ceb5d9fffff
ACC-00006347,MERCHANT,HDFC-Sim,0.124,2026-01-20T00:00:00+00:00,88618c4e63fffff
ACC-00006348,MERCHANT,PNB-Sim,0.069,2023-10-13T00:00:00+00:00,8842ceb5d9fffff
ACC-00006349,MERCHANT,BOI-Sim,0.06,2024-12-31T00:00:00+00:00,8860a259bbfffff
ACC-00006350,MERCHANT,PNB-Sim,0.145,2024-04-22T00:00:00+00:00,88618c45b9fffff
ACC-00006351,MERCHANT,BOI-Sim,0.027,2024-10-06T00:00:00+00:00,8861892ecbfffff
ACC-00006352,MERCHANT,PNB-Sim,0.142,2022-12-13T00:00:00+00:00,88618925c5fffff
ACC-00006353,MERCHANT,SBI-Sim,0.09,2021-09-10T00:00:00+00:00,88618921d1fffff
ACC-00006354,MERCHANT,SBI-Sim,0.118,2023-12-10T00:00:00+00:00,88608b56d7fffff
ACC-00006355,MERCHANT,BOI-Sim,0.116,2026-02-11T00:00:00+00:00,88608b0a6bfffff
ACC-00006356,MERCHANT,BOI-Sim,0.105,2024-07-21T00:00:00+00:00,8842ceb4a1fffff
ACC-00006357,MERCHANT,ICICI-Sim,0.132,2025-12-12T00:00:00+00:00,88608b4733fffff
ACC-00006358,MERCHANT,Axis-Sim,0.134,2024-04-11T00:00:00+00:00,883da115a5fffff
ACC-00006359,MERCHANT,ICICI-Sim,0.133,2024-06-07T00:00:00+00:00,8860145943fffff
ACC-00006360,MERCHANT,SBI-Sim,0.14,2025-06-19T00:00:00+00:00,8860b52c97fffff
ACC-00006361,MERCHANT,Axis-Sim,0.016,2025-05-22T00:00:00+00:00,883da115a5fffff
ACC-00006362,MERCHANT,ICICI-Sim,0.068,2025-02-11T00:00:00+00:00,883d8dcdd5fffff
ACC-00006363,MERCHANT,PNB-Sim,0.121,2021-11-10T00:00:00+00:00,8860b52e9bfffff
ACC-00006364,MERCHANT,PNB-Sim,0.004,2021-10-27T00:00:00+00:00,88618921d1fffff
ACC-00006365,MERCHANT,Axis-Sim,0.097,2026-01-04T00:00:00+00:00,883d8dcf1dfffff
ACC-00006366,MERCHANT,HDFC-Sim,0.094,2023-05-11T00:00:00+00:00,8861892ecbfffff
ACC-00006367,MERCHANT,BOI-Sim,0.097,2024-10-12T00:00:00+00:00,88608b4733fffff
ACC-00006368,MERCHANT,SBI-Sim,0.073,2024-10-04T00:00:00+00:00,883da115a5fffff
ACC-00006369,MERCHANT,ICICI-Sim,0.0,2023-11-25T00:00:00+00:00,883da11233fffff
ACC-00006370,MERCHANT,PNB-Sim,0.109,2026-02-06T00:00:00+00:00,883d8dcdd5fffff
ACC-00006371,MERCHANT,Axis-Sim,0.147,2022-11-21T00:00:00+00:00,8860b19695fffff
ACC-00006372,MERCHANT,SBI-Sim,0.003,2024-01-10T00:00:00+00:00,88608b56d7fffff
ACC-00006373,MERCHANT,HDFC-Sim,0.146,2023-06-12T00:00:00+00:00,88618925c5fffff
ACC-00006374,MERCHANT,HDFC-Sim,0.133,2022-08-16T00:00:00+00:00,8860b52c97fffff
ACC-00006375,MERCHANT,PNB-Sim,0.061,2022-09-07T00:00:00+00:00,88608b56d7fffff
ACC-00006376,MERCHANT,PNB-Sim,0.106,2022-10-11T00:00:00+00:00,88608b56d7fffff
ACC-00006377,MERCHANT,ICICI-Sim,0.057,2026-01-01T00:00:00+00:00,88608b0a6bfffff
ACC-00006378,MERCHANT,SBI-Sim,0.025,2025-04-06T00:00:00+00:00,88618c4d05fffff
ACC-00006379,MERCHANT,BOI-Sim,0.074,2023-10-30T00:00:00+00:00,8860b52e9bfffff
ACC-00006380,MERCHANT,BOI-Sim,0.096,2023-11-02T00:00:00+00:00,88608b56d7fffff
ACC-00006381,MERCHANT,PNB-Sim,0.097,2025-11-28T00:00:00+00:00,8860145943fffff
ACC-00006382,MERCHANT,PNB-Sim,0.025,2023-06-09T00:00:00+00:00,8860a259bbfffff
ACC-00006383,MERCHANT,SBI-Sim,0.019,2026-01-12T00:00:00+00:00,88608b0961fffff
ACC-00006384,MERCHANT,Axis-Sim,0.105,2022-09-17T00:00:00+00:00,8842cea623fffff
ACC-00006385,MERCHANT,BOI-Sim,0.012,2023-11-04T00:00:00+00:00,8842cea623fffff
ACC-00006386,MERCHANT,HDFC-Sim,0.135,2021-10-08T00:00:00+00:00,8842ceb5d9fffff
ACC-00006387,MERCHANT,HDFC-Sim,0.111,2023-10-29T00:00:00+00:00,88608b4733fffff
ACC-00006388,MERCHANT,BOI-Sim,0.107,2026-02-04T00:00:00+00:00,88608b56d7fffff
ACC-00006389,MERCHANT,PNB-Sim,0.079,2025-12-07T00:00:00+00:00,88618921d1fffff
ACC-00006390,MERCHANT,BOI-Sim,0.023,2022-09-13T00:00:00+00:00,8842ceb559fffff
ACC-00006391,MERCHANT,SBI-Sim,0.136,2025-07-21T00:00:00+00:00,88618921d1fffff
ACC-00006392,MERCHANT,Axis-Sim,0.067,2023-01-10T00:00:00+00:00,8860a259bbfffff
ACC-00006393,MERCHANT,HDFC-Sim,0.065,2024-07-21T00:00:00+00:00,88618c4d05fffff
ACC-00006394,MERCHANT,BOI-Sim,0.103,2021-09-04T00:00:00+00:00,8860a259bbfffff
ACC-00006395,MERCHANT,ICICI-Sim,0.008,2024-06-28T00:00:00+00:00,883da11409fffff
ACC-00006396,MERCHANT,SBI-Sim,0.113,2025-06-17T00:00:00+00:00,88618925c5fffff
ACC-00006397,MERCHANT,SBI-Sim,0.127,2024-06-20T00:00:00+00:00,883d8dcf1dfffff
ACC-00006398,MERCHANT,SBI-Sim,0.037,2022-07-19T00:00:00+00:00,88608b56d7fffff
ACC-00006399,MERCHANT,HDFC-Sim,0.019,2024-09-21T00:00:00+00:00,8860b52c97fffff
ACC-00006400,MERCHANT,PNB-Sim,0.033,2025-03-15T00:00:00+00:00,8842ceb5d9fffff
ACC-00006401,MERCHANT,SBI-Sim,0.024,2025-04-23T00:00:00+00:00,8860b19695fffff
ACC-00006402,MERCHANT,ICICI-Sim,0.026,2025-02-12T00:00:00+00:00,883da11623fffff
ACC-00006403,MERCHANT,Axis-Sim,0.15,2022-06-24T00:00:00+00:00,88608b0a6bfffff
ACC-00006404,MERCHANT,HDFC-Sim,0.072,2023-05-21T00:00:00+00:00,883da11233fffff
ACC-00006405,MERCHANT,Axis-Sim,0.138,2023-08-22T00:00:00+00:00,8860145943fffff
ACC-00006406,MERCHANT,SBI-Sim,0.126,2024-06-21T00:00:00+00:00,88618925c5fffff
ACC-00006407,MERCHANT,ICICI-Sim,0.062,2021-11-06T00:00:00+00:00,8842ceb559fffff
ACC-00006408,MERCHANT,HDFC-Sim,0.071,2023-06-05T00:00:00+00:00,883da11233fffff
ACC-00006409,MERCHANT,SBI-Sim,0.114,2021-07-30T00:00:00+00:00,88618c4d05fffff
ACC-00006410,MERCHANT,BOI-Sim,0.034,2021-09-26T00:00:00+00:00,8860b52c97fffff
ACC-00006411,MERCHANT,Axis-Sim,0.058,2025-08-24T00:00:00+00:00,8861892ecbfffff
ACC-00006412,MERCHANT,PNB-Sim,0.128,2023-01-12T00:00:00+00:00,88608b0961fffff
ACC-00006413,MERCHANT,ICICI-Sim,0.01,2025-02-09T00:00:00+00:00,883da11233fffff
ACC-00006414,MERCHANT,ICICI-Sim,0.126,2022-05-19T00:00:00+00:00,8860b19695fffff
ACC-00006415,MERCHANT,ICICI-Sim,0.114,2025-04-24T00:00:00+00:00,88618c45b9fffff
ACC-00006416,MERCHANT,Axis-Sim,0.023,2024-06-29T00:00:00+00:00,883da11623fffff
ACC-00006417,MERCHANT,PNB-Sim,0.069,2024-04-08T00:00:00+00:00,88608b0961fffff
ACC-00006418,MERCHANT,SBI-Sim,0.024,2025-05-16T00:00:00+00:00,8860145943fffff
ACC-00006419,MERCHANT,PNB-Sim,0.135,2022-06-14T00:00:00+00:00,883d8dcd5dfffff
ACC-00006420,MERCHANT,BOI-Sim,0.117,2024-02-01T00:00:00+00:00,88608b4733fffff
ACC-00006421,MERCHANT,SBI-Sim,0.108,2026-01-08T00:00:00+00:00,88608b56d7fffff
ACC-00006422,MERCHANT,PNB-Sim,0.068,2023-04-19T00:00:00+00:00,88618921d1fffff
ACC-00006423,MERCHANT,PNB-Sim,0.023,2021-11-22T00:00:00+00:00,88608b4733fffff
ACC-00006424,MERCHANT,HDFC-Sim,0.07,2022-08-22T00:00:00+00:00,88608b0961fffff
ACC-00006425,MERCHANT,HDFC-Sim,0.115,2022-10-23T00:00:00+00:00,8860b19695fffff
ACC-00006426,MERCHANT,SBI-Sim,0.05,2023-10-29T00:00:00+00:00,88618921d1fffff
ACC-00006427,MERCHANT,HDFC-Sim,0.03,2023-11-10T00:00:00+00:00,88618c4f2bfffff
ACC-00006428,MERCHANT,HDFC-Sim,0.055,2022-08-30T00:00:00+00:00,8861892ecbfffff
ACC-00006429,MERCHANT,PNB-Sim,0.107,2025-04-16T00:00:00+00:00,883d8dcc0dfffff
ACC-00006430,MERCHANT,ICICI-Sim,0.003,2024-04-30T00:00:00+00:00,8842cea623fffff
ACC-00006431,MERCHANT,PNB-Sim,0.025,2026-03-20T00:00:00+00:00,883da11623fffff
ACC-00006432,MERCHANT,PNB-Sim,0.014,2025-08-14T00:00:00+00:00,8842ceb4a1fffff
ACC-00006433,MERCHANT,HDFC-Sim,0.015,2025-05-10T00:00:00+00:00,8860b19695fffff
ACC-00006434,MERCHANT,PNB-Sim,0.133,2023-09-04T00:00:00+00:00,88618c4f2bfffff
ACC-00006435,MERCHANT,Axis-Sim,0.05,2024-09-11T00:00:00+00:00,88618c45b9fffff
ACC-00006436,MERCHANT,ICICI-Sim,0.038,2025-09-30T00:00:00+00:00,8842ceb5d9fffff
ACC-00006437,MERCHANT,PNB-Sim,0.102,2022-10-21T00:00:00+00:00,883da11623fffff
ACC-00006438,MERCHANT,HDFC-Sim,0.029,2025-06-03T00:00:00+00:00,88608b0a6bfffff
ACC-00006439,MERCHANT,BOI-Sim,0.025,2026-04-29T00:00:00+00:00,88618c4f2bfffff
ACC-00006440,MERCHANT,HDFC-Sim,0.0,2025-09-21T00:00:00+00:00,88618925c5fffff
ACC-00006441,MERCHANT,Axis-Sim,0.081,2022-03-31T00:00:00+00:00,88618c4d05fffff
ACC-00006442,MERCHANT,Axis-Sim,0.049,2022-11-10T00:00:00+00:00,8842cea623fffff
ACC-00006443,MERCHANT,BOI-Sim,0.042,2024-08-08T00:00:00+00:00,8861892ecbfffff
ACC-00006444,MERCHANT,ICICI-Sim,0.009,2023-01-13T00:00:00+00:00,883d8dcdd5fffff
ACC-00006445,MERCHANT,PNB-Sim,0.09,2026-02-19T00:00:00+00:00,883d8dcd5dfffff
ACC-00006446,MERCHANT,ICICI-Sim,0.07,2022-12-18T00:00:00+00:00,88618c45b9fffff
ACC-00006447,MERCHANT,PNB-Sim,0.13,2021-10-14T00:00:00+00:00,883d8dcc0dfffff
ACC-00006448,MERCHANT,ICICI-Sim,0.027,2025-08-19T00:00:00+00:00,883da11623fffff
ACC-00006449,MERCHANT,Axis-Sim,0.013,2024-04-11T00:00:00+00:00,8860b52e9bfffff
ACC-00006450,MERCHANT,HDFC-Sim,0.088,2023-01-22T00:00:00+00:00,88618c4e63fffff
ACC-00006451,MERCHANT,ICICI-Sim,0.013,2022-07-19T00:00:00+00:00,8861892ecbfffff
ACC-00006452,MERCHANT,HDFC-Sim,0.075,2024-07-14T00:00:00+00:00,88608b4733fffff
ACC-00006453,MERCHANT,BOI-Sim,0.011,2024-01-11T00:00:00+00:00,883da115a5fffff
ACC-00006454,MERCHANT,HDFC-Sim,0.084,2022-03-13T00:00:00+00:00,883da11409fffff
ACC-00006455,MERCHANT,PNB-Sim,0.023,2025-03-02T00:00:00+00:00,88608b56d7fffff
ACC-00006456,MERCHANT,ICICI-Sim,0.101,2024-11-06T00:00:00+00:00,883d8dcf1dfffff
ACC-00006457,MERCHANT,HDFC-Sim,0.007,2022-09-27T00:00:00+00:00,88608b4733fffff
ACC-00006458,MERCHANT,ICICI-Sim,0.045,2021-11-04T00:00:00+00:00,88618921d1fffff
ACC-00006459,MERCHANT,ICICI-Sim,0.13,2023-05-31T00:00:00+00:00,8842ceb5d9fffff
ACC-00006460,MERCHANT,HDFC-Sim,0.017,2021-11-28T00:00:00+00:00,8842cea623fffff
ACC-00006461,MERCHANT,PNB-Sim,0.046,2024-05-18T00:00:00+00:00,883d8dcdd5fffff
ACC-00006462,MERCHANT,HDFC-Sim,0.129,2021-08-29T00:00:00+00:00,8860145943fffff
ACC-00006463,MERCHANT,HDFC-Sim,0.02,2022-09-22T00:00:00+00:00,883d8dcdd5fffff
ACC-00006464,MERCHANT,PNB-Sim,0.04,2025-02-04T00:00:00+00:00,88618c45b9fffff
ACC-00006465,MERCHANT,Axis-Sim,0.079,2025-04-07T00:00:00+00:00,883da11233fffff
ACC-00006466,MERCHANT,BOI-Sim,0.005,2021-07-10T00:00:00+00:00,883da11623fffff
ACC-00006467,MERCHANT,PNB-Sim,0.139,2022-01-12T00:00:00+00:00,8842ceb559fffff
ACC-00006468,MERCHANT,ICICI-Sim,0.063,2023-03-14T00:00:00+00:00,883d8dcf1dfffff
ACC-00006469,MERCHANT,PNB-Sim,0.132,2022-12-15T00:00:00+00:00,88608b4733fffff
ACC-00006470,MERCHANT,BOI-Sim,0.071,2025-04-22T00:00:00+00:00,88608b0961fffff
ACC-00006471,MERCHANT,BOI-Sim,0.017,2023-05-14T00:00:00+00:00,88608b56d7fffff
ACC-00006472,MERCHANT,ICICI-Sim,0.146,2025-04-15T00:00:00+00:00,88618c4e63fffff
ACC-00006473,MERCHANT,PNB-Sim,0.015,2022-11-14T00:00:00+00:00,8861892ecbfffff
ACC-00006474,MERCHANT,PNB-Sim,0.038,2022-06-30T00:00:00+00:00,8842ceb5d9fffff
ACC-00006475,MERCHANT,HDFC-Sim,0.021,2021-07-07T00:00:00+00:00,88618c4f2bfffff
ACC-00006476,MERCHANT,BOI-Sim,0.046,2024-07-19T00:00:00+00:00,8861892ecbfffff
ACC-00006477,MERCHANT,SBI-Sim,0.074,2025-12-02T00:00:00+00:00,883d8dcf1dfffff
ACC-00006478,MERCHANT,Axis-Sim,0.035,2025-08-13T00:00:00+00:00,8860145943fffff
ACC-00006479,MERCHANT,BOI-Sim,0.026,2024-12-17T00:00:00+00:00,8842ceb559fffff
ACC-00006480,MERCHANT,SBI-Sim,0.078,2022-09-30T00:00:00+00:00,883d8dcc0dfffff
ACC-00006481,MERCHANT,PNB-Sim,0.034,2022-09-03T00:00:00+00:00,8860b19695fffff
ACC-00006482,MERCHANT,Axis-Sim,0.142,2022-05-13T00:00:00+00:00,88618c4e63fffff
ACC-00006483,MERCHANT,Axis-Sim,0.042,2024-09-18T00:00:00+00:00,88618c45b9fffff
ACC-00006484,MERCHANT,SBI-Sim,0.143,2022-07-03T00:00:00+00:00,8860145943fffff
ACC-00006485,MERCHANT,BOI-Sim,0.106,2024-07-10T00:00:00+00:00,883da11623fffff
ACC-00006486,MERCHANT,BOI-Sim,0.022,2022-02-24T00:00:00+00:00,88618c4f2bfffff
ACC-00006487,MERCHANT,Axis-Sim,0.025,2021-12-10T00:00:00+00:00,88618921d1fffff
ACC-00006488,MERCHANT,ICICI-Sim,0.143,2024-04-25T00:00:00+00:00,8842cea623fffff
ACC-00006489,MERCHANT,PNB-Sim,0.021,2022-04-18T00:00:00+00:00,883d8dcdd5fffff
ACC-00006490,MERCHANT,SBI-Sim,0.075,2024-03-30T00:00:00+00:00,8842cea623fffff
ACC-00006491,MERCHANT,BOI-Sim,0.054,2023-10-09T00:00:00+00:00,88618c4e63fffff
ACC-00006492,MERCHANT,Axis-Sim,0.067,2026-03-06T00:00:00+00:00,883d8dcdd5fffff
ACC-00006493,MERCHANT,Axis-Sim,0.099,2022-09-12T00:00:00+00:00,8860b52c97fffff
ACC-00006494,MERCHANT,PNB-Sim,0.111,2026-03-31T00:00:00+00:00,883da11409fffff
ACC-00006495,MERCHANT,ICICI-Sim,0.146,2022-03-08T00:00:00+00:00,8860b19695fffff
ACC-00006496,MERCHANT,PNB-Sim,0.073,2025-06-07T00:00:00+00:00,8860b52e9bfffff
ACC-00006497,MERCHANT,ICICI-Sim,0.072,2021-12-28T00:00:00+00:00,88618921d1fffff
ACC-00006498,MERCHANT,Axis-Sim,0.118,2023-01-25T00:00:00+00:00,883da11623fffff
ACC-00006499,MERCHANT,SBI-Sim,0.091,2025-06-14T00:00:00+00:00,8861892ecbfffff
ACC-00006500,MERCHANT,HDFC-Sim,0.034,2022-07-29T00:00:00+00:00,883da115a5fffff
ACC-00006501,MERCHANT,PNB-Sim,0.086,2022-11-18T00:00:00+00:00,8842cea623fffff
ACC-00006502,MERCHANT,PNB-Sim,0.128,2022-07-24T00:00:00+00:00,88618c4e63fffff
ACC-00006503,MERCHANT,SBI-Sim,0.032,2024-12-17T00:00:00+00:00,883da11623fffff
ACC-00006504,MERCHANT,HDFC-Sim,0.03,2022-10-01T00:00:00+00:00,88618c4d05fffff
ACC-00006505,MERCHANT,BOI-Sim,0.083,2023-04-13T00:00:00+00:00,883d8dcd5dfffff
ACC-00006506,MERCHANT,Axis-Sim,0.102,2021-09-03T00:00:00+00:00,8842ceb559fffff
ACC-00006507,MERCHANT,ICICI-Sim,0.134,2026-01-28T00:00:00+00:00,88618c45b9fffff
ACC-00006508,MERCHANT,SBI-Sim,0.007,2024-04-10T00:00:00+00:00,8842ceb5d9fffff
ACC-00006509,MERCHANT,ICICI-Sim,0.022,2025-12-11T00:00:00+00:00,88608b0961fffff
ACC-00006510,MERCHANT,Axis-Sim,0.034,2023-09-02T00:00:00+00:00,8860b52c97fffff
ACC-00006511,MERCHANT,ICICI-Sim,0.03,2025-05-06T00:00:00+00:00,8861892ecbfffff
ACC-00006512,MERCHANT,BOI-Sim,0.091,2021-09-12T00:00:00+00:00,88618921d1fffff
ACC-00006513,MERCHANT,Axis-Sim,0.132,2024-09-12T00:00:00+00:00,88608b0a6bfffff
ACC-00006514,MERCHANT,ICICI-Sim,0.046,2021-07-27T00:00:00+00:00,88618925c5fffff
ACC-00006515,MERCHANT,PNB-Sim,0.021,2023-02-12T00:00:00+00:00,883da11623fffff
ACC-00006516,MERCHANT,SBI-Sim,0.126,2021-12-17T00:00:00+00:00,8842cea623fffff
ACC-00006517,MERCHANT,ICICI-Sim,0.071,2025-01-29T00:00:00+00:00,883d8dcf1dfffff
ACC-00006518,MERCHANT,HDFC-Sim,0.084,2025-09-28T00:00:00+00:00,88618c45b9fffff
ACC-00006519,MERCHANT,ICICI-Sim,0.078,2023-11-16T00:00:00+00:00,8860a259bbfffff
ACC-00006520,MERCHANT,SBI-Sim,0.059,2025-06-14T00:00:00+00:00,88618c4f2bfffff
ACC-00006521,MERCHANT,PNB-Sim,0.119,2024-03-25T00:00:00+00:00,883d8dcd5dfffff
ACC-00006522,MERCHANT,SBI-Sim,0.148,2025-11-23T00:00:00+00:00,8860b52e9bfffff
ACC-00006523,MERCHANT,HDFC-Sim,0.115,2022-05-05T00:00:00+00:00,8860a259bbfffff
ACC-00006524,MERCHANT,ICICI-Sim,0.146,2023-08-09T00:00:00+00:00,88608b0a6bfffff
ACC-00006525,MERCHANT,ICICI-Sim,0.069,2024-07-10T00:00:00+00:00,8860b52e9bfffff
ACC-00006526,MERCHANT,ICICI-Sim,0.113,2022-10-14T00:00:00+00:00,88608b0961fffff
ACC-00006527,MERCHANT,ICICI-Sim,0.123,2025-06-11T00:00:00+00:00,8860b52c97fffff
ACC-00006528,MERCHANT,ICICI-Sim,0.063,2024-09-04T00:00:00+00:00,88608b56d7fffff
ACC-00006529,MERCHANT,ICICI-Sim,0.058,2024-05-09T00:00:00+00:00,8842ceb5d9fffff
ACC-00006530,MERCHANT,Axis-Sim,0.117,2021-08-31T00:00:00+00:00,8860b19695fffff
ACC-00006531,MERCHANT,HDFC-Sim,0.117,2022-07-10T00:00:00+00:00,88608b4733fffff
ACC-00006532,MERCHANT,HDFC-Sim,0.072,2024-09-22T00:00:00+00:00,883da11409fffff
ACC-00006533,MERCHANT,SBI-Sim,0.082,2023-07-07T00:00:00+00:00,88608b0a6bfffff
ACC-00006534,MERCHANT,BOI-Sim,0.113,2021-09-08T00:00:00+00:00,88608b0961fffff
ACC-00006535,MERCHANT,ICICI-Sim,0.014,2022-12-07T00:00:00+00:00,88608b56d7fffff
ACC-00006536,MERCHANT,HDFC-Sim,0.092,2024-01-26T00:00:00+00:00,88608b0a6bfffff
ACC-00006537,MERCHANT,SBI-Sim,0.008,2021-12-21T00:00:00+00:00,8860145943fffff
ACC-00006538,MERCHANT,BOI-Sim,0.048,2021-12-07T00:00:00+00:00,88608b0a6bfffff
ACC-00006539,MERCHANT,BOI-Sim,0.051,2022-01-15T00:00:00+00:00,883d8dcd5dfffff
ACC-00006540,MERCHANT,Axis-Sim,0.085,2023-01-21T00:00:00+00:00,8861892ecbfffff
ACC-00006541,MERCHANT,PNB-Sim,0.102,2023-03-20T00:00:00+00:00,883d8dcdd5fffff
ACC-00006542,MERCHANT,HDFC-Sim,0.124,2022-11-28T00:00:00+00:00,88608b0a6bfffff
ACC-00006543,MERCHANT,Axis-Sim,0.022,2024-06-16T00:00:00+00:00,8842ceb5d9fffff
ACC-00006544,MERCHANT,HDFC-Sim,0.072,2023-10-20T00:00:00+00:00,8860b19695fffff
ACC-00006545,MERCHANT,Axis-Sim,0.051,2023-06-29T00:00:00+00:00,883da11409fffff
ACC-00006546,MERCHANT,SBI-Sim,0.017,2024-03-23T00:00:00+00:00,88618925c5fffff
ACC-00006547,MERCHANT,HDFC-Sim,0.079,2021-12-24T00:00:00+00:00,8842ceb4a1fffff
ACC-00006548,MERCHANT,Axis-Sim,0.097,2024-09-04T00:00:00+00:00,8842ceb559fffff
ACC-00006549,MERCHANT,Axis-Sim,0.038,2025-10-25T00:00:00+00:00,883d8dcd5dfffff
ACC-00006550,MERCHANT,ICICI-Sim,0.059,2024-06-16T00:00:00+00:00,88608b4733fffff
ACC-00006551,MERCHANT,BOI-Sim,0.138,2025-07-12T00:00:00+00:00,883da115a5fffff
ACC-00006552,MERCHANT,BOI-Sim,0.1,2023-08-28T00:00:00+00:00,88608b0a6bfffff
ACC-00006553,MERCHANT,HDFC-Sim,0.069,2024-10-12T00:00:00+00:00,883da115a5fffff
ACC-00006554,MERCHANT,BOI-Sim,0.113,2024-11-04T00:00:00+00:00,88608b4733fffff
ACC-00006555,MERCHANT,BOI-Sim,0.034,2024-12-05T00:00:00+00:00,8860b19695fffff
ACC-00006556,MERCHANT,ICICI-Sim,0.14,2022-10-08T00:00:00+00:00,8842ceb5d9fffff
ACC-00006557,MERCHANT,Axis-Sim,0.01,2024-02-09T00:00:00+00:00,883d8dcd5dfffff
ACC-00006558,MERCHANT,HDFC-Sim,0.067,2024-02-25T00:00:00+00:00,88608b0a6bfffff
ACC-00006559,MERCHANT,PNB-Sim,0.008,2026-04-21T00:00:00+00:00,88618c4e63fffff
ACC-00006560,MERCHANT,PNB-Sim,0.132,2023-05-07T00:00:00+00:00,8861892ecbfffff
ACC-00006561,MERCHANT,PNB-Sim,0.143,2025-08-24T00:00:00+00:00,883da11623fffff
ACC-00006562,MERCHANT,Axis-Sim,0.051,2025-03-14T00:00:00+00:00,8860145943fffff
ACC-00006563,MERCHANT,HDFC-Sim,0.066,2024-10-10T00:00:00+00:00,883d8dcc0dfffff
ACC-00006564,MERCHANT,PNB-Sim,0.013,2025-11-30T00:00:00+00:00,8860145943fffff
ACC-00006565,MERCHANT,PNB-Sim,0.131,2025-04-29T00:00:00+00:00,8860b52e9bfffff
ACC-00006566,MERCHANT,BOI-Sim,0.118,2025-01-24T00:00:00+00:00,883da11233fffff
ACC-00006567,MERCHANT,PNB-Sim,0.103,2025-03-02T00:00:00+00:00,883d8dcc0dfffff
ACC-00006568,MERCHANT,BOI-Sim,0.112,2023-05-31T00:00:00+00:00,88618c4f2bfffff
ACC-00006569,MERCHANT,SBI-Sim,0.046,2024-11-17T00:00:00+00:00,8842ceb5d9fffff
ACC-00006570,MERCHANT,SBI-Sim,0.145,2021-12-06T00:00:00+00:00,8842ceb4a1fffff
ACC-00006571,MERCHANT,BOI-Sim,0.112,2025-06-08T00:00:00+00:00,883da11623fffff
ACC-00006572,MERCHANT,BOI-Sim,0.039,2023-08-31T00:00:00+00:00,88618921d1fffff
ACC-00006573,MERCHANT,Axis-Sim,0.114,2022-04-07T00:00:00+00:00,883d8dcd5dfffff
ACC-00006574,MERCHANT,PNB-Sim,0.124,2023-02-03T00:00:00+00:00,883da11623fffff
ACC-00006575,MERCHANT,Axis-Sim,0.103,2024-07-06T00:00:00+00:00,88608b0a6bfffff
ACC-00006576,MERCHANT,HDFC-Sim,0.052,2025-03-11T00:00:00+00:00,8860b19695fffff
ACC-00006577,MERCHANT,HDFC-Sim,0.006,2025-06-15T00:00:00+00:00,8860b52c97fffff
ACC-00006578,MERCHANT,HDFC-Sim,0.058,2022-08-10T00:00:00+00:00,88618c4f2bfffff
ACC-00006579,MERCHANT,SBI-Sim,0.106,2023-01-03T00:00:00+00:00,8842ceb559fffff
ACC-00006580,MERCHANT,BOI-Sim,0.0,2025-12-15T00:00:00+00:00,8842ceb5d9fffff
ACC-00006581,MERCHANT,HDFC-Sim,0.028,2025-11-28T00:00:00+00:00,883d8dcd5dfffff
ACC-00006582,MERCHANT,Axis-Sim,0.04,2023-12-21T00:00:00+00:00,883d8dcdd5fffff
ACC-00006583,MERCHANT,HDFC-Sim,0.032,2024-05-25T00:00:00+00:00,883d8dcc0dfffff
ACC-00006584,MERCHANT,BOI-Sim,0.105,2021-11-29T00:00:00+00:00,883d8dcd5dfffff
ACC-00006585,MERCHANT,HDFC-Sim,0.066,2023-07-09T00:00:00+00:00,88608b0a6bfffff
ACC-00006586,MERCHANT,BOI-Sim,0.108,2023-08-16T00:00:00+00:00,883da11409fffff
ACC-00006587,MERCHANT,ICICI-Sim,0.129,2021-08-27T00:00:00+00:00,8860b52c97fffff
ACC-00006588,MERCHANT,Axis-Sim,0.103,2022-04-09T00:00:00+00:00,88618925c5fffff
ACC-00006589,MERCHANT,HDFC-Sim,0.037,2025-02-05T00:00:00+00:00,88618921d1fffff
ACC-00006590,MERCHANT,ICICI-Sim,0.029,2023-01-24T00:00:00+00:00,88618c4f2bfffff
ACC-00006591,MERCHANT,Axis-Sim,0.128,2026-04-08T00:00:00+00:00,88608b56d7fffff
ACC-00006592,MERCHANT,HDFC-Sim,0.057,2023-08-24T00:00:00+00:00,8860b19695fffff
ACC-00006593,MERCHANT,BOI-Sim,0.064,2022-09-18T00:00:00+00:00,883da11623fffff
ACC-00006594,MERCHANT,ICICI-Sim,0.015,2021-07-15T00:00:00+00:00,883da11623fffff
ACC-00006595,MERCHANT,PNB-Sim,0.085,2025-08-03T00:00:00+00:00,88618c45b9fffff
ACC-00006596,MERCHANT,BOI-Sim,0.066,2022-12-07T00:00:00+00:00,883d8dcd5dfffff
ACC-00006597,MERCHANT,PNB-Sim,0.119,2022-01-25T00:00:00+00:00,88608b0961fffff
ACC-00006598,MERCHANT,PNB-Sim,0.135,2022-12-12T00:00:00+00:00,883da115a5fffff
ACC-00006599,MERCHANT,BOI-Sim,0.009,2022-04-11T00:00:00+00:00,883d8dcc0dfffff
ACC-00006600,MERCHANT,Axis-Sim,0.026,2025-03-31T00:00:00+00:00,88618c4e63fffff
ACC-00006601,MERCHANT,Axis-Sim,0.007,2021-09-16T00:00:00+00:00,88618c4f2bfffff
ACC-00006602,MERCHANT,Axis-Sim,0.001,2025-06-16T00:00:00+00:00,8860145943fffff
ACC-00006603,MERCHANT,HDFC-Sim,0.072,2021-06-27T00:00:00+00:00,88608b0a6bfffff
ACC-00006604,MERCHANT,BOI-Sim,0.141,2025-08-13T00:00:00+00:00,883da11623fffff
ACC-00006605,MERCHANT,HDFC-Sim,0.129,2022-06-25T00:00:00+00:00,88618c45b9fffff
ACC-00006606,MERCHANT,PNB-Sim,0.038,2022-08-12T00:00:00+00:00,883da115a5fffff
ACC-00006607,MERCHANT,ICICI-Sim,0.038,2021-11-23T00:00:00+00:00,8860b19695fffff
ACC-00006608,MERCHANT,ICICI-Sim,0.09,2024-02-18T00:00:00+00:00,883da11409fffff
ACC-00006609,MERCHANT,BOI-Sim,0.022,2024-04-28T00:00:00+00:00,883d8dcf1dfffff
ACC-00006610,MERCHANT,SBI-Sim,0.055,2025-05-24T00:00:00+00:00,88608b0a6bfffff
ACC-00006611,MERCHANT,PNB-Sim,0.071,2021-12-18T00:00:00+00:00,8842cea623fffff
ACC-00006612,MERCHANT,Axis-Sim,0.121,2025-09-09T00:00:00+00:00,883d8dcdd5fffff
ACC-00006613,MERCHANT,ICICI-Sim,0.042,2026-05-02T00:00:00+00:00,883da115a5fffff
ACC-00006614,MERCHANT,BOI-Sim,0.077,2024-01-29T00:00:00+00:00,8842cea623fffff
ACC-00006615,MERCHANT,PNB-Sim,0.089,2023-10-19T00:00:00+00:00,8860b52e9bfffff
ACC-00006616,MERCHANT,SBI-Sim,0.118,2024-04-09T00:00:00+00:00,88618c4d05fffff
ACC-00006617,MERCHANT,BOI-Sim,0.005,2022-04-30T00:00:00+00:00,88618c4e63fffff
ACC-00006618,MERCHANT,SBI-Sim,0.129,2024-01-05T00:00:00+00:00,8860b52e9bfffff
ACC-00006619,MERCHANT,ICICI-Sim,0.06,2022-08-23T00:00:00+00:00,883da11409fffff
ACC-00006620,MERCHANT,PNB-Sim,0.014,2024-12-08T00:00:00+00:00,883d8dcdd5fffff
ACC-00006621,MERCHANT,HDFC-Sim,0.045,2021-07-14T00:00:00+00:00,883d8dcf1dfffff
ACC-00006622,MERCHANT,BOI-Sim,0.05,2023-07-17T00:00:00+00:00,883da11623fffff
ACC-00006623,MERCHANT,SBI-Sim,0.086,2024-05-17T00:00:00+00:00,8842ceb5d9fffff
ACC-00006624,MERCHANT,Axis-Sim,0.126,2025-09-20T00:00:00+00:00,883da11409fffff
ACC-00006625,MERCHANT,SBI-Sim,0.041,2022-08-29T00:00:00+00:00,8861892ecbfffff
ACC-00006626,MERCHANT,ICICI-Sim,0.045,2023-12-18T00:00:00+00:00,88608b4733fffff
ACC-00006627,MERCHANT,Axis-Sim,0.147,2024-04-17T00:00:00+00:00,8842ceb5d9fffff
ACC-00006628,MERCHANT,SBI-Sim,0.112,2023-06-28T00:00:00+00:00,883da11623fffff
ACC-00006629,MERCHANT,Axis-Sim,0.04,2023-05-07T00:00:00+00:00,8860b19695fffff
ACC-00006630,MERCHANT,PNB-Sim,0.123,2022-03-14T00:00:00+00:00,88608b56d7fffff
ACC-00006631,MERCHANT,PNB-Sim,0.055,2025-12-26T00:00:00+00:00,88618c4e63fffff
ACC-00006632,MERCHANT,PNB-Sim,0.098,2024-07-10T00:00:00+00:00,883d8dcc0dfffff
ACC-00006633,MERCHANT,SBI-Sim,0.108,2023-11-10T00:00:00+00:00,88618925c5fffff
ACC-00006634,MERCHANT,PNB-Sim,0.014,2023-04-18T00:00:00+00:00,8860145943fffff
ACC-00006635,MERCHANT,BOI-Sim,0.013,2022-05-23T00:00:00+00:00,8842ceb4a1fffff
ACC-00006636,MERCHANT,Axis-Sim,0.082,2024-06-27T00:00:00+00:00,8860a259bbfffff
ACC-00006637,MERCHANT,ICICI-Sim,0.081,2022-09-28T00:00:00+00:00,8861892ecbfffff
ACC-00006638,MERCHANT,SBI-Sim,0.06,2023-03-21T00:00:00+00:00,88618c4d05fffff
ACC-00006639,MERCHANT,ICICI-Sim,0.144,2022-09-09T00:00:00+00:00,883da11623fffff
ACC-00006640,MERCHANT,BOI-Sim,0.117,2022-08-11T00:00:00+00:00,883da11233fffff
ACC-00006641,MERCHANT,BOI-Sim,0.006,2024-08-31T00:00:00+00:00,883d8dcf1dfffff
ACC-00006642,MERCHANT,BOI-Sim,0.119,2026-02-04T00:00:00+00:00,88608b56d7fffff
ACC-00006643,MERCHANT,SBI-Sim,0.05,2023-12-21T00:00:00+00:00,8842cea623fffff
ACC-00006644,MERCHANT,Axis-Sim,0.117,2025-11-27T00:00:00+00:00,88618c4f2bfffff
ACC-00006645,MERCHANT,ICICI-Sim,0.098,2023-03-06T00:00:00+00:00,883d8dcc0dfffff
ACC-00006646,MERCHANT,SBI-Sim,0.052,2024-08-21T00:00:00+00:00,8842ceb4a1fffff
ACC-00006647,MERCHANT,SBI-Sim,0.07,2025-02-06T00:00:00+00:00,88608b0961fffff
ACC-00006648,MERCHANT,PNB-Sim,0.11,2022-04-10T00:00:00+00:00,8861892ecbfffff
ACC-00006649,MERCHANT,SBI-Sim,0.086,2024-04-14T00:00:00+00:00,88618925c5fffff
ACC-00006650,MERCHANT,SBI-Sim,0.054,2021-07-18T00:00:00+00:00,883da115a5fffff
ACC-00006651,MERCHANT,HDFC-Sim,0.043,2025-04-19T00:00:00+00:00,8860b52e9bfffff
ACC-00006652,MERCHANT,PNB-Sim,0.1,2022-09-07T00:00:00+00:00,88618921d1fffff
ACC-00006653,MERCHANT,PNB-Sim,0.089,2025-10-23T00:00:00+00:00,883da11409fffff
ACC-00006654,MERCHANT,Axis-Sim,0.079,2024-07-10T00:00:00+00:00,883da115a5fffff
ACC-00006655,MERCHANT,BOI-Sim,0.102,2021-11-30T00:00:00+00:00,88608b56d7fffff
ACC-00006656,MERCHANT,Axis-Sim,0.003,2025-02-15T00:00:00+00:00,883da11409fffff
ACC-00006657,MERCHANT,ICICI-Sim,0.024,2025-08-09T00:00:00+00:00,883da11233fffff
ACC-00006658,MERCHANT,ICICI-Sim,0.147,2022-08-20T00:00:00+00:00,8842ceb5d9fffff
ACC-00006659,MERCHANT,Axis-Sim,0.105,2022-09-24T00:00:00+00:00,8842ceb4a1fffff
ACC-00006660,MERCHANT,SBI-Sim,0.15,2026-03-12T00:00:00+00:00,883d8dcc0dfffff
ACC-00006661,MERCHANT,BOI-Sim,0.004,2025-05-10T00:00:00+00:00,88618c4e63fffff
ACC-00006662,MERCHANT,SBI-Sim,0.127,2025-06-26T00:00:00+00:00,88618925c5fffff
ACC-00006663,MERCHANT,PNB-Sim,0.059,2024-04-01T00:00:00+00:00,883da11409fffff
ACC-00006664,MERCHANT,SBI-Sim,0.067,2024-10-08T00:00:00+00:00,88608b0a6bfffff
ACC-00006665,MERCHANT,BOI-Sim,0.012,2024-10-14T00:00:00+00:00,88618c4d05fffff
ACC-00006666,MERCHANT,HDFC-Sim,0.142,2024-04-27T00:00:00+00:00,883da11233fffff
ACC-00006667,MERCHANT,SBI-Sim,0.097,2026-01-03T00:00:00+00:00,88618c4d05fffff
ACC-00006668,MERCHANT,Axis-Sim,0.132,2024-11-21T00:00:00+00:00,8842ceb4a1fffff
ACC-00006669,MERCHANT,Axis-Sim,0.009,2024-12-07T00:00:00+00:00,8860145943fffff
ACC-00006670,MERCHANT,SBI-Sim,0.118,2024-02-03T00:00:00+00:00,8860145943fffff
ACC-00006671,MERCHANT,BOI-Sim,0.005,2022-11-06T00:00:00+00:00,8860b52e9bfffff
ACC-00006672,MERCHANT,SBI-Sim,0.037,2023-12-01T00:00:00+00:00,88608b4733fffff
ACC-00006673,MERCHANT,ICICI-Sim,0.059,2024-04-30T00:00:00+00:00,883d8dcd5dfffff
ACC-00006674,MERCHANT,Axis-Sim,0.081,2025-03-31T00:00:00+00:00,8842ceb559fffff
ACC-00006675,MERCHANT,ICICI-Sim,0.076,2024-12-27T00:00:00+00:00,8860b52c97fffff
ACC-00006676,MERCHANT,BOI-Sim,0.089,2023-07-22T00:00:00+00:00,883d8dcc0dfffff
ACC-00006677,MERCHANT,HDFC-Sim,0.078,2021-12-25T00:00:00+00:00,88608b0961fffff
ACC-00006678,MERCHANT,PNB-Sim,0.138,2024-12-28T00:00:00+00:00,8860b19695fffff
ACC-00006679,MERCHANT,SBI-Sim,0.095,2021-08-17T00:00:00+00:00,88618c4f2bfffff
ACC-00006680,MERCHANT,ICICI-Sim,0.017,2026-03-08T00:00:00+00:00,8842ceb4a1fffff
ACC-00006681,MERCHANT,SBI-Sim,0.039,2024-03-07T00:00:00+00:00,883d8dcdd5fffff
ACC-00006682,MERCHANT,BOI-Sim,0.15,2025-03-22T00:00:00+00:00,88618925c5fffff
ACC-00006683,MERCHANT,PNB-Sim,0.065,2025-04-18T00:00:00+00:00,88618c4d05fffff
ACC-00006684,MERCHANT,SBI-Sim,0.067,2024-03-05T00:00:00+00:00,8860b52e9bfffff
ACC-00006685,MERCHANT,ICICI-Sim,0.113,2023-06-09T00:00:00+00:00,8860b52e9bfffff
ACC-00006686,MERCHANT,SBI-Sim,0.078,2021-11-19T00:00:00+00:00,8860a259bbfffff
ACC-00006687,MERCHANT,PNB-Sim,0.131,2024-04-09T00:00:00+00:00,8861892ecbfffff
ACC-00006688,MERCHANT,HDFC-Sim,0.073,2022-04-27T00:00:00+00:00,8842ceb559fffff
ACC-00006689,MERCHANT,HDFC-Sim,0.043,2024-06-18T00:00:00+00:00,883da11623fffff
ACC-00006690,MERCHANT,PNB-Sim,0.066,2025-02-23T00:00:00+00:00,883da115a5fffff
ACC-00006691,MERCHANT,BOI-Sim,0.142,2024-10-21T00:00:00+00:00,88618c4f2bfffff
ACC-00006692,MERCHANT,ICICI-Sim,0.143,2022-12-20T00:00:00+00:00,88618c4f2bfffff
ACC-00006693,MERCHANT,SBI-Sim,0.033,2023-06-02T00:00:00+00:00,883d8dcd5dfffff
ACC-00006694,MERCHANT,PNB-Sim,0.121,2024-08-31T00:00:00+00:00,88618c4f2bfffff
ACC-00006695,MERCHANT,BOI-Sim,0.096,2022-10-28T00:00:00+00:00,883d8dcc0dfffff
ACC-00006696,MERCHANT,BOI-Sim,0.025,2024-04-28T00:00:00+00:00,88618c4f2bfffff
ACC-00006697,MERCHANT,HDFC-Sim,0.085,2025-11-12T00:00:00+00:00,883d8dcd5dfffff
ACC-00006698,MERCHANT,Axis-Sim,0.063,2023-12-29T00:00:00+00:00,883d8dcc0dfffff
ACC-00006699,MERCHANT,SBI-Sim,0.034,2025-07-21T00:00:00+00:00,8860a259bbfffff
ACC-00006700,MERCHANT,ICICI-Sim,0.042,2024-12-03T00:00:00+00:00,88608b0961fffff
ACC-00006701,MERCHANT,SBI-Sim,0.088,2025-01-17T00:00:00+00:00,883da115a5fffff
ACC-00006702,MERCHANT,BOI-Sim,0.093,2022-03-20T00:00:00+00:00,883da115a5fffff
ACC-00006703,MERCHANT,Axis-Sim,0.135,2024-12-28T00:00:00+00:00,883d8dcdd5fffff
ACC-00006704,MERCHANT,PNB-Sim,0.041,2021-11-20T00:00:00+00:00,88618c4f2bfffff
ACC-00006705,MERCHANT,Axis-Sim,0.093,2026-04-10T00:00:00+00:00,883da11409fffff
ACC-00006706,MERCHANT,PNB-Sim,0.114,2025-09-22T00:00:00+00:00,88618c45b9fffff
ACC-00006707,MERCHANT,PNB-Sim,0.129,2023-05-28T00:00:00+00:00,88618c4f2bfffff
ACC-00006708,MERCHANT,BOI-Sim,0.023,2026-04-05T00:00:00+00:00,8860b19695fffff
ACC-00006709,MERCHANT,PNB-Sim,0.092,2025-01-14T00:00:00+00:00,883da11409fffff
ACC-00006710,MERCHANT,Axis-Sim,0.016,2022-03-13T00:00:00+00:00,883d8dcc0dfffff
ACC-00006711,MERCHANT,SBI-Sim,0.086,2022-11-01T00:00:00+00:00,8842ceb559fffff
ACC-00006712,MERCHANT,HDFC-Sim,0.135,2022-08-09T00:00:00+00:00,88618921d1fffff
ACC-00006713,MERCHANT,Axis-Sim,0.019,2023-05-13T00:00:00+00:00,8842ceb559fffff
ACC-00006714,MERCHANT,SBI-Sim,0.12,2023-02-16T00:00:00+00:00,883d8dcd5dfffff
ACC-00006715,MERCHANT,HDFC-Sim,0.085,2021-07-22T00:00:00+00:00,88618c4d05fffff
ACC-00006716,MERCHANT,Axis-Sim,0.042,2026-02-13T00:00:00+00:00,883d8dcc0dfffff
ACC-00006717,MERCHANT,SBI-Sim,0.076,2025-02-18T00:00:00+00:00,88618921d1fffff
ACC-00006718,MERCHANT,ICICI-Sim,0.106,2026-01-08T00:00:00+00:00,8861892ecbfffff
ACC-00006719,MERCHANT,ICICI-Sim,0.007,2023-07-30T00:00:00+00:00,8842ceb5d9fffff
ACC-00006720,MERCHANT,SBI-Sim,0.125,2023-09-27T00:00:00+00:00,883d8dcf1dfffff
ACC-00006721,MERCHANT,SBI-Sim,0.047,2023-01-17T00:00:00+00:00,8842ceb4a1fffff
ACC-00006722,MERCHANT,Axis-Sim,0.017,2025-08-20T00:00:00+00:00,88618925c5fffff
ACC-00006723,MERCHANT,Axis-Sim,0.086,2023-06-10T00:00:00+00:00,88608b0a6bfffff
ACC-00006724,MERCHANT,HDFC-Sim,0.098,2025-03-05T00:00:00+00:00,8842cea623fffff
ACC-00006725,MERCHANT,SBI-Sim,0.07,2024-02-20T00:00:00+00:00,88608b0a6bfffff
ACC-00006726,MERCHANT,SBI-Sim,0.045,2022-05-08T00:00:00+00:00,8842ceb5d9fffff
ACC-00006727,MERCHANT,Axis-Sim,0.093,2024-12-25T00:00:00+00:00,883d8dcf1dfffff
ACC-00006728,MERCHANT,BOI-Sim,0.011,2024-10-11T00:00:00+00:00,88618c4e63fffff
ACC-00006729,MERCHANT,SBI-Sim,0.068,2021-07-02T00:00:00+00:00,883d8dcf1dfffff
ACC-00006730,MERCHANT,SBI-Sim,0.061,2023-06-17T00:00:00+00:00,8860a259bbfffff
ACC-00006731,MERCHANT,Axis-Sim,0.09,2022-02-16T00:00:00+00:00,88618c4d05fffff
ACC-00006732,MERCHANT,Axis-Sim,0.117,2026-04-21T00:00:00+00:00,88618c4f2bfffff
ACC-00006733,MERCHANT,ICICI-Sim,0.132,2022-07-01T00:00:00+00:00,88618925c5fffff
ACC-00006734,MERCHANT,PNB-Sim,0.041,2023-05-10T00:00:00+00:00,883da115a5fffff
ACC-00006735,MERCHANT,Axis-Sim,0.111,2021-10-28T00:00:00+00:00,8842ceb4a1fffff
ACC-00006736,MERCHANT,BOI-Sim,0.047,2025-01-14T00:00:00+00:00,883da11233fffff
ACC-00006737,MERCHANT,HDFC-Sim,0.02,2022-08-24T00:00:00+00:00,8842ceb559fffff
ACC-00006738,MERCHANT,ICICI-Sim,0.054,2022-04-15T00:00:00+00:00,8860145943fffff
ACC-00006739,MERCHANT,PNB-Sim,0.121,2026-02-17T00:00:00+00:00,88618925c5fffff
ACC-00006740,MERCHANT,BOI-Sim,0.065,2024-06-15T00:00:00+00:00,8842ceb559fffff
ACC-00006741,MERCHANT,Axis-Sim,0.043,2024-12-21T00:00:00+00:00,8842ceb559fffff
ACC-00006742,MERCHANT,Axis-Sim,0.071,2026-03-07T00:00:00+00:00,883d8dcdd5fffff
ACC-00006743,MERCHANT,PNB-Sim,0.039,2023-08-15T00:00:00+00:00,8860a259bbfffff
ACC-00006744,MERCHANT,SBI-Sim,0.091,2025-02-04T00:00:00+00:00,883da11623fffff
ACC-00006745,MERCHANT,ICICI-Sim,0.071,2025-05-05T00:00:00+00:00,8860a259bbfffff
ACC-00006746,MERCHANT,HDFC-Sim,0.098,2024-10-29T00:00:00+00:00,883d8dcc0dfffff
ACC-00006747,MERCHANT,Axis-Sim,0.058,2025-10-28T00:00:00+00:00,8860b52e9bfffff
ACC-00006748,MERCHANT,PNB-Sim,0.06,2025-09-30T00:00:00+00:00,883d8dcd5dfffff
ACC-00006749,MERCHANT,Axis-Sim,0.137,2025-08-08T00:00:00+00:00,88618925c5fffff
ACC-00006750,MERCHANT,ICICI-Sim,0.084,2024-09-14T00:00:00+00:00,883da11409fffff
ACC-00006751,MERCHANT,ICICI-Sim,0.044,2024-03-22T00:00:00+00:00,8860145943fffff
ACC-00006752,MERCHANT,Axis-Sim,0.061,2022-09-17T00:00:00+00:00,883da11623fffff
ACC-00006753,MERCHANT,HDFC-Sim,0.111,2021-11-22T00:00:00+00:00,883da11623fffff
ACC-00006754,MERCHANT,BOI-Sim,0.048,2023-04-07T00:00:00+00:00,883d8dcdd5fffff
ACC-00006755,MERCHANT,PNB-Sim,0.009,2025-03-11T00:00:00+00:00,883d8dcc0dfffff
ACC-00006756,MERCHANT,HDFC-Sim,0.02,2022-03-19T00:00:00+00:00,8860b52c97fffff
ACC-00006757,MERCHANT,HDFC-Sim,0.002,2022-03-20T00:00:00+00:00,88608b0a6bfffff
ACC-00006758,MERCHANT,HDFC-Sim,0.128,2021-09-11T00:00:00+00:00,8861892ecbfffff
ACC-00006759,MERCHANT,ICICI-Sim,0.075,2025-10-15T00:00:00+00:00,88618c45b9fffff
ACC-00006760,MERCHANT,SBI-Sim,0.056,2024-09-25T00:00:00+00:00,8860b52e9bfffff
ACC-00006761,MERCHANT,HDFC-Sim,0.0,2026-02-01T00:00:00+00:00,88618925c5fffff
ACC-00006762,MERCHANT,BOI-Sim,0.143,2023-01-15T00:00:00+00:00,8860a259bbfffff
ACC-00006763,MERCHANT,BOI-Sim,0.031,2026-01-18T00:00:00+00:00,883da11409fffff
ACC-00006764,MERCHANT,PNB-Sim,0.099,2021-10-17T00:00:00+00:00,88608b0a6bfffff
ACC-00006765,MERCHANT,ICICI-Sim,0.02,2022-03-07T00:00:00+00:00,883d8dcc0dfffff
ACC-00006766,MERCHANT,BOI-Sim,0.059,2025-03-05T00:00:00+00:00,88618c4f2bfffff
ACC-00006767,MERCHANT,PNB-Sim,0.053,2025-03-22T00:00:00+00:00,8860145943fffff
ACC-00006768,MERCHANT,PNB-Sim,0.018,2021-08-28T00:00:00+00:00,8861892ecbfffff
ACC-00006769,MERCHANT,Axis-Sim,0.087,2025-05-19T00:00:00+00:00,88608b56d7fffff
ACC-00006770,MERCHANT,PNB-Sim,0.068,2025-08-14T00:00:00+00:00,883da11409fffff
ACC-00006771,MERCHANT,ICICI-Sim,0.085,2023-04-09T00:00:00+00:00,88618c4e63fffff
ACC-00006772,MERCHANT,HDFC-Sim,0.144,2024-12-24T00:00:00+00:00,88608b4733fffff
ACC-00006773,MERCHANT,ICICI-Sim,0.143,2024-10-21T00:00:00+00:00,883d8dcc0dfffff
ACC-00006774,MERCHANT,SBI-Sim,0.04,2022-11-17T00:00:00+00:00,883d8dcc0dfffff
ACC-00006775,MERCHANT,PNB-Sim,0.143,2024-11-13T00:00:00+00:00,88608b56d7fffff
ACC-00006776,MERCHANT,SBI-Sim,0.058,2025-11-04T00:00:00+00:00,883d8dcdd5fffff
ACC-00006777,MERCHANT,Axis-Sim,0.05,2022-10-17T00:00:00+00:00,883da11233fffff
ACC-00006778,MERCHANT,ICICI-Sim,0.081,2025-02-08T00:00:00+00:00,8860a259bbfffff
ACC-00006779,MERCHANT,BOI-Sim,0.08,2021-06-30T00:00:00+00:00,88608b56d7fffff
ACC-00006780,MERCHANT,PNB-Sim,0.111,2023-10-09T00:00:00+00:00,8860b19695fffff
ACC-00006781,MERCHANT,HDFC-Sim,0.07,2024-05-25T00:00:00+00:00,883da11233fffff
ACC-00006782,MERCHANT,BOI-Sim,0.065,2023-12-28T00:00:00+00:00,883d8dcc0dfffff
ACC-00006783,MERCHANT,Axis-Sim,0.072,2024-01-08T00:00:00+00:00,88618c4e63fffff
ACC-00006784,MERCHANT,ICICI-Sim,0.063,2024-06-27T00:00:00+00:00,8842ceb559fffff
ACC-00006785,MERCHANT,ICICI-Sim,0.121,2022-12-12T00:00:00+00:00,8860b52e9bfffff
ACC-00006786,MERCHANT,SBI-Sim,0.138,2022-05-21T00:00:00+00:00,8860b19695fffff
ACC-00006787,MERCHANT,PNB-Sim,0.138,2025-03-13T00:00:00+00:00,883d8dcdd5fffff
ACC-00006788,MERCHANT,BOI-Sim,0.105,2023-04-15T00:00:00+00:00,88608b0961fffff
ACC-00006789,MERCHANT,ICICI-Sim,0.087,2025-11-24T00:00:00+00:00,883da11233fffff
ACC-00006790,MERCHANT,ICICI-Sim,0.148,2022-06-09T00:00:00+00:00,88608b56d7fffff
ACC-00006791,MERCHANT,ICICI-Sim,0.086,2026-03-18T00:00:00+00:00,8860145943fffff
ACC-00006792,MERCHANT,BOI-Sim,0.095,2023-01-09T00:00:00+00:00,883d8dcc0dfffff
ACC-00006793,MERCHANT,BOI-Sim,0.051,2023-09-02T00:00:00+00:00,8860b52c97fffff
ACC-00006794,MERCHANT,Axis-Sim,0.128,2025-06-13T00:00:00+00:00,883da11623fffff
ACC-00006795,MERCHANT,BOI-Sim,0.132,2025-09-03T00:00:00+00:00,883d8dcc0dfffff
ACC-00006796,MERCHANT,SBI-Sim,0.052,2021-10-14T00:00:00+00:00,88618925c5fffff
ACC-00006797,MERCHANT,HDFC-Sim,0.038,2022-05-16T00:00:00+00:00,883da115a5fffff
ACC-00006798,MERCHANT,Axis-Sim,0.042,2025-04-10T00:00:00+00:00,8860b52e9bfffff
ACC-00006799,MERCHANT,SBI-Sim,0.018,2025-06-17T00:00:00+00:00,88608b0a6bfffff
ACC-00006800,MERCHANT,Axis-Sim,0.046,2024-05-06T00:00:00+00:00,88618c45b9fffff
ACC-00006801,MERCHANT,Axis-Sim,0.046,2023-10-27T00:00:00+00:00,883d8dcf1dfffff
ACC-00006802,MERCHANT,SBI-Sim,0.049,2025-08-30T00:00:00+00:00,88618c4d05fffff
ACC-00006803,MERCHANT,SBI-Sim,0.089,2025-11-05T00:00:00+00:00,88608b4733fffff
ACC-00006804,MERCHANT,HDFC-Sim,0.066,2025-04-27T00:00:00+00:00,883d8dcd5dfffff
ACC-00006805,MERCHANT,ICICI-Sim,0.142,2021-07-28T00:00:00+00:00,8860a259bbfffff
ACC-00006806,MERCHANT,SBI-Sim,0.086,2025-01-31T00:00:00+00:00,88608b4733fffff
ACC-00006807,MERCHANT,ICICI-Sim,0.042,2025-12-05T00:00:00+00:00,8860b19695fffff
ACC-00006808,MERCHANT,HDFC-Sim,0.078,2023-07-11T00:00:00+00:00,8842ceb4a1fffff
ACC-00006809,MERCHANT,PNB-Sim,0.044,2025-12-08T00:00:00+00:00,8861892ecbfffff
ACC-00006810,MERCHANT,ICICI-Sim,0.125,2024-07-26T00:00:00+00:00,88618c4e63fffff
ACC-00006811,MERCHANT,SBI-Sim,0.145,2025-10-04T00:00:00+00:00,88608b0961fffff
ACC-00006812,MERCHANT,ICICI-Sim,0.051,2021-12-06T00:00:00+00:00,883da11623fffff
ACC-00006813,MERCHANT,SBI-Sim,0.034,2023-01-17T00:00:00+00:00,883d8dcdd5fffff
ACC-00006814,MERCHANT,HDFC-Sim,0.099,2022-04-18T00:00:00+00:00,88618921d1fffff
ACC-00006815,MERCHANT,Axis-Sim,0.012,2024-01-20T00:00:00+00:00,88618c4f2bfffff
ACC-00006816,MERCHANT,HDFC-Sim,0.071,2024-11-27T00:00:00+00:00,883da11623fffff
ACC-00006817,MERCHANT,BOI-Sim,0.072,2021-09-27T00:00:00+00:00,883d8dcdd5fffff
ACC-00006818,MERCHANT,SBI-Sim,0.084,2024-06-10T00:00:00+00:00,88618c45b9fffff
ACC-00006819,MERCHANT,BOI-Sim,0.087,2022-09-28T00:00:00+00:00,88608b56d7fffff
ACC-00006820,MERCHANT,HDFC-Sim,0.099,2025-05-06T00:00:00+00:00,883d8dcdd5fffff
ACC-00006821,MERCHANT,ICICI-Sim,0.029,2025-12-06T00:00:00+00:00,8842cea623fffff
ACC-00006822,MERCHANT,PNB-Sim,0.027,2022-07-14T00:00:00+00:00,8860b52c97fffff
ACC-00006823,MERCHANT,BOI-Sim,0.031,2021-11-06T00:00:00+00:00,8842ceb5d9fffff
ACC-00006824,MERCHANT,PNB-Sim,0.019,2025-08-28T00:00:00+00:00,883d8dcc0dfffff
ACC-00006825,MERCHANT,PNB-Sim,0.039,2022-05-05T00:00:00+00:00,88618921d1fffff
ACC-00006826,MERCHANT,PNB-Sim,0.006,2022-12-10T00:00:00+00:00,883da11409fffff
ACC-00006827,MERCHANT,ICICI-Sim,0.136,2023-04-17T00:00:00+00:00,88608b0a6bfffff
ACC-00006828,MERCHANT,BOI-Sim,0.122,2023-11-18T00:00:00+00:00,883da11409fffff
ACC-00006829,MERCHANT,Axis-Sim,0.052,2023-08-22T00:00:00+00:00,883da11623fffff
ACC-00006830,MERCHANT,Axis-Sim,0.039,2024-03-09T00:00:00+00:00,88618921d1fffff
ACC-00006831,MERCHANT,BOI-Sim,0.128,2021-12-12T00:00:00+00:00,88618921d1fffff
ACC-00006832,MERCHANT,Axis-Sim,0.083,2025-01-14T00:00:00+00:00,883da115a5fffff
ACC-00006833,MERCHANT,Axis-Sim,0.045,2024-03-27T00:00:00+00:00,88618c4f2bfffff
ACC-00006834,MERCHANT,HDFC-Sim,0.107,2022-08-18T00:00:00+00:00,8861892ecbfffff
ACC-00006835,MERCHANT,SBI-Sim,0.076,2024-06-14T00:00:00+00:00,8842ceb559fffff
ACC-00006836,MERCHANT,Axis-Sim,0.028,2025-07-28T00:00:00+00:00,88608b56d7fffff
ACC-00006837,MERCHANT,HDFC-Sim,0.086,2024-12-19T00:00:00+00:00,88618c4e63fffff
ACC-00006838,MERCHANT,SBI-Sim,0.098,2025-10-21T00:00:00+00:00,883d8dcf1dfffff
ACC-00006839,MERCHANT,PNB-Sim,0.089,2023-03-19T00:00:00+00:00,883d8dcd5dfffff
ACC-00006840,MERCHANT,SBI-Sim,0.13,2024-12-25T00:00:00+00:00,88618c4f2bfffff
ACC-00006841,MERCHANT,ICICI-Sim,0.003,2026-04-27T00:00:00+00:00,8860b52c97fffff
ACC-00006842,MERCHANT,HDFC-Sim,0.028,2022-03-12T00:00:00+00:00,88608b0a6bfffff
ACC-00006843,MERCHANT,BOI-Sim,0.064,2024-11-11T00:00:00+00:00,88608b56d7fffff
ACC-00006844,MERCHANT,HDFC-Sim,0.038,2024-09-15T00:00:00+00:00,883da115a5fffff
ACC-00006845,MERCHANT,Axis-Sim,0.049,2023-01-30T00:00:00+00:00,8860b52e9bfffff
ACC-00006846,MERCHANT,SBI-Sim,0.037,2023-05-19T00:00:00+00:00,88618c45b9fffff
ACC-00006847,MERCHANT,ICICI-Sim,0.033,2022-12-14T00:00:00+00:00,88608b4733fffff
ACC-00006848,MERCHANT,ICICI-Sim,0.026,2025-05-24T00:00:00+00:00,8860a259bbfffff
ACC-00006849,MERCHANT,Axis-Sim,0.012,2022-06-10T00:00:00+00:00,883d8dcdd5fffff
ACC-00006850,MERCHANT,ICICI-Sim,0.078,2024-03-25T00:00:00+00:00,88608b0961fffff
ACC-00006851,MERCHANT,Axis-Sim,0.046,2021-09-29T00:00:00+00:00,8842ceb4a1fffff
ACC-00006852,MERCHANT,BOI-Sim,0.085,2024-04-17T00:00:00+00:00,883d8dcdd5fffff
ACC-00006853,MERCHANT,PNB-Sim,0.127,2025-05-04T00:00:00+00:00,88618921d1fffff
ACC-00006854,MERCHANT,PNB-Sim,0.144,2023-09-30T00:00:00+00:00,883d8dcd5dfffff
ACC-00006855,MERCHANT,Axis-Sim,0.025,2023-08-08T00:00:00+00:00,8842ceb559fffff
ACC-00006856,MERCHANT,HDFC-Sim,0.011,2025-12-02T00:00:00+00:00,88608b4733fffff
ACC-00006857,MERCHANT,Axis-Sim,0.076,2025-02-07T00:00:00+00:00,88608b0a6bfffff
ACC-00006858,MERCHANT,HDFC-Sim,0.025,2023-04-08T00:00:00+00:00,8842cea623fffff
ACC-00006859,MERCHANT,SBI-Sim,0.009,2024-04-06T00:00:00+00:00,8860145943fffff
ACC-00006860,MERCHANT,BOI-Sim,0.089,2023-03-31T00:00:00+00:00,88608b0a6bfffff
ACC-00006861,MERCHANT,ICICI-Sim,0.027,2022-05-07T00:00:00+00:00,8860a259bbfffff
ACC-00006862,MERCHANT,ICICI-Sim,0.031,2025-05-03T00:00:00+00:00,883d8dcdd5fffff
ACC-00006863,MERCHANT,PNB-Sim,0.033,2024-02-14T00:00:00+00:00,883da115a5fffff
ACC-00006864,MERCHANT,Axis-Sim,0.05,2025-01-22T00:00:00+00:00,8860b52e9bfffff
ACC-00006865,MERCHANT,PNB-Sim,0.146,2023-10-16T00:00:00+00:00,8842ceb4a1fffff
ACC-00006866,MERCHANT,BOI-Sim,0.047,2023-05-24T00:00:00+00:00,8842ceb4a1fffff
ACC-00006867,MERCHANT,BOI-Sim,0.144,2022-08-01T00:00:00+00:00,88618c4f2bfffff
ACC-00006868,MERCHANT,BOI-Sim,0.088,2024-02-04T00:00:00+00:00,8842ceb559fffff
ACC-00006869,MERCHANT,HDFC-Sim,0.06,2022-02-05T00:00:00+00:00,8842ceb4a1fffff
ACC-00006870,MERCHANT,PNB-Sim,0.075,2022-02-03T00:00:00+00:00,88608b0961fffff
ACC-00006871,MERCHANT,SBI-Sim,0.065,2021-07-29T00:00:00+00:00,88618921d1fffff
ACC-00006872,MERCHANT,ICICI-Sim,0.127,2022-08-21T00:00:00+00:00,88618c4d05fffff
ACC-00006873,MERCHANT,Axis-Sim,0.065,2023-03-17T00:00:00+00:00,88618c4f2bfffff
ACC-00006874,MERCHANT,Axis-Sim,0.024,2024-04-03T00:00:00+00:00,88608b4733fffff
ACC-00006875,MERCHANT,ICICI-Sim,0.015,2023-02-14T00:00:00+00:00,8860b52e9bfffff
ACC-00006876,MERCHANT,Axis-Sim,0.05,2023-07-29T00:00:00+00:00,883da11409fffff
ACC-00006877,MERCHANT,Axis-Sim,0.047,2026-03-25T00:00:00+00:00,883d8dcd5dfffff
ACC-00006878,MERCHANT,SBI-Sim,0.061,2022-10-16T00:00:00+00:00,88618c4d05fffff
ACC-00006879,MERCHANT,HDFC-Sim,0.022,2022-09-03T00:00:00+00:00,8842ceb5d9fffff
ACC-00006880,MERCHANT,Axis-Sim,0.028,2026-03-30T00:00:00+00:00,8842ceb559fffff
ACC-00006881,MERCHANT,Axis-Sim,0.101,2024-10-08T00:00:00+00:00,8860b19695fffff
ACC-00006882,MERCHANT,SBI-Sim,0.13,2024-02-25T00:00:00+00:00,8861892ecbfffff
ACC-00006883,MERCHANT,Axis-Sim,0.14,2021-11-02T00:00:00+00:00,883d8dcd5dfffff
ACC-00006884,MERCHANT,BOI-Sim,0.135,2025-06-15T00:00:00+00:00,88608b0a6bfffff
ACC-00006885,MERCHANT,BOI-Sim,0.051,2023-11-08T00:00:00+00:00,8861892ecbfffff
ACC-00006886,MERCHANT,ICICI-Sim,0.103,2022-02-15T00:00:00+00:00,8860b19695fffff
ACC-00006887,MERCHANT,HDFC-Sim,0.135,2023-06-18T00:00:00+00:00,88618c4e63fffff
ACC-00006888,MERCHANT,HDFC-Sim,0.087,2023-04-04T00:00:00+00:00,883d8dcd5dfffff
ACC-00006889,MERCHANT,Axis-Sim,0.054,2023-07-07T00:00:00+00:00,883da115a5fffff
ACC-00006890,MERCHANT,BOI-Sim,0.014,2022-05-05T00:00:00+00:00,88608b4733fffff
ACC-00006891,MERCHANT,Axis-Sim,0.031,2021-07-26T00:00:00+00:00,88608b4733fffff
ACC-00006892,MERCHANT,SBI-Sim,0.094,2022-07-07T00:00:00+00:00,88618c4f2bfffff
ACC-00006893,MERCHANT,BOI-Sim,0.004,2022-12-01T00:00:00+00:00,88618921d1fffff
ACC-00006894,MERCHANT,Axis-Sim,0.135,2023-09-21T00:00:00+00:00,8861892ecbfffff
ACC-00006895,MERCHANT,SBI-Sim,0.079,2023-03-31T00:00:00+00:00,883d8dcf1dfffff
ACC-00006896,MERCHANT,Axis-Sim,0.002,2022-05-28T00:00:00+00:00,88608b0a6bfffff
ACC-00006897,MERCHANT,HDFC-Sim,0.056,2022-02-21T00:00:00+00:00,8842ceb4a1fffff
ACC-00006898,MERCHANT,Axis-Sim,0.145,2026-02-15T00:00:00+00:00,8860b52c97fffff
ACC-00006899,MERCHANT,ICICI-Sim,0.074,2025-05-27T00:00:00+00:00,883da11409fffff
ACC-00006900,MERCHANT,BOI-Sim,0.095,2021-07-03T00:00:00+00:00,8860145943fffff
ACC-00006901,MERCHANT,BOI-Sim,0.003,2021-08-19T00:00:00+00:00,88618c4f2bfffff
ACC-00006902,MERCHANT,BOI-Sim,0.031,2021-12-07T00:00:00+00:00,88618c4d05fffff
ACC-00006903,MERCHANT,ICICI-Sim,0.115,2025-10-23T00:00:00+00:00,8842ceb559fffff
ACC-00006904,MERCHANT,PNB-Sim,0.146,2023-02-07T00:00:00+00:00,8842ceb559fffff
ACC-00006905,MERCHANT,BOI-Sim,0.02,2022-04-20T00:00:00+00:00,8860145943fffff
ACC-00006906,MERCHANT,HDFC-Sim,0.078,2023-07-01T00:00:00+00:00,883da11623fffff
ACC-00006907,MERCHANT,BOI-Sim,0.1,2025-03-23T00:00:00+00:00,88608b0a6bfffff
ACC-00006908,MERCHANT,SBI-Sim,0.015,2023-05-28T00:00:00+00:00,88618c4e63fffff
ACC-00006909,MERCHANT,ICICI-Sim,0.15,2022-05-21T00:00:00+00:00,883d8dcdd5fffff
ACC-00006910,MERCHANT,BOI-Sim,0.042,2024-08-11T00:00:00+00:00,8860b52c97fffff
ACC-00006911,MERCHANT,SBI-Sim,0.102,2023-04-17T00:00:00+00:00,883da11623fffff
ACC-00006912,MERCHANT,PNB-Sim,0.108,2023-06-05T00:00:00+00:00,883da11409fffff
ACC-00006913,MERCHANT,ICICI-Sim,0.006,2023-04-24T00:00:00+00:00,8842cea623fffff
ACC-00006914,MERCHANT,BOI-Sim,0.055,2021-12-12T00:00:00+00:00,8860b52c97fffff
ACC-00006915,MERCHANT,PNB-Sim,0.044,2022-01-25T00:00:00+00:00,88618c4e63fffff
ACC-00006916,MERCHANT,PNB-Sim,0.032,2021-09-18T00:00:00+00:00,883da11409fffff
ACC-00006917,MERCHANT,HDFC-Sim,0.005,2021-12-22T00:00:00+00:00,8860a259bbfffff
ACC-00006918,MERCHANT,Axis-Sim,0.076,2021-11-28T00:00:00+00:00,8842ceb5d9fffff
ACC-00006919,MERCHANT,PNB-Sim,0.129,2024-12-04T00:00:00+00:00,8860b52c97fffff
ACC-00006920,MERCHANT,HDFC-Sim,0.015,2022-07-30T00:00:00+00:00,8842ceb559fffff
ACC-00006921,MERCHANT,ICICI-Sim,0.082,2024-02-13T00:00:00+00:00,8842ceb4a1fffff
ACC-00006922,MERCHANT,PNB-Sim,0.114,2025-10-06T00:00:00+00:00,883d8dcc0dfffff
ACC-00006923,MERCHANT,ICICI-Sim,0.146,2025-01-30T00:00:00+00:00,8860b52e9bfffff
ACC-00006924,MERCHANT,Axis-Sim,0.137,2023-09-28T00:00:00+00:00,8860b52e9bfffff
ACC-00006925,MERCHANT,BOI-Sim,0.022,2022-10-18T00:00:00+00:00,88618c45b9fffff
ACC-00006926,MERCHANT,PNB-Sim,0.098,2025-03-20T00:00:00+00:00,883d8dcdd5fffff
ACC-00006927,MERCHANT,BOI-Sim,0.073,2025-03-31T00:00:00+00:00,8842ceb559fffff
ACC-00006928,MERCHANT,PNB-Sim,0.014,2025-04-01T00:00:00+00:00,8842ceb559fffff
ACC-00006929,MERCHANT,BOI-Sim,0.024,2022-12-07T00:00:00+00:00,8860a259bbfffff
ACC-00006930,MERCHANT,SBI-Sim,0.055,2024-12-22T00:00:00+00:00,883da11409fffff
ACC-00006931,MERCHANT,ICICI-Sim,0.129,2025-07-18T00:00:00+00:00,883d8dcf1dfffff
ACC-00006932,MERCHANT,PNB-Sim,0.123,2026-04-01T00:00:00+00:00,8842ceb4a1fffff
ACC-00006933,MERCHANT,PNB-Sim,0.063,2023-12-09T00:00:00+00:00,88618c4f2bfffff
ACC-00006934,MERCHANT,PNB-Sim,0.098,2022-02-02T00:00:00+00:00,88618925c5fffff
ACC-00006935,MERCHANT,ICICI-Sim,0.147,2023-01-10T00:00:00+00:00,8842ceb4a1fffff
ACC-00006936,MERCHANT,BOI-Sim,0.069,2022-10-25T00:00:00+00:00,8861892ecbfffff
ACC-00006937,MERCHANT,SBI-Sim,0.09,2023-04-08T00:00:00+00:00,883d8dcc0dfffff
ACC-00006938,MERCHANT,ICICI-Sim,0.085,2023-06-06T00:00:00+00:00,88618c4d05fffff
ACC-00006939,MERCHANT,Axis-Sim,0.011,2023-05-06T00:00:00+00:00,88618c4d05fffff
ACC-00006940,MERCHANT,PNB-Sim,0.043,2022-05-12T00:00:00+00:00,883da11409fffff
ACC-00006941,MERCHANT,BOI-Sim,0.037,2023-11-21T00:00:00+00:00,88608b0a6bfffff
ACC-00006942,MERCHANT,PNB-Sim,0.084,2023-02-23T00:00:00+00:00,8842ceb559fffff
ACC-00006943,MERCHANT,BOI-Sim,0.087,2023-10-25T00:00:00+00:00,8842ceb559fffff
ACC-00006944,MERCHANT,HDFC-Sim,0.002,2022-11-14T00:00:00+00:00,8842ceb5d9fffff
ACC-00006945,MERCHANT,BOI-Sim,0.007,2024-12-04T00:00:00+00:00,8861892ecbfffff
ACC-00006946,MERCHANT,BOI-Sim,0.029,2022-05-02T00:00:00+00:00,8860a259bbfffff
ACC-00006947,MERCHANT,HDFC-Sim,0.01,2022-10-18T00:00:00+00:00,883da11233fffff
ACC-00006948,MERCHANT,PNB-Sim,0.043,2026-01-19T00:00:00+00:00,88608b56d7fffff
ACC-00006949,MERCHANT,Axis-Sim,0.088,2024-03-13T00:00:00+00:00,88618925c5fffff
ACC-00006950,MERCHANT,BOI-Sim,0.047,2022-01-29T00:00:00+00:00,8860b19695fffff
ACC-00006951,MERCHANT,BOI-Sim,0.119,2026-01-27T00:00:00+00:00,8860a259bbfffff
ACC-00006952,MERCHANT,ICICI-Sim,0.008,2023-11-08T00:00:00+00:00,883d8dcdd5fffff
ACC-00006953,MERCHANT,BOI-Sim,0.099,2026-02-27T00:00:00+00:00,8860145943fffff
ACC-00006954,MERCHANT,PNB-Sim,0.046,2022-07-28T00:00:00+00:00,883d8dcc0dfffff
ACC-00006955,MERCHANT,HDFC-Sim,0.01,2022-06-27T00:00:00+00:00,8842ceb4a1fffff
ACC-00006956,MERCHANT,SBI-Sim,0.135,2021-09-25T00:00:00+00:00,883d8dcc0dfffff
ACC-00006957,MERCHANT,SBI-Sim,0.111,2026-01-19T00:00:00+00:00,8842ceb559fffff
ACC-00006958,MERCHANT,SBI-Sim,0.023,2021-10-30T00:00:00+00:00,883d8dcc0dfffff
ACC-00006959,MERCHANT,SBI-Sim,0.132,2023-04-22T00:00:00+00:00,88618c4f2bfffff
ACC-00006960,MERCHANT,HDFC-Sim,0.022,2024-10-02T00:00:00+00:00,88618c45b9fffff
ACC-00006961,MERCHANT,BOI-Sim,0.043,2022-11-02T00:00:00+00:00,883d8dcf1dfffff
ACC-00006962,MERCHANT,ICICI-Sim,0.013,2022-02-22T00:00:00+00:00,883da115a5fffff
ACC-00006963,MERCHANT,PNB-Sim,0.08,2022-09-18T00:00:00+00:00,883d8dcf1dfffff
ACC-00006964,MERCHANT,BOI-Sim,0.045,2025-12-15T00:00:00+00:00,8842cea623fffff
ACC-00006965,MERCHANT,SBI-Sim,0.025,2023-12-07T00:00:00+00:00,88618c4d05fffff
ACC-00006966,MERCHANT,ICICI-Sim,0.076,2024-08-09T00:00:00+00:00,8842cea623fffff
ACC-00006967,MERCHANT,HDFC-Sim,0.067,2022-05-14T00:00:00+00:00,8860b52e9bfffff
ACC-00006968,MERCHANT,HDFC-Sim,0.061,2021-11-19T00:00:00+00:00,8842ceb559fffff
ACC-00006969,MERCHANT,SBI-Sim,0.127,2023-03-10T00:00:00+00:00,8860145943fffff
ACC-00006970,MERCHANT,PNB-Sim,0.094,2023-12-09T00:00:00+00:00,88618925c5fffff
ACC-00006971,MERCHANT,HDFC-Sim,0.134,2026-04-10T00:00:00+00:00,88608b4733fffff
ACC-00006972,MERCHANT,Axis-Sim,0.019,2022-06-14T00:00:00+00:00,883da115a5fffff
ACC-00006973,MERCHANT,ICICI-Sim,0.039,2024-06-20T00:00:00+00:00,883da11233fffff
ACC-00006974,MERCHANT,PNB-Sim,0.126,2023-08-27T00:00:00+00:00,883da11409fffff
ACC-00006975,MERCHANT,Axis-Sim,0.095,2024-07-27T00:00:00+00:00,8860b52e9bfffff
ACC-00006976,MERCHANT,PNB-Sim,0.083,2025-01-12T00:00:00+00:00,8860b52e9bfffff
ACC-00006977,MERCHANT,BOI-Sim,0.103,2025-03-07T00:00:00+00:00,8860145943fffff
ACC-00006978,MERCHANT,ICICI-Sim,0.101,2025-07-30T00:00:00+00:00,883da115a5fffff
ACC-00006979,MERCHANT,PNB-Sim,0.098,2021-08-19T00:00:00+00:00,8860b52e9bfffff
ACC-00006980,MERCHANT,BOI-Sim,0.093,2022-10-08T00:00:00+00:00,88618925c5fffff
ACC-00006981,MERCHANT,ICICI-Sim,0.002,2023-10-29T00:00:00+00:00,8860b52c97fffff
ACC-00006982,MERCHANT,HDFC-Sim,0.114,2024-04-01T00:00:00+00:00,8842ceb5d9fffff
ACC-00006983,MERCHANT,Axis-Sim,0.115,2026-03-25T00:00:00+00:00,883da11233fffff
ACC-00006984,MERCHANT,ICICI-Sim,0.1,2021-07-16T00:00:00+00:00,8842cea623fffff
ACC-00006985,MERCHANT,HDFC-Sim,0.067,2026-02-08T00:00:00+00:00,8860b19695fffff
ACC-00006986,MERCHANT,ICICI-Sim,0.015,2024-11-10T00:00:00+00:00,88618c4e63fffff
ACC-00006987,MERCHANT,HDFC-Sim,0.064,2024-10-30T00:00:00+00:00,88618921d1fffff
ACC-00006988,MERCHANT,PNB-Sim,0.042,2021-08-08T00:00:00+00:00,88618921d1fffff
ACC-00006989,MERCHANT,PNB-Sim,0.114,2024-06-22T00:00:00+00:00,883da11409fffff
ACC-00006990,MERCHANT,BOI-Sim,0.072,2022-09-05T00:00:00+00:00,883d8dcdd5fffff
ACC-00006991,MERCHANT,BOI-Sim,0.026,2025-02-10T00:00:00+00:00,88608b56d7fffff
ACC-00006992,MERCHANT,SBI-Sim,0.142,2022-12-06T00:00:00+00:00,88618921d1fffff
ACC-00006993,MERCHANT,BOI-Sim,0.052,2021-11-14T00:00:00+00:00,883da115a5fffff
ACC-00006994,MERCHANT,ICICI-Sim,0.015,2021-12-24T00:00:00+00:00,8842ceb5d9fffff
ACC-00006995,MERCHANT,PNB-Sim,0.013,2024-01-03T00:00:00+00:00,88618c4d05fffff
ACC-00006996,MERCHANT,Axis-Sim,0.01,2023-10-23T00:00:00+00:00,88618925c5fffff
ACC-00006997,MERCHANT,Axis-Sim,0.134,2025-04-30T00:00:00+00:00,88618c4e63fffff
ACC-00006998,MERCHANT,SBI-Sim,0.005,2023-03-08T00:00:00+00:00,8860b19695fffff
ACC-00006999,MERCHANT,SBI-Sim,0.026,2021-12-18T00:00:00+00:00,8860b19695fffff
ACC-00007000,MERCHANT,SBI-Sim,0.14,2024-03-27T00:00:00+00:00,8861892ecbfffff
ACC-00007001,MERCHANT,ICICI-Sim,0.067,2024-12-23T00:00:00+00:00,88608b4733fffff
ACC-00007002,MERCHANT,HDFC-Sim,0.137,2022-02-27T00:00:00+00:00,88618921d1fffff
ACC-00007003,MERCHANT,Axis-Sim,0.019,2025-05-18T00:00:00+00:00,883d8dcd5dfffff
ACC-00007004,MERCHANT,HDFC-Sim,0.078,2024-06-18T00:00:00+00:00,88608b0961fffff
ACC-00007005,NORMAL,BOI-Sim,0.128,2025-02-15T00:00:00+00:00,88618921d1fffff
ACC-00007006,NORMAL,SBI-Sim,0.228,2021-10-24T00:00:00+00:00,88608b4733fffff
ACC-00007007,NORMAL,ICICI-Sim,0.171,2023-11-20T00:00:00+00:00,8842ceb5d9fffff
ACC-00007008,NORMAL,HDFC-Sim,0.151,2022-12-28T00:00:00+00:00,8860a259bbfffff
ACC-00007009,NORMAL,HDFC-Sim,0.088,2023-08-20T00:00:00+00:00,88608b56d7fffff
ACC-00007010,NORMAL,ICICI-Sim,0.037,2023-09-10T00:00:00+00:00,883d8dcdd5fffff
ACC-00007011,NORMAL,Axis-Sim,0.242,2024-08-17T00:00:00+00:00,883d8dcd5dfffff
ACC-00007012,NORMAL,Axis-Sim,0.056,2022-03-31T00:00:00+00:00,883da11623fffff
ACC-00007013,NORMAL,BOI-Sim,0.136,2026-01-13T00:00:00+00:00,88608b56d7fffff
ACC-00007014,NORMAL,Axis-Sim,0.181,2022-09-04T00:00:00+00:00,883d8dcd5dfffff
ACC-00007015,NORMAL,PNB-Sim,0.196,2025-12-06T00:00:00+00:00,883d8dcc0dfffff
ACC-00007016,NORMAL,BOI-Sim,0.116,2024-11-16T00:00:00+00:00,8861892ecbfffff
ACC-00007017,NORMAL,PNB-Sim,0.105,2023-12-16T00:00:00+00:00,88618921d1fffff
ACC-00007018,NORMAL,Axis-Sim,0.043,2025-05-06T00:00:00+00:00,883da11409fffff
ACC-00007019,NORMAL,SBI-Sim,0.215,2022-08-22T00:00:00+00:00,88608b0a6bfffff
ACC-00007020,NORMAL,Axis-Sim,0.051,2025-08-12T00:00:00+00:00,8842ceb5d9fffff
ACC-00007021,NORMAL,BOI-Sim,0.139,2021-09-23T00:00:00+00:00,88618c4d05fffff
ACC-00007022,NORMAL,PNB-Sim,0.079,2021-07-17T00:00:00+00:00,883d8dcf1dfffff
ACC-00007023,NORMAL,BOI-Sim,0.098,2022-07-25T00:00:00+00:00,8860b52c97fffff
ACC-00007024,NORMAL,SBI-Sim,0.132,2023-03-12T00:00:00+00:00,88608b0961fffff
ACC-00007025,NORMAL,SBI-Sim,0.005,2023-01-04T00:00:00+00:00,883da115a5fffff
ACC-00007026,NORMAL,PNB-Sim,0.211,2022-11-04T00:00:00+00:00,8842ceb5d9fffff
ACC-00007027,NORMAL,SBI-Sim,0.016,2021-12-26T00:00:00+00:00,8860b52c97fffff
ACC-00007028,NORMAL,Axis-Sim,0.082,2024-05-07T00:00:00+00:00,8860a259bbfffff
ACC-00007029,NORMAL,BOI-Sim,0.163,2024-01-19T00:00:00+00:00,883d8dcdd5fffff
ACC-00007030,NORMAL,BOI-Sim,0.007,2025-01-28T00:00:00+00:00,8842ceb5d9fffff
ACC-00007031,NORMAL,ICICI-Sim,0.143,2025-05-14T00:00:00+00:00,8860b52c97fffff
ACC-00007032,NORMAL,PNB-Sim,0.177,2021-11-23T00:00:00+00:00,88608b0961fffff
ACC-00007033,NORMAL,Axis-Sim,0.061,2022-10-06T00:00:00+00:00,8860145943fffff
ACC-00007034,NORMAL,BOI-Sim,0.025,2026-04-08T00:00:00+00:00,8842ceb5d9fffff
ACC-00007035,NORMAL,PNB-Sim,0.16,2021-11-09T00:00:00+00:00,88608b0a6bfffff
ACC-00007036,NORMAL,ICICI-Sim,0.003,2025-07-24T00:00:00+00:00,883da11623fffff
ACC-00007037,NORMAL,SBI-Sim,0.207,2022-10-17T00:00:00+00:00,883da11233fffff
ACC-00007038,NORMAL,SBI-Sim,0.231,2025-03-30T00:00:00+00:00,883d8dcf1dfffff
ACC-00007039,NORMAL,SBI-Sim,0.194,2025-07-21T00:00:00+00:00,883da11233fffff
ACC-00007040,NORMAL,PNB-Sim,0.021,2024-04-07T00:00:00+00:00,88618c4d05fffff
ACC-00007041,NORMAL,SBI-Sim,0.056,2023-01-02T00:00:00+00:00,8860b52c97fffff
ACC-00007042,NORMAL,PNB-Sim,0.248,2024-03-29T00:00:00+00:00,883da11623fffff
ACC-00007043,NORMAL,BOI-Sim,0.245,2024-07-23T00:00:00+00:00,8860b19695fffff
ACC-00007044,NORMAL,HDFC-Sim,0.117,2026-04-08T00:00:00+00:00,88608b4733fffff
ACC-00007045,NORMAL,PNB-Sim,0.089,2026-02-12T00:00:00+00:00,8842ceb5d9fffff
ACC-00007046,NORMAL,Axis-Sim,0.152,2025-07-14T00:00:00+00:00,88608b0a6bfffff
ACC-00007047,NORMAL,PNB-Sim,0.133,2023-09-09T00:00:00+00:00,8842cea623fffff
ACC-00007048,NORMAL,PNB-Sim,0.03,2024-09-22T00:00:00+00:00,8842ceb5d9fffff
ACC-00007049,NORMAL,Axis-Sim,0.174,2024-10-09T00:00:00+00:00,8842ceb559fffff
ACC-00007050,NORMAL,HDFC-Sim,0.25,2026-01-28T00:00:00+00:00,88618c4d05fffff
ACC-00007051,NORMAL,PNB-Sim,0.081,2025-02-25T00:00:00+00:00,8860145943fffff
ACC-00007052,NORMAL,Axis-Sim,0.042,2024-11-16T00:00:00+00:00,88618c4d05fffff
ACC-00007053,NORMAL,BOI-Sim,0.23,2023-01-02T00:00:00+00:00,88608b4733fffff
ACC-00007054,NORMAL,ICICI-Sim,0.088,2022-01-31T00:00:00+00:00,883da11409fffff
ACC-00007055,NORMAL,SBI-Sim,0.153,2023-08-23T00:00:00+00:00,8860b19695fffff
ACC-00007056,NORMAL,SBI-Sim,0.206,2023-11-22T00:00:00+00:00,8842ceb5d9fffff
ACC-00007057,NORMAL,Axis-Sim,0.17,2025-03-31T00:00:00+00:00,88608b56d7fffff
ACC-00007058,NORMAL,PNB-Sim,0.143,2024-03-28T00:00:00+00:00,883d8dcf1dfffff
ACC-00007059,NORMAL,ICICI-Sim,0.02,2024-01-17T00:00:00+00:00,8842ceb4a1fffff
ACC-00007060,NORMAL,SBI-Sim,0.016,2024-10-08T00:00:00+00:00,88618c4f2bfffff
ACC-00007061,NORMAL,PNB-Sim,0.015,2025-10-31T00:00:00+00:00,8860b52c97fffff
ACC-00007062,NORMAL,SBI-Sim,0.242,2023-08-07T00:00:00+00:00,8860a259bbfffff
ACC-00007063,NORMAL,BOI-Sim,0.009,2022-07-23T00:00:00+00:00,8842cea623fffff
ACC-00007064,NORMAL,PNB-Sim,0.024,2025-09-12T00:00:00+00:00,88608b4733fffff
ACC-00007065,NORMAL,Axis-Sim,0.058,2023-05-29T00:00:00+00:00,8842cea623fffff
ACC-00007066,NORMAL,ICICI-Sim,0.037,2025-01-13T00:00:00+00:00,88618c4e63fffff
ACC-00007067,NORMAL,Axis-Sim,0.171,2025-02-25T00:00:00+00:00,883da11623fffff
ACC-00007068,NORMAL,PNB-Sim,0.221,2022-06-15T00:00:00+00:00,88608b56d7fffff
ACC-00007069,NORMAL,PNB-Sim,0.219,2022-03-26T00:00:00+00:00,88618c45b9fffff
ACC-00007070,NORMAL,HDFC-Sim,0.171,2023-11-09T00:00:00+00:00,883da115a5fffff
ACC-00007071,NORMAL,PNB-Sim,0.188,2024-05-12T00:00:00+00:00,883da11409fffff
ACC-00007072,NORMAL,PNB-Sim,0.024,2022-12-05T00:00:00+00:00,88608b4733fffff
ACC-00007073,NORMAL,HDFC-Sim,0.237,2022-09-06T00:00:00+00:00,88618c45b9fffff
ACC-00007074,NORMAL,BOI-Sim,0.081,2022-09-28T00:00:00+00:00,88608b0a6bfffff
ACC-00007075,NORMAL,PNB-Sim,0.239,2025-04-09T00:00:00+00:00,883da11233fffff
ACC-00007076,NORMAL,HDFC-Sim,0.248,2024-01-19T00:00:00+00:00,88608b56d7fffff
ACC-00007077,NORMAL,ICICI-Sim,0.141,2025-08-14T00:00:00+00:00,8860b52c97fffff
ACC-00007078,NORMAL,Axis-Sim,0.129,2026-04-15T00:00:00+00:00,88618c45b9fffff
ACC-00007079,NORMAL,PNB-Sim,0.215,2023-09-21T00:00:00+00:00,8861892ecbfffff
ACC-00007080,NORMAL,Axis-Sim,0.044,2022-04-18T00:00:00+00:00,883da11623fffff
ACC-00007081,NORMAL,SBI-Sim,0.159,2023-01-19T00:00:00+00:00,88608b0961fffff
ACC-00007082,NORMAL,PNB-Sim,0.212,2022-01-07T00:00:00+00:00,88618921d1fffff
ACC-00007083,NORMAL,BOI-Sim,0.112,2024-01-31T00:00:00+00:00,88618c4d05fffff
ACC-00007084,NORMAL,HDFC-Sim,0.047,2024-05-03T00:00:00+00:00,8861892ecbfffff
ACC-00007085,NORMAL,ICICI-Sim,0.084,2025-02-01T00:00:00+00:00,883d8dcd5dfffff
ACC-00007086,NORMAL,Axis-Sim,0.246,2024-07-07T00:00:00+00:00,8842cea623fffff
ACC-00007087,NORMAL,ICICI-Sim,0.226,2025-07-22T00:00:00+00:00,88608b56d7fffff
ACC-00007088,NORMAL,PNB-Sim,0.157,2026-04-11T00:00:00+00:00,88618c4e63fffff
ACC-00007089,NORMAL,SBI-Sim,0.113,2024-12-09T00:00:00+00:00,88608b4733fffff
ACC-00007090,NORMAL,BOI-Sim,0.079,2022-09-18T00:00:00+00:00,8860145943fffff
ACC-00007091,NORMAL,PNB-Sim,0.24,2025-10-05T00:00:00+00:00,883da11409fffff
ACC-00007092,NORMAL,PNB-Sim,0.125,2026-04-12T00:00:00+00:00,88618c4f2bfffff
ACC-00007093,NORMAL,ICICI-Sim,0.207,2025-08-14T00:00:00+00:00,88608b56d7fffff
ACC-00007094,NORMAL,HDFC-Sim,0.025,2025-10-20T00:00:00+00:00,883d8dcf1dfffff
ACC-00007095,NORMAL,Axis-Sim,0.064,2025-01-28T00:00:00+00:00,8842ceb4a1fffff
ACC-00007096,NORMAL,SBI-Sim,0.148,2023-04-28T00:00:00+00:00,88608b56d7fffff
ACC-00007097,NORMAL,SBI-Sim,0.161,2026-03-02T00:00:00+00:00,8860b52c97fffff
ACC-00007098,NORMAL,BOI-Sim,0.071,2023-11-25T00:00:00+00:00,883d8dcf1dfffff
ACC-00007099,NORMAL,SBI-Sim,0.05,2023-07-24T00:00:00+00:00,883d8dcc0dfffff
ACC-00007100,NORMAL,BOI-Sim,0.188,2025-03-12T00:00:00+00:00,8860b52e9bfffff
ACC-00007101,NORMAL,SBI-Sim,0.106,2025-08-10T00:00:00+00:00,88618c45b9fffff
ACC-00007102,NORMAL,PNB-Sim,0.187,2024-10-31T00:00:00+00:00,883d8dcdd5fffff
ACC-00007103,NORMAL,HDFC-Sim,0.084,2023-09-23T00:00:00+00:00,8860a259bbfffff
ACC-00007104,NORMAL,HDFC-Sim,0.15,2022-05-06T00:00:00+00:00,8861892ecbfffff
ACC-00007105,NORMAL,SBI-Sim,0.058,2023-10-29T00:00:00+00:00,883d8dcdd5fffff
ACC-00007106,NORMAL,Axis-Sim,0.008,2025-04-01T00:00:00+00:00,8842cea623fffff
ACC-00007107,NORMAL,PNB-Sim,0.093,2022-07-16T00:00:00+00:00,8842cea623fffff
ACC-00007108,NORMAL,SBI-Sim,0.203,2024-08-25T00:00:00+00:00,883da11623fffff
ACC-00007109,NORMAL,Axis-Sim,0.026,2024-05-06T00:00:00+00:00,883da11623fffff
ACC-00007110,NORMAL,BOI-Sim,0.052,2023-10-27T00:00:00+00:00,88618c4d05fffff
ACC-00007111,NORMAL,PNB-Sim,0.171,2022-05-10T00:00:00+00:00,8860b19695fffff
ACC-00007112,NORMAL,ICICI-Sim,0.053,2025-08-22T00:00:00+00:00,8842ceb5d9fffff
ACC-00007113,NORMAL,ICICI-Sim,0.102,2022-05-10T00:00:00+00:00,8860145943fffff
ACC-00007114,NORMAL,ICICI-Sim,0.016,2024-04-22T00:00:00+00:00,883d8dcc0dfffff
ACC-00007115,NORMAL,BOI-Sim,0.118,2022-10-18T00:00:00+00:00,88618c4f2bfffff
ACC-00007116,NORMAL,BOI-Sim,0.053,2025-10-14T00:00:00+00:00,8842ceb559fffff
ACC-00007117,NORMAL,HDFC-Sim,0.017,2022-06-30T00:00:00+00:00,883d8dcf1dfffff
ACC-00007118,NORMAL,Axis-Sim,0.205,2022-11-12T00:00:00+00:00,88608b4733fffff
ACC-00007119,NORMAL,HDFC-Sim,0.106,2025-02-01T00:00:00+00:00,88618c4f2bfffff
ACC-00007120,NORMAL,HDFC-Sim,0.155,2022-05-07T00:00:00+00:00,8842ceb559fffff
ACC-00007121,NORMAL,HDFC-Sim,0.148,2022-07-03T00:00:00+00:00,8842ceb559fffff
ACC-00007122,NORMAL,Axis-Sim,0.214,2026-03-12T00:00:00+00:00,88608b4733fffff
ACC-00007123,NORMAL,ICICI-Sim,0.086,2022-07-09T00:00:00+00:00,88618c4f2bfffff
ACC-00007124,NORMAL,ICICI-Sim,0.026,2025-03-27T00:00:00+00:00,88618c45b9fffff
ACC-00007125,NORMAL,BOI-Sim,0.159,2025-11-04T00:00:00+00:00,8860b52e9bfffff
ACC-00007126,NORMAL,PNB-Sim,0.062,2023-11-16T00:00:00+00:00,88618c4d05fffff
ACC-00007127,NORMAL,SBI-Sim,0.014,2022-03-05T00:00:00+00:00,88608b0a6bfffff
ACC-00007128,NORMAL,ICICI-Sim,0.114,2024-08-19T00:00:00+00:00,883d8dcd5dfffff
ACC-00007129,NORMAL,PNB-Sim,0.042,2022-03-13T00:00:00+00:00,88608b0961fffff
ACC-00007130,NORMAL,ICICI-Sim,0.1,2024-07-14T00:00:00+00:00,8842ceb4a1fffff
ACC-00007131,NORMAL,SBI-Sim,0.15,2024-05-29T00:00:00+00:00,8860b19695fffff
ACC-00007132,NORMAL,PNB-Sim,0.055,2022-07-13T00:00:00+00:00,883d8dcdd5fffff
ACC-00007133,NORMAL,ICICI-Sim,0.025,2024-03-04T00:00:00+00:00,8842ceb5d9fffff
ACC-00007134,NORMAL,Axis-Sim,0.124,2023-02-10T00:00:00+00:00,883da115a5fffff
ACC-00007135,NORMAL,ICICI-Sim,0.061,2021-12-14T00:00:00+00:00,88618921d1fffff
ACC-00007136,NORMAL,SBI-Sim,0.173,2023-08-16T00:00:00+00:00,88618c4f2bfffff
ACC-00007137,NORMAL,ICICI-Sim,0.182,2021-12-13T00:00:00+00:00,88618925c5fffff
ACC-00007138,NORMAL,SBI-Sim,0.143,2024-07-30T00:00:00+00:00,8860145943fffff
ACC-00007139,NORMAL,SBI-Sim,0.143,2025-11-10T00:00:00+00:00,8860b19695fffff
ACC-00007140,NORMAL,SBI-Sim,0.214,2025-03-13T00:00:00+00:00,883d8dcf1dfffff
ACC-00007141,NORMAL,HDFC-Sim,0.096,2022-02-25T00:00:00+00:00,88618925c5fffff
ACC-00007142,NORMAL,HDFC-Sim,0.226,2026-01-02T00:00:00+00:00,88608b4733fffff
ACC-00007143,NORMAL,PNB-Sim,0.012,2024-07-05T00:00:00+00:00,88608b56d7fffff
ACC-00007144,NORMAL,SBI-Sim,0.245,2022-05-11T00:00:00+00:00,8860b19695fffff
ACC-00007145,NORMAL,ICICI-Sim,0.015,2026-01-15T00:00:00+00:00,8842ceb5d9fffff
ACC-00007146,NORMAL,SBI-Sim,0.033,2025-06-11T00:00:00+00:00,88618c4d05fffff
ACC-00007147,NORMAL,BOI-Sim,0.132,2023-04-30T00:00:00+00:00,8842ceb559fffff
ACC-00007148,NORMAL,PNB-Sim,0.056,2023-08-30T00:00:00+00:00,88618921d1fffff
ACC-00007149,NORMAL,HDFC-Sim,0.227,2022-01-12T00:00:00+00:00,88618921d1fffff
ACC-00007150,NORMAL,SBI-Sim,0.125,2022-08-04T00:00:00+00:00,8842ceb559fffff
ACC-00007151,NORMAL,Axis-Sim,0.204,2023-02-13T00:00:00+00:00,883d8dcc0dfffff
ACC-00007152,NORMAL,ICICI-Sim,0.106,2021-12-09T00:00:00+00:00,883da115a5fffff
ACC-00007153,NORMAL,PNB-Sim,0.11,2025-04-18T00:00:00+00:00,883d8dcd5dfffff
ACC-00007154,NORMAL,SBI-Sim,0.022,2022-03-29T00:00:00+00:00,8860a259bbfffff
ACC-00007155,NORMAL,ICICI-Sim,0.209,2023-04-22T00:00:00+00:00,88608b0961fffff
ACC-00007156,NORMAL,PNB-Sim,0.216,2022-05-30T00:00:00+00:00,8860b19695fffff
ACC-00007157,NORMAL,Axis-Sim,0.149,2024-03-06T00:00:00+00:00,883da11623fffff
ACC-00007158,NORMAL,PNB-Sim,0.043,2023-05-06T00:00:00+00:00,88618c4d05fffff
ACC-00007159,NORMAL,Axis-Sim,0.097,2024-07-18T00:00:00+00:00,8860a259bbfffff
ACC-00007160,NORMAL,ICICI-Sim,0.162,2026-04-21T00:00:00+00:00,8842cea623fffff
ACC-00007161,NORMAL,SBI-Sim,0.213,2025-10-15T00:00:00+00:00,88618c4f2bfffff
ACC-00007162,NORMAL,Axis-Sim,0.079,2024-03-22T00:00:00+00:00,8861892ecbfffff
ACC-00007163,NORMAL,Axis-Sim,0.135,2024-12-15T00:00:00+00:00,8860b19695fffff
ACC-00007164,NORMAL,PNB-Sim,0.082,2025-07-05T00:00:00+00:00,88618c45b9fffff
ACC-00007165,NORMAL,Axis-Sim,0.129,2024-10-26T00:00:00+00:00,88618c4d05fffff
ACC-00007166,NORMAL,ICICI-Sim,0.054,2022-08-18T00:00:00+00:00,883da11623fffff
ACC-00007167,NORMAL,PNB-Sim,0.112,2023-08-23T00:00:00+00:00,88608b4733fffff
ACC-00007168,NORMAL,SBI-Sim,0.172,2021-10-19T00:00:00+00:00,883d8dcdd5fffff
ACC-00007169,NORMAL,HDFC-Sim,0.235,2024-02-24T00:00:00+00:00,883da115a5fffff
ACC-00007170,NORMAL,PNB-Sim,0.168,2025-10-12T00:00:00+00:00,8861892ecbfffff
ACC-00007171,NORMAL,BOI-Sim,0.121,2025-09-20T00:00:00+00:00,883d8dcc0dfffff
ACC-00007172,NORMAL,Axis-Sim,0.044,2024-04-28T00:00:00+00:00,88608b0a6bfffff
ACC-00007173,NORMAL,PNB-Sim,0.099,2026-01-09T00:00:00+00:00,883d8dcd5dfffff
ACC-00007174,NORMAL,PNB-Sim,0.085,2022-05-04T00:00:00+00:00,883da11623fffff
ACC-00007175,NORMAL,ICICI-Sim,0.012,2021-08-06T00:00:00+00:00,88618c4e63fffff
ACC-00007176,NORMAL,HDFC-Sim,0.052,2024-02-17T00:00:00+00:00,8860b52e9bfffff
ACC-00007177,NORMAL,PNB-Sim,0.0,2024-05-26T00:00:00+00:00,88618c4d05fffff
ACC-00007178,NORMAL,SBI-Sim,0.157,2023-07-21T00:00:00+00:00,88618925c5fffff
ACC-00007179,NORMAL,ICICI-Sim,0.162,2022-07-16T00:00:00+00:00,883d8dcc0dfffff
ACC-00007180,NORMAL,SBI-Sim,0.109,2025-01-19T00:00:00+00:00,883da115a5fffff
ACC-00007181,NORMAL,HDFC-Sim,0.08,2025-03-07T00:00:00+00:00,883d8dcc0dfffff
ACC-00007182,NORMAL,HDFC-Sim,0.214,2023-09-30T00:00:00+00:00,8842ceb5d9fffff
ACC-00007183,NORMAL,SBI-Sim,0.145,2024-04-06T00:00:00+00:00,8861892ecbfffff
ACC-00007184,NORMAL,SBI-Sim,0.222,2025-08-09T00:00:00+00:00,883d8dcc0dfffff
ACC-00007185,NORMAL,BOI-Sim,0.217,2024-05-12T00:00:00+00:00,8842ceb4a1fffff
ACC-00007186,NORMAL,ICICI-Sim,0.147,2022-01-21T00:00:00+00:00,88608b0a6bfffff
ACC-00007187,NORMAL,HDFC-Sim,0.153,2024-07-13T00:00:00+00:00,8842ceb5d9fffff
ACC-00007188,NORMAL,SBI-Sim,0.075,2022-04-24T00:00:00+00:00,8860145943fffff
ACC-00007189,NORMAL,Axis-Sim,0.099,2025-04-20T00:00:00+00:00,88608b0a6bfffff
ACC-00007190,NORMAL,SBI-Sim,0.193,2026-01-30T00:00:00+00:00,883d8dcf1dfffff
ACC-00007191,NORMAL,HDFC-Sim,0.072,2025-12-03T00:00:00+00:00,8842ceb5d9fffff
ACC-00007192,NORMAL,BOI-Sim,0.196,2021-10-29T00:00:00+00:00,8842ceb4a1fffff
ACC-00007193,NORMAL,BOI-Sim,0.221,2021-12-18T00:00:00+00:00,88608b4733fffff
ACC-00007194,NORMAL,Axis-Sim,0.233,2022-03-21T00:00:00+00:00,883da11409fffff
ACC-00007195,NORMAL,Axis-Sim,0.25,2023-07-08T00:00:00+00:00,8860145943fffff
ACC-00007196,NORMAL,BOI-Sim,0.242,2022-05-21T00:00:00+00:00,8861892ecbfffff
ACC-00007197,NORMAL,BOI-Sim,0.07,2023-04-16T00:00:00+00:00,8860145943fffff
ACC-00007198,NORMAL,Axis-Sim,0.014,2022-04-12T00:00:00+00:00,883da11233fffff
ACC-00007199,NORMAL,SBI-Sim,0.034,2022-02-20T00:00:00+00:00,8860b19695fffff
ACC-00007200,NORMAL,BOI-Sim,0.077,2025-07-29T00:00:00+00:00,8860b52c97fffff
ACC-00007201,NORMAL,Axis-Sim,0.083,2022-01-14T00:00:00+00:00,883da11409fffff
ACC-00007202,NORMAL,SBI-Sim,0.192,2023-02-02T00:00:00+00:00,88608b4733fffff
ACC-00007203,NORMAL,BOI-Sim,0.138,2024-03-05T00:00:00+00:00,88608b0961fffff
ACC-00007204,NORMAL,HDFC-Sim,0.111,2024-04-23T00:00:00+00:00,88618c4e63fffff
ACC-00007205,NORMAL,HDFC-Sim,0.162,2025-10-15T00:00:00+00:00,8842ceb4a1fffff
ACC-00007206,NORMAL,Axis-Sim,0.238,2024-02-12T00:00:00+00:00,883da11409fffff
ACC-00007207,NORMAL,HDFC-Sim,0.134,2025-11-29T00:00:00+00:00,88608b56d7fffff
ACC-00007208,NORMAL,HDFC-Sim,0.105,2025-08-23T00:00:00+00:00,88608b0a6bfffff
ACC-00007209,NORMAL,SBI-Sim,0.118,2024-03-09T00:00:00+00:00,883da11233fffff
ACC-00007210,NORMAL,HDFC-Sim,0.195,2025-04-30T00:00:00+00:00,8842ceb559fffff
ACC-00007211,NORMAL,PNB-Sim,0.162,2023-07-20T00:00:00+00:00,8861892ecbfffff
ACC-00007212,NORMAL,HDFC-Sim,0.24,2025-10-01T00:00:00+00:00,88608b4733fffff
ACC-00007213,NORMAL,HDFC-Sim,0.017,2022-03-04T00:00:00+00:00,88618c4d05fffff
ACC-00007214,NORMAL,SBI-Sim,0.154,2023-08-21T00:00:00+00:00,88618925c5fffff
ACC-00007215,NORMAL,ICICI-Sim,0.22,2024-11-05T00:00:00+00:00,88608b56d7fffff
ACC-00007216,NORMAL,ICICI-Sim,0.026,2023-11-04T00:00:00+00:00,883d8dcc0dfffff
ACC-00007217,NORMAL,Axis-Sim,0.03,2023-12-31T00:00:00+00:00,88618925c5fffff
ACC-00007218,NORMAL,HDFC-Sim,0.225,2023-09-24T00:00:00+00:00,8860b19695fffff
ACC-00007219,NORMAL,SBI-Sim,0.136,2023-03-21T00:00:00+00:00,8860a259bbfffff
ACC-00007220,NORMAL,HDFC-Sim,0.002,2022-11-18T00:00:00+00:00,8860b52e9bfffff
ACC-00007221,NORMAL,Axis-Sim,0.008,2025-04-08T00:00:00+00:00,88608b4733fffff
ACC-00007222,NORMAL,HDFC-Sim,0.043,2023-06-04T00:00:00+00:00,883d8dcc0dfffff
ACC-00007223,NORMAL,Axis-Sim,0.183,2025-11-24T00:00:00+00:00,88618c4d05fffff
ACC-00007224,NORMAL,PNB-Sim,0.154,2025-04-24T00:00:00+00:00,88608b0961fffff
ACC-00007225,NORMAL,Axis-Sim,0.124,2022-06-06T00:00:00+00:00,883da11623fffff
ACC-00007226,NORMAL,Axis-Sim,0.093,2025-07-03T00:00:00+00:00,88608b0961fffff
ACC-00007227,NORMAL,BOI-Sim,0.186,2022-10-30T00:00:00+00:00,8860b52e9bfffff
ACC-00007228,NORMAL,PNB-Sim,0.221,2021-12-16T00:00:00+00:00,88618c45b9fffff
ACC-00007229,NORMAL,HDFC-Sim,0.164,2023-02-05T00:00:00+00:00,8860b52e9bfffff
ACC-00007230,NORMAL,HDFC-Sim,0.046,2023-05-16T00:00:00+00:00,8842ceb559fffff
ACC-00007231,NORMAL,SBI-Sim,0.129,2023-07-12T00:00:00+00:00,88608b0961fffff
ACC-00007232,NORMAL,ICICI-Sim,0.14,2023-04-24T00:00:00+00:00,883da11623fffff
ACC-00007233,NORMAL,HDFC-Sim,0.146,2025-09-18T00:00:00+00:00,8860a259bbfffff
ACC-00007234,NORMAL,ICICI-Sim,0.15,2022-08-20T00:00:00+00:00,883da11233fffff
ACC-00007235,NORMAL,BOI-Sim,0.069,2021-07-05T00:00:00+00:00,8842ceb4a1fffff
ACC-00007236,NORMAL,BOI-Sim,0.102,2021-09-08T00:00:00+00:00,8860145943fffff
ACC-00007237,NORMAL,ICICI-Sim,0.068,2025-08-31T00:00:00+00:00,8842cea623fffff
ACC-00007238,NORMAL,HDFC-Sim,0.023,2025-03-09T00:00:00+00:00,883da11233fffff
ACC-00007239,NORMAL,Axis-Sim,0.017,2024-04-29T00:00:00+00:00,883d8dcf1dfffff
ACC-00007240,NORMAL,HDFC-Sim,0.244,2021-09-12T00:00:00+00:00,88618c4e63fffff
ACC-00007241,NORMAL,SBI-Sim,0.086,2025-06-08T00:00:00+00:00,8860145943fffff
ACC-00007242,NORMAL,ICICI-Sim,0.059,2026-03-08T00:00:00+00:00,883da11233fffff
ACC-00007243,NORMAL,BOI-Sim,0.229,2023-10-28T00:00:00+00:00,883da11409fffff
ACC-00007244,NORMAL,HDFC-Sim,0.077,2021-09-28T00:00:00+00:00,88618925c5fffff
ACC-00007245,NORMAL,HDFC-Sim,0.155,2026-01-22T00:00:00+00:00,8860a259bbfffff
ACC-00007246,NORMAL,PNB-Sim,0.123,2023-06-25T00:00:00+00:00,88618c45b9fffff
ACC-00007247,NORMAL,ICICI-Sim,0.048,2025-04-26T00:00:00+00:00,883d8dcdd5fffff
ACC-00007248,NORMAL,Axis-Sim,0.143,2022-02-12T00:00:00+00:00,88608b0961fffff
ACC-00007249,NORMAL,BOI-Sim,0.087,2024-09-17T00:00:00+00:00,883da115a5fffff
ACC-00007250,NORMAL,BOI-Sim,0.01,2021-09-19T00:00:00+00:00,8860145943fffff
ACC-00007251,NORMAL,Axis-Sim,0.109,2025-12-26T00:00:00+00:00,883da11623fffff
ACC-00007252,NORMAL,Axis-Sim,0.018,2024-03-29T00:00:00+00:00,8842ceb5d9fffff
ACC-00007253,NORMAL,HDFC-Sim,0.187,2026-01-09T00:00:00+00:00,8860a259bbfffff
ACC-00007254,NORMAL,Axis-Sim,0.239,2024-09-19T00:00:00+00:00,88618c45b9fffff
ACC-00007255,NORMAL,PNB-Sim,0.032,2025-06-12T00:00:00+00:00,8860145943fffff
ACC-00007256,NORMAL,ICICI-Sim,0.118,2024-12-22T00:00:00+00:00,883da11623fffff
ACC-00007257,NORMAL,BOI-Sim,0.151,2025-09-21T00:00:00+00:00,883d8dcd5dfffff
ACC-00007258,NORMAL,PNB-Sim,0.092,2024-08-12T00:00:00+00:00,8860145943fffff
ACC-00007259,NORMAL,BOI-Sim,0.039,2024-08-10T00:00:00+00:00,8860a259bbfffff
ACC-00007260,NORMAL,Axis-Sim,0.087,2024-05-03T00:00:00+00:00,883da11623fffff
ACC-00007261,NORMAL,SBI-Sim,0.145,2025-03-08T00:00:00+00:00,883d8dcd5dfffff
ACC-00007262,NORMAL,BOI-Sim,0.059,2022-03-29T00:00:00+00:00,8860b19695fffff
ACC-00007263,NORMAL,PNB-Sim,0.011,2025-08-31T00:00:00+00:00,88618c4f2bfffff
ACC-00007264,NORMAL,SBI-Sim,0.097,2023-08-06T00:00:00+00:00,88618c4d05fffff
ACC-00007265,NORMAL,ICICI-Sim,0.157,2024-05-12T00:00:00+00:00,8860b52c97fffff
ACC-00007266,NORMAL,HDFC-Sim,0.228,2023-10-10T00:00:00+00:00,88608b4733fffff
ACC-00007267,NORMAL,Axis-Sim,0.147,2025-12-24T00:00:00+00:00,8860b19695fffff
ACC-00007268,NORMAL,BOI-Sim,0.112,2023-02-14T00:00:00+00:00,883da115a5fffff
ACC-00007269,NORMAL,Axis-Sim,0.11,2022-10-31T00:00:00+00:00,88608b0a6bfffff
ACC-00007270,NORMAL,HDFC-Sim,0.232,2022-12-23T00:00:00+00:00,88618c4e63fffff
ACC-00007271,NORMAL,ICICI-Sim,0.089,2023-12-10T00:00:00+00:00,883da11623fffff
ACC-00007272,NORMAL,HDFC-Sim,0.067,2022-07-23T00:00:00+00:00,8860145943fffff
ACC-00007273,NORMAL,PNB-Sim,0.152,2023-05-11T00:00:00+00:00,883da11623fffff
ACC-00007274,NORMAL,BOI-Sim,0.087,2023-07-03T00:00:00+00:00,8860145943fffff
ACC-00007275,NORMAL,ICICI-Sim,0.056,2021-09-14T00:00:00+00:00,883da115a5fffff
ACC-00007276,NORMAL,PNB-Sim,0.047,2021-11-22T00:00:00+00:00,8860b19695fffff
ACC-00007277,NORMAL,ICICI-Sim,0.105,2021-08-21T00:00:00+00:00,8860b52c97fffff
ACC-00007278,NORMAL,SBI-Sim,0.165,2021-07-09T00:00:00+00:00,883da115a5fffff
ACC-00007279,NORMAL,Axis-Sim,0.06,2024-04-04T00:00:00+00:00,8842ceb559fffff
ACC-00007280,NORMAL,ICICI-Sim,0.01,2025-08-07T00:00:00+00:00,8842ceb559fffff
ACC-00007281,NORMAL,PNB-Sim,0.151,2024-07-13T00:00:00+00:00,883d8dcc0dfffff
ACC-00007282,NORMAL,ICICI-Sim,0.197,2022-10-28T00:00:00+00:00,8860145943fffff
ACC-00007283,NORMAL,PNB-Sim,0.076,2024-02-12T00:00:00+00:00,88618925c5fffff
ACC-00007284,NORMAL,HDFC-Sim,0.039,2022-03-15T00:00:00+00:00,883da115a5fffff
ACC-00007285,NORMAL,ICICI-Sim,0.047,2021-11-17T00:00:00+00:00,88608b0961fffff
ACC-00007286,NORMAL,BOI-Sim,0.233,2021-07-23T00:00:00+00:00,8860b19695fffff
ACC-00007287,NORMAL,HDFC-Sim,0.024,2023-02-14T00:00:00+00:00,8860a259bbfffff
ACC-00007288,NORMAL,PNB-Sim,0.107,2023-10-08T00:00:00+00:00,883d8dcc0dfffff
ACC-00007289,NORMAL,HDFC-Sim,0.228,2025-03-25T00:00:00+00:00,88608b0961fffff
ACC-00007290,NORMAL,ICICI-Sim,0.18,2023-03-27T00:00:00+00:00,8860b52c97fffff
ACC-00007291,NORMAL,ICICI-Sim,0.133,2025-05-04T00:00:00+00:00,883d8dcdd5fffff
ACC-00007292,NORMAL,ICICI-Sim,0.094,2024-01-05T00:00:00+00:00,883d8dcd5dfffff
ACC-00007293,NORMAL,Axis-Sim,0.11,2021-09-24T00:00:00+00:00,88618c45b9fffff
ACC-00007294,NORMAL,PNB-Sim,0.008,2022-05-29T00:00:00+00:00,8860b19695fffff
ACC-00007295,NORMAL,ICICI-Sim,0.235,2021-11-13T00:00:00+00:00,883d8dcd5dfffff
ACC-00007296,NORMAL,SBI-Sim,0.185,2022-09-28T00:00:00+00:00,8842ceb4a1fffff
ACC-00007297,NORMAL,Axis-Sim,0.216,2024-11-07T00:00:00+00:00,88618c4e63fffff
ACC-00007298,NORMAL,Axis-Sim,0.035,2021-11-28T00:00:00+00:00,8860b19695fffff
ACC-00007299,NORMAL,SBI-Sim,0.111,2026-02-03T00:00:00+00:00,8860b52e9bfffff
ACC-00007300,NORMAL,BOI-Sim,0.2,2024-01-02T00:00:00+00:00,88618c4f2bfffff
ACC-00007301,NORMAL,SBI-Sim,0.011,2023-02-23T00:00:00+00:00,88618c4d05fffff
ACC-00007302,NORMAL,PNB-Sim,0.142,2023-07-23T00:00:00+00:00,8861892ecbfffff
ACC-00007303,NORMAL,PNB-Sim,0.061,2024-07-16T00:00:00+00:00,883d8dcdd5fffff
ACC-00007304,NORMAL,HDFC-Sim,0.03,2023-08-22T00:00:00+00:00,88618c45b9fffff
ACC-00007305,NORMAL,Axis-Sim,0.236,2022-10-20T00:00:00+00:00,88618925c5fffff
ACC-00007306,NORMAL,PNB-Sim,0.147,2024-01-25T00:00:00+00:00,88618c4f2bfffff
ACC-00007307,NORMAL,BOI-Sim,0.039,2025-02-08T00:00:00+00:00,883da11233fffff
ACC-00007308,NORMAL,Axis-Sim,0.053,2022-05-12T00:00:00+00:00,88618c4f2bfffff
ACC-00007309,NORMAL,ICICI-Sim,0.124,2024-01-05T00:00:00+00:00,883da11233fffff
ACC-00007310,NORMAL,ICICI-Sim,0.244,2026-04-03T00:00:00+00:00,88618c4e63fffff
ACC-00007311,NORMAL,HDFC-Sim,0.035,2024-10-24T00:00:00+00:00,88618921d1fffff
ACC-00007312,NORMAL,ICICI-Sim,0.057,2025-09-07T00:00:00+00:00,88618c4f2bfffff
ACC-00007313,NORMAL,BOI-Sim,0.104,2021-12-13T00:00:00+00:00,883d8dcdd5fffff
ACC-00007314,NORMAL,BOI-Sim,0.078,2023-09-19T00:00:00+00:00,88618925c5fffff
ACC-00007315,NORMAL,Axis-Sim,0.038,2025-04-22T00:00:00+00:00,88618921d1fffff
ACC-00007316,NORMAL,BOI-Sim,0.229,2022-07-27T00:00:00+00:00,88618c4f2bfffff
ACC-00007317,NORMAL,HDFC-Sim,0.016,2024-07-27T00:00:00+00:00,8842ceb4a1fffff
ACC-00007318,NORMAL,Axis-Sim,0.155,2024-06-22T00:00:00+00:00,88618925c5fffff
ACC-00007319,NORMAL,BOI-Sim,0.23,2024-10-07T00:00:00+00:00,8861892ecbfffff
ACC-00007320,NORMAL,PNB-Sim,0.176,2023-05-05T00:00:00+00:00,8861892ecbfffff
ACC-00007321,NORMAL,HDFC-Sim,0.099,2024-10-20T00:00:00+00:00,8842ceb4a1fffff
ACC-00007322,NORMAL,Axis-Sim,0.02,2025-12-02T00:00:00+00:00,88618c4d05fffff
ACC-00007323,NORMAL,BOI-Sim,0.24,2022-04-21T00:00:00+00:00,8860145943fffff
ACC-00007324,NORMAL,HDFC-Sim,0.042,2023-07-26T00:00:00+00:00,88618c4e63fffff
ACC-00007325,NORMAL,HDFC-Sim,0.023,2023-06-22T00:00:00+00:00,8860b52c97fffff
ACC-00007326,NORMAL,ICICI-Sim,0.074,2025-06-01T00:00:00+00:00,88618c4d05fffff
ACC-00007327,NORMAL,ICICI-Sim,0.151,2025-04-25T00:00:00+00:00,883d8dcdd5fffff
ACC-00007328,NORMAL,ICICI-Sim,0.087,2024-05-23T00:00:00+00:00,883d8dcf1dfffff
ACC-00007329,NORMAL,PNB-Sim,0.144,2025-01-19T00:00:00+00:00,88618921d1fffff
ACC-00007330,NORMAL,HDFC-Sim,0.085,2026-04-18T00:00:00+00:00,8842ceb4a1fffff
ACC-00007331,NORMAL,HDFC-Sim,0.185,2022-07-16T00:00:00+00:00,88618925c5fffff
ACC-00007332,NORMAL,Axis-Sim,0.133,2024-04-24T00:00:00+00:00,88608b56d7fffff
ACC-00007333,NORMAL,BOI-Sim,0.188,2024-04-01T00:00:00+00:00,8860b52c97fffff
ACC-00007334,NORMAL,SBI-Sim,0.02,2023-04-04T00:00:00+00:00,8860b19695fffff
ACC-00007335,NORMAL,HDFC-Sim,0.069,2025-10-29T00:00:00+00:00,883d8dcc0dfffff
ACC-00007336,NORMAL,ICICI-Sim,0.154,2024-07-02T00:00:00+00:00,8860b52e9bfffff
ACC-00007337,NORMAL,ICICI-Sim,0.102,2022-08-17T00:00:00+00:00,8860b52c97fffff
ACC-00007338,NORMAL,Axis-Sim,0.031,2023-10-27T00:00:00+00:00,883da115a5fffff
ACC-00007339,NORMAL,SBI-Sim,0.028,2025-02-27T00:00:00+00:00,8842ceb559fffff
ACC-00007340,NORMAL,SBI-Sim,0.061,2024-01-17T00:00:00+00:00,88618c4f2bfffff
ACC-00007341,NORMAL,ICICI-Sim,0.068,2023-04-22T00:00:00+00:00,88608b4733fffff
ACC-00007342,NORMAL,HDFC-Sim,0.032,2025-02-24T00:00:00+00:00,883da11409fffff
ACC-00007343,NORMAL,PNB-Sim,0.142,2023-04-13T00:00:00+00:00,88608b0a6bfffff
ACC-00007344,NORMAL,ICICI-Sim,0.006,2021-12-03T00:00:00+00:00,88608b0a6bfffff
ACC-00007345,NORMAL,PNB-Sim,0.134,2025-03-16T00:00:00+00:00,8842cea623fffff
ACC-00007346,NORMAL,SBI-Sim,0.073,2021-08-22T00:00:00+00:00,883da11233fffff
ACC-00007347,NORMAL,SBI-Sim,0.161,2024-02-07T00:00:00+00:00,88618921d1fffff
ACC-00007348,NORMAL,ICICI-Sim,0.063,2021-10-22T00:00:00+00:00,8860b19695fffff
ACC-00007349,NORMAL,ICICI-Sim,0.123,2023-12-09T00:00:00+00:00,8842ceb4a1fffff
ACC-00007350,NORMAL,HDFC-Sim,0.134,2026-04-26T00:00:00+00:00,8860a259bbfffff
ACC-00007351,NORMAL,HDFC-Sim,0.136,2026-04-23T00:00:00+00:00,883da11233fffff
ACC-00007352,NORMAL,ICICI-Sim,0.231,2024-05-09T00:00:00+00:00,88608b0961fffff
ACC-00007353,NORMAL,PNB-Sim,0.125,2025-01-22T00:00:00+00:00,8842ceb559fffff
ACC-00007354,NORMAL,HDFC-Sim,0.21,2023-10-23T00:00:00+00:00,88608b4733fffff
ACC-00007355,NORMAL,SBI-Sim,0.202,2024-06-26T00:00:00+00:00,883da11623fffff
ACC-00007356,NORMAL,Axis-Sim,0.159,2024-08-24T00:00:00+00:00,883da115a5fffff
ACC-00007357,NORMAL,SBI-Sim,0.133,2025-10-12T00:00:00+00:00,883da11233fffff
ACC-00007358,NORMAL,HDFC-Sim,0.03,2022-05-29T00:00:00+00:00,88618c4e63fffff
ACC-00007359,NORMAL,SBI-Sim,0.227,2022-04-19T00:00:00+00:00,88618921d1fffff
ACC-00007360,NORMAL,BOI-Sim,0.236,2026-01-24T00:00:00+00:00,8860145943fffff
ACC-00007361,NORMAL,ICICI-Sim,0.069,2024-09-08T00:00:00+00:00,8860b19695fffff
ACC-00007362,NORMAL,BOI-Sim,0.043,2025-12-24T00:00:00+00:00,88608b0961fffff
ACC-00007363,NORMAL,SBI-Sim,0.183,2022-07-28T00:00:00+00:00,88608b4733fffff
ACC-00007364,NORMAL,Axis-Sim,0.097,2022-01-03T00:00:00+00:00,88618921d1fffff
ACC-00007365,NORMAL,Axis-Sim,0.05,2022-09-13T00:00:00+00:00,88618c4e63fffff
ACC-00007366,NORMAL,ICICI-Sim,0.164,2022-05-17T00:00:00+00:00,88618c4d05fffff
ACC-00007367,NORMAL,SBI-Sim,0.06,2024-04-28T00:00:00+00:00,88608b56d7fffff
ACC-00007368,NORMAL,ICICI-Sim,0.171,2024-07-16T00:00:00+00:00,883d8dcc0dfffff
ACC-00007369,NORMAL,Axis-Sim,0.098,2023-05-26T00:00:00+00:00,88608b0961fffff
ACC-00007370,NORMAL,PNB-Sim,0.139,2025-05-07T00:00:00+00:00,8860b52c97fffff
ACC-00007371,NORMAL,BOI-Sim,0.232,2022-07-04T00:00:00+00:00,88618921d1fffff
ACC-00007372,NORMAL,HDFC-Sim,0.237,2025-06-11T00:00:00+00:00,883da11409fffff
ACC-00007373,NORMAL,Axis-Sim,0.208,2025-06-27T00:00:00+00:00,8842cea623fffff
ACC-00007374,NORMAL,Axis-Sim,0.233,2024-01-21T00:00:00+00:00,8861892ecbfffff
ACC-00007375,NORMAL,PNB-Sim,0.038,2025-08-08T00:00:00+00:00,88618c4e63fffff
ACC-00007376,NORMAL,ICICI-Sim,0.246,2023-12-03T00:00:00+00:00,8860a259bbfffff
ACC-00007377,NORMAL,HDFC-Sim,0.205,2024-09-05T00:00:00+00:00,8861892ecbfffff
ACC-00007378,NORMAL,HDFC-Sim,0.177,2025-05-06T00:00:00+00:00,8842ceb5d9fffff
ACC-00007379,NORMAL,SBI-Sim,0.156,2024-03-31T00:00:00+00:00,8860a259bbfffff
ACC-00007380,NORMAL,PNB-Sim,0.229,2024-07-24T00:00:00+00:00,883d8dcf1dfffff
ACC-00007381,NORMAL,ICICI-Sim,0.161,2022-03-23T00:00:00+00:00,88618c4d05fffff
ACC-00007382,NORMAL,HDFC-Sim,0.168,2022-07-19T00:00:00+00:00,88618921d1fffff
ACC-00007383,NORMAL,Axis-Sim,0.119,2025-03-13T00:00:00+00:00,883d8dcd5dfffff
ACC-00007384,NORMAL,SBI-Sim,0.021,2025-09-27T00:00:00+00:00,88618925c5fffff
ACC-00007385,NORMAL,Axis-Sim,0.184,2024-06-21T00:00:00+00:00,883da11233fffff
ACC-00007386,NORMAL,HDFC-Sim,0.002,2021-07-24T00:00:00+00:00,8860a259bbfffff
ACC-00007387,NORMAL,PNB-Sim,0.126,2021-09-12T00:00:00+00:00,8842cea623fffff
ACC-00007388,NORMAL,BOI-Sim,0.009,2022-09-09T00:00:00+00:00,88608b4733fffff
ACC-00007389,NORMAL,HDFC-Sim,0.042,2023-08-05T00:00:00+00:00,88618c45b9fffff
ACC-00007390,NORMAL,HDFC-Sim,0.119,2022-07-12T00:00:00+00:00,88618c4d05fffff
ACC-00007391,NORMAL,Axis-Sim,0.017,2022-04-26T00:00:00+00:00,88608b4733fffff
ACC-00007392,NORMAL,SBI-Sim,0.233,2024-10-23T00:00:00+00:00,88608b0961fffff
ACC-00007393,NORMAL,Axis-Sim,0.243,2022-06-22T00:00:00+00:00,8860b52e9bfffff
ACC-00007394,NORMAL,PNB-Sim,0.174,2025-09-15T00:00:00+00:00,88608b56d7fffff
ACC-00007395,NORMAL,HDFC-Sim,0.019,2025-08-08T00:00:00+00:00,8860a259bbfffff
ACC-00007396,NORMAL,Axis-Sim,0.205,2025-10-17T00:00:00+00:00,8861892ecbfffff
ACC-00007397,NORMAL,PNB-Sim,0.1,2026-04-07T00:00:00+00:00,883da115a5fffff
ACC-00007398,NORMAL,ICICI-Sim,0.187,2025-05-08T00:00:00+00:00,883da11409fffff
ACC-00007399,NORMAL,Axis-Sim,0.057,2023-01-21T00:00:00+00:00,8860b19695fffff
ACC-00007400,NORMAL,BOI-Sim,0.233,2024-02-08T00:00:00+00:00,883da115a5fffff
ACC-00007401,NORMAL,BOI-Sim,0.031,2023-04-23T00:00:00+00:00,883da11623fffff
ACC-00007402,NORMAL,BOI-Sim,0.168,2023-08-22T00:00:00+00:00,883d8dcc0dfffff
ACC-00007403,NORMAL,PNB-Sim,0.028,2023-04-08T00:00:00+00:00,8860145943fffff
ACC-00007404,NORMAL,BOI-Sim,0.06,2024-12-22T00:00:00+00:00,88608b0a6bfffff
ACC-00007405,NORMAL,Axis-Sim,0.008,2025-06-09T00:00:00+00:00,883d8dcdd5fffff
ACC-00007406,NORMAL,SBI-Sim,0.189,2022-09-15T00:00:00+00:00,8861892ecbfffff
ACC-00007407,NORMAL,SBI-Sim,0.177,2025-09-29T00:00:00+00:00,8842cea623fffff
ACC-00007408,NORMAL,HDFC-Sim,0.059,2023-09-19T00:00:00+00:00,8860b52c97fffff
ACC-00007409,NORMAL,SBI-Sim,0.027,2023-12-28T00:00:00+00:00,883da115a5fffff
ACC-00007410,NORMAL,HDFC-Sim,0.036,2023-05-11T00:00:00+00:00,88618921d1fffff
ACC-00007411,NORMAL,SBI-Sim,0.015,2023-09-03T00:00:00+00:00,88608b4733fffff
ACC-00007412,NORMAL,ICICI-Sim,0.162,2021-12-14T00:00:00+00:00,883d8dcf1dfffff
ACC-00007413,NORMAL,PNB-Sim,0.105,2022-03-20T00:00:00+00:00,8842ceb4a1fffff
ACC-00007414,NORMAL,PNB-Sim,0.247,2021-11-20T00:00:00+00:00,8860b19695fffff
ACC-00007415,NORMAL,HDFC-Sim,0.06,2026-03-27T00:00:00+00:00,8860a259bbfffff
ACC-00007416,NORMAL,BOI-Sim,0.124,2022-11-06T00:00:00+00:00,88608b0961fffff
ACC-00007417,NORMAL,PNB-Sim,0.186,2024-10-09T00:00:00+00:00,8861892ecbfffff
ACC-00007418,NORMAL,SBI-Sim,0.221,2022-09-08T00:00:00+00:00,88608b4733fffff
ACC-00007419,NORMAL,Axis-Sim,0.051,2026-01-05T00:00:00+00:00,883da11409fffff
ACC-00007420,NORMAL,PNB-Sim,0.014,2023-09-09T00:00:00+00:00,883d8dcf1dfffff
ACC-00007421,NORMAL,ICICI-Sim,0.09,2025-02-18T00:00:00+00:00,8842ceb559fffff
ACC-00007422,NORMAL,Axis-Sim,0.207,2024-12-17T00:00:00+00:00,8860b19695fffff
ACC-00007423,NORMAL,SBI-Sim,0.247,2026-02-19T00:00:00+00:00,88618925c5fffff
ACC-00007424,NORMAL,PNB-Sim,0.165,2025-09-06T00:00:00+00:00,8860b52e9bfffff
ACC-00007425,NORMAL,ICICI-Sim,0.139,2026-02-27T00:00:00+00:00,883d8dcf1dfffff
ACC-00007426,NORMAL,Axis-Sim,0.186,2026-01-03T00:00:00+00:00,8842ceb5d9fffff
ACC-00007427,NORMAL,PNB-Sim,0.018,2022-02-10T00:00:00+00:00,883da11233fffff
ACC-00007428,NORMAL,PNB-Sim,0.022,2023-05-27T00:00:00+00:00,88618c45b9fffff
ACC-00007429,NORMAL,Axis-Sim,0.148,2025-12-03T00:00:00+00:00,883da11623fffff
ACC-00007430,NORMAL,PNB-Sim,0.106,2023-02-25T00:00:00+00:00,8860b19695fffff
ACC-00007431,NORMAL,Axis-Sim,0.088,2023-11-21T00:00:00+00:00,88618921d1fffff
ACC-00007432,NORMAL,PNB-Sim,0.047,2022-04-30T00:00:00+00:00,883da115a5fffff
ACC-00007433,NORMAL,HDFC-Sim,0.188,2025-03-14T00:00:00+00:00,8860b52e9bfffff
ACC-00007434,NORMAL,BOI-Sim,0.138,2025-04-07T00:00:00+00:00,88618921d1fffff
ACC-00007435,NORMAL,SBI-Sim,0.038,2023-03-28T00:00:00+00:00,8842cea623fffff
ACC-00007436,NORMAL,PNB-Sim,0.224,2024-07-07T00:00:00+00:00,88618c4f2bfffff
ACC-00007437,NORMAL,Axis-Sim,0.112,2021-09-11T00:00:00+00:00,88618c4f2bfffff
ACC-00007438,NORMAL,BOI-Sim,0.006,2024-01-25T00:00:00+00:00,8860b52c97fffff
ACC-00007439,NORMAL,SBI-Sim,0.181,2024-03-31T00:00:00+00:00,88608b0961fffff
ACC-00007440,NORMAL,SBI-Sim,0.125,2023-12-09T00:00:00+00:00,88618c45b9fffff
ACC-00007441,NORMAL,SBI-Sim,0.245,2022-01-04T00:00:00+00:00,88618c45b9fffff
ACC-00007442,NORMAL,Axis-Sim,0.098,2024-11-21T00:00:00+00:00,88618c4f2bfffff
ACC-00007443,NORMAL,BOI-Sim,0.213,2025-05-19T00:00:00+00:00,883d8dcf1dfffff
ACC-00007444,NORMAL,PNB-Sim,0.127,2023-02-28T00:00:00+00:00,8860b52c97fffff
ACC-00007445,NORMAL,Axis-Sim,0.203,2022-03-31T00:00:00+00:00,88618c4d05fffff
ACC-00007446,NORMAL,ICICI-Sim,0.238,2024-07-13T00:00:00+00:00,8842ceb559fffff
ACC-00007447,NORMAL,Axis-Sim,0.107,2022-04-27T00:00:00+00:00,88618c4f2bfffff
ACC-00007448,NORMAL,PNB-Sim,0.226,2025-11-12T00:00:00+00:00,88608b56d7fffff
ACC-00007449,NORMAL,ICICI-Sim,0.083,2023-07-10T00:00:00+00:00,883da11233fffff
ACC-00007450,NORMAL,Axis-Sim,0.152,2025-10-02T00:00:00+00:00,88608b0961fffff
ACC-00007451,NORMAL,ICICI-Sim,0.034,2021-09-30T00:00:00+00:00,88618c4f2bfffff
ACC-00007452,NORMAL,HDFC-Sim,0.227,2025-02-06T00:00:00+00:00,88608b0a6bfffff
ACC-00007453,NORMAL,ICICI-Sim,0.117,2024-02-13T00:00:00+00:00,8860145943fffff
ACC-00007454,NORMAL,ICICI-Sim,0.228,2025-11-01T00:00:00+00:00,88618921d1fffff
ACC-00007455,NORMAL,Axis-Sim,0.007,2024-05-22T00:00:00+00:00,883da11623fffff
ACC-00007456,NORMAL,HDFC-Sim,0.188,2023-02-23T00:00:00+00:00,883d8dcd5dfffff
ACC-00007457,NORMAL,PNB-Sim,0.181,2022-05-19T00:00:00+00:00,88608b0961fffff
ACC-00007458,NORMAL,PNB-Sim,0.177,2023-03-05T00:00:00+00:00,8860b52e9bfffff
ACC-00007459,NORMAL,ICICI-Sim,0.001,2026-02-27T00:00:00+00:00,883d8dcc0dfffff
ACC-00007460,NORMAL,SBI-Sim,0.134,2024-02-28T00:00:00+00:00,88618c4f2bfffff
ACC-00007461,NORMAL,BOI-Sim,0.023,2022-09-01T00:00:00+00:00,8860145943fffff
ACC-00007462,NORMAL,HDFC-Sim,0.197,2022-09-29T00:00:00+00:00,88618c4e63fffff
ACC-00007463,NORMAL,HDFC-Sim,0.014,2022-09-17T00:00:00+00:00,8860b19695fffff
ACC-00007464,NORMAL,HDFC-Sim,0.148,2021-12-07T00:00:00+00:00,883d8dcf1dfffff
ACC-00007465,NORMAL,PNB-Sim,0.229,2026-02-04T00:00:00+00:00,88618c4d05fffff
ACC-00007466,NORMAL,Axis-Sim,0.247,2024-02-20T00:00:00+00:00,8860145943fffff
ACC-00007467,NORMAL,Axis-Sim,0.224,2022-03-03T00:00:00+00:00,88618c4f2bfffff
ACC-00007468,NORMAL,BOI-Sim,0.188,2023-07-28T00:00:00+00:00,883da11233fffff
ACC-00007469,NORMAL,HDFC-Sim,0.237,2021-11-06T00:00:00+00:00,883d8dcdd5fffff
ACC-00007470,NORMAL,Axis-Sim,0.04,2022-11-05T00:00:00+00:00,88618921d1fffff
ACC-00007471,NORMAL,HDFC-Sim,0.241,2022-06-12T00:00:00+00:00,8842ceb559fffff
ACC-00007472,NORMAL,HDFC-Sim,0.046,2024-08-26T00:00:00+00:00,88618c4f2bfffff
ACC-00007473,NORMAL,SBI-Sim,0.087,2024-08-08T00:00:00+00:00,88608b56d7fffff
ACC-00007474,NORMAL,BOI-Sim,0.001,2026-02-18T00:00:00+00:00,8860b52c97fffff
ACC-00007475,NORMAL,BOI-Sim,0.161,2026-04-02T00:00:00+00:00,883da11409fffff
ACC-00007476,NORMAL,PNB-Sim,0.084,2023-10-17T00:00:00+00:00,88618c4f2bfffff
ACC-00007477,NORMAL,ICICI-Sim,0.043,2024-06-12T00:00:00+00:00,88618c4e63fffff
ACC-00007478,NORMAL,HDFC-Sim,0.078,2026-04-05T00:00:00+00:00,883da11409fffff
ACC-00007479,NORMAL,PNB-Sim,0.074,2022-10-30T00:00:00+00:00,883da11623fffff
ACC-00007480,NORMAL,Axis-Sim,0.226,2023-05-27T00:00:00+00:00,883da11409fffff
ACC-00007481,NORMAL,HDFC-Sim,0.081,2024-08-15T00:00:00+00:00,88618c45b9fffff
ACC-00007482,NORMAL,SBI-Sim,0.239,2022-02-17T00:00:00+00:00,88618c45b9fffff
ACC-00007483,NORMAL,PNB-Sim,0.176,2023-10-30T00:00:00+00:00,8842ceb5d9fffff
ACC-00007484,NORMAL,SBI-Sim,0.06,2022-04-10T00:00:00+00:00,8860a259bbfffff
ACC-00007485,NORMAL,Axis-Sim,0.091,2026-04-16T00:00:00+00:00,8860b19695fffff
ACC-00007486,NORMAL,PNB-Sim,0.098,2023-02-14T00:00:00+00:00,88618925c5fffff
ACC-00007487,NORMAL,SBI-Sim,0.161,2022-04-16T00:00:00+00:00,883da11409fffff
ACC-00007488,NORMAL,ICICI-Sim,0.223,2021-08-22T00:00:00+00:00,88618c4e63fffff
ACC-00007489,NORMAL,ICICI-Sim,0.231,2023-05-16T00:00:00+00:00,8842ceb4a1fffff
ACC-00007490,NORMAL,ICICI-Sim,0.244,2025-12-02T00:00:00+00:00,8860b52e9bfffff
ACC-00007491,NORMAL,PNB-Sim,0.027,2025-10-01T00:00:00+00:00,88608b4733fffff
ACC-00007492,NORMAL,ICICI-Sim,0.179,2022-11-05T00:00:00+00:00,883da11233fffff
ACC-00007493,NORMAL,Axis-Sim,0.208,2026-02-17T00:00:00+00:00,88618c4e63fffff
ACC-00007494,NORMAL,PNB-Sim,0.179,2022-05-28T00:00:00+00:00,883d8dcf1dfffff
ACC-00007495,NORMAL,BOI-Sim,0.222,2022-09-04T00:00:00+00:00,8842cea623fffff
ACC-00007496,NORMAL,PNB-Sim,0.041,2024-09-08T00:00:00+00:00,88618925c5fffff
ACC-00007497,NORMAL,SBI-Sim,0.135,2023-02-10T00:00:00+00:00,8842ceb4a1fffff
ACC-00007498,NORMAL,Axis-Sim,0.111,2024-03-11T00:00:00+00:00,883d8dcdd5fffff
ACC-00007499,NORMAL,HDFC-Sim,0.168,2023-02-22T00:00:00+00:00,883da11623fffff
ACC-00007500,NORMAL,PNB-Sim,0.03,2025-05-24T00:00:00+00:00,88618c45b9fffff
ACC-00007501,NORMAL,BOI-Sim,0.171,2026-04-02T00:00:00+00:00,88608b0a6bfffff
ACC-00007502,NORMAL,BOI-Sim,0.155,2023-01-28T00:00:00+00:00,88608b4733fffff
ACC-00007503,NORMAL,PNB-Sim,0.073,2024-04-30T00:00:00+00:00,88608b56d7fffff
ACC-00007504,NORMAL,ICICI-Sim,0.217,2023-01-19T00:00:00+00:00,88608b4733fffff
ACC-00007505,NORMAL,SBI-Sim,0.208,2021-07-16T00:00:00+00:00,883da11623fffff
ACC-00007506,NORMAL,HDFC-Sim,0.191,2024-10-08T00:00:00+00:00,8860b52c97fffff
ACC-00007507,NORMAL,Axis-Sim,0.057,2026-04-20T00:00:00+00:00,883d8dcdd5fffff
ACC-00007508,NORMAL,SBI-Sim,0.188,2025-06-13T00:00:00+00:00,8860b52e9bfffff
ACC-00007509,NORMAL,PNB-Sim,0.164,2023-08-09T00:00:00+00:00,88618c4f2bfffff
ACC-00007510,NORMAL,HDFC-Sim,0.111,2022-01-31T00:00:00+00:00,8860b52c97fffff
ACC-00007511,NORMAL,BOI-Sim,0.172,2022-07-07T00:00:00+00:00,8860a259bbfffff
ACC-00007512,NORMAL,HDFC-Sim,0.079,2022-12-26T00:00:00+00:00,8860b19695fffff
ACC-00007513,NORMAL,HDFC-Sim,0.119,2021-11-08T00:00:00+00:00,883da11623fffff
ACC-00007514,NORMAL,PNB-Sim,0.081,2024-09-23T00:00:00+00:00,8860b52e9bfffff
ACC-00007515,NORMAL,ICICI-Sim,0.091,2024-01-01T00:00:00+00:00,8861892ecbfffff
ACC-00007516,NORMAL,Axis-Sim,0.113,2022-09-06T00:00:00+00:00,88618c45b9fffff
ACC-00007517,NORMAL,HDFC-Sim,0.025,2025-06-30T00:00:00+00:00,883da11409fffff
ACC-00007518,NORMAL,SBI-Sim,0.245,2021-10-29T00:00:00+00:00,88618921d1fffff
ACC-00007519,NORMAL,BOI-Sim,0.054,2024-09-17T00:00:00+00:00,883d8dcf1dfffff
ACC-00007520,NORMAL,SBI-Sim,0.172,2026-01-11T00:00:00+00:00,8860b52e9bfffff
ACC-00007521,NORMAL,BOI-Sim,0.128,2026-04-28T00:00:00+00:00,88608b56d7fffff
ACC-00007522,NORMAL,HDFC-Sim,0.163,2024-04-17T00:00:00+00:00,88608b56d7fffff
ACC-00007523,NORMAL,Axis-Sim,0.131,2024-02-22T00:00:00+00:00,883d8dcc0dfffff
ACC-00007524,NORMAL,ICICI-Sim,0.022,2024-04-16T00:00:00+00:00,883da11233fffff
ACC-00007525,NORMAL,ICICI-Sim,0.082,2022-08-29T00:00:00+00:00,88608b0a6bfffff
ACC-00007526,NORMAL,HDFC-Sim,0.028,2024-09-28T00:00:00+00:00,88618921d1fffff
ACC-00007527,NORMAL,SBI-Sim,0.032,2023-08-30T00:00:00+00:00,88618c4f2bfffff
ACC-00007528,NORMAL,ICICI-Sim,0.122,2025-11-22T00:00:00+00:00,88618c4f2bfffff
ACC-00007529,NORMAL,Axis-Sim,0.214,2026-02-17T00:00:00+00:00,88608b4733fffff
ACC-00007530,NORMAL,SBI-Sim,0.125,2026-04-12T00:00:00+00:00,8842ceb5d9fffff
ACC-00007531,NORMAL,Axis-Sim,0.145,2021-12-01T00:00:00+00:00,883d8dcdd5fffff
ACC-00007532,NORMAL,ICICI-Sim,0.121,2022-05-17T00:00:00+00:00,883da115a5fffff
ACC-00007533,NORMAL,Axis-Sim,0.157,2024-09-28T00:00:00+00:00,88608b4733fffff
ACC-00007534,NORMAL,ICICI-Sim,0.158,2025-10-29T00:00:00+00:00,88608b56d7fffff
ACC-00007535,NORMAL,Axis-Sim,0.042,2022-03-20T00:00:00+00:00,88608b4733fffff
ACC-00007536,NORMAL,Axis-Sim,0.164,2023-07-21T00:00:00+00:00,88608b56d7fffff
ACC-00007537,NORMAL,Axis-Sim,0.12,2024-02-05T00:00:00+00:00,88608b4733fffff
ACC-00007538,NORMAL,SBI-Sim,0.023,2023-12-24T00:00:00+00:00,88618925c5fffff
ACC-00007539,NORMAL,SBI-Sim,0.163,2024-03-11T00:00:00+00:00,8860a259bbfffff
ACC-00007540,NORMAL,BOI-Sim,0.148,2025-10-14T00:00:00+00:00,8860b52e9bfffff
ACC-00007541,NORMAL,PNB-Sim,0.102,2021-08-17T00:00:00+00:00,883d8dcc0dfffff
ACC-00007542,NORMAL,BOI-Sim,0.036,2023-08-29T00:00:00+00:00,883da11623fffff
ACC-00007543,NORMAL,SBI-Sim,0.14,2025-01-16T00:00:00+00:00,883da11623fffff
ACC-00007544,NORMAL,ICICI-Sim,0.143,2024-04-30T00:00:00+00:00,88608b0a6bfffff
ACC-00007545,NORMAL,PNB-Sim,0.02,2022-07-03T00:00:00+00:00,8860b52c97fffff
ACC-00007546,NORMAL,Axis-Sim,0.006,2023-06-17T00:00:00+00:00,883d8dcc0dfffff
ACC-00007547,NORMAL,SBI-Sim,0.198,2025-02-23T00:00:00+00:00,88618925c5fffff
ACC-00007548,NORMAL,BOI-Sim,0.139,2021-08-08T00:00:00+00:00,8861892ecbfffff
ACC-00007549,NORMAL,PNB-Sim,0.086,2021-07-26T00:00:00+00:00,883da115a5fffff
ACC-00007550,NORMAL,HDFC-Sim,0.035,2024-06-23T00:00:00+00:00,883da11233fffff
ACC-00007551,NORMAL,Axis-Sim,0.139,2021-08-09T00:00:00+00:00,88618921d1fffff
ACC-00007552,NORMAL,HDFC-Sim,0.229,2022-09-21T00:00:00+00:00,883da11623fffff
ACC-00007553,NORMAL,PNB-Sim,0.215,2025-02-08T00:00:00+00:00,8860b52c97fffff
ACC-00007554,NORMAL,ICICI-Sim,0.244,2025-04-16T00:00:00+00:00,8860b52e9bfffff
ACC-00007555,NORMAL,SBI-Sim,0.141,2025-10-27T00:00:00+00:00,88618c45b9fffff
ACC-00007556,NORMAL,SBI-Sim,0.118,2023-10-24T00:00:00+00:00,8842ceb5d9fffff
ACC-00007557,NORMAL,HDFC-Sim,0.116,2025-10-19T00:00:00+00:00,8842cea623fffff
ACC-00007558,NORMAL,SBI-Sim,0.045,2022-04-02T00:00:00+00:00,883d8dcdd5fffff
ACC-00007559,NORMAL,SBI-Sim,0.041,2025-01-17T00:00:00+00:00,88608b0a6bfffff
ACC-00007560,NORMAL,SBI-Sim,0.118,2025-02-11T00:00:00+00:00,88608b0a6bfffff
ACC-00007561,NORMAL,HDFC-Sim,0.175,2023-09-19T00:00:00+00:00,883da11623fffff
ACC-00007562,NORMAL,PNB-Sim,0.123,2023-08-24T00:00:00+00:00,8842ceb5d9fffff
ACC-00007563,NORMAL,ICICI-Sim,0.23,2023-06-12T00:00:00+00:00,88618925c5fffff
ACC-00007564,NORMAL,Axis-Sim,0.102,2024-12-06T00:00:00+00:00,883da11233fffff
ACC-00007565,NORMAL,Axis-Sim,0.172,2022-08-24T00:00:00+00:00,88618925c5fffff
ACC-00007566,NORMAL,BOI-Sim,0.041,2022-12-05T00:00:00+00:00,883d8dcf1dfffff
ACC-00007567,NORMAL,HDFC-Sim,0.137,2025-07-22T00:00:00+00:00,883da11233fffff
ACC-00007568,NORMAL,Axis-Sim,0.226,2022-11-25T00:00:00+00:00,883d8dcd5dfffff
ACC-00007569,NORMAL,PNB-Sim,0.052,2025-09-05T00:00:00+00:00,883da11409fffff
ACC-00007570,NORMAL,SBI-Sim,0.216,2022-02-26T00:00:00+00:00,883d8dcdd5fffff
ACC-00007571,NORMAL,PNB-Sim,0.207,2021-12-16T00:00:00+00:00,8860a259bbfffff
ACC-00007572,NORMAL,PNB-Sim,0.018,2023-05-10T00:00:00+00:00,883d8dcc0dfffff
ACC-00007573,NORMAL,PNB-Sim,0.135,2024-01-14T00:00:00+00:00,88608b4733fffff
ACC-00007574,NORMAL,BOI-Sim,0.059,2022-04-04T00:00:00+00:00,88618c4f2bfffff
ACC-00007575,NORMAL,HDFC-Sim,0.155,2021-08-04T00:00:00+00:00,88608b56d7fffff
ACC-00007576,NORMAL,SBI-Sim,0.083,2025-09-16T00:00:00+00:00,88608b0961fffff
ACC-00007577,NORMAL,PNB-Sim,0.248,2025-09-25T00:00:00+00:00,8842ceb4a1fffff
ACC-00007578,NORMAL,HDFC-Sim,0.174,2021-09-21T00:00:00+00:00,883da11409fffff
ACC-00007579,NORMAL,PNB-Sim,0.114,2024-06-11T00:00:00+00:00,8842ceb559fffff
ACC-00007580,NORMAL,ICICI-Sim,0.003,2025-02-25T00:00:00+00:00,88608b4733fffff
ACC-00007581,NORMAL,PNB-Sim,0.16,2023-10-24T00:00:00+00:00,88608b0961fffff
ACC-00007582,NORMAL,ICICI-Sim,0.218,2024-05-18T00:00:00+00:00,883da11623fffff
ACC-00007583,NORMAL,Axis-Sim,0.141,2023-06-26T00:00:00+00:00,88618925c5fffff
ACC-00007584,NORMAL,BOI-Sim,0.239,2023-02-20T00:00:00+00:00,88608b0961fffff
ACC-00007585,NORMAL,Axis-Sim,0.034,2024-01-17T00:00:00+00:00,88618c4e63fffff
ACC-00007586,NORMAL,SBI-Sim,0.144,2026-04-16T00:00:00+00:00,8842ceb4a1fffff
ACC-00007587,NORMAL,Axis-Sim,0.104,2026-02-08T00:00:00+00:00,8860b19695fffff
ACC-00007588,NORMAL,PNB-Sim,0.195,2022-06-11T00:00:00+00:00,883d8dcf1dfffff
ACC-00007589,NORMAL,ICICI-Sim,0.065,2026-02-16T00:00:00+00:00,8842ceb559fffff
ACC-00007590,NORMAL,SBI-Sim,0.149,2021-08-30T00:00:00+00:00,8860b19695fffff
ACC-00007591,NORMAL,PNB-Sim,0.231,2025-02-24T00:00:00+00:00,8860b19695fffff
ACC-00007592,NORMAL,HDFC-Sim,0.17,2024-11-25T00:00:00+00:00,883da115a5fffff
ACC-00007593,NORMAL,PNB-Sim,0.049,2023-04-08T00:00:00+00:00,883d8dcd5dfffff
ACC-00007594,NORMAL,HDFC-Sim,0.139,2024-10-04T00:00:00+00:00,883da11623fffff
ACC-00007595,NORMAL,HDFC-Sim,0.13,2022-01-05T00:00:00+00:00,8860b52e9bfffff
ACC-00007596,NORMAL,BOI-Sim,0.211,2025-03-27T00:00:00+00:00,8860b52c97fffff
ACC-00007597,NORMAL,HDFC-Sim,0.142,2023-07-22T00:00:00+00:00,8860b52e9bfffff
ACC-00007598,NORMAL,HDFC-Sim,0.163,2024-10-16T00:00:00+00:00,8860b52e9bfffff
ACC-00007599,NORMAL,PNB-Sim,0.207,2025-03-05T00:00:00+00:00,8860145943fffff
ACC-00007600,NORMAL,SBI-Sim,0.17,2021-08-06T00:00:00+00:00,883da115a5fffff
ACC-00007601,NORMAL,ICICI-Sim,0.138,2022-09-26T00:00:00+00:00,88618c45b9fffff
ACC-00007602,NORMAL,HDFC-Sim,0.217,2022-03-28T00:00:00+00:00,8860b52c97fffff
ACC-00007603,NORMAL,PNB-Sim,0.067,2021-10-05T00:00:00+00:00,88618c4f2bfffff
ACC-00007604,NORMAL,ICICI-Sim,0.015,2021-10-19T00:00:00+00:00,88618c4d05fffff
ACC-00007605,NORMAL,PNB-Sim,0.159,2023-09-24T00:00:00+00:00,88608b56d7fffff
ACC-00007606,NORMAL,PNB-Sim,0.163,2025-08-03T00:00:00+00:00,8860b52e9bfffff
ACC-00007607,NORMAL,Axis-Sim,0.05,2021-07-05T00:00:00+00:00,88608b0a6bfffff
ACC-00007608,NORMAL,ICICI-Sim,0.18,2022-04-26T00:00:00+00:00,883d8dcdd5fffff
ACC-00007609,NORMAL,BOI-Sim,0.244,2024-06-24T00:00:00+00:00,8861892ecbfffff
ACC-00007610,NORMAL,BOI-Sim,0.017,2021-10-24T00:00:00+00:00,883da11233fffff
ACC-00007611,NORMAL,HDFC-Sim,0.062,2022-02-10T00:00:00+00:00,883d8dcdd5fffff
ACC-00007612,NORMAL,PNB-Sim,0.234,2023-01-12T00:00:00+00:00,8860145943fffff
ACC-00007613,NORMAL,SBI-Sim,0.005,2026-01-19T00:00:00+00:00,88608b0a6bfffff
ACC-00007614,NORMAL,ICICI-Sim,0.045,2021-08-15T00:00:00+00:00,8861892ecbfffff
ACC-00007615,NORMAL,HDFC-Sim,0.178,2023-09-25T00:00:00+00:00,8842cea623fffff
ACC-00007616,NORMAL,BOI-Sim,0.179,2026-03-06T00:00:00+00:00,8860145943fffff
ACC-00007617,NORMAL,ICICI-Sim,0.137,2026-02-17T00:00:00+00:00,88618c4f2bfffff
ACC-00007618,NORMAL,PNB-Sim,0.131,2025-12-14T00:00:00+00:00,883d8dcd5dfffff
ACC-00007619,NORMAL,Axis-Sim,0.176,2026-03-03T00:00:00+00:00,8860b52c97fffff
ACC-00007620,NORMAL,PNB-Sim,0.047,2022-06-20T00:00:00+00:00,88618c4e63fffff
ACC-00007621,NORMAL,ICICI-Sim,0.154,2025-05-30T00:00:00+00:00,88608b0a6bfffff
ACC-00007622,NORMAL,PNB-Sim,0.063,2021-08-19T00:00:00+00:00,88608b0961fffff
ACC-00007623,NORMAL,BOI-Sim,0.005,2022-03-27T00:00:00+00:00,883d8dcd5dfffff
ACC-00007624,NORMAL,HDFC-Sim,0.201,2025-04-26T00:00:00+00:00,883da115a5fffff
ACC-00007625,NORMAL,BOI-Sim,0.009,2022-02-24T00:00:00+00:00,883d8dcdd5fffff
ACC-00007626,NORMAL,BOI-Sim,0.178,2024-11-20T00:00:00+00:00,88608b56d7fffff
ACC-00007627,NORMAL,SBI-Sim,0.164,2025-02-09T00:00:00+00:00,8860a259bbfffff
ACC-00007628,NORMAL,ICICI-Sim,0.11,2023-05-09T00:00:00+00:00,883da11233fffff
ACC-00007629,NORMAL,PNB-Sim,0.135,2024-06-20T00:00:00+00:00,8842cea623fffff
ACC-00007630,NORMAL,ICICI-Sim,0.209,2023-11-08T00:00:00+00:00,8860a259bbfffff
ACC-00007631,NORMAL,ICICI-Sim,0.218,2025-02-17T00:00:00+00:00,8842ceb559fffff
ACC-00007632,NORMAL,SBI-Sim,0.058,2024-12-19T00:00:00+00:00,8861892ecbfffff
ACC-00007633,NORMAL,PNB-Sim,0.108,2021-12-13T00:00:00+00:00,88608b0a6bfffff
ACC-00007634,NORMAL,PNB-Sim,0.135,2026-03-14T00:00:00+00:00,8860b19695fffff
ACC-00007635,NORMAL,BOI-Sim,0.105,2026-04-24T00:00:00+00:00,88618921d1fffff
ACC-00007636,NORMAL,SBI-Sim,0.199,2024-04-11T00:00:00+00:00,883d8dcdd5fffff
ACC-00007637,NORMAL,ICICI-Sim,0.24,2024-09-04T00:00:00+00:00,88618c45b9fffff
ACC-00007638,NORMAL,SBI-Sim,0.028,2022-05-13T00:00:00+00:00,883da11623fffff
ACC-00007639,NORMAL,HDFC-Sim,0.011,2022-01-28T00:00:00+00:00,88608b56d7fffff
ACC-00007640,NORMAL,Axis-Sim,0.243,2024-03-04T00:00:00+00:00,8842ceb4a1fffff
ACC-00007641,NORMAL,PNB-Sim,0.067,2024-05-06T00:00:00+00:00,8860a259bbfffff
ACC-00007642,NORMAL,HDFC-Sim,0.23,2022-01-25T00:00:00+00:00,883da11409fffff
ACC-00007643,NORMAL,Axis-Sim,0.11,2024-11-09T00:00:00+00:00,883d8dcd5dfffff
ACC-00007644,NORMAL,ICICI-Sim,0.162,2021-08-11T00:00:00+00:00,88618925c5fffff
ACC-00007645,NORMAL,ICICI-Sim,0.207,2021-11-03T00:00:00+00:00,883d8dcdd5fffff
ACC-00007646,NORMAL,ICICI-Sim,0.061,2022-10-26T00:00:00+00:00,8860b19695fffff
ACC-00007647,NORMAL,ICICI-Sim,0.01,2025-09-02T00:00:00+00:00,8842ceb559fffff
ACC-00007648,NORMAL,Axis-Sim,0.044,2026-02-13T00:00:00+00:00,883da115a5fffff
ACC-00007649,NORMAL,Axis-Sim,0.014,2022-09-22T00:00:00+00:00,883d8dcd5dfffff
ACC-00007650,NORMAL,PNB-Sim,0.013,2023-02-25T00:00:00+00:00,88618c45b9fffff
ACC-00007651,NORMAL,SBI-Sim,0.144,2025-11-08T00:00:00+00:00,883d8dcd5dfffff
ACC-00007652,NORMAL,HDFC-Sim,0.047,2024-06-02T00:00:00+00:00,8860b52e9bfffff
ACC-00007653,NORMAL,PNB-Sim,0.081,2022-08-31T00:00:00+00:00,8842ceb4a1fffff
ACC-00007654,NORMAL,BOI-Sim,0.056,2025-05-08T00:00:00+00:00,88608b0a6bfffff
ACC-00007655,NORMAL,HDFC-Sim,0.128,2026-04-15T00:00:00+00:00,8842ceb559fffff
ACC-00007656,NORMAL,Axis-Sim,0.054,2025-05-02T00:00:00+00:00,88608b0a6bfffff
ACC-00007657,NORMAL,HDFC-Sim,0.077,2026-03-31T00:00:00+00:00,883d8dcc0dfffff
ACC-00007658,NORMAL,PNB-Sim,0.244,2024-08-16T00:00:00+00:00,8860b52e9bfffff
ACC-00007659,NORMAL,BOI-Sim,0.21,2025-08-14T00:00:00+00:00,8842ceb5d9fffff
ACC-00007660,NORMAL,HDFC-Sim,0.159,2024-06-10T00:00:00+00:00,88618c4e63fffff
ACC-00007661,NORMAL,HDFC-Sim,0.135,2025-05-14T00:00:00+00:00,883d8dcd5dfffff
ACC-00007662,NORMAL,SBI-Sim,0.018,2025-12-28T00:00:00+00:00,8842cea623fffff
ACC-00007663,NORMAL,BOI-Sim,0.104,2024-01-20T00:00:00+00:00,88618c4e63fffff
ACC-00007664,NORMAL,PNB-Sim,0.155,2023-10-27T00:00:00+00:00,88608b0961fffff
ACC-00007665,NORMAL,PNB-Sim,0.069,2023-11-18T00:00:00+00:00,8860145943fffff
ACC-00007666,NORMAL,BOI-Sim,0.041,2023-11-04T00:00:00+00:00,8861892ecbfffff
ACC-00007667,NORMAL,PNB-Sim,0.127,2021-11-11T00:00:00+00:00,8860b52e9bfffff
ACC-00007668,NORMAL,SBI-Sim,0.014,2023-05-14T00:00:00+00:00,88618925c5fffff
ACC-00007669,NORMAL,ICICI-Sim,0.235,2024-07-02T00:00:00+00:00,883d8dcc0dfffff
ACC-00007670,NORMAL,PNB-Sim,0.121,2021-07-23T00:00:00+00:00,883da11623fffff
ACC-00007671,NORMAL,Axis-Sim,0.047,2025-05-01T00:00:00+00:00,88608b4733fffff
ACC-00007672,NORMAL,Axis-Sim,0.187,2021-10-09T00:00:00+00:00,8842ceb5d9fffff
ACC-00007673,NORMAL,Axis-Sim,0.069,2024-09-23T00:00:00+00:00,883da11409fffff
ACC-00007674,NORMAL,PNB-Sim,0.098,2021-11-08T00:00:00+00:00,8842ceb5d9fffff
ACC-00007675,NORMAL,ICICI-Sim,0.064,2022-08-25T00:00:00+00:00,88618925c5fffff
ACC-00007676,NORMAL,ICICI-Sim,0.168,2024-05-10T00:00:00+00:00,8842ceb559fffff
ACC-00007677,NORMAL,SBI-Sim,0.014,2023-04-08T00:00:00+00:00,883da11233fffff
ACC-00007678,NORMAL,Axis-Sim,0.204,2025-08-07T00:00:00+00:00,883da11623fffff
ACC-00007679,NORMAL,SBI-Sim,0.112,2022-04-05T00:00:00+00:00,8842ceb5d9fffff
ACC-00007680,NORMAL,HDFC-Sim,0.118,2023-04-03T00:00:00+00:00,883da11409fffff
ACC-00007681,NORMAL,ICICI-Sim,0.1,2025-11-22T00:00:00+00:00,883d8dcd5dfffff
ACC-00007682,NORMAL,PNB-Sim,0.199,2025-03-11T00:00:00+00:00,8860b52e9bfffff
ACC-00007683,NORMAL,PNB-Sim,0.012,2025-01-23T00:00:00+00:00,88608b0a6bfffff
ACC-00007684,NORMAL,SBI-Sim,0.111,2022-11-26T00:00:00+00:00,88618c4d05fffff
ACC-00007685,NORMAL,HDFC-Sim,0.072,2021-07-25T00:00:00+00:00,88608b0a6bfffff
ACC-00007686,NORMAL,HDFC-Sim,0.141,2023-06-22T00:00:00+00:00,883d8dcdd5fffff
ACC-00007687,NORMAL,BOI-Sim,0.012,2023-12-21T00:00:00+00:00,8842ceb559fffff
ACC-00007688,NORMAL,HDFC-Sim,0.147,2024-05-11T00:00:00+00:00,88608b0961fffff
ACC-00007689,NORMAL,SBI-Sim,0.214,2023-03-15T00:00:00+00:00,8860b52e9bfffff
ACC-00007690,NORMAL,ICICI-Sim,0.054,2022-07-10T00:00:00+00:00,88608b0961fffff
ACC-00007691,NORMAL,Axis-Sim,0.185,2026-02-18T00:00:00+00:00,883da11233fffff
ACC-00007692,NORMAL,BOI-Sim,0.178,2025-12-14T00:00:00+00:00,8860b52c97fffff
ACC-00007693,NORMAL,HDFC-Sim,0.142,2025-03-15T00:00:00+00:00,88618c45b9fffff
ACC-00007694,NORMAL,Axis-Sim,0.214,2025-08-29T00:00:00+00:00,8860a259bbfffff
ACC-00007695,NORMAL,HDFC-Sim,0.023,2024-09-06T00:00:00+00:00,88618c45b9fffff
ACC-00007696,NORMAL,Axis-Sim,0.035,2022-09-10T00:00:00+00:00,8860a259bbfffff
ACC-00007697,NORMAL,SBI-Sim,0.007,2024-04-19T00:00:00+00:00,883da115a5fffff
ACC-00007698,NORMAL,HDFC-Sim,0.043,2024-11-25T00:00:00+00:00,88618c4d05fffff
ACC-00007699,NORMAL,SBI-Sim,0.08,2021-09-24T00:00:00+00:00,883da11233fffff
ACC-00007700,NORMAL,BOI-Sim,0.107,2026-04-21T00:00:00+00:00,8842ceb5d9fffff
ACC-00007701,NORMAL,PNB-Sim,0.029,2021-08-13T00:00:00+00:00,8842ceb5d9fffff
ACC-00007702,NORMAL,ICICI-Sim,0.081,2026-03-14T00:00:00+00:00,8860145943fffff
ACC-00007703,NORMAL,HDFC-Sim,0.243,2022-04-16T00:00:00+00:00,883da115a5fffff
ACC-00007704,NORMAL,SBI-Sim,0.238,2021-11-21T00:00:00+00:00,88608b0961fffff
ACC-00007705,NORMAL,ICICI-Sim,0.206,2022-01-03T00:00:00+00:00,883d8dcf1dfffff
ACC-00007706,NORMAL,Axis-Sim,0.095,2022-10-26T00:00:00+00:00,8860b52e9bfffff
ACC-00007707,NORMAL,PNB-Sim,0.162,2025-08-22T00:00:00+00:00,8860b52e9bfffff
ACC-00007708,NORMAL,Axis-Sim,0.112,2025-06-19T00:00:00+00:00,88608b4733fffff
ACC-00007709,NORMAL,PNB-Sim,0.056,2025-11-12T00:00:00+00:00,883da11233fffff
ACC-00007710,NORMAL,HDFC-Sim,0.02,2023-03-20T00:00:00+00:00,883da115a5fffff
ACC-00007711,NORMAL,BOI-Sim,0.247,2024-08-16T00:00:00+00:00,8842ceb4a1fffff
ACC-00007712,NORMAL,SBI-Sim,0.114,2026-03-16T00:00:00+00:00,883d8dcf1dfffff
ACC-00007713,NORMAL,HDFC-Sim,0.234,2025-02-09T00:00:00+00:00,8842ceb5d9fffff
ACC-00007714,NORMAL,SBI-Sim,0.202,2025-05-18T00:00:00+00:00,8860b19695fffff
ACC-00007715,NORMAL,SBI-Sim,0.013,2023-10-08T00:00:00+00:00,88618c45b9fffff
ACC-00007716,NORMAL,SBI-Sim,0.027,2022-12-23T00:00:00+00:00,8860a259bbfffff
ACC-00007717,NORMAL,PNB-Sim,0.146,2025-01-13T00:00:00+00:00,883da11623fffff
ACC-00007718,NORMAL,BOI-Sim,0.239,2022-05-21T00:00:00+00:00,8842ceb559fffff
ACC-00007719,NORMAL,PNB-Sim,0.132,2021-12-23T00:00:00+00:00,88608b0a6bfffff
ACC-00007720,NORMAL,HDFC-Sim,0.201,2024-08-07T00:00:00+00:00,88608b56d7fffff
ACC-00007721,NORMAL,Axis-Sim,0.134,2023-07-12T00:00:00+00:00,883da11409fffff
ACC-00007722,NORMAL,Axis-Sim,0.04,2021-08-19T00:00:00+00:00,883da11409fffff
ACC-00007723,NORMAL,PNB-Sim,0.23,2024-11-20T00:00:00+00:00,88608b4733fffff
ACC-00007724,NORMAL,BOI-Sim,0.113,2022-11-24T00:00:00+00:00,883da11409fffff
ACC-00007725,NORMAL,Axis-Sim,0.148,2024-11-07T00:00:00+00:00,8842ceb559fffff
ACC-00007726,NORMAL,BOI-Sim,0.077,2024-11-14T00:00:00+00:00,88618c45b9fffff
ACC-00007727,NORMAL,SBI-Sim,0.219,2022-08-12T00:00:00+00:00,8860b52e9bfffff
ACC-00007728,NORMAL,BOI-Sim,0.005,2022-01-03T00:00:00+00:00,883d8dcf1dfffff
ACC-00007729,NORMAL,Axis-Sim,0.142,2022-03-17T00:00:00+00:00,883d8dcc0dfffff
ACC-00007730,NORMAL,HDFC-Sim,0.006,2024-05-17T00:00:00+00:00,8842cea623fffff
ACC-00007731,NORMAL,BOI-Sim,0.096,2025-11-19T00:00:00+00:00,8860b52e9bfffff
ACC-00007732,NORMAL,PNB-Sim,0.162,2025-05-20T00:00:00+00:00,883d8dcc0dfffff
ACC-00007733,NORMAL,ICICI-Sim,0.044,2023-06-10T00:00:00+00:00,8860145943fffff
ACC-00007734,NORMAL,BOI-Sim,0.009,2022-08-08T00:00:00+00:00,88618c4e63fffff
ACC-00007735,NORMAL,PNB-Sim,0.012,2026-04-15T00:00:00+00:00,8860b52e9bfffff
ACC-00007736,NORMAL,BOI-Sim,0.223,2022-07-15T00:00:00+00:00,883da11623fffff
ACC-00007737,NORMAL,HDFC-Sim,0.026,2025-09-26T00:00:00+00:00,8860b19695fffff
ACC-00007738,NORMAL,SBI-Sim,0.056,2025-10-04T00:00:00+00:00,8860b19695fffff
ACC-00007739,NORMAL,ICICI-Sim,0.052,2021-08-15T00:00:00+00:00,88608b4733fffff
ACC-00007740,NORMAL,HDFC-Sim,0.038,2023-06-12T00:00:00+00:00,88608b56d7fffff
ACC-00007741,NORMAL,PNB-Sim,0.041,2023-12-13T00:00:00+00:00,88618c4e63fffff
ACC-00007742,NORMAL,ICICI-Sim,0.213,2026-03-19T00:00:00+00:00,8842cea623fffff
ACC-00007743,NORMAL,HDFC-Sim,0.085,2023-03-22T00:00:00+00:00,88618921d1fffff
ACC-00007744,NORMAL,SBI-Sim,0.016,2025-07-22T00:00:00+00:00,8860b19695fffff
ACC-00007745,NORMAL,Axis-Sim,0.019,2023-06-17T00:00:00+00:00,88618c4e63fffff
ACC-00007746,NORMAL,SBI-Sim,0.05,2024-07-09T00:00:00+00:00,883d8dcdd5fffff
ACC-00007747,NORMAL,PNB-Sim,0.013,2024-01-21T00:00:00+00:00,883da11409fffff
ACC-00007748,NORMAL,Axis-Sim,0.106,2022-01-27T00:00:00+00:00,883da11409fffff
ACC-00007749,NORMAL,BOI-Sim,0.224,2023-12-24T00:00:00+00:00,88618925c5fffff
ACC-00007750,NORMAL,BOI-Sim,0.162,2025-03-07T00:00:00+00:00,8842cea623fffff
ACC-00007751,NORMAL,BOI-Sim,0.179,2023-03-13T00:00:00+00:00,883da11409fffff
ACC-00007752,NORMAL,HDFC-Sim,0.019,2022-09-27T00:00:00+00:00,88608b56d7fffff
ACC-00007753,NORMAL,BOI-Sim,0.129,2025-12-17T00:00:00+00:00,883d8dcc0dfffff
ACC-00007754,NORMAL,Axis-Sim,0.175,2025-03-05T00:00:00+00:00,883da11623fffff
ACC-00007755,NORMAL,HDFC-Sim,0.14,2026-01-06T00:00:00+00:00,8860b52e9bfffff
ACC-00007756,NORMAL,Axis-Sim,0.153,2025-02-27T00:00:00+00:00,88608b4733fffff
ACC-00007757,NORMAL,Axis-Sim,0.172,2021-08-07T00:00:00+00:00,88608b0a6bfffff
ACC-00007758,NORMAL,BOI-Sim,0.154,2021-08-23T00:00:00+00:00,8842ceb5d9fffff
ACC-00007759,NORMAL,Axis-Sim,0.081,2022-11-19T00:00:00+00:00,883d8dcdd5fffff
ACC-00007760,NORMAL,BOI-Sim,0.067,2023-10-13T00:00:00+00:00,8842ceb4a1fffff
ACC-00007761,NORMAL,HDFC-Sim,0.015,2022-07-19T00:00:00+00:00,883d8dcdd5fffff
ACC-00007762,NORMAL,ICICI-Sim,0.202,2025-03-26T00:00:00+00:00,883da115a5fffff
ACC-00007763,NORMAL,SBI-Sim,0.036,2024-12-07T00:00:00+00:00,88608b0961fffff
ACC-00007764,NORMAL,ICICI-Sim,0.178,2022-03-25T00:00:00+00:00,8842ceb5d9fffff
ACC-00007765,NORMAL,HDFC-Sim,0.062,2024-07-25T00:00:00+00:00,88618c45b9fffff
ACC-00007766,NORMAL,SBI-Sim,0.146,2025-02-08T00:00:00+00:00,883da11409fffff
ACC-00007767,NORMAL,ICICI-Sim,0.064,2024-06-09T00:00:00+00:00,88618c45b9fffff
ACC-00007768,NORMAL,Axis-Sim,0.092,2025-10-24T00:00:00+00:00,8860b52c97fffff
ACC-00007769,NORMAL,HDFC-Sim,0.242,2021-08-06T00:00:00+00:00,8861892ecbfffff
ACC-00007770,NORMAL,SBI-Sim,0.187,2025-05-03T00:00:00+00:00,88608b56d7fffff
ACC-00007771,NORMAL,Axis-Sim,0.136,2024-07-24T00:00:00+00:00,8860b52e9bfffff
ACC-00007772,NORMAL,BOI-Sim,0.007,2022-07-02T00:00:00+00:00,883da115a5fffff
ACC-00007773,NORMAL,HDFC-Sim,0.182,2025-12-18T00:00:00+00:00,8860145943fffff
ACC-00007774,NORMAL,PNB-Sim,0.045,2023-07-24T00:00:00+00:00,88608b56d7fffff
ACC-00007775,NORMAL,Axis-Sim,0.029,2026-03-19T00:00:00+00:00,88608b0a6bfffff
ACC-00007776,NORMAL,BOI-Sim,0.019,2022-06-25T00:00:00+00:00,8842ceb4a1fffff
ACC-00007777,NORMAL,BOI-Sim,0.25,2026-04-24T00:00:00+00:00,88618c4e63fffff
ACC-00007778,NORMAL,ICICI-Sim,0.023,2024-02-10T00:00:00+00:00,883d8dcc0dfffff
ACC-00007779,NORMAL,Axis-Sim,0.127,2026-04-22T00:00:00+00:00,8861892ecbfffff
ACC-00007780,NORMAL,SBI-Sim,0.156,2023-10-31T00:00:00+00:00,88618c45b9fffff
ACC-00007781,NORMAL,Axis-Sim,0.129,2024-05-16T00:00:00+00:00,88618925c5fffff
ACC-00007782,NORMAL,BOI-Sim,0.063,2025-04-24T00:00:00+00:00,8860a259bbfffff
ACC-00007783,NORMAL,Axis-Sim,0.18,2021-10-14T00:00:00+00:00,8860b52c97fffff
ACC-00007784,NORMAL,BOI-Sim,0.023,2023-01-19T00:00:00+00:00,883d8dcf1dfffff
ACC-00007785,NORMAL,HDFC-Sim,0.167,2022-12-04T00:00:00+00:00,88618c4f2bfffff
ACC-00007786,NORMAL,PNB-Sim,0.071,2023-11-07T00:00:00+00:00,8860b19695fffff
ACC-00007787,NORMAL,PNB-Sim,0.156,2022-01-02T00:00:00+00:00,883da115a5fffff
ACC-00007788,NORMAL,ICICI-Sim,0.0,2025-09-29T00:00:00+00:00,88608b0961fffff
ACC-00007789,NORMAL,BOI-Sim,0.09,2024-02-28T00:00:00+00:00,8842cea623fffff
ACC-00007790,NORMAL,HDFC-Sim,0.201,2025-05-27T00:00:00+00:00,8860b52c97fffff
ACC-00007791,NORMAL,ICICI-Sim,0.119,2024-03-14T00:00:00+00:00,88608b0a6bfffff
ACC-00007792,NORMAL,ICICI-Sim,0.074,2025-10-19T00:00:00+00:00,8842cea623fffff
ACC-00007793,NORMAL,ICICI-Sim,0.033,2024-12-01T00:00:00+00:00,8860145943fffff
ACC-00007794,NORMAL,PNB-Sim,0.215,2023-06-28T00:00:00+00:00,883da11233fffff
ACC-00007795,NORMAL,PNB-Sim,0.003,2022-07-23T00:00:00+00:00,883d8dcf1dfffff
ACC-00007796,NORMAL,SBI-Sim,0.223,2022-08-12T00:00:00+00:00,8842ceb559fffff
ACC-00007797,NORMAL,ICICI-Sim,0.085,2024-04-18T00:00:00+00:00,883d8dcdd5fffff
ACC-00007798,NORMAL,SBI-Sim,0.091,2023-07-03T00:00:00+00:00,8842ceb559fffff
ACC-00007799,NORMAL,HDFC-Sim,0.246,2021-09-08T00:00:00+00:00,88618c4d05fffff
ACC-00007800,NORMAL,BOI-Sim,0.06,2024-02-20T00:00:00+00:00,883d8dcf1dfffff
ACC-00007801,NORMAL,Axis-Sim,0.017,2025-10-12T00:00:00+00:00,88608b56d7fffff
ACC-00007802,NORMAL,ICICI-Sim,0.222,2021-11-14T00:00:00+00:00,88618c4f2bfffff
ACC-00007803,NORMAL,HDFC-Sim,0.197,2023-11-04T00:00:00+00:00,8861892ecbfffff
ACC-00007804,NORMAL,ICICI-Sim,0.241,2024-12-27T00:00:00+00:00,88618c4e63fffff
ACC-00007805,NORMAL,PNB-Sim,0.086,2025-09-05T00:00:00+00:00,883da11623fffff
ACC-00007806,NORMAL,ICICI-Sim,0.081,2026-04-07T00:00:00+00:00,883da11233fffff
ACC-00007807,NORMAL,SBI-Sim,0.143,2024-04-14T00:00:00+00:00,88618925c5fffff
ACC-00007808,NORMAL,SBI-Sim,0.244,2022-03-02T00:00:00+00:00,883d8dcf1dfffff
ACC-00007809,NORMAL,BOI-Sim,0.143,2022-11-27T00:00:00+00:00,88608b0a6bfffff
ACC-00007810,NORMAL,SBI-Sim,0.085,2024-07-12T00:00:00+00:00,883d8dcc0dfffff
ACC-00007811,NORMAL,Axis-Sim,0.115,2021-06-28T00:00:00+00:00,8842cea623fffff
ACC-00007812,NORMAL,ICICI-Sim,0.109,2025-10-08T00:00:00+00:00,88608b56d7fffff
ACC-00007813,NORMAL,BOI-Sim,0.06,2022-04-15T00:00:00+00:00,883da115a5fffff
ACC-00007814,NORMAL,PNB-Sim,0.099,2025-07-22T00:00:00+00:00,88608b56d7fffff
ACC-00007815,NORMAL,ICICI-Sim,0.216,2023-01-30T00:00:00+00:00,88618c4f2bfffff
ACC-00007816,NORMAL,HDFC-Sim,0.221,2025-07-12T00:00:00+00:00,883da11409fffff
ACC-00007817,NORMAL,SBI-Sim,0.174,2025-06-30T00:00:00+00:00,8860b52e9bfffff
ACC-00007818,NORMAL,Axis-Sim,0.209,2022-05-26T00:00:00+00:00,883d8dcf1dfffff
ACC-00007819,NORMAL,PNB-Sim,0.085,2022-09-12T00:00:00+00:00,88608b0961fffff
ACC-00007820,NORMAL,SBI-Sim,0.076,2026-02-19T00:00:00+00:00,883d8dcd5dfffff
ACC-00007821,NORMAL,BOI-Sim,0.036,2025-08-17T00:00:00+00:00,8842ceb4a1fffff
ACC-00007822,NORMAL,SBI-Sim,0.24,2021-11-06T00:00:00+00:00,883da11409fffff
ACC-00007823,NORMAL,ICICI-Sim,0.084,2024-07-29T00:00:00+00:00,8860b52c97fffff
ACC-00007824,NORMAL,PNB-Sim,0.164,2025-07-30T00:00:00+00:00,883d8dcf1dfffff
ACC-00007825,NORMAL,BOI-Sim,0.192,2023-02-01T00:00:00+00:00,8860b19695fffff
ACC-00007826,NORMAL,Axis-Sim,0.06,2024-06-09T00:00:00+00:00,8842cea623fffff
ACC-00007827,NORMAL,ICICI-Sim,0.184,2026-01-02T00:00:00+00:00,88608b0961fffff
ACC-00007828,NORMAL,PNB-Sim,0.146,2024-09-02T00:00:00+00:00,883d8dcc0dfffff
ACC-00007829,NORMAL,ICICI-Sim,0.099,2026-04-05T00:00:00+00:00,88618c45b9fffff
ACC-00007830,NORMAL,Axis-Sim,0.225,2021-10-26T00:00:00+00:00,88608b0a6bfffff
ACC-00007831,NORMAL,PNB-Sim,0.247,2022-04-02T00:00:00+00:00,88618921d1fffff
ACC-00007832,NORMAL,ICICI-Sim,0.09,2022-01-04T00:00:00+00:00,8860a259bbfffff
ACC-00007833,NORMAL,PNB-Sim,0.052,2022-01-09T00:00:00+00:00,88608b4733fffff
ACC-00007834,NORMAL,BOI-Sim,0.167,2022-11-03T00:00:00+00:00,8842ceb4a1fffff
ACC-00007835,NORMAL,ICICI-Sim,0.072,2024-08-13T00:00:00+00:00,883d8dcc0dfffff
ACC-00007836,NORMAL,ICICI-Sim,0.083,2024-02-20T00:00:00+00:00,88608b4733fffff
ACC-00007837,NORMAL,HDFC-Sim,0.167,2021-07-10T00:00:00+00:00,8842ceb5d9fffff
ACC-00007838,NORMAL,HDFC-Sim,0.177,2022-05-21T00:00:00+00:00,8842ceb5d9fffff
ACC-00007839,NORMAL,PNB-Sim,0.218,2022-12-11T00:00:00+00:00,8860b19695fffff
ACC-00007840,NORMAL,BOI-Sim,0.045,2023-01-07T00:00:00+00:00,8860a259bbfffff
ACC-00007841,NORMAL,PNB-Sim,0.191,2025-02-27T00:00:00+00:00,88618c4e63fffff
ACC-00007842,NORMAL,SBI-Sim,0.205,2023-10-05T00:00:00+00:00,883da11623fffff
ACC-00007843,NORMAL,PNB-Sim,0.088,2025-02-26T00:00:00+00:00,883d8dcd5dfffff
ACC-00007844,NORMAL,ICICI-Sim,0.115,2023-01-08T00:00:00+00:00,88608b56d7fffff
ACC-00007845,NORMAL,SBI-Sim,0.171,2024-01-21T00:00:00+00:00,88618c4f2bfffff
ACC-00007846,NORMAL,SBI-Sim,0.01,2025-01-10T00:00:00+00:00,8860b52e9bfffff
ACC-00007847,NORMAL,BOI-Sim,0.142,2024-01-18T00:00:00+00:00,88618c4f2bfffff
ACC-00007848,NORMAL,SBI-Sim,0.002,2026-03-26T00:00:00+00:00,883da115a5fffff
ACC-00007849,NORMAL,PNB-Sim,0.061,2024-03-12T00:00:00+00:00,883da11409fffff
ACC-00007850,NORMAL,SBI-Sim,0.165,2025-07-10T00:00:00+00:00,88618c4f2bfffff
ACC-00007851,NORMAL,ICICI-Sim,0.241,2025-09-08T00:00:00+00:00,883da11409fffff
ACC-00007852,NORMAL,BOI-Sim,0.062,2022-04-16T00:00:00+00:00,88618c4e63fffff
ACC-00007853,NORMAL,PNB-Sim,0.113,2022-05-03T00:00:00+00:00,883d8dcf1dfffff
ACC-00007854,NORMAL,PNB-Sim,0.057,2025-05-24T00:00:00+00:00,883da11623fffff
ACC-00007855,NORMAL,ICICI-Sim,0.14,2025-08-05T00:00:00+00:00,8860145943fffff
ACC-00007856,NORMAL,Axis-Sim,0.229,2024-02-15T00:00:00+00:00,883d8dcdd5fffff
ACC-00007857,NORMAL,HDFC-Sim,0.086,2023-08-01T00:00:00+00:00,88618925c5fffff
ACC-00007858,NORMAL,Axis-Sim,0.169,2024-02-01T00:00:00+00:00,88618c4d05fffff
ACC-00007859,NORMAL,HDFC-Sim,0.164,2021-11-28T00:00:00+00:00,88608b56d7fffff
ACC-00007860,NORMAL,BOI-Sim,0.215,2025-11-30T00:00:00+00:00,88618c4d05fffff
ACC-00007861,NORMAL,SBI-Sim,0.109,2023-12-17T00:00:00+00:00,883da11623fffff
ACC-00007862,NORMAL,Axis-Sim,0.101,2022-06-02T00:00:00+00:00,88618c4f2bfffff
ACC-00007863,NORMAL,HDFC-Sim,0.089,2023-12-13T00:00:00+00:00,8860a259bbfffff
ACC-00007864,NORMAL,PNB-Sim,0.095,2024-08-22T00:00:00+00:00,88608b56d7fffff
ACC-00007865,NORMAL,HDFC-Sim,0.082,2025-11-27T00:00:00+00:00,8842cea623fffff
ACC-00007866,NORMAL,HDFC-Sim,0.185,2022-09-13T00:00:00+00:00,8860145943fffff
ACC-00007867,NORMAL,PNB-Sim,0.011,2024-04-25T00:00:00+00:00,883da11233fffff
ACC-00007868,NORMAL,ICICI-Sim,0.01,2025-04-11T00:00:00+00:00,883d8dcf1dfffff
ACC-00007869,NORMAL,SBI-Sim,0.208,2023-09-19T00:00:00+00:00,88618921d1fffff
ACC-00007870,NORMAL,SBI-Sim,0.169,2023-08-22T00:00:00+00:00,883d8dcdd5fffff
ACC-00007871,NORMAL,ICICI-Sim,0.134,2025-07-27T00:00:00+00:00,8842cea623fffff
ACC-00007872,NORMAL,ICICI-Sim,0.11,2024-06-26T00:00:00+00:00,883da11233fffff
ACC-00007873,NORMAL,SBI-Sim,0.037,2025-09-29T00:00:00+00:00,88608b4733fffff
ACC-00007874,NORMAL,HDFC-Sim,0.059,2024-11-09T00:00:00+00:00,8860a259bbfffff
ACC-00007875,NORMAL,HDFC-Sim,0.14,2021-08-22T00:00:00+00:00,883da11623fffff
ACC-00007876,NORMAL,ICICI-Sim,0.183,2025-04-18T00:00:00+00:00,8861892ecbfffff
ACC-00007877,NORMAL,Axis-Sim,0.139,2023-01-11T00:00:00+00:00,88618921d1fffff
ACC-00007878,NORMAL,PNB-Sim,0.064,2023-06-24T00:00:00+00:00,883da115a5fffff
ACC-00007879,NORMAL,SBI-Sim,0.098,2024-08-16T00:00:00+00:00,883da11233fffff
ACC-00007880,NORMAL,BOI-Sim,0.169,2023-02-16T00:00:00+00:00,88608b0a6bfffff
ACC-00007881,NORMAL,HDFC-Sim,0.151,2023-08-18T00:00:00+00:00,88608b0a6bfffff
ACC-00007882,NORMAL,Axis-Sim,0.162,2023-12-30T00:00:00+00:00,8842ceb4a1fffff
ACC-00007883,NORMAL,SBI-Sim,0.206,2024-05-22T00:00:00+00:00,883da115a5fffff
ACC-00007884,NORMAL,BOI-Sim,0.027,2023-02-06T00:00:00+00:00,883da11623fffff
ACC-00007885,NORMAL,HDFC-Sim,0.173,2023-11-20T00:00:00+00:00,8860b52c97fffff
ACC-00007886,NORMAL,Axis-Sim,0.03,2024-04-21T00:00:00+00:00,88618c45b9fffff
ACC-00007887,NORMAL,SBI-Sim,0.158,2025-05-31T00:00:00+00:00,8842ceb4a1fffff
ACC-00007888,NORMAL,PNB-Sim,0.075,2024-05-02T00:00:00+00:00,883da11409fffff
ACC-00007889,NORMAL,SBI-Sim,0.19,2025-07-14T00:00:00+00:00,8860b19695fffff
ACC-00007890,NORMAL,PNB-Sim,0.081,2025-09-14T00:00:00+00:00,88618c4d05fffff
ACC-00007891,NORMAL,ICICI-Sim,0.112,2023-05-13T00:00:00+00:00,88608b4733fffff
ACC-00007892,NORMAL,ICICI-Sim,0.058,2022-04-20T00:00:00+00:00,8842ceb5d9fffff
ACC-00007893,NORMAL,HDFC-Sim,0.001,2023-06-19T00:00:00+00:00,883da115a5fffff
ACC-00007894,NORMAL,HDFC-Sim,0.135,2023-01-30T00:00:00+00:00,8842cea623fffff
ACC-00007895,NORMAL,HDFC-Sim,0.088,2025-06-13T00:00:00+00:00,88608b4733fffff
ACC-00007896,NORMAL,SBI-Sim,0.12,2025-12-07T00:00:00+00:00,88618925c5fffff
ACC-00007897,NORMAL,SBI-Sim,0.097,2024-03-05T00:00:00+00:00,8842cea623fffff
ACC-00007898,NORMAL,ICICI-Sim,0.038,2021-07-09T00:00:00+00:00,88618921d1fffff
ACC-00007899,NORMAL,Axis-Sim,0.242,2023-07-07T00:00:00+00:00,883d8dcd5dfffff
ACC-00007900,NORMAL,Axis-Sim,0.096,2026-01-18T00:00:00+00:00,8861892ecbfffff
ACC-00007901,NORMAL,ICICI-Sim,0.011,2024-02-05T00:00:00+00:00,883d8dcf1dfffff
ACC-00007902,NORMAL,SBI-Sim,0.156,2023-12-03T00:00:00+00:00,88618c45b9fffff
ACC-00007903,NORMAL,ICICI-Sim,0.186,2023-08-09T00:00:00+00:00,883da11409fffff
ACC-00007904,NORMAL,HDFC-Sim,0.033,2023-06-30T00:00:00+00:00,883d8dcd5dfffff
ACC-00007905,NORMAL,Axis-Sim,0.083,2024-12-12T00:00:00+00:00,8860b19695fffff
ACC-00007906,NORMAL,PNB-Sim,0.183,2022-07-22T00:00:00+00:00,88618921d1fffff
ACC-00007907,NORMAL,SBI-Sim,0.2,2022-12-15T00:00:00+00:00,88608b4733fffff
ACC-00007908,NORMAL,PNB-Sim,0.215,2024-03-28T00:00:00+00:00,88608b0961fffff
ACC-00007909,NORMAL,ICICI-Sim,0.095,2025-08-25T00:00:00+00:00,8860145943fffff
ACC-00007910,NORMAL,HDFC-Sim,0.19,2022-09-16T00:00:00+00:00,88618c4f2bfffff
ACC-00007911,NORMAL,HDFC-Sim,0.072,2023-10-27T00:00:00+00:00,88618c4e63fffff
ACC-00007912,NORMAL,BOI-Sim,0.087,2023-08-28T00:00:00+00:00,88618c4e63fffff
ACC-00007913,NORMAL,SBI-Sim,0.136,2022-04-19T00:00:00+00:00,8860b19695fffff
ACC-00007914,NORMAL,ICICI-Sim,0.204,2024-09-23T00:00:00+00:00,8842ceb5d9fffff
ACC-00007915,NORMAL,HDFC-Sim,0.094,2026-04-24T00:00:00+00:00,8842cea623fffff
ACC-00007916,NORMAL,SBI-Sim,0.012,2025-05-12T00:00:00+00:00,8842cea623fffff
ACC-00007917,NORMAL,BOI-Sim,0.218,2024-07-18T00:00:00+00:00,88608b0961fffff
ACC-00007918,NORMAL,ICICI-Sim,0.085,2021-07-13T00:00:00+00:00,8842cea623fffff
ACC-00007919,NORMAL,HDFC-Sim,0.071,2022-03-05T00:00:00+00:00,8860b19695fffff
ACC-00007920,NORMAL,SBI-Sim,0.237,2022-07-28T00:00:00+00:00,8860b52c97fffff
ACC-00007921,NORMAL,SBI-Sim,0.195,2023-11-23T00:00:00+00:00,8861892ecbfffff
ACC-00007922,NORMAL,Axis-Sim,0.131,2025-05-08T00:00:00+00:00,883da11233fffff
ACC-00007923,NORMAL,PNB-Sim,0.038,2026-04-13T00:00:00+00:00,8842ceb4a1fffff
ACC-00007924,NORMAL,SBI-Sim,0.12,2026-04-02T00:00:00+00:00,88618921d1fffff
ACC-00007925,NORMAL,PNB-Sim,0.071,2022-10-18T00:00:00+00:00,8860b52e9bfffff
ACC-00007926,NORMAL,SBI-Sim,0.167,2025-07-11T00:00:00+00:00,88618c45b9fffff
ACC-00007927,NORMAL,HDFC-Sim,0.183,2022-01-08T00:00:00+00:00,88608b0a6bfffff
ACC-00007928,NORMAL,PNB-Sim,0.068,2023-10-16T00:00:00+00:00,8842ceb559fffff
ACC-00007929,NORMAL,ICICI-Sim,0.02,2021-07-19T00:00:00+00:00,88618c45b9fffff
ACC-00007930,NORMAL,ICICI-Sim,0.233,2025-06-04T00:00:00+00:00,883da115a5fffff
ACC-00007931,NORMAL,ICICI-Sim,0.0,2025-07-01T00:00:00+00:00,883da11623fffff
ACC-00007932,NORMAL,Axis-Sim,0.117,2024-02-09T00:00:00+00:00,88618c45b9fffff
ACC-00007933,NORMAL,HDFC-Sim,0.229,2025-04-21T00:00:00+00:00,883d8dcc0dfffff
ACC-00007934,NORMAL,HDFC-Sim,0.099,2021-07-26T00:00:00+00:00,88608b56d7fffff
ACC-00007935,NORMAL,SBI-Sim,0.076,2026-03-08T00:00:00+00:00,88608b0a6bfffff
ACC-00007936,NORMAL,BOI-Sim,0.208,2023-08-12T00:00:00+00:00,88618c4e63fffff
ACC-00007937,NORMAL,HDFC-Sim,0.218,2021-07-22T00:00:00+00:00,8842cea623fffff
ACC-00007938,NORMAL,PNB-Sim,0.084,2025-08-09T00:00:00+00:00,8860a259bbfffff
ACC-00007939,NORMAL,BOI-Sim,0.123,2021-11-23T00:00:00+00:00,8860b19695fffff
ACC-00007940,NORMAL,HDFC-Sim,0.11,2022-07-13T00:00:00+00:00,8842cea623fffff
ACC-00007941,NORMAL,BOI-Sim,0.181,2023-01-26T00:00:00+00:00,88618c4e63fffff
ACC-00007942,NORMAL,ICICI-Sim,0.214,2025-06-21T00:00:00+00:00,88618c4d05fffff
ACC-00007943,NORMAL,Axis-Sim,0.002,2025-08-12T00:00:00+00:00,8842cea623fffff
ACC-00007944,NORMAL,PNB-Sim,0.23,2021-08-24T00:00:00+00:00,88608b56d7fffff
ACC-00007945,NORMAL,Axis-Sim,0.241,2023-07-16T00:00:00+00:00,8860b52c97fffff
ACC-00007946,NORMAL,Axis-Sim,0.043,2021-09-23T00:00:00+00:00,8860a259bbfffff
ACC-00007947,NORMAL,SBI-Sim,0.105,2022-08-22T00:00:00+00:00,88618c4e63fffff
ACC-00007948,NORMAL,PNB-Sim,0.175,2021-12-04T00:00:00+00:00,8860a259bbfffff
ACC-00007949,NORMAL,HDFC-Sim,0.098,2024-10-06T00:00:00+00:00,8860b19695fffff
ACC-00007950,NORMAL,SBI-Sim,0.106,2025-07-04T00:00:00+00:00,8842ceb559fffff
ACC-00007951,NORMAL,SBI-Sim,0.123,2022-01-09T00:00:00+00:00,883d8dcf1dfffff
ACC-00007952,NORMAL,PNB-Sim,0.136,2023-01-11T00:00:00+00:00,88618c4e63fffff
ACC-00007953,NORMAL,SBI-Sim,0.066,2024-01-31T00:00:00+00:00,88618921d1fffff
ACC-00007954,NORMAL,SBI-Sim,0.204,2026-04-25T00:00:00+00:00,88618925c5fffff
ACC-00007955,NORMAL,SBI-Sim,0.208,2021-09-09T00:00:00+00:00,88618925c5fffff
ACC-00007956,NORMAL,Axis-Sim,0.173,2022-06-20T00:00:00+00:00,883d8dcc0dfffff
ACC-00007957,NORMAL,BOI-Sim,0.173,2022-11-05T00:00:00+00:00,88618c4d05fffff
ACC-00007958,NORMAL,PNB-Sim,0.019,2025-09-07T00:00:00+00:00,8860b52c97fffff
ACC-00007959,NORMAL,BOI-Sim,0.211,2024-08-07T00:00:00+00:00,8842ceb5d9fffff
ACC-00007960,NORMAL,BOI-Sim,0.035,2022-08-03T00:00:00+00:00,8860a259bbfffff
ACC-00007961,NORMAL,BOI-Sim,0.205,2024-07-11T00:00:00+00:00,8861892ecbfffff
ACC-00007962,NORMAL,PNB-Sim,0.146,2022-06-02T00:00:00+00:00,883d8dcd5dfffff
ACC-00007963,NORMAL,Axis-Sim,0.017,2023-08-28T00:00:00+00:00,883d8dcf1dfffff
ACC-00007964,NORMAL,BOI-Sim,0.093,2022-04-01T00:00:00+00:00,8860145943fffff
ACC-00007965,NORMAL,ICICI-Sim,0.184,2024-09-19T00:00:00+00:00,88608b0961fffff
ACC-00007966,NORMAL,HDFC-Sim,0.142,2026-04-30T00:00:00+00:00,883da115a5fffff
ACC-00007967,NORMAL,ICICI-Sim,0.216,2025-12-17T00:00:00+00:00,88608b0961fffff
ACC-00007968,NORMAL,BOI-Sim,0.025,2026-03-20T00:00:00+00:00,8860145943fffff
ACC-00007969,NORMAL,Axis-Sim,0.011,2024-10-11T00:00:00+00:00,8842cea623fffff
ACC-00007970,NORMAL,PNB-Sim,0.096,2022-06-23T00:00:00+00:00,8842ceb4a1fffff
ACC-00007971,NORMAL,Axis-Sim,0.227,2021-08-22T00:00:00+00:00,8842ceb559fffff
ACC-00007972,NORMAL,ICICI-Sim,0.036,2023-06-05T00:00:00+00:00,883da11623fffff
ACC-00007973,NORMAL,HDFC-Sim,0.159,2022-03-11T00:00:00+00:00,883da11233fffff
ACC-00007974,NORMAL,HDFC-Sim,0.195,2024-04-06T00:00:00+00:00,8842ceb5d9fffff
ACC-00007975,NORMAL,BOI-Sim,0.108,2024-06-11T00:00:00+00:00,8861892ecbfffff
ACC-00007976,NORMAL,SBI-Sim,0.221,2026-02-27T00:00:00+00:00,88608b4733fffff
ACC-00007977,NORMAL,HDFC-Sim,0.072,2024-01-09T00:00:00+00:00,883da11233fffff
ACC-00007978,NORMAL,HDFC-Sim,0.129,2022-05-16T00:00:00+00:00,8860b52c97fffff
ACC-00007979,NORMAL,HDFC-Sim,0.168,2025-12-26T00:00:00+00:00,883d8dcf1dfffff
ACC-00007980,NORMAL,SBI-Sim,0.157,2022-09-22T00:00:00+00:00,88608b56d7fffff
ACC-00007981,NORMAL,Axis-Sim,0.126,2023-03-25T00:00:00+00:00,883da11233fffff
ACC-00007982,NORMAL,BOI-Sim,0.209,2026-04-30T00:00:00+00:00,8860b52c97fffff
ACC-00007983,NORMAL,BOI-Sim,0.224,2023-12-08T00:00:00+00:00,883da115a5fffff
ACC-00007984,NORMAL,BOI-Sim,0.147,2022-12-17T00:00:00+00:00,8860b52e9bfffff
ACC-00007985,NORMAL,ICICI-Sim,0.079,2022-11-03T00:00:00+00:00,88618925c5fffff
ACC-00007986,NORMAL,HDFC-Sim,0.213,2024-03-29T00:00:00+00:00,8860b52e9bfffff
ACC-00007987,NORMAL,Axis-Sim,0.138,2022-12-12T00:00:00+00:00,8842ceb559fffff
ACC-00007988,NORMAL,SBI-Sim,0.249,2021-08-03T00:00:00+00:00,88618c4f2bfffff
ACC-00007989,NORMAL,SBI-Sim,0.128,2022-01-12T00:00:00+00:00,883d8dcc0dfffff
ACC-00007990,NORMAL,ICICI-Sim,0.194,2025-08-02T00:00:00+00:00,8842ceb559fffff
ACC-00007991,NORMAL,SBI-Sim,0.121,2025-03-03T00:00:00+00:00,8860b52e9bfffff
ACC-00007992,NORMAL,PNB-Sim,0.135,2024-01-28T00:00:00+00:00,88608b0a6bfffff
ACC-00007993,NORMAL,BOI-Sim,0.234,2025-08-06T00:00:00+00:00,883da11233fffff
ACC-00007994,NORMAL,ICICI-Sim,0.09,2023-06-06T00:00:00+00:00,883da11233fffff
ACC-00007995,NORMAL,PNB-Sim,0.052,2024-09-27T00:00:00+00:00,88618c4e63fffff
ACC-00007996,NORMAL,SBI-Sim,0.061,2024-09-05T00:00:00+00:00,88618c45b9fffff
ACC-00007997,NORMAL,PNB-Sim,0.196,2025-12-16T00:00:00+00:00,88618921d1fffff
ACC-00007998,NORMAL,HDFC-Sim,0.014,2023-12-08T00:00:00+00:00,883d8dcf1dfffff
ACC-00007999,NORMAL,Axis-Sim,0.16,2024-04-27T00:00:00+00:00,8842cea623fffff
ACC-00008000,NORMAL,HDFC-Sim,0.115,2022-08-26T00:00:00+00:00,883da11233fffff
ACC-00008001,NORMAL,Axis-Sim,0.05,2023-07-21T00:00:00+00:00,8860b52e9bfffff
ACC-00008002,NORMAL,ICICI-Sim,0.154,2023-11-02T00:00:00+00:00,88608b56d7fffff
ACC-00008003,NORMAL,PNB-Sim,0.204,2023-03-02T00:00:00+00:00,8860b52c97fffff
ACC-00008004,NORMAL,SBI-Sim,0.165,2024-09-29T00:00:00+00:00,8860b19695fffff
ACC-00008005,NORMAL,ICICI-Sim,0.03,2025-01-11T00:00:00+00:00,88608b0961fffff
ACC-00008006,NORMAL,HDFC-Sim,0.132,2026-03-22T00:00:00+00:00,8861892ecbfffff
ACC-00008007,NORMAL,SBI-Sim,0.205,2024-09-19T00:00:00+00:00,88608b0a6bfffff
ACC-00008008,NORMAL,HDFC-Sim,0.189,2022-03-06T00:00:00+00:00,8860a259bbfffff
ACC-00008009,NORMAL,Axis-Sim,0.226,2023-04-30T00:00:00+00:00,8861892ecbfffff
ACC-00008010,NORMAL,BOI-Sim,0.011,2023-04-03T00:00:00+00:00,883d8dcf1dfffff
ACC-00008011,NORMAL,HDFC-Sim,0.093,2024-07-05T00:00:00+00:00,8861892ecbfffff
ACC-00008012,NORMAL,PNB-Sim,0.194,2024-10-03T00:00:00+00:00,8842ceb559fffff
ACC-00008013,NORMAL,ICICI-Sim,0.208,2021-11-02T00:00:00+00:00,883da115a5fffff
ACC-00008014,NORMAL,ICICI-Sim,0.043,2022-09-20T00:00:00+00:00,8860b19695fffff
ACC-00008015,NORMAL,PNB-Sim,0.032,2023-11-30T00:00:00+00:00,8860a259bbfffff
ACC-00008016,NORMAL,SBI-Sim,0.098,2026-04-16T00:00:00+00:00,88618c4d05fffff
ACC-00008017,NORMAL,PNB-Sim,0.022,2024-05-23T00:00:00+00:00,8860a259bbfffff
ACC-00008018,NORMAL,PNB-Sim,0.234,2023-10-18T00:00:00+00:00,88608b0961fffff
ACC-00008019,NORMAL,SBI-Sim,0.131,2026-01-18T00:00:00+00:00,8860a259bbfffff
ACC-00008020,NORMAL,PNB-Sim,0.207,2025-07-29T00:00:00+00:00,883d8dcd5dfffff
ACC-00008021,NORMAL,SBI-Sim,0.013,2024-07-15T00:00:00+00:00,88618c4e63fffff
ACC-00008022,NORMAL,PNB-Sim,0.228,2025-03-20T00:00:00+00:00,883da11409fffff
ACC-00008023,NORMAL,BOI-Sim,0.072,2024-02-06T00:00:00+00:00,8860b52e9bfffff
ACC-00008024,NORMAL,HDFC-Sim,0.052,2021-09-18T00:00:00+00:00,8860b19695fffff
ACC-00008025,NORMAL,PNB-Sim,0.194,2021-10-31T00:00:00+00:00,883d8dcd5dfffff
ACC-00008026,NORMAL,HDFC-Sim,0.159,2026-03-18T00:00:00+00:00,88618c45b9fffff
ACC-00008027,NORMAL,ICICI-Sim,0.147,2024-02-25T00:00:00+00:00,883d8dcd5dfffff
ACC-00008028,NORMAL,HDFC-Sim,0.129,2023-12-11T00:00:00+00:00,883da11623fffff
ACC-00008029,NORMAL,HDFC-Sim,0.138,2022-06-22T00:00:00+00:00,8860b19695fffff
ACC-00008030,NORMAL,BOI-Sim,0.059,2022-01-30T00:00:00+00:00,883d8dcc0dfffff
ACC-00008031,NORMAL,HDFC-Sim,0.213,2022-03-02T00:00:00+00:00,8860b19695fffff
ACC-00008032,NORMAL,BOI-Sim,0.0,2022-06-29T00:00:00+00:00,88608b0a6bfffff
ACC-00008033,NORMAL,BOI-Sim,0.067,2022-02-19T00:00:00+00:00,88618c4e63fffff
ACC-00008034,NORMAL,PNB-Sim,0.129,2025-07-15T00:00:00+00:00,8860b52c97fffff
ACC-00008035,NORMAL,Axis-Sim,0.247,2026-02-06T00:00:00+00:00,883da11233fffff
ACC-00008036,NORMAL,PNB-Sim,0.027,2023-05-14T00:00:00+00:00,8860145943fffff
ACC-00008037,NORMAL,Axis-Sim,0.16,2023-03-22T00:00:00+00:00,88618921d1fffff
ACC-00008038,NORMAL,HDFC-Sim,0.02,2026-01-23T00:00:00+00:00,883da115a5fffff
ACC-00008039,NORMAL,BOI-Sim,0.099,2025-08-17T00:00:00+00:00,883d8dcf1dfffff
ACC-00008040,NORMAL,SBI-Sim,0.239,2026-01-30T00:00:00+00:00,8842ceb5d9fffff
ACC-00008041,NORMAL,Axis-Sim,0.167,2024-05-14T00:00:00+00:00,8842ceb4a1fffff
ACC-00008042,NORMAL,PNB-Sim,0.199,2023-12-10T00:00:00+00:00,883d8dcdd5fffff
ACC-00008043,NORMAL,Axis-Sim,0.154,2024-10-23T00:00:00+00:00,883da115a5fffff
ACC-00008044,NORMAL,Axis-Sim,0.087,2022-02-03T00:00:00+00:00,883da115a5fffff
ACC-00008045,NORMAL,BOI-Sim,0.063,2025-07-20T00:00:00+00:00,8860a259bbfffff
ACC-00008046,NORMAL,PNB-Sim,0.248,2023-02-03T00:00:00+00:00,883d8dcc0dfffff
ACC-00008047,NORMAL,SBI-Sim,0.14,2022-02-04T00:00:00+00:00,883da11623fffff
ACC-00008048,NORMAL,Axis-Sim,0.202,2025-11-21T00:00:00+00:00,8860b52c97fffff
ACC-00008049,NORMAL,SBI-Sim,0.091,2022-03-29T00:00:00+00:00,88618921d1fffff
ACC-00008050,NORMAL,BOI-Sim,0.246,2023-11-01T00:00:00+00:00,883d8dcf1dfffff
ACC-00008051,NORMAL,Axis-Sim,0.249,2023-09-29T00:00:00+00:00,88618925c5fffff
ACC-00008052,NORMAL,PNB-Sim,0.034,2025-03-30T00:00:00+00:00,8861892ecbfffff
ACC-00008053,NORMAL,PNB-Sim,0.201,2024-02-08T00:00:00+00:00,883d8dcd5dfffff
ACC-00008054,NORMAL,BOI-Sim,0.211,2022-06-21T00:00:00+00:00,883d8dcf1dfffff
ACC-00008055,NORMAL,BOI-Sim,0.005,2024-06-09T00:00:00+00:00,883d8dcd5dfffff
ACC-00008056,NORMAL,Axis-Sim,0.047,2021-10-15T00:00:00+00:00,88618c4e63fffff
ACC-00008057,NORMAL,SBI-Sim,0.02,2021-09-02T00:00:00+00:00,883da11623fffff
ACC-00008058,NORMAL,BOI-Sim,0.075,2024-06-08T00:00:00+00:00,883da11409fffff
ACC-00008059,NORMAL,Axis-Sim,0.035,2024-04-27T00:00:00+00:00,88618c45b9fffff
ACC-00008060,NORMAL,PNB-Sim,0.23,2026-02-04T00:00:00+00:00,88608b56d7fffff
ACC-00008061,NORMAL,Axis-Sim,0.209,2025-06-03T00:00:00+00:00,88608b0a6bfffff
ACC-00008062,NORMAL,HDFC-Sim,0.222,2024-04-27T00:00:00+00:00,88608b0961fffff
ACC-00008063,NORMAL,Axis-Sim,0.081,2024-06-09T00:00:00+00:00,88618c4e63fffff
ACC-00008064,NORMAL,HDFC-Sim,0.019,2025-10-23T00:00:00+00:00,8842cea623fffff
ACC-00008065,NORMAL,ICICI-Sim,0.236,2021-08-27T00:00:00+00:00,8842ceb559fffff
ACC-00008066,NORMAL,ICICI-Sim,0.215,2024-10-04T00:00:00+00:00,88618c4d05fffff
ACC-00008067,NORMAL,BOI-Sim,0.222,2021-10-31T00:00:00+00:00,883da115a5fffff
ACC-00008068,NORMAL,SBI-Sim,0.213,2024-12-31T00:00:00+00:00,8861892ecbfffff
ACC-00008069,NORMAL,ICICI-Sim,0.166,2024-09-04T00:00:00+00:00,88618921d1fffff
ACC-00008070,NORMAL,PNB-Sim,0.133,2024-02-14T00:00:00+00:00,8842ceb5d9fffff
ACC-00008071,NORMAL,Axis-Sim,0.132,2022-03-25T00:00:00+00:00,88618c4e63fffff
ACC-00008072,NORMAL,Axis-Sim,0.129,2022-08-30T00:00:00+00:00,883d8dcf1dfffff
ACC-00008073,NORMAL,ICICI-Sim,0.002,2025-07-01T00:00:00+00:00,8842ceb4a1fffff
ACC-00008074,NORMAL,ICICI-Sim,0.011,2022-11-25T00:00:00+00:00,88608b56d7fffff
ACC-00008075,NORMAL,Axis-Sim,0.125,2023-05-30T00:00:00+00:00,88618925c5fffff
ACC-00008076,NORMAL,ICICI-Sim,0.082,2023-08-25T00:00:00+00:00,8861892ecbfffff
ACC-00008077,NORMAL,BOI-Sim,0.15,2023-11-21T00:00:00+00:00,8842ceb559fffff
ACC-00008078,NORMAL,Axis-Sim,0.221,2023-12-16T00:00:00+00:00,8842ceb5d9fffff
ACC-00008079,NORMAL,ICICI-Sim,0.119,2024-03-20T00:00:00+00:00,88618c45b9fffff
ACC-00008080,NORMAL,ICICI-Sim,0.129,2026-04-09T00:00:00+00:00,88608b56d7fffff
ACC-00008081,NORMAL,BOI-Sim,0.07,2023-12-30T00:00:00+00:00,8860b19695fffff
ACC-00008082,NORMAL,Axis-Sim,0.156,2024-07-01T00:00:00+00:00,88608b0961fffff
ACC-00008083,NORMAL,PNB-Sim,0.12,2025-10-20T00:00:00+00:00,883d8dcdd5fffff
ACC-00008084,NORMAL,SBI-Sim,0.071,2024-01-07T00:00:00+00:00,88618c4d05fffff
ACC-00008085,NORMAL,ICICI-Sim,0.185,2026-04-20T00:00:00+00:00,883d8dcf1dfffff
ACC-00008086,NORMAL,BOI-Sim,0.104,2024-11-03T00:00:00+00:00,883da11623fffff
ACC-00008087,NORMAL,SBI-Sim,0.163,2024-08-25T00:00:00+00:00,88618921d1fffff
ACC-00008088,NORMAL,ICICI-Sim,0.239,2025-02-08T00:00:00+00:00,88608b0961fffff
ACC-00008089,NORMAL,SBI-Sim,0.104,2023-08-16T00:00:00+00:00,883da11623fffff
ACC-00008090,NORMAL,SBI-Sim,0.232,2022-05-21T00:00:00+00:00,883d8dcdd5fffff
ACC-00008091,NORMAL,BOI-Sim,0.093,2022-05-06T00:00:00+00:00,88618925c5fffff
ACC-00008092,NORMAL,SBI-Sim,0.189,2026-02-12T00:00:00+00:00,883da115a5fffff
ACC-00008093,NORMAL,Axis-Sim,0.03,2024-01-19T00:00:00+00:00,88618c4e63fffff
ACC-00008094,NORMAL,Axis-Sim,0.182,2023-05-28T00:00:00+00:00,8842ceb4a1fffff
ACC-00008095,NORMAL,BOI-Sim,0.049,2025-07-04T00:00:00+00:00,88618921d1fffff
ACC-00008096,NORMAL,Axis-Sim,0.22,2025-12-27T00:00:00+00:00,88618925c5fffff
ACC-00008097,NORMAL,PNB-Sim,0.214,2024-03-05T00:00:00+00:00,883da11233fffff
ACC-00008098,NORMAL,Axis-Sim,0.103,2022-07-23T00:00:00+00:00,88608b4733fffff
ACC-00008099,NORMAL,SBI-Sim,0.174,2024-08-15T00:00:00+00:00,88618925c5fffff
ACC-00008100,NORMAL,SBI-Sim,0.148,2021-07-15T00:00:00+00:00,8842ceb5d9fffff
ACC-00008101,NORMAL,SBI-Sim,0.024,2022-08-13T00:00:00+00:00,883d8dcdd5fffff
ACC-00008102,NORMAL,ICICI-Sim,0.019,2022-05-21T00:00:00+00:00,883d8dcd5dfffff
ACC-00008103,NORMAL,HDFC-Sim,0.082,2025-04-01T00:00:00+00:00,8861892ecbfffff
ACC-00008104,NORMAL,Axis-Sim,0.168,2026-01-17T00:00:00+00:00,88618c4d05fffff
ACC-00008105,NORMAL,PNB-Sim,0.072,2023-12-29T00:00:00+00:00,883da11623fffff
ACC-00008106,NORMAL,PNB-Sim,0.092,2023-04-04T00:00:00+00:00,88608b0a6bfffff
ACC-00008107,NORMAL,ICICI-Sim,0.129,2023-11-05T00:00:00+00:00,8860b52c97fffff
ACC-00008108,NORMAL,BOI-Sim,0.052,2023-11-11T00:00:00+00:00,8860b52c97fffff
ACC-00008109,NORMAL,Axis-Sim,0.198,2021-11-10T00:00:00+00:00,88618c45b9fffff
ACC-00008110,NORMAL,Axis-Sim,0.147,2023-10-02T00:00:00+00:00,88618921d1fffff
ACC-00008111,NORMAL,PNB-Sim,0.165,2022-11-19T00:00:00+00:00,883da11233fffff
ACC-00008112,NORMAL,HDFC-Sim,0.038,2025-11-08T00:00:00+00:00,8842ceb4a1fffff
ACC-00008113,NORMAL,SBI-Sim,0.153,2021-09-26T00:00:00+00:00,8861892ecbfffff
ACC-00008114,NORMAL,PNB-Sim,0.034,2021-12-15T00:00:00+00:00,8860b19695fffff
ACC-00008115,NORMAL,PNB-Sim,0.018,2021-06-29T00:00:00+00:00,88618925c5fffff
ACC-00008116,NORMAL,PNB-Sim,0.121,2023-10-01T00:00:00+00:00,88608b0961fffff
ACC-00008117,NORMAL,Axis-Sim,0.171,2021-12-24T00:00:00+00:00,8842ceb5d9fffff
ACC-00008118,NORMAL,Axis-Sim,0.119,2022-11-15T00:00:00+00:00,88608b4733fffff
ACC-00008119,NORMAL,HDFC-Sim,0.062,2022-02-08T00:00:00+00:00,88618c4f2bfffff
ACC-00008120,NORMAL,BOI-Sim,0.203,2023-09-18T00:00:00+00:00,88618925c5fffff
ACC-00008121,NORMAL,PNB-Sim,0.201,2023-11-14T00:00:00+00:00,88608b0a6bfffff
ACC-00008122,NORMAL,ICICI-Sim,0.14,2025-03-08T00:00:00+00:00,88608b0961fffff
ACC-00008123,NORMAL,PNB-Sim,0.042,2022-11-19T00:00:00+00:00,883d8dcf1dfffff
ACC-00008124,NORMAL,BOI-Sim,0.23,2022-12-06T00:00:00+00:00,883da115a5fffff
ACC-00008125,NORMAL,BOI-Sim,0.027,2024-04-15T00:00:00+00:00,88618925c5fffff
ACC-00008126,NORMAL,PNB-Sim,0.146,2024-12-27T00:00:00+00:00,88618925c5fffff
ACC-00008127,NORMAL,SBI-Sim,0.085,2023-06-18T00:00:00+00:00,8860a259bbfffff
ACC-00008128,NORMAL,ICICI-Sim,0.117,2022-12-20T00:00:00+00:00,88618925c5fffff
ACC-00008129,NORMAL,BOI-Sim,0.018,2021-09-14T00:00:00+00:00,8860b52c97fffff
ACC-00008130,NORMAL,BOI-Sim,0.215,2021-09-27T00:00:00+00:00,88608b4733fffff
ACC-00008131,NORMAL,BOI-Sim,0.015,2026-01-18T00:00:00+00:00,88618c4e63fffff
ACC-00008132,NORMAL,BOI-Sim,0.223,2023-12-24T00:00:00+00:00,8842ceb559fffff
ACC-00008133,NORMAL,ICICI-Sim,0.018,2023-06-02T00:00:00+00:00,88618921d1fffff
ACC-00008134,NORMAL,BOI-Sim,0.026,2025-07-12T00:00:00+00:00,88618c4e63fffff
ACC-00008135,NORMAL,BOI-Sim,0.181,2024-05-19T00:00:00+00:00,88608b0a6bfffff
ACC-00008136,NORMAL,Axis-Sim,0.154,2024-08-03T00:00:00+00:00,8842ceb5d9fffff
ACC-00008137,NORMAL,BOI-Sim,0.06,2022-05-04T00:00:00+00:00,88618c4e63fffff
ACC-00008138,NORMAL,PNB-Sim,0.075,2021-08-06T00:00:00+00:00,8860b19695fffff
ACC-00008139,NORMAL,HDFC-Sim,0.227,2025-05-29T00:00:00+00:00,8842ceb5d9fffff
ACC-00008140,NORMAL,PNB-Sim,0.075,2024-03-04T00:00:00+00:00,883da11409fffff
ACC-00008141,NORMAL,Axis-Sim,0.229,2022-08-02T00:00:00+00:00,88618921d1fffff
ACC-00008142,NORMAL,PNB-Sim,0.014,2025-02-04T00:00:00+00:00,883da115a5fffff
ACC-00008143,NORMAL,ICICI-Sim,0.086,2023-06-18T00:00:00+00:00,883da115a5fffff
ACC-00008144,NORMAL,Axis-Sim,0.077,2022-04-29T00:00:00+00:00,8860b52c97fffff
ACC-00008145,NORMAL,HDFC-Sim,0.224,2022-11-09T00:00:00+00:00,883da11409fffff
ACC-00008146,NORMAL,ICICI-Sim,0.201,2022-04-27T00:00:00+00:00,8860a259bbfffff
ACC-00008147,NORMAL,ICICI-Sim,0.196,2025-10-12T00:00:00+00:00,883d8dcdd5fffff
ACC-00008148,NORMAL,BOI-Sim,0.016,2025-01-23T00:00:00+00:00,88608b56d7fffff
ACC-00008149,NORMAL,PNB-Sim,0.152,2022-02-12T00:00:00+00:00,88618c4e63fffff
ACC-00008150,NORMAL,BOI-Sim,0.12,2024-07-08T00:00:00+00:00,88608b0a6bfffff
ACC-00008151,NORMAL,SBI-Sim,0.214,2025-01-14T00:00:00+00:00,883da11623fffff
ACC-00008152,NORMAL,HDFC-Sim,0.02,2025-10-04T00:00:00+00:00,8861892ecbfffff
ACC-00008153,NORMAL,SBI-Sim,0.211,2021-09-05T00:00:00+00:00,883da115a5fffff
ACC-00008154,NORMAL,BOI-Sim,0.075,2022-01-13T00:00:00+00:00,883da11623fffff
ACC-00008155,NORMAL,SBI-Sim,0.073,2023-03-18T00:00:00+00:00,8860145943fffff
ACC-00008156,NORMAL,HDFC-Sim,0.154,2024-11-14T00:00:00+00:00,88608b4733fffff
ACC-00008157,NORMAL,SBI-Sim,0.04,2025-03-13T00:00:00+00:00,883d8dcdd5fffff
ACC-00008158,NORMAL,Axis-Sim,0.246,2021-07-19T00:00:00+00:00,88618921d1fffff
ACC-00008159,NORMAL,BOI-Sim,0.144,2022-09-07T00:00:00+00:00,88608b0a6bfffff
ACC-00008160,NORMAL,Axis-Sim,0.15,2025-05-02T00:00:00+00:00,8842ceb5d9fffff
ACC-00008161,NORMAL,HDFC-Sim,0.074,2021-11-08T00:00:00+00:00,88608b56d7fffff
ACC-00008162,NORMAL,PNB-Sim,0.212,2024-12-18T00:00:00+00:00,88618c4f2bfffff
ACC-00008163,NORMAL,ICICI-Sim,0.007,2022-05-03T00:00:00+00:00,883da11623fffff
ACC-00008164,NORMAL,PNB-Sim,0.211,2022-11-16T00:00:00+00:00,8860b19695fffff
ACC-00008165,NORMAL,BOI-Sim,0.01,2022-04-25T00:00:00+00:00,88608b0a6bfffff
ACC-00008166,NORMAL,SBI-Sim,0.161,2024-01-31T00:00:00+00:00,8861892ecbfffff
ACC-00008167,NORMAL,SBI-Sim,0.089,2024-12-20T00:00:00+00:00,883da11623fffff
ACC-00008168,NORMAL,BOI-Sim,0.092,2024-06-21T00:00:00+00:00,8860b19695fffff
ACC-00008169,NORMAL,PNB-Sim,0.059,2022-02-02T00:00:00+00:00,88608b0961fffff
ACC-00008170,NORMAL,BOI-Sim,0.192,2022-04-14T00:00:00+00:00,8860b52e9bfffff
ACC-00008171,NORMAL,SBI-Sim,0.011,2022-09-15T00:00:00+00:00,883d8dcdd5fffff
ACC-00008172,NORMAL,ICICI-Sim,0.088,2025-04-19T00:00:00+00:00,8860b52e9bfffff
ACC-00008173,NORMAL,ICICI-Sim,0.177,2024-02-08T00:00:00+00:00,8842ceb559fffff
ACC-00008174,NORMAL,Axis-Sim,0.209,2023-09-10T00:00:00+00:00,88618c4e63fffff
ACC-00008175,NORMAL,ICICI-Sim,0.05,2023-06-26T00:00:00+00:00,8860a259bbfffff
ACC-00008176,NORMAL,HDFC-Sim,0.188,2024-03-09T00:00:00+00:00,8842ceb4a1fffff
ACC-00008177,NORMAL,SBI-Sim,0.188,2024-09-25T00:00:00+00:00,88618c45b9fffff
ACC-00008178,NORMAL,PNB-Sim,0.22,2023-11-01T00:00:00+00:00,88618c4f2bfffff
ACC-00008179,NORMAL,PNB-Sim,0.119,2023-02-05T00:00:00+00:00,88608b56d7fffff
ACC-00008180,NORMAL,PNB-Sim,0.033,2023-01-29T00:00:00+00:00,8860145943fffff
ACC-00008181,NORMAL,ICICI-Sim,0.103,2025-03-06T00:00:00+00:00,883d8dcd5dfffff
ACC-00008182,NORMAL,ICICI-Sim,0.004,2026-02-20T00:00:00+00:00,883d8dcd5dfffff
ACC-00008183,NORMAL,SBI-Sim,0.008,2024-10-23T00:00:00+00:00,8860b52e9bfffff
ACC-00008184,NORMAL,SBI-Sim,0.16,2025-08-21T00:00:00+00:00,88618c4e63fffff
ACC-00008185,NORMAL,ICICI-Sim,0.223,2023-12-08T00:00:00+00:00,88618c45b9fffff
ACC-00008186,NORMAL,HDFC-Sim,0.086,2021-12-28T00:00:00+00:00,8842ceb559fffff
ACC-00008187,NORMAL,ICICI-Sim,0.173,2026-02-08T00:00:00+00:00,88618c4d05fffff
ACC-00008188,NORMAL,ICICI-Sim,0.061,2024-03-27T00:00:00+00:00,8860145943fffff
ACC-00008189,NORMAL,Axis-Sim,0.096,2024-12-24T00:00:00+00:00,88618925c5fffff
ACC-00008190,NORMAL,SBI-Sim,0.147,2022-06-14T00:00:00+00:00,88618c4e63fffff
ACC-00008191,NORMAL,SBI-Sim,0.021,2025-10-14T00:00:00+00:00,8860b52e9bfffff
ACC-00008192,NORMAL,SBI-Sim,0.125,2025-09-13T00:00:00+00:00,883d8dcf1dfffff
ACC-00008193,NORMAL,Axis-Sim,0.205,2023-01-25T00:00:00+00:00,88608b0961fffff
ACC-00008194,NORMAL,PNB-Sim,0.087,2022-10-19T00:00:00+00:00,883d8dcd5dfffff
ACC-00008195,NORMAL,HDFC-Sim,0.133,2024-03-20T00:00:00+00:00,88608b0a6bfffff
ACC-00008196,NORMAL,BOI-Sim,0.11,2023-11-29T00:00:00+00:00,88618c4e63fffff
ACC-00008197,NORMAL,Axis-Sim,0.093,2021-11-20T00:00:00+00:00,8842ceb5d9fffff
ACC-00008198,NORMAL,Axis-Sim,0.079,2025-11-20T00:00:00+00:00,8860b19695fffff
ACC-00008199,NORMAL,BOI-Sim,0.09,2024-03-20T00:00:00+00:00,883da11409fffff
ACC-00008200,NORMAL,ICICI-Sim,0.124,2022-04-05T00:00:00+00:00,8842ceb5d9fffff
ACC-00008201,NORMAL,BOI-Sim,0.101,2024-12-30T00:00:00+00:00,88608b56d7fffff
ACC-00008202,NORMAL,Axis-Sim,0.154,2024-01-14T00:00:00+00:00,883d8dcdd5fffff
ACC-00008203,NORMAL,Axis-Sim,0.143,2023-08-13T00:00:00+00:00,88608b0961fffff
ACC-00008204,NORMAL,PNB-Sim,0.16,2024-12-14T00:00:00+00:00,88618c45b9fffff
ACC-00008205,NORMAL,ICICI-Sim,0.048,2024-05-24T00:00:00+00:00,8842ceb5d9fffff
ACC-00008206,NORMAL,PNB-Sim,0.028,2022-08-24T00:00:00+00:00,883da11623fffff
ACC-00008207,NORMAL,PNB-Sim,0.137,2025-02-07T00:00:00+00:00,88618c4d05fffff
ACC-00008208,NORMAL,ICICI-Sim,0.139,2025-06-13T00:00:00+00:00,8842ceb4a1fffff
ACC-00008209,NORMAL,SBI-Sim,0.02,2023-07-09T00:00:00+00:00,88608b0a6bfffff
ACC-00008210,NORMAL,Axis-Sim,0.004,2024-11-02T00:00:00+00:00,88608b56d7fffff
ACC-00008211,NORMAL,PNB-Sim,0.208,2022-06-03T00:00:00+00:00,88618c45b9fffff
ACC-00008212,NORMAL,ICICI-Sim,0.025,2022-11-12T00:00:00+00:00,883d8dcd5dfffff
ACC-00008213,NORMAL,Axis-Sim,0.104,2023-07-21T00:00:00+00:00,88608b56d7fffff
ACC-00008214,NORMAL,BOI-Sim,0.178,2023-07-13T00:00:00+00:00,8860b19695fffff
ACC-00008215,NORMAL,SBI-Sim,0.101,2021-12-03T00:00:00+00:00,883da115a5fffff
ACC-00008216,NORMAL,HDFC-Sim,0.121,2025-09-09T00:00:00+00:00,88618921d1fffff
ACC-00008217,NORMAL,Axis-Sim,0.093,2024-09-12T00:00:00+00:00,88618c4f2bfffff
ACC-00008218,NORMAL,PNB-Sim,0.176,2022-07-11T00:00:00+00:00,8861892ecbfffff
ACC-00008219,NORMAL,ICICI-Sim,0.238,2023-02-28T00:00:00+00:00,8842cea623fffff
ACC-00008220,NORMAL,Axis-Sim,0.222,2024-10-23T00:00:00+00:00,88608b4733fffff
ACC-00008221,NORMAL,PNB-Sim,0.211,2024-11-10T00:00:00+00:00,88618c45b9fffff
ACC-00008222,NORMAL,PNB-Sim,0.168,2022-12-15T00:00:00+00:00,8860a259bbfffff
ACC-00008223,NORMAL,SBI-Sim,0.146,2022-04-29T00:00:00+00:00,883da11409fffff
ACC-00008224,NORMAL,PNB-Sim,0.084,2024-02-17T00:00:00+00:00,8861892ecbfffff
ACC-00008225,NORMAL,BOI-Sim,0.014,2026-04-08T00:00:00+00:00,88618925c5fffff
ACC-00008226,NORMAL,SBI-Sim,0.01,2026-03-12T00:00:00+00:00,8860145943fffff
ACC-00008227,NORMAL,HDFC-Sim,0.088,2023-07-12T00:00:00+00:00,883d8dcdd5fffff
ACC-00008228,NORMAL,BOI-Sim,0.24,2021-09-18T00:00:00+00:00,883da11233fffff
ACC-00008229,NORMAL,PNB-Sim,0.076,2022-11-24T00:00:00+00:00,8860b19695fffff
ACC-00008230,NORMAL,HDFC-Sim,0.095,2024-04-02T00:00:00+00:00,88618921d1fffff
ACC-00008231,NORMAL,ICICI-Sim,0.047,2024-03-16T00:00:00+00:00,8860b52e9bfffff
ACC-00008232,NORMAL,Axis-Sim,0.243,2023-01-26T00:00:00+00:00,88618921d1fffff
ACC-00008233,NORMAL,BOI-Sim,0.03,2024-08-29T00:00:00+00:00,883d8dcdd5fffff
ACC-00008234,NORMAL,ICICI-Sim,0.094,2023-04-06T00:00:00+00:00,88608b56d7fffff
ACC-00008235,NORMAL,BOI-Sim,0.018,2024-03-21T00:00:00+00:00,8860b52e9bfffff
ACC-00008236,NORMAL,PNB-Sim,0.109,2022-10-29T00:00:00+00:00,883d8dcdd5fffff
ACC-00008237,NORMAL,Axis-Sim,0.195,2023-04-17T00:00:00+00:00,883da11623fffff
ACC-00008238,NORMAL,PNB-Sim,0.132,2023-07-13T00:00:00+00:00,883d8dcdd5fffff
ACC-00008239,NORMAL,ICICI-Sim,0.19,2024-10-04T00:00:00+00:00,883d8dcd5dfffff
ACC-00008240,NORMAL,Axis-Sim,0.032,2024-11-09T00:00:00+00:00,883d8dcdd5fffff
ACC-00008241,NORMAL,BOI-Sim,0.188,2022-05-23T00:00:00+00:00,8842ceb4a1fffff
ACC-00008242,NORMAL,SBI-Sim,0.017,2023-01-25T00:00:00+00:00,883d8dcc0dfffff
ACC-00008243,NORMAL,SBI-Sim,0.133,2024-12-06T00:00:00+00:00,883d8dcd5dfffff
ACC-00008244,NORMAL,ICICI-Sim,0.175,2026-02-22T00:00:00+00:00,883d8dcdd5fffff
ACC-00008245,NORMAL,Axis-Sim,0.085,2023-07-20T00:00:00+00:00,883d8dcf1dfffff
ACC-00008246,NORMAL,BOI-Sim,0.171,2024-02-01T00:00:00+00:00,8860b52e9bfffff
ACC-00008247,NORMAL,SBI-Sim,0.194,2022-05-23T00:00:00+00:00,8860a259bbfffff
ACC-00008248,NORMAL,Axis-Sim,0.212,2025-09-21T00:00:00+00:00,8861892ecbfffff
ACC-00008249,NORMAL,ICICI-Sim,0.084,2023-06-14T00:00:00+00:00,8860b52e9bfffff
ACC-00008250,NORMAL,ICICI-Sim,0.165,2022-10-07T00:00:00+00:00,8860b52e9bfffff
ACC-00008251,NORMAL,BOI-Sim,0.137,2024-09-21T00:00:00+00:00,8860b52c97fffff
ACC-00008252,NORMAL,BOI-Sim,0.238,2024-09-30T00:00:00+00:00,8842ceb5d9fffff
ACC-00008253,NORMAL,SBI-Sim,0.004,2023-01-29T00:00:00+00:00,8860b52c97fffff
ACC-00008254,NORMAL,BOI-Sim,0.141,2022-03-23T00:00:00+00:00,88608b4733fffff
ACC-00008255,NORMAL,HDFC-Sim,0.093,2026-02-07T00:00:00+00:00,88608b56d7fffff
ACC-00008256,NORMAL,BOI-Sim,0.187,2024-06-13T00:00:00+00:00,88618c45b9fffff
ACC-00008257,NORMAL,HDFC-Sim,0.161,2023-07-15T00:00:00+00:00,88618c4d05fffff
ACC-00008258,NORMAL,Axis-Sim,0.135,2024-10-08T00:00:00+00:00,88618c4d05fffff
ACC-00008259,NORMAL,HDFC-Sim,0.166,2024-12-04T00:00:00+00:00,8860b52e9bfffff
ACC-00008260,NORMAL,SBI-Sim,0.164,2022-03-20T00:00:00+00:00,883da11233fffff
ACC-00008261,NORMAL,SBI-Sim,0.157,2025-10-14T00:00:00+00:00,88618c4e63fffff
ACC-00008262,NORMAL,PNB-Sim,0.039,2026-01-31T00:00:00+00:00,8842ceb5d9fffff
ACC-00008263,NORMAL,BOI-Sim,0.152,2025-05-22T00:00:00+00:00,883da115a5fffff
ACC-00008264,NORMAL,HDFC-Sim,0.122,2025-02-18T00:00:00+00:00,883da115a5fffff
ACC-00008265,NORMAL,BOI-Sim,0.034,2023-11-05T00:00:00+00:00,8842ceb4a1fffff
ACC-00008266,NORMAL,BOI-Sim,0.109,2021-07-20T00:00:00+00:00,88608b0a6bfffff
ACC-00008267,NORMAL,Axis-Sim,0.034,2021-12-13T00:00:00+00:00,8860a259bbfffff
ACC-00008268,NORMAL,Axis-Sim,0.18,2022-12-24T00:00:00+00:00,88618c4f2bfffff
ACC-00008269,NORMAL,Axis-Sim,0.247,2021-09-03T00:00:00+00:00,88618921d1fffff
ACC-00008270,NORMAL,Axis-Sim,0.124,2023-01-26T00:00:00+00:00,883d8dcc0dfffff
ACC-00008271,NORMAL,Axis-Sim,0.164,2022-12-27T00:00:00+00:00,8860b52e9bfffff
ACC-00008272,NORMAL,HDFC-Sim,0.033,2022-08-17T00:00:00+00:00,883da11623fffff
ACC-00008273,NORMAL,SBI-Sim,0.083,2023-07-11T00:00:00+00:00,883da115a5fffff
ACC-00008274,NORMAL,BOI-Sim,0.003,2022-10-15T00:00:00+00:00,8842ceb5d9fffff
ACC-00008275,NORMAL,BOI-Sim,0.024,2024-11-19T00:00:00+00:00,8860a259bbfffff
ACC-00008276,NORMAL,BOI-Sim,0.04,2024-10-29T00:00:00+00:00,8860b52e9bfffff
ACC-00008277,NORMAL,ICICI-Sim,0.15,2022-09-24T00:00:00+00:00,8860b52e9bfffff
ACC-00008278,NORMAL,Axis-Sim,0.067,2023-09-22T00:00:00+00:00,883d8dcc0dfffff
ACC-00008279,NORMAL,SBI-Sim,0.12,2024-07-02T00:00:00+00:00,88618c4f2bfffff
ACC-00008280,NORMAL,HDFC-Sim,0.218,2025-05-25T00:00:00+00:00,883d8dcdd5fffff
ACC-00008281,NORMAL,PNB-Sim,0.21,2025-08-27T00:00:00+00:00,88618c4f2bfffff
ACC-00008282,NORMAL,Axis-Sim,0.186,2023-10-08T00:00:00+00:00,8860b52c97fffff
ACC-00008283,NORMAL,BOI-Sim,0.227,2022-01-04T00:00:00+00:00,88618c4d05fffff
ACC-00008284,NORMAL,BOI-Sim,0.11,2024-12-15T00:00:00+00:00,883da11623fffff
ACC-00008285,NORMAL,ICICI-Sim,0.092,2023-10-24T00:00:00+00:00,8842ceb5d9fffff
ACC-00008286,NORMAL,HDFC-Sim,0.061,2024-01-27T00:00:00+00:00,883d8dcd5dfffff
ACC-00008287,NORMAL,BOI-Sim,0.145,2026-03-23T00:00:00+00:00,8860b52e9bfffff
ACC-00008288,NORMAL,SBI-Sim,0.218,2024-02-18T00:00:00+00:00,88618c4f2bfffff
ACC-00008289,NORMAL,PNB-Sim,0.029,2022-10-09T00:00:00+00:00,88618925c5fffff
ACC-00008290,NORMAL,SBI-Sim,0.178,2025-11-11T00:00:00+00:00,88618c45b9fffff
ACC-00008291,NORMAL,HDFC-Sim,0.011,2023-01-18T00:00:00+00:00,883da11623fffff
ACC-00008292,NORMAL,BOI-Sim,0.244,2022-10-15T00:00:00+00:00,88618c4d05fffff
ACC-00008293,NORMAL,SBI-Sim,0.188,2022-10-25T00:00:00+00:00,8861892ecbfffff
ACC-00008294,NORMAL,SBI-Sim,0.067,2025-05-23T00:00:00+00:00,883d8dcd5dfffff
ACC-00008295,NORMAL,ICICI-Sim,0.173,2025-09-20T00:00:00+00:00,88618c4e63fffff
ACC-00008296,NORMAL,PNB-Sim,0.222,2023-12-12T00:00:00+00:00,88608b56d7fffff
ACC-00008297,NORMAL,HDFC-Sim,0.12,2025-10-19T00:00:00+00:00,8860a259bbfffff
ACC-00008298,NORMAL,BOI-Sim,0.012,2022-06-13T00:00:00+00:00,883da11409fffff
ACC-00008299,NORMAL,HDFC-Sim,0.191,2022-05-28T00:00:00+00:00,8860b52c97fffff
ACC-00008300,NORMAL,SBI-Sim,0.076,2021-10-31T00:00:00+00:00,883d8dcc0dfffff
ACC-00008301,NORMAL,ICICI-Sim,0.05,2025-01-04T00:00:00+00:00,88608b4733fffff
ACC-00008302,NORMAL,HDFC-Sim,0.014,2023-10-18T00:00:00+00:00,8860b52e9bfffff
ACC-00008303,NORMAL,BOI-Sim,0.08,2021-09-16T00:00:00+00:00,88618c45b9fffff
ACC-00008304,NORMAL,HDFC-Sim,0.007,2022-01-13T00:00:00+00:00,883d8dcc0dfffff
ACC-00008305,NORMAL,HDFC-Sim,0.218,2024-12-16T00:00:00+00:00,88618c4e63fffff
ACC-00008306,NORMAL,ICICI-Sim,0.014,2024-05-19T00:00:00+00:00,8842ceb4a1fffff
ACC-00008307,NORMAL,HDFC-Sim,0.246,2025-02-04T00:00:00+00:00,88618c4f2bfffff
ACC-00008308,NORMAL,PNB-Sim,0.224,2021-08-11T00:00:00+00:00,88608b4733fffff
ACC-00008309,NORMAL,HDFC-Sim,0.114,2023-07-12T00:00:00+00:00,883d8dcd5dfffff
ACC-00008310,NORMAL,HDFC-Sim,0.074,2022-03-17T00:00:00+00:00,8860a259bbfffff
ACC-00008311,NORMAL,Axis-Sim,0.146,2021-12-14T00:00:00+00:00,883d8dcf1dfffff
ACC-00008312,NORMAL,PNB-Sim,0.127,2026-03-14T00:00:00+00:00,883d8dcd5dfffff
ACC-00008313,NORMAL,Axis-Sim,0.056,2022-07-23T00:00:00+00:00,8860a259bbfffff
ACC-00008314,NORMAL,HDFC-Sim,0.077,2025-04-12T00:00:00+00:00,883da11409fffff
ACC-00008315,NORMAL,ICICI-Sim,0.14,2024-04-26T00:00:00+00:00,883d8dcd5dfffff
ACC-00008316,NORMAL,PNB-Sim,0.229,2024-05-22T00:00:00+00:00,883d8dcf1dfffff
ACC-00008317,NORMAL,BOI-Sim,0.126,2024-09-23T00:00:00+00:00,88618c45b9fffff
ACC-00008318,NORMAL,BOI-Sim,0.138,2024-05-15T00:00:00+00:00,883da11623fffff
ACC-00008319,NORMAL,ICICI-Sim,0.241,2023-02-11T00:00:00+00:00,8860b19695fffff
ACC-00008320,NORMAL,BOI-Sim,0.249,2024-03-11T00:00:00+00:00,8861892ecbfffff
ACC-00008321,NORMAL,Axis-Sim,0.145,2024-05-28T00:00:00+00:00,883da115a5fffff
ACC-00008322,NORMAL,HDFC-Sim,0.035,2021-12-21T00:00:00+00:00,88618925c5fffff
ACC-00008323,NORMAL,BOI-Sim,0.027,2022-04-13T00:00:00+00:00,88618c4f2bfffff
ACC-00008324,NORMAL,ICICI-Sim,0.006,2022-12-10T00:00:00+00:00,883da115a5fffff
ACC-00008325,NORMAL,BOI-Sim,0.193,2024-10-18T00:00:00+00:00,88618921d1fffff
ACC-00008326,NORMAL,PNB-Sim,0.096,2024-05-15T00:00:00+00:00,8860b52c97fffff
ACC-00008327,NORMAL,ICICI-Sim,0.014,2025-04-28T00:00:00+00:00,88608b4733fffff
ACC-00008328,NORMAL,BOI-Sim,0.183,2023-04-12T00:00:00+00:00,883da11623fffff
ACC-00008329,NORMAL,BOI-Sim,0.056,2026-02-17T00:00:00+00:00,8860a259bbfffff
ACC-00008330,NORMAL,ICICI-Sim,0.192,2026-01-22T00:00:00+00:00,8860a259bbfffff
ACC-00008331,NORMAL,HDFC-Sim,0.213,2021-11-06T00:00:00+00:00,88618925c5fffff
ACC-00008332,NORMAL,Axis-Sim,0.203,2021-09-19T00:00:00+00:00,883da11623fffff
ACC-00008333,NORMAL,HDFC-Sim,0.044,2021-12-02T00:00:00+00:00,8842cea623fffff
ACC-00008334,NORMAL,SBI-Sim,0.083,2025-08-01T00:00:00+00:00,88618925c5fffff
ACC-00008335,NORMAL,HDFC-Sim,0.035,2025-11-08T00:00:00+00:00,88608b0961fffff
ACC-00008336,NORMAL,HDFC-Sim,0.087,2025-12-04T00:00:00+00:00,8860b52e9bfffff
ACC-00008337,NORMAL,Axis-Sim,0.166,2023-01-21T00:00:00+00:00,8842ceb5d9fffff
ACC-00008338,NORMAL,ICICI-Sim,0.167,2022-03-10T00:00:00+00:00,883da11409fffff
ACC-00008339,NORMAL,HDFC-Sim,0.006,2022-07-02T00:00:00+00:00,8860145943fffff
ACC-00008340,NORMAL,ICICI-Sim,0.218,2023-04-26T00:00:00+00:00,88618c4f2bfffff
ACC-00008341,NORMAL,Axis-Sim,0.121,2022-01-15T00:00:00+00:00,883d8dcdd5fffff
ACC-00008342,NORMAL,ICICI-Sim,0.093,2025-04-19T00:00:00+00:00,883da11233fffff
ACC-00008343,NORMAL,ICICI-Sim,0.11,2022-12-12T00:00:00+00:00,88608b56d7fffff
ACC-00008344,NORMAL,BOI-Sim,0.208,2024-08-13T00:00:00+00:00,88618c4e63fffff
ACC-00008345,NORMAL,BOI-Sim,0.197,2022-10-19T00:00:00+00:00,8860b52c97fffff
ACC-00008346,NORMAL,BOI-Sim,0.06,2023-06-04T00:00:00+00:00,88618925c5fffff
ACC-00008347,NORMAL,Axis-Sim,0.116,2023-07-07T00:00:00+00:00,88618c4f2bfffff
ACC-00008348,NORMAL,ICICI-Sim,0.07,2021-09-07T00:00:00+00:00,8861892ecbfffff
ACC-00008349,NORMAL,PNB-Sim,0.209,2022-12-19T00:00:00+00:00,88618925c5fffff
ACC-00008350,NORMAL,BOI-Sim,0.084,2022-03-13T00:00:00+00:00,88608b0961fffff
ACC-00008351,NORMAL,ICICI-Sim,0.143,2026-01-15T00:00:00+00:00,88608b0a6bfffff
ACC-00008352,NORMAL,PNB-Sim,0.226,2025-07-24T00:00:00+00:00,883da11623fffff
ACC-00008353,NORMAL,PNB-Sim,0.085,2022-07-19T00:00:00+00:00,88608b0a6bfffff
ACC-00008354,NORMAL,HDFC-Sim,0.194,2022-04-02T00:00:00+00:00,8860b52c97fffff
ACC-00008355,NORMAL,PNB-Sim,0.242,2023-09-17T00:00:00+00:00,883da115a5fffff
ACC-00008356,NORMAL,HDFC-Sim,0.053,2024-11-24T00:00:00+00:00,88618c45b9fffff
ACC-00008357,NORMAL,Axis-Sim,0.229,2025-04-15T00:00:00+00:00,883da11233fffff
ACC-00008358,NORMAL,HDFC-Sim,0.054,2024-01-13T00:00:00+00:00,883d8dcd5dfffff
ACC-00008359,NORMAL,HDFC-Sim,0.129,2024-09-10T00:00:00+00:00,883d8dcc0dfffff
ACC-00008360,NORMAL,HDFC-Sim,0.063,2024-07-22T00:00:00+00:00,883d8dcf1dfffff
ACC-00008361,NORMAL,Axis-Sim,0.004,2026-04-06T00:00:00+00:00,8842ceb5d9fffff
ACC-00008362,NORMAL,PNB-Sim,0.107,2025-04-18T00:00:00+00:00,88608b0961fffff
ACC-00008363,NORMAL,Axis-Sim,0.109,2024-07-20T00:00:00+00:00,88608b0961fffff
ACC-00008364,NORMAL,HDFC-Sim,0.053,2023-09-25T00:00:00+00:00,8860b52c97fffff
ACC-00008365,NORMAL,SBI-Sim,0.077,2021-08-30T00:00:00+00:00,88608b4733fffff
ACC-00008366,NORMAL,ICICI-Sim,0.055,2022-04-26T00:00:00+00:00,88618c45b9fffff
ACC-00008367,NORMAL,HDFC-Sim,0.117,2025-01-09T00:00:00+00:00,8842ceb4a1fffff
ACC-00008368,NORMAL,Axis-Sim,0.17,2023-10-13T00:00:00+00:00,8860b52c97fffff
ACC-00008369,NORMAL,BOI-Sim,0.024,2024-06-06T00:00:00+00:00,88618c45b9fffff
ACC-00008370,NORMAL,BOI-Sim,0.191,2025-11-26T00:00:00+00:00,88608b0a6bfffff
ACC-00008371,NORMAL,Axis-Sim,0.084,2023-02-03T00:00:00+00:00,8860a259bbfffff
ACC-00008372,NORMAL,Axis-Sim,0.114,2021-09-10T00:00:00+00:00,88608b0a6bfffff
ACC-00008373,NORMAL,BOI-Sim,0.187,2024-02-16T00:00:00+00:00,88618c4d05fffff
ACC-00008374,NORMAL,Axis-Sim,0.09,2024-05-21T00:00:00+00:00,8860a259bbfffff
ACC-00008375,NORMAL,PNB-Sim,0.181,2026-01-24T00:00:00+00:00,883da11409fffff
ACC-00008376,NORMAL,PNB-Sim,0.123,2024-04-09T00:00:00+00:00,883da11623fffff
ACC-00008377,NORMAL,PNB-Sim,0.179,2024-05-26T00:00:00+00:00,883d8dcd5dfffff
ACC-00008378,NORMAL,ICICI-Sim,0.099,2024-04-21T00:00:00+00:00,8860a259bbfffff
ACC-00008379,NORMAL,SBI-Sim,0.02,2025-04-05T00:00:00+00:00,883da11233fffff
ACC-00008380,NORMAL,HDFC-Sim,0.156,2025-05-21T00:00:00+00:00,88608b0961fffff
ACC-00008381,NORMAL,PNB-Sim,0.012,2023-03-20T00:00:00+00:00,88618c45b9fffff
ACC-00008382,NORMAL,ICICI-Sim,0.032,2021-11-16T00:00:00+00:00,8860b52e9bfffff
ACC-00008383,NORMAL,BOI-Sim,0.052,2023-07-04T00:00:00+00:00,88608b0a6bfffff
ACC-00008384,NORMAL,Axis-Sim,0.023,2026-03-26T00:00:00+00:00,8860b19695fffff
ACC-00008385,NORMAL,HDFC-Sim,0.1,2025-07-20T00:00:00+00:00,8842ceb5d9fffff
ACC-00008386,NORMAL,PNB-Sim,0.007,2024-03-02T00:00:00+00:00,883d8dcf1dfffff
ACC-00008387,NORMAL,BOI-Sim,0.017,2024-04-10T00:00:00+00:00,8860145943fffff
ACC-00008388,NORMAL,PNB-Sim,0.003,2025-04-07T00:00:00+00:00,88618c4e63fffff
ACC-00008389,NORMAL,BOI-Sim,0.138,2024-01-07T00:00:00+00:00,883da11409fffff
ACC-00008390,NORMAL,Axis-Sim,0.139,2022-05-16T00:00:00+00:00,88618c4e63fffff
ACC-00008391,NORMAL,BOI-Sim,0.146,2024-09-25T00:00:00+00:00,88618c45b9fffff
ACC-00008392,NORMAL,HDFC-Sim,0.026,2024-05-28T00:00:00+00:00,883d8dcd5dfffff
ACC-00008393,NORMAL,BOI-Sim,0.099,2024-12-10T00:00:00+00:00,883da115a5fffff
ACC-00008394,NORMAL,Axis-Sim,0.107,2024-02-21T00:00:00+00:00,8842ceb5d9fffff
ACC-00008395,NORMAL,BOI-Sim,0.038,2024-09-24T00:00:00+00:00,8861892ecbfffff
ACC-00008396,NORMAL,ICICI-Sim,0.086,2023-02-02T00:00:00+00:00,8860b52c97fffff
ACC-00008397,NORMAL,ICICI-Sim,0.107,2023-03-11T00:00:00+00:00,88608b4733fffff
ACC-00008398,NORMAL,PNB-Sim,0.241,2024-08-24T00:00:00+00:00,883d8dcdd5fffff
ACC-00008399,NORMAL,ICICI-Sim,0.201,2024-01-13T00:00:00+00:00,88618c4d05fffff
ACC-00008400,NORMAL,SBI-Sim,0.106,2024-11-24T00:00:00+00:00,883d8dcc0dfffff
ACC-00008401,NORMAL,PNB-Sim,0.213,2022-11-02T00:00:00+00:00,88618925c5fffff
ACC-00008402,NORMAL,ICICI-Sim,0.217,2023-11-10T00:00:00+00:00,88608b56d7fffff
ACC-00008403,NORMAL,BOI-Sim,0.198,2023-12-10T00:00:00+00:00,8860b52c97fffff
ACC-00008404,NORMAL,HDFC-Sim,0.228,2022-05-19T00:00:00+00:00,88618921d1fffff
ACC-00008405,NORMAL,PNB-Sim,0.221,2025-03-31T00:00:00+00:00,8842ceb4a1fffff
ACC-00008406,NORMAL,ICICI-Sim,0.164,2025-03-04T00:00:00+00:00,8842cea623fffff
ACC-00008407,NORMAL,ICICI-Sim,0.078,2025-05-19T00:00:00+00:00,883d8dcf1dfffff
ACC-00008408,NORMAL,ICICI-Sim,0.001,2022-05-16T00:00:00+00:00,88608b0961fffff
ACC-00008409,NORMAL,ICICI-Sim,0.021,2023-08-11T00:00:00+00:00,883da11409fffff
ACC-00008410,NORMAL,SBI-Sim,0.146,2025-08-26T00:00:00+00:00,8842ceb4a1fffff
ACC-00008411,NORMAL,SBI-Sim,0.06,2025-10-01T00:00:00+00:00,8842ceb4a1fffff
ACC-00008412,NORMAL,PNB-Sim,0.216,2024-03-22T00:00:00+00:00,883d8dcd5dfffff
ACC-00008413,NORMAL,Axis-Sim,0.097,2021-11-26T00:00:00+00:00,8842ceb4a1fffff
ACC-00008414,NORMAL,PNB-Sim,0.082,2022-08-02T00:00:00+00:00,88618c4f2bfffff
ACC-00008415,NORMAL,ICICI-Sim,0.154,2023-08-11T00:00:00+00:00,883d8dcc0dfffff
ACC-00008416,NORMAL,PNB-Sim,0.064,2023-04-19T00:00:00+00:00,8860b52e9bfffff
ACC-00008417,NORMAL,ICICI-Sim,0.184,2022-02-14T00:00:00+00:00,8842ceb4a1fffff
ACC-00008418,NORMAL,PNB-Sim,0.175,2025-04-30T00:00:00+00:00,8860145943fffff
ACC-00008419,NORMAL,BOI-Sim,0.069,2025-03-05T00:00:00+00:00,883d8dcd5dfffff
ACC-00008420,NORMAL,ICICI-Sim,0.047,2023-07-03T00:00:00+00:00,883d8dcd5dfffff
ACC-00008421,NORMAL,SBI-Sim,0.243,2024-09-21T00:00:00+00:00,883da115a5fffff
ACC-00008422,NORMAL,HDFC-Sim,0.199,2026-04-23T00:00:00+00:00,8860145943fffff
ACC-00008423,NORMAL,SBI-Sim,0.117,2023-01-16T00:00:00+00:00,88618c4d05fffff
ACC-00008424,NORMAL,PNB-Sim,0.103,2025-03-15T00:00:00+00:00,883d8dcd5dfffff
ACC-00008425,NORMAL,PNB-Sim,0.181,2025-09-17T00:00:00+00:00,883da11409fffff
ACC-00008426,NORMAL,SBI-Sim,0.078,2024-02-08T00:00:00+00:00,8860b19695fffff
ACC-00008427,NORMAL,BOI-Sim,0.029,2026-03-25T00:00:00+00:00,8860b52c97fffff
ACC-00008428,NORMAL,Axis-Sim,0.071,2022-05-18T00:00:00+00:00,88618925c5fffff
ACC-00008429,NORMAL,BOI-Sim,0.063,2026-03-09T00:00:00+00:00,88608b0961fffff
ACC-00008430,NORMAL,ICICI-Sim,0.037,2022-10-22T00:00:00+00:00,88618c4d05fffff
ACC-00008431,NORMAL,Axis-Sim,0.245,2023-11-08T00:00:00+00:00,88618c4f2bfffff
ACC-00008432,NORMAL,BOI-Sim,0.202,2021-09-25T00:00:00+00:00,88618925c5fffff
ACC-00008433,NORMAL,BOI-Sim,0.116,2021-08-18T00:00:00+00:00,8860b19695fffff
ACC-00008434,NORMAL,Axis-Sim,0.214,2023-07-13T00:00:00+00:00,883da115a5fffff
ACC-00008435,NORMAL,BOI-Sim,0.008,2021-08-14T00:00:00+00:00,88608b56d7fffff
ACC-00008436,NORMAL,PNB-Sim,0.054,2022-02-22T00:00:00+00:00,883da11623fffff
ACC-00008437,NORMAL,Axis-Sim,0.076,2024-12-13T00:00:00+00:00,883d8dcc0dfffff
ACC-00008438,NORMAL,Axis-Sim,0.206,2025-11-06T00:00:00+00:00,88608b0961fffff
ACC-00008439,NORMAL,Axis-Sim,0.047,2022-07-02T00:00:00+00:00,8842ceb4a1fffff
ACC-00008440,NORMAL,Axis-Sim,0.009,2021-10-23T00:00:00+00:00,883da115a5fffff
ACC-00008441,NORMAL,ICICI-Sim,0.17,2024-11-14T00:00:00+00:00,8842ceb559fffff
ACC-00008442,NORMAL,PNB-Sim,0.123,2021-09-04T00:00:00+00:00,883d8dcf1dfffff
ACC-00008443,NORMAL,PNB-Sim,0.151,2021-07-15T00:00:00+00:00,88618c4f2bfffff
ACC-00008444,NORMAL,HDFC-Sim,0.005,2022-01-28T00:00:00+00:00,88618925c5fffff
ACC-00008445,NORMAL,SBI-Sim,0.049,2022-12-20T00:00:00+00:00,8860a259bbfffff
ACC-00008446,NORMAL,Axis-Sim,0.002,2023-03-18T00:00:00+00:00,883d8dcd5dfffff
ACC-00008447,NORMAL,Axis-Sim,0.046,2025-06-02T00:00:00+00:00,883d8dcc0dfffff
ACC-00008448,NORMAL,SBI-Sim,0.076,2022-06-22T00:00:00+00:00,88618c4e63fffff
ACC-00008449,NORMAL,BOI-Sim,0.072,2025-07-21T00:00:00+00:00,883d8dcf1dfffff
ACC-00008450,NORMAL,Axis-Sim,0.205,2025-08-31T00:00:00+00:00,88618921d1fffff
ACC-00008451,NORMAL,BOI-Sim,0.206,2024-11-21T00:00:00+00:00,88608b0961fffff
ACC-00008452,NORMAL,HDFC-Sim,0.072,2026-03-16T00:00:00+00:00,883da11409fffff
ACC-00008453,NORMAL,PNB-Sim,0.149,2023-11-25T00:00:00+00:00,8842ceb4a1fffff
ACC-00008454,NORMAL,PNB-Sim,0.076,2023-04-08T00:00:00+00:00,883da11409fffff
ACC-00008455,NORMAL,SBI-Sim,0.127,2024-11-19T00:00:00+00:00,883d8dcc0dfffff
ACC-00008456,NORMAL,SBI-Sim,0.194,2023-02-02T00:00:00+00:00,8842cea623fffff
ACC-00008457,NORMAL,Axis-Sim,0.114,2025-11-06T00:00:00+00:00,8842ceb559fffff
ACC-00008458,NORMAL,BOI-Sim,0.088,2022-03-07T00:00:00+00:00,883d8dcdd5fffff
ACC-00008459,NORMAL,BOI-Sim,0.049,2025-06-25T00:00:00+00:00,88608b0961fffff
ACC-00008460,NORMAL,Axis-Sim,0.123,2023-04-16T00:00:00+00:00,8842ceb4a1fffff
ACC-00008461,NORMAL,ICICI-Sim,0.01,2023-08-29T00:00:00+00:00,88608b56d7fffff
ACC-00008462,NORMAL,Axis-Sim,0.14,2021-06-30T00:00:00+00:00,88618c4e63fffff
ACC-00008463,NORMAL,SBI-Sim,0.161,2024-02-29T00:00:00+00:00,88618c4f2bfffff
ACC-00008464,NORMAL,HDFC-Sim,0.181,2024-05-20T00:00:00+00:00,88618921d1fffff
ACC-00008465,NORMAL,SBI-Sim,0.157,2023-10-05T00:00:00+00:00,8842ceb559fffff
ACC-00008466,NORMAL,SBI-Sim,0.035,2023-06-04T00:00:00+00:00,88618c4d05fffff
ACC-00008467,NORMAL,BOI-Sim,0.212,2022-04-04T00:00:00+00:00,88618c4e63fffff
ACC-00008468,NORMAL,Axis-Sim,0.012,2022-08-05T00:00:00+00:00,88618921d1fffff
ACC-00008469,NORMAL,ICICI-Sim,0.12,2024-05-26T00:00:00+00:00,8842ceb559fffff
ACC-00008470,NORMAL,BOI-Sim,0.018,2023-03-29T00:00:00+00:00,8861892ecbfffff
ACC-00008471,NORMAL,BOI-Sim,0.048,2022-11-26T00:00:00+00:00,88618921d1fffff
ACC-00008472,NORMAL,ICICI-Sim,0.218,2024-09-08T00:00:00+00:00,883d8dcdd5fffff
ACC-00008473,NORMAL,BOI-Sim,0.101,2025-08-01T00:00:00+00:00,88618921d1fffff
ACC-00008474,NORMAL,PNB-Sim,0.04,2025-10-12T00:00:00+00:00,8860145943fffff
ACC-00008475,NORMAL,BOI-Sim,0.038,2024-06-19T00:00:00+00:00,88608b56d7fffff
ACC-00008476,NORMAL,HDFC-Sim,0.06,2021-09-28T00:00:00+00:00,8860b19695fffff
ACC-00008477,NORMAL,Axis-Sim,0.037,2022-08-05T00:00:00+00:00,88618c4f2bfffff
ACC-00008478,NORMAL,SBI-Sim,0.121,2024-07-05T00:00:00+00:00,883d8dcc0dfffff
ACC-00008479,NORMAL,Axis-Sim,0.047,2026-03-05T00:00:00+00:00,88618c4d05fffff
ACC-00008480,NORMAL,SBI-Sim,0.123,2023-10-13T00:00:00+00:00,88618c45b9fffff
ACC-00008481,NORMAL,ICICI-Sim,0.232,2022-10-16T00:00:00+00:00,8861892ecbfffff
ACC-00008482,NORMAL,Axis-Sim,0.163,2022-01-06T00:00:00+00:00,8842ceb559fffff
ACC-00008483,NORMAL,Axis-Sim,0.046,2024-11-07T00:00:00+00:00,8860b19695fffff
ACC-00008484,NORMAL,ICICI-Sim,0.155,2025-09-17T00:00:00+00:00,8860a259bbfffff
ACC-00008485,NORMAL,PNB-Sim,0.072,2021-09-08T00:00:00+00:00,88618925c5fffff
ACC-00008486,NORMAL,BOI-Sim,0.066,2025-03-28T00:00:00+00:00,8860a259bbfffff
ACC-00008487,NORMAL,ICICI-Sim,0.18,2024-11-24T00:00:00+00:00,883d8dcd5dfffff
ACC-00008488,NORMAL,Axis-Sim,0.003,2023-12-01T00:00:00+00:00,883d8dcf1dfffff
ACC-00008489,NORMAL,BOI-Sim,0.112,2022-04-19T00:00:00+00:00,8842ceb5d9fffff
ACC-00008490,NORMAL,Axis-Sim,0.04,2021-12-01T00:00:00+00:00,8842ceb559fffff
ACC-00008491,NORMAL,SBI-Sim,0.205,2025-09-27T00:00:00+00:00,8860a259bbfffff
ACC-00008492,NORMAL,SBI-Sim,0.001,2025-10-08T00:00:00+00:00,88618c45b9fffff
ACC-00008493,NORMAL,PNB-Sim,0.215,2023-08-06T00:00:00+00:00,8860b52e9bfffff
ACC-00008494,NORMAL,PNB-Sim,0.02,2023-02-28T00:00:00+00:00,883d8dcd5dfffff
ACC-00008495,NORMAL,BOI-Sim,0.111,2022-03-01T00:00:00+00:00,88608b0a6bfffff
ACC-00008496,NORMAL,Axis-Sim,0.227,2022-03-22T00:00:00+00:00,883d8dcd5dfffff
ACC-00008497,NORMAL,ICICI-Sim,0.02,2024-01-19T00:00:00+00:00,8842ceb4a1fffff
ACC-00008498,NORMAL,PNB-Sim,0.11,2025-05-02T00:00:00+00:00,8860145943fffff
ACC-00008499,NORMAL,Axis-Sim,0.195,2023-02-10T00:00:00+00:00,8860b19695fffff
ACC-00008500,NORMAL,PNB-Sim,0.091,2025-05-31T00:00:00+00:00,883da115a5fffff
ACC-00008501,NORMAL,SBI-Sim,0.138,2024-07-13T00:00:00+00:00,883da115a5fffff
ACC-00008502,NORMAL,HDFC-Sim,0.163,2022-07-14T00:00:00+00:00,88608b0961fffff
ACC-00008503,NORMAL,ICICI-Sim,0.111,2024-08-23T00:00:00+00:00,88618921d1fffff
ACC-00008504,NORMAL,Axis-Sim,0.004,2021-12-19T00:00:00+00:00,88618921d1fffff
ACC-00008505,NORMAL,BOI-Sim,0.082,2023-09-01T00:00:00+00:00,883d8dcd5dfffff
ACC-00008506,NORMAL,Axis-Sim,0.012,2022-06-30T00:00:00+00:00,88618c4f2bfffff
ACC-00008507,NORMAL,ICICI-Sim,0.227,2026-02-01T00:00:00+00:00,883da115a5fffff
ACC-00008508,NORMAL,HDFC-Sim,0.135,2022-08-22T00:00:00+00:00,883d8dcf1dfffff
ACC-00008509,NORMAL,ICICI-Sim,0.052,2025-12-13T00:00:00+00:00,883d8dcd5dfffff
ACC-00008510,NORMAL,BOI-Sim,0.175,2022-12-18T00:00:00+00:00,8842ceb5d9fffff
ACC-00008511,NORMAL,ICICI-Sim,0.1,2023-06-27T00:00:00+00:00,88608b0961fffff
ACC-00008512,NORMAL,ICICI-Sim,0.237,2022-01-23T00:00:00+00:00,883da11233fffff
ACC-00008513,NORMAL,Axis-Sim,0.051,2022-03-15T00:00:00+00:00,883d8dcf1dfffff
ACC-00008514,NORMAL,Axis-Sim,0.001,2022-04-28T00:00:00+00:00,8860b52c97fffff
ACC-00008515,NORMAL,ICICI-Sim,0.021,2024-05-01T00:00:00+00:00,88608b56d7fffff
ACC-00008516,NORMAL,HDFC-Sim,0.156,2024-06-09T00:00:00+00:00,883d8dcd5dfffff
ACC-00008517,NORMAL,ICICI-Sim,0.047,2025-07-19T00:00:00+00:00,88608b0a6bfffff
ACC-00008518,NORMAL,HDFC-Sim,0.058,2024-09-23T00:00:00+00:00,883d8dcdd5fffff
ACC-00008519,NORMAL,ICICI-Sim,0.18,2024-06-09T00:00:00+00:00,88618c4f2bfffff
ACC-00008520,NORMAL,SBI-Sim,0.033,2025-11-19T00:00:00+00:00,88618921d1fffff
ACC-00008521,NORMAL,SBI-Sim,0.156,2022-02-02T00:00:00+00:00,883d8dcd5dfffff
ACC-00008522,NORMAL,BOI-Sim,0.031,2023-02-01T00:00:00+00:00,883da11409fffff
ACC-00008523,NORMAL,Axis-Sim,0.178,2021-10-13T00:00:00+00:00,88618c4e63fffff
ACC-00008524,NORMAL,Axis-Sim,0.173,2023-09-03T00:00:00+00:00,8842ceb5d9fffff
ACC-00008525,NORMAL,Axis-Sim,0.105,2023-01-12T00:00:00+00:00,88618c4e63fffff
ACC-00008526,NORMAL,BOI-Sim,0.147,2023-08-04T00:00:00+00:00,883d8dcc0dfffff
ACC-00008527,NORMAL,HDFC-Sim,0.031,2023-08-22T00:00:00+00:00,8860145943fffff
ACC-00008528,NORMAL,SBI-Sim,0.074,2023-04-30T00:00:00+00:00,8842ceb559fffff
ACC-00008529,NORMAL,ICICI-Sim,0.082,2023-03-23T00:00:00+00:00,8842ceb4a1fffff
ACC-00008530,NORMAL,PNB-Sim,0.126,2023-11-26T00:00:00+00:00,883da11409fffff
ACC-00008531,NORMAL,PNB-Sim,0.161,2023-03-06T00:00:00+00:00,8860a259bbfffff
ACC-00008532,NORMAL,BOI-Sim,0.129,2023-07-24T00:00:00+00:00,883da115a5fffff
ACC-00008533,NORMAL,BOI-Sim,0.056,2025-11-04T00:00:00+00:00,883d8dcdd5fffff
ACC-00008534,NORMAL,HDFC-Sim,0.062,2024-03-14T00:00:00+00:00,88608b0a6bfffff
ACC-00008535,NORMAL,BOI-Sim,0.182,2021-09-12T00:00:00+00:00,883d8dcd5dfffff
ACC-00008536,NORMAL,HDFC-Sim,0.181,2022-06-15T00:00:00+00:00,883da11409fffff
ACC-00008537,NORMAL,PNB-Sim,0.002,2025-07-27T00:00:00+00:00,883d8dcdd5fffff
ACC-00008538,NORMAL,ICICI-Sim,0.196,2025-08-25T00:00:00+00:00,883da11409fffff
ACC-00008539,NORMAL,BOI-Sim,0.106,2022-07-11T00:00:00+00:00,88618c4d05fffff
ACC-00008540,NORMAL,HDFC-Sim,0.206,2025-07-02T00:00:00+00:00,88608b4733fffff
ACC-00008541,NORMAL,HDFC-Sim,0.22,2025-04-18T00:00:00+00:00,88608b56d7fffff
ACC-00008542,NORMAL,PNB-Sim,0.238,2024-09-30T00:00:00+00:00,883d8dcdd5fffff
ACC-00008543,NORMAL,HDFC-Sim,0.138,2025-01-26T00:00:00+00:00,8861892ecbfffff
ACC-00008544,NORMAL,SBI-Sim,0.141,2025-10-13T00:00:00+00:00,8860145943fffff
ACC-00008545,NORMAL,PNB-Sim,0.108,2025-10-08T00:00:00+00:00,88608b4733fffff
ACC-00008546,NORMAL,Axis-Sim,0.091,2022-01-15T00:00:00+00:00,883d8dcdd5fffff
ACC-00008547,NORMAL,PNB-Sim,0.087,2023-06-24T00:00:00+00:00,883d8dcf1dfffff
ACC-00008548,NORMAL,BOI-Sim,0.177,2021-08-07T00:00:00+00:00,8842cea623fffff
ACC-00008549,NORMAL,BOI-Sim,0.192,2022-12-10T00:00:00+00:00,8842ceb5d9fffff
ACC-00008550,NORMAL,SBI-Sim,0.161,2023-12-21T00:00:00+00:00,8842cea623fffff
ACC-00008551,NORMAL,Axis-Sim,0.186,2024-06-26T00:00:00+00:00,8860b52e9bfffff
ACC-00008552,NORMAL,ICICI-Sim,0.076,2024-01-28T00:00:00+00:00,8861892ecbfffff
ACC-00008553,NORMAL,SBI-Sim,0.051,2023-11-25T00:00:00+00:00,88608b0a6bfffff
ACC-00008554,NORMAL,BOI-Sim,0.245,2024-05-23T00:00:00+00:00,88618c4e63fffff
ACC-00008555,NORMAL,HDFC-Sim,0.115,2022-05-05T00:00:00+00:00,883d8dcc0dfffff
ACC-00008556,NORMAL,HDFC-Sim,0.001,2025-01-22T00:00:00+00:00,88618c4f2bfffff
ACC-00008557,NORMAL,SBI-Sim,0.249,2025-11-19T00:00:00+00:00,88608b0961fffff
ACC-00008558,NORMAL,Axis-Sim,0.242,2023-10-15T00:00:00+00:00,88608b4733fffff
ACC-00008559,NORMAL,HDFC-Sim,0.211,2023-08-26T00:00:00+00:00,88608b4733fffff
ACC-00008560,NORMAL,SBI-Sim,0.156,2022-08-01T00:00:00+00:00,8860b52e9bfffff
ACC-00008561,NORMAL,HDFC-Sim,0.134,2022-03-31T00:00:00+00:00,8860b19695fffff
ACC-00008562,NORMAL,SBI-Sim,0.029,2025-07-09T00:00:00+00:00,88608b0a6bfffff
ACC-00008563,NORMAL,SBI-Sim,0.039,2021-12-09T00:00:00+00:00,8842ceb4a1fffff
ACC-00008564,NORMAL,Axis-Sim,0.043,2023-08-07T00:00:00+00:00,883d8dcc0dfffff
ACC-00008565,NORMAL,PNB-Sim,0.109,2025-12-12T00:00:00+00:00,88618925c5fffff
ACC-00008566,NORMAL,Axis-Sim,0.247,2022-07-15T00:00:00+00:00,8861892ecbfffff
ACC-00008567,NORMAL,ICICI-Sim,0.049,2023-03-24T00:00:00+00:00,88618c4e63fffff
ACC-00008568,NORMAL,BOI-Sim,0.149,2024-09-23T00:00:00+00:00,8861892ecbfffff
ACC-00008569,NORMAL,ICICI-Sim,0.002,2022-07-15T00:00:00+00:00,8842ceb4a1fffff
ACC-00008570,NORMAL,PNB-Sim,0.059,2022-07-10T00:00:00+00:00,8860145943fffff
ACC-00008571,NORMAL,Axis-Sim,0.036,2021-10-09T00:00:00+00:00,883da11233fffff
ACC-00008572,NORMAL,HDFC-Sim,0.054,2022-08-30T00:00:00+00:00,88608b56d7fffff
ACC-00008573,NORMAL,HDFC-Sim,0.125,2023-03-23T00:00:00+00:00,88618c4f2bfffff
ACC-00008574,NORMAL,SBI-Sim,0.213,2026-04-18T00:00:00+00:00,88618c4d05fffff
ACC-00008575,NORMAL,BOI-Sim,0.06,2022-01-24T00:00:00+00:00,883da11409fffff
ACC-00008576,NORMAL,Axis-Sim,0.16,2022-07-07T00:00:00+00:00,8860a259bbfffff
ACC-00008577,NORMAL,PNB-Sim,0.078,2023-11-02T00:00:00+00:00,88618921d1fffff
ACC-00008578,NORMAL,ICICI-Sim,0.238,2024-03-22T00:00:00+00:00,88608b0a6bfffff
ACC-00008579,NORMAL,BOI-Sim,0.153,2022-01-14T00:00:00+00:00,8842cea623fffff
ACC-00008580,NORMAL,SBI-Sim,0.114,2024-08-05T00:00:00+00:00,8861892ecbfffff
ACC-00008581,NORMAL,SBI-Sim,0.203,2024-06-19T00:00:00+00:00,8860b52c97fffff
ACC-00008582,NORMAL,ICICI-Sim,0.203,2022-06-12T00:00:00+00:00,883d8dcf1dfffff
ACC-00008583,NORMAL,HDFC-Sim,0.112,2023-08-16T00:00:00+00:00,88608b4733fffff
ACC-00008584,NORMAL,SBI-Sim,0.14,2023-11-09T00:00:00+00:00,88608b0a6bfffff
ACC-00008585,NORMAL,SBI-Sim,0.141,2024-11-02T00:00:00+00:00,88608b0961fffff
ACC-00008586,NORMAL,PNB-Sim,0.236,2022-07-14T00:00:00+00:00,88618c4d05fffff
ACC-00008587,NORMAL,SBI-Sim,0.013,2022-02-05T00:00:00+00:00,883da11623fffff
ACC-00008588,NORMAL,Axis-Sim,0.126,2025-09-06T00:00:00+00:00,8860b52c97fffff
ACC-00008589,NORMAL,PNB-Sim,0.244,2022-01-22T00:00:00+00:00,88618c4e63fffff
ACC-00008590,NORMAL,PNB-Sim,0.104,2021-08-31T00:00:00+00:00,88618c4d05fffff
ACC-00008591,NORMAL,Axis-Sim,0.053,2023-06-01T00:00:00+00:00,88618921d1fffff
ACC-00008592,NORMAL,SBI-Sim,0.245,2026-01-01T00:00:00+00:00,88608b56d7fffff
ACC-00008593,NORMAL,SBI-Sim,0.063,2025-08-09T00:00:00+00:00,88608b0a6bfffff
ACC-00008594,NORMAL,BOI-Sim,0.074,2024-10-03T00:00:00+00:00,883da11409fffff
ACC-00008595,NORMAL,HDFC-Sim,0.049,2023-05-29T00:00:00+00:00,883d8dcf1dfffff
ACC-00008596,NORMAL,HDFC-Sim,0.133,2025-11-27T00:00:00+00:00,88618c4d05fffff
ACC-00008597,NORMAL,PNB-Sim,0.046,2022-07-01T00:00:00+00:00,88608b4733fffff
ACC-00008598,NORMAL,ICICI-Sim,0.225,2024-11-04T00:00:00+00:00,88618c4e63fffff
ACC-00008599,NORMAL,ICICI-Sim,0.087,2025-09-14T00:00:00+00:00,88618925c5fffff
ACC-00008600,NORMAL,ICICI-Sim,0.161,2022-06-16T00:00:00+00:00,8860b19695fffff
ACC-00008601,NORMAL,Axis-Sim,0.034,2026-03-25T00:00:00+00:00,8842ceb5d9fffff
ACC-00008602,NORMAL,SBI-Sim,0.08,2023-06-04T00:00:00+00:00,8860a259bbfffff
ACC-00008603,NORMAL,HDFC-Sim,0.099,2025-02-25T00:00:00+00:00,8842ceb4a1fffff
ACC-00008604,NORMAL,BOI-Sim,0.101,2025-05-12T00:00:00+00:00,88618c4d05fffff
ACC-00008605,NORMAL,PNB-Sim,0.076,2024-05-26T00:00:00+00:00,883da115a5fffff
ACC-00008606,NORMAL,HDFC-Sim,0.242,2023-01-18T00:00:00+00:00,8860b52c97fffff
ACC-00008607,NORMAL,HDFC-Sim,0.206,2022-09-01T00:00:00+00:00,8842ceb5d9fffff
ACC-00008608,NORMAL,Axis-Sim,0.206,2023-01-02T00:00:00+00:00,8860a259bbfffff
ACC-00008609,NORMAL,BOI-Sim,0.188,2025-03-31T00:00:00+00:00,8842ceb4a1fffff
ACC-00008610,NORMAL,BOI-Sim,0.039,2024-05-26T00:00:00+00:00,8842cea623fffff
ACC-00008611,NORMAL,PNB-Sim,0.214,2026-03-22T00:00:00+00:00,88618c4d05fffff
ACC-00008612,NORMAL,PNB-Sim,0.002,2024-08-26T00:00:00+00:00,883d8dcd5dfffff
ACC-00008613,NORMAL,SBI-Sim,0.089,2024-03-25T00:00:00+00:00,88608b56d7fffff
ACC-00008614,NORMAL,SBI-Sim,0.032,2025-05-22T00:00:00+00:00,8842ceb4a1fffff
ACC-00008615,NORMAL,SBI-Sim,0.241,2022-11-25T00:00:00+00:00,8842ceb5d9fffff
ACC-00008616,NORMAL,SBI-Sim,0.165,2022-08-03T00:00:00+00:00,883d8dcdd5fffff
ACC-00008617,NORMAL,PNB-Sim,0.012,2023-07-07T00:00:00+00:00,88618925c5fffff
ACC-00008618,NORMAL,HDFC-Sim,0.246,2023-04-02T00:00:00+00:00,8842ceb5d9fffff
ACC-00008619,NORMAL,Axis-Sim,0.11,2023-12-05T00:00:00+00:00,8860b19695fffff
ACC-00008620,NORMAL,BOI-Sim,0.005,2021-09-12T00:00:00+00:00,8860b19695fffff
ACC-00008621,NORMAL,Axis-Sim,0.213,2026-02-15T00:00:00+00:00,8860b19695fffff
ACC-00008622,NORMAL,PNB-Sim,0.221,2025-11-01T00:00:00+00:00,88608b0a6bfffff
ACC-00008623,NORMAL,BOI-Sim,0.147,2025-06-24T00:00:00+00:00,883d8dcdd5fffff
ACC-00008624,NORMAL,BOI-Sim,0.096,2024-10-05T00:00:00+00:00,88618925c5fffff
ACC-00008625,NORMAL,SBI-Sim,0.043,2025-02-13T00:00:00+00:00,8842ceb4a1fffff
ACC-00008626,NORMAL,ICICI-Sim,0.027,2022-11-19T00:00:00+00:00,88618c4f2bfffff
ACC-00008627,NORMAL,ICICI-Sim,0.205,2023-08-03T00:00:00+00:00,8842cea623fffff
ACC-00008628,NORMAL,ICICI-Sim,0.066,2021-10-17T00:00:00+00:00,88618c45b9fffff
ACC-00008629,NORMAL,PNB-Sim,0.125,2025-01-27T00:00:00+00:00,883d8dcdd5fffff
ACC-00008630,NORMAL,ICICI-Sim,0.22,2025-03-04T00:00:00+00:00,88618925c5fffff
ACC-00008631,NORMAL,HDFC-Sim,0.044,2024-08-17T00:00:00+00:00,883d8dcdd5fffff
ACC-00008632,NORMAL,PNB-Sim,0.178,2022-08-16T00:00:00+00:00,8860b52e9bfffff
ACC-00008633,NORMAL,ICICI-Sim,0.044,2026-03-12T00:00:00+00:00,883d8dcc0dfffff
ACC-00008634,NORMAL,ICICI-Sim,0.205,2021-11-26T00:00:00+00:00,88618c45b9fffff
ACC-00008635,NORMAL,ICICI-Sim,0.108,2021-07-20T00:00:00+00:00,88608b0a6bfffff
ACC-00008636,NORMAL,BOI-Sim,0.097,2025-12-04T00:00:00+00:00,88618c4d05fffff
ACC-00008637,NORMAL,Axis-Sim,0.171,2022-03-19T00:00:00+00:00,8860145943fffff
ACC-00008638,NORMAL,ICICI-Sim,0.054,2022-02-15T00:00:00+00:00,88618c45b9fffff
ACC-00008639,NORMAL,ICICI-Sim,0.246,2022-11-05T00:00:00+00:00,883da115a5fffff
ACC-00008640,NORMAL,ICICI-Sim,0.248,2023-06-30T00:00:00+00:00,883d8dcf1dfffff
ACC-00008641,NORMAL,ICICI-Sim,0.063,2022-04-11T00:00:00+00:00,883d8dcf1dfffff
ACC-00008642,NORMAL,Axis-Sim,0.006,2024-05-02T00:00:00+00:00,88618921d1fffff
ACC-00008643,NORMAL,HDFC-Sim,0.032,2022-09-24T00:00:00+00:00,8860b52c97fffff
ACC-00008644,NORMAL,Axis-Sim,0.011,2025-03-20T00:00:00+00:00,88608b0a6bfffff
ACC-00008645,NORMAL,ICICI-Sim,0.004,2023-05-03T00:00:00+00:00,883d8dcd5dfffff
ACC-00008646,NORMAL,ICICI-Sim,0.013,2025-04-15T00:00:00+00:00,883d8dcc0dfffff
ACC-00008647,NORMAL,HDFC-Sim,0.008,2023-07-30T00:00:00+00:00,8860145943fffff
ACC-00008648,NORMAL,HDFC-Sim,0.162,2023-02-12T00:00:00+00:00,88608b0a6bfffff
ACC-00008649,NORMAL,SBI-Sim,0.091,2021-08-13T00:00:00+00:00,883d8dcc0dfffff
ACC-00008650,NORMAL,SBI-Sim,0.216,2022-03-02T00:00:00+00:00,88618925c5fffff
ACC-00008651,NORMAL,SBI-Sim,0.127,2023-11-14T00:00:00+00:00,88618925c5fffff
ACC-00008652,NORMAL,HDFC-Sim,0.11,2023-02-10T00:00:00+00:00,88618c4d05fffff
ACC-00008653,NORMAL,BOI-Sim,0.153,2025-12-28T00:00:00+00:00,8860b52e9bfffff
ACC-00008654,NORMAL,ICICI-Sim,0.157,2023-03-21T00:00:00+00:00,88608b0961fffff
ACC-00008655,NORMAL,Axis-Sim,0.163,2025-04-24T00:00:00+00:00,883da115a5fffff
ACC-00008656,NORMAL,HDFC-Sim,0.08,2023-11-02T00:00:00+00:00,883da11409fffff
ACC-00008657,NORMAL,BOI-Sim,0.007,2023-04-18T00:00:00+00:00,8861892ecbfffff
ACC-00008658,NORMAL,PNB-Sim,0.069,2022-06-29T00:00:00+00:00,88618921d1fffff
ACC-00008659,NORMAL,ICICI-Sim,0.001,2024-06-30T00:00:00+00:00,8842ceb559fffff
ACC-00008660,NORMAL,ICICI-Sim,0.069,2023-03-05T00:00:00+00:00,8860b52c97fffff
ACC-00008661,NORMAL,Axis-Sim,0.04,2022-05-28T00:00:00+00:00,8860b19695fffff
ACC-00008662,NORMAL,HDFC-Sim,0.184,2024-01-21T00:00:00+00:00,883da115a5fffff
ACC-00008663,NORMAL,HDFC-Sim,0.184,2024-02-15T00:00:00+00:00,88608b4733fffff
ACC-00008664,NORMAL,ICICI-Sim,0.163,2025-01-10T00:00:00+00:00,883d8dcdd5fffff
ACC-00008665,NORMAL,BOI-Sim,0.165,2023-08-16T00:00:00+00:00,8860b19695fffff
ACC-00008666,NORMAL,BOI-Sim,0.107,2022-05-17T00:00:00+00:00,8842ceb5d9fffff
ACC-00008667,NORMAL,PNB-Sim,0.09,2025-11-29T00:00:00+00:00,88608b0a6bfffff
ACC-00008668,NORMAL,Axis-Sim,0.152,2025-12-17T00:00:00+00:00,88618921d1fffff
ACC-00008669,NORMAL,ICICI-Sim,0.188,2023-03-04T00:00:00+00:00,8842cea623fffff
ACC-00008670,NORMAL,ICICI-Sim,0.158,2024-04-08T00:00:00+00:00,88618c45b9fffff
ACC-00008671,NORMAL,BOI-Sim,0.141,2021-12-08T00:00:00+00:00,88608b0961fffff
ACC-00008672,NORMAL,BOI-Sim,0.046,2024-06-16T00:00:00+00:00,88608b0961fffff
ACC-00008673,NORMAL,SBI-Sim,0.103,2022-08-07T00:00:00+00:00,883da11623fffff
ACC-00008674,NORMAL,BOI-Sim,0.015,2025-01-18T00:00:00+00:00,88618c45b9fffff
ACC-00008675,NORMAL,BOI-Sim,0.21,2025-06-03T00:00:00+00:00,8842ceb5d9fffff
ACC-00008676,NORMAL,Axis-Sim,0.001,2023-10-01T00:00:00+00:00,8860b52c97fffff
ACC-00008677,NORMAL,ICICI-Sim,0.063,2022-10-31T00:00:00+00:00,883da115a5fffff
ACC-00008678,NORMAL,Axis-Sim,0.132,2024-12-31T00:00:00+00:00,8842ceb5d9fffff
ACC-00008679,NORMAL,HDFC-Sim,0.052,2022-08-28T00:00:00+00:00,883d8dcf1dfffff
ACC-00008680,NORMAL,HDFC-Sim,0.031,2023-07-08T00:00:00+00:00,883da11409fffff
ACC-00008681,NORMAL,BOI-Sim,0.118,2025-01-24T00:00:00+00:00,883da11409fffff
ACC-00008682,NORMAL,PNB-Sim,0.171,2026-02-04T00:00:00+00:00,8842ceb4a1fffff
ACC-00008683,NORMAL,PNB-Sim,0.046,2025-11-27T00:00:00+00:00,8861892ecbfffff
ACC-00008684,NORMAL,BOI-Sim,0.185,2022-07-29T00:00:00+00:00,88608b0961fffff
ACC-00008685,NORMAL,ICICI-Sim,0.076,2022-02-20T00:00:00+00:00,883da11233fffff
ACC-00008686,NORMAL,SBI-Sim,0.204,2024-04-23T00:00:00+00:00,883da115a5fffff
ACC-00008687,NORMAL,BOI-Sim,0.072,2025-06-19T00:00:00+00:00,883da11409fffff
ACC-00008688,NORMAL,Axis-Sim,0.022,2025-09-22T00:00:00+00:00,88608b4733fffff
ACC-00008689,NORMAL,BOI-Sim,0.147,2025-11-28T00:00:00+00:00,8860b52e9bfffff
ACC-00008690,NORMAL,SBI-Sim,0.185,2023-10-10T00:00:00+00:00,883da115a5fffff
ACC-00008691,NORMAL,SBI-Sim,0.168,2025-06-04T00:00:00+00:00,88618c45b9fffff
ACC-00008692,NORMAL,HDFC-Sim,0.249,2025-05-20T00:00:00+00:00,88618921d1fffff
ACC-00008693,NORMAL,HDFC-Sim,0.173,2023-11-04T00:00:00+00:00,88608b0961fffff
ACC-00008694,NORMAL,PNB-Sim,0.067,2025-07-23T00:00:00+00:00,8861892ecbfffff
ACC-00008695,NORMAL,PNB-Sim,0.087,2025-06-24T00:00:00+00:00,88618c4d05fffff
ACC-00008696,NORMAL,PNB-Sim,0.174,2022-05-28T00:00:00+00:00,883da11623fffff
ACC-00008697,NORMAL,SBI-Sim,0.134,2025-07-02T00:00:00+00:00,883d8dcc0dfffff
ACC-00008698,NORMAL,HDFC-Sim,0.021,2022-07-05T00:00:00+00:00,8860a259bbfffff
ACC-00008699,NORMAL,BOI-Sim,0.209,2025-07-21T00:00:00+00:00,883d8dcf1dfffff
ACC-00008700,NORMAL,SBI-Sim,0.025,2023-01-22T00:00:00+00:00,88618925c5fffff
ACC-00008701,NORMAL,PNB-Sim,0.039,2024-10-06T00:00:00+00:00,8842ceb5d9fffff
ACC-00008702,NORMAL,BOI-Sim,0.21,2026-04-25T00:00:00+00:00,8842ceb559fffff
ACC-00008703,NORMAL,Axis-Sim,0.141,2025-09-19T00:00:00+00:00,8860a259bbfffff
ACC-00008704,NORMAL,BOI-Sim,0.022,2026-03-08T00:00:00+00:00,883d8dcd5dfffff
ACC-00008705,NORMAL,HDFC-Sim,0.058,2023-05-14T00:00:00+00:00,883da115a5fffff
ACC-00008706,NORMAL,PNB-Sim,0.015,2025-10-06T00:00:00+00:00,8842ceb559fffff
ACC-00008707,NORMAL,SBI-Sim,0.088,2024-08-21T00:00:00+00:00,883d8dcf1dfffff
ACC-00008708,NORMAL,BOI-Sim,0.168,2023-04-01T00:00:00+00:00,88618c4d05fffff
ACC-00008709,NORMAL,Axis-Sim,0.054,2023-04-11T00:00:00+00:00,88618c45b9fffff
ACC-00008710,NORMAL,Axis-Sim,0.103,2022-12-21T00:00:00+00:00,88618c4d05fffff
ACC-00008711,NORMAL,SBI-Sim,0.116,2023-02-05T00:00:00+00:00,883d8dcf1dfffff
ACC-00008712,NORMAL,BOI-Sim,0.095,2023-10-07T00:00:00+00:00,883d8dcd5dfffff
ACC-00008713,NORMAL,BOI-Sim,0.172,2025-05-12T00:00:00+00:00,8860b52e9bfffff
ACC-00008714,NORMAL,BOI-Sim,0.157,2023-03-27T00:00:00+00:00,88608b0961fffff
ACC-00008715,NORMAL,PNB-Sim,0.137,2022-08-19T00:00:00+00:00,88618c4f2bfffff
ACC-00008716,NORMAL,HDFC-Sim,0.239,2023-10-28T00:00:00+00:00,883da11623fffff
ACC-00008717,NORMAL,ICICI-Sim,0.144,2024-07-05T00:00:00+00:00,88618925c5fffff
ACC-00008718,NORMAL,HDFC-Sim,0.166,2025-12-20T00:00:00+00:00,8842cea623fffff
ACC-00008719,NORMAL,Axis-Sim,0.197,2023-11-01T00:00:00+00:00,8860145943fffff
ACC-00008720,NORMAL,ICICI-Sim,0.063,2021-10-12T00:00:00+00:00,88618c4f2bfffff
ACC-00008721,NORMAL,HDFC-Sim,0.053,2023-01-06T00:00:00+00:00,88618c4f2bfffff
ACC-00008722,NORMAL,BOI-Sim,0.212,2023-01-04T00:00:00+00:00,88608b56d7fffff
ACC-00008723,NORMAL,PNB-Sim,0.05,2023-01-18T00:00:00+00:00,88618921d1fffff
ACC-00008724,NORMAL,Axis-Sim,0.138,2025-07-08T00:00:00+00:00,883da11233fffff
ACC-00008725,NORMAL,Axis-Sim,0.113,2025-06-14T00:00:00+00:00,88608b56d7fffff
ACC-00008726,NORMAL,Axis-Sim,0.199,2023-07-16T00:00:00+00:00,883da11623fffff
ACC-00008727,NORMAL,SBI-Sim,0.052,2023-02-24T00:00:00+00:00,8860b19695fffff
ACC-00008728,NORMAL,BOI-Sim,0.138,2024-07-30T00:00:00+00:00,8842ceb4a1fffff
ACC-00008729,NORMAL,SBI-Sim,0.234,2025-05-25T00:00:00+00:00,8842ceb559fffff
ACC-00008730,NORMAL,Axis-Sim,0.133,2021-06-30T00:00:00+00:00,88608b4733fffff
ACC-00008731,NORMAL,HDFC-Sim,0.068,2026-02-28T00:00:00+00:00,8860a259bbfffff
ACC-00008732,NORMAL,Axis-Sim,0.073,2023-03-02T00:00:00+00:00,88608b0a6bfffff
ACC-00008733,NORMAL,HDFC-Sim,0.203,2025-04-22T00:00:00+00:00,88608b4733fffff
ACC-00008734,NORMAL,SBI-Sim,0.018,2022-05-17T00:00:00+00:00,883da11623fffff
ACC-00008735,NORMAL,HDFC-Sim,0.222,2023-05-09T00:00:00+00:00,8860b19695fffff
ACC-00008736,NORMAL,SBI-Sim,0.223,2021-12-14T00:00:00+00:00,883da115a5fffff
ACC-00008737,NORMAL,PNB-Sim,0.213,2023-04-07T00:00:00+00:00,8842ceb5d9fffff
ACC-00008738,NORMAL,SBI-Sim,0.026,2024-12-29T00:00:00+00:00,88608b56d7fffff
ACC-00008739,NORMAL,SBI-Sim,0.196,2026-01-21T00:00:00+00:00,88608b4733fffff
ACC-00008740,NORMAL,HDFC-Sim,0.205,2024-12-03T00:00:00+00:00,8842cea623fffff
ACC-00008741,NORMAL,HDFC-Sim,0.045,2025-01-21T00:00:00+00:00,883d8dcc0dfffff
ACC-00008742,NORMAL,ICICI-Sim,0.095,2022-08-21T00:00:00+00:00,8860b52c97fffff
ACC-00008743,NORMAL,BOI-Sim,0.009,2022-12-24T00:00:00+00:00,88618925c5fffff
ACC-00008744,NORMAL,ICICI-Sim,0.138,2022-10-31T00:00:00+00:00,88618921d1fffff
ACC-00008745,NORMAL,HDFC-Sim,0.239,2025-12-10T00:00:00+00:00,88618925c5fffff
ACC-00008746,NORMAL,PNB-Sim,0.058,2023-07-22T00:00:00+00:00,88618c4f2bfffff
ACC-00008747,NORMAL,PNB-Sim,0.203,2021-12-31T00:00:00+00:00,8860b52e9bfffff
ACC-00008748,NORMAL,HDFC-Sim,0.13,2025-08-28T00:00:00+00:00,8860b52c97fffff
ACC-00008749,NORMAL,PNB-Sim,0.051,2023-10-01T00:00:00+00:00,883d8dcc0dfffff
ACC-00008750,NORMAL,PNB-Sim,0.154,2023-07-04T00:00:00+00:00,883d8dcf1dfffff
ACC-00008751,NORMAL,Axis-Sim,0.225,2021-12-19T00:00:00+00:00,88618c4d05fffff
ACC-00008752,NORMAL,PNB-Sim,0.073,2023-03-27T00:00:00+00:00,883da115a5fffff
ACC-00008753,NORMAL,Axis-Sim,0.075,2021-10-28T00:00:00+00:00,8860145943fffff
ACC-00008754,NORMAL,HDFC-Sim,0.046,2025-10-19T00:00:00+00:00,883da11623fffff
ACC-00008755,NORMAL,BOI-Sim,0.047,2023-09-06T00:00:00+00:00,88618925c5fffff
ACC-00008756,NORMAL,SBI-Sim,0.014,2024-07-11T00:00:00+00:00,88608b0a6bfffff
ACC-00008757,NORMAL,HDFC-Sim,0.063,2022-12-14T00:00:00+00:00,883d8dcc0dfffff
ACC-00008758,NORMAL,SBI-Sim,0.076,2022-05-23T00:00:00+00:00,88608b4733fffff
ACC-00008759,NORMAL,BOI-Sim,0.11,2022-06-08T00:00:00+00:00,8860b19695fffff
ACC-00008760,NORMAL,Axis-Sim,0.24,2022-01-29T00:00:00+00:00,8861892ecbfffff
ACC-00008761,NORMAL,SBI-Sim,0.201,2025-04-11T00:00:00+00:00,8842ceb559fffff
ACC-00008762,NORMAL,BOI-Sim,0.202,2024-02-05T00:00:00+00:00,88608b4733fffff
ACC-00008763,NORMAL,Axis-Sim,0.184,2024-08-20T00:00:00+00:00,883da115a5fffff
ACC-00008764,NORMAL,BOI-Sim,0.137,2026-04-03T00:00:00+00:00,883d8dcd5dfffff
ACC-00008765,NORMAL,HDFC-Sim,0.01,2022-05-22T00:00:00+00:00,8860145943fffff
ACC-00008766,NORMAL,BOI-Sim,0.148,2025-03-30T00:00:00+00:00,88618925c5fffff
ACC-00008767,NORMAL,ICICI-Sim,0.019,2022-12-30T00:00:00+00:00,88618921d1fffff
ACC-00008768,NORMAL,BOI-Sim,0.204,2024-09-09T00:00:00+00:00,883d8dcf1dfffff
ACC-00008769,NORMAL,HDFC-Sim,0.066,2025-05-05T00:00:00+00:00,8860b52c97fffff
ACC-00008770,NORMAL,SBI-Sim,0.011,2021-10-18T00:00:00+00:00,8842ceb5d9fffff
ACC-00008771,NORMAL,HDFC-Sim,0.237,2022-01-06T00:00:00+00:00,8842ceb559fffff
ACC-00008772,NORMAL,PNB-Sim,0.117,2023-12-05T00:00:00+00:00,883d8dcc0dfffff
ACC-00008773,NORMAL,Axis-Sim,0.198,2024-06-04T00:00:00+00:00,88608b4733fffff
ACC-00008774,NORMAL,Axis-Sim,0.035,2021-12-18T00:00:00+00:00,8860b19695fffff
ACC-00008775,NORMAL,SBI-Sim,0.066,2024-03-01T00:00:00+00:00,8860a259bbfffff
ACC-00008776,NORMAL,SBI-Sim,0.147,2023-12-25T00:00:00+00:00,883da11409fffff
ACC-00008777,NORMAL,PNB-Sim,0.055,2021-10-23T00:00:00+00:00,8842cea623fffff
ACC-00008778,NORMAL,SBI-Sim,0.001,2023-11-14T00:00:00+00:00,883da11623fffff
ACC-00008779,NORMAL,PNB-Sim,0.217,2025-10-22T00:00:00+00:00,8860145943fffff
ACC-00008780,NORMAL,HDFC-Sim,0.093,2023-05-23T00:00:00+00:00,88608b56d7fffff
ACC-00008781,NORMAL,ICICI-Sim,0.141,2024-11-23T00:00:00+00:00,88618c4e63fffff
ACC-00008782,NORMAL,BOI-Sim,0.054,2021-08-18T00:00:00+00:00,8861892ecbfffff
ACC-00008783,NORMAL,PNB-Sim,0.087,2022-09-08T00:00:00+00:00,88608b56d7fffff
ACC-00008784,NORMAL,BOI-Sim,0.069,2026-03-02T00:00:00+00:00,883d8dcf1dfffff
ACC-00008785,NORMAL,PNB-Sim,0.051,2025-03-28T00:00:00+00:00,8860b19695fffff
ACC-00008786,NORMAL,Axis-Sim,0.18,2022-08-23T00:00:00+00:00,8860145943fffff
ACC-00008787,NORMAL,SBI-Sim,0.202,2022-05-20T00:00:00+00:00,88618c4f2bfffff
ACC-00008788,NORMAL,PNB-Sim,0.113,2025-08-19T00:00:00+00:00,883d8dcc0dfffff
ACC-00008789,NORMAL,Axis-Sim,0.075,2026-04-08T00:00:00+00:00,8860145943fffff
ACC-00008790,NORMAL,Axis-Sim,0.16,2023-05-26T00:00:00+00:00,8842ceb559fffff
ACC-00008791,NORMAL,ICICI-Sim,0.228,2023-07-19T00:00:00+00:00,8860b52c97fffff
ACC-00008792,NORMAL,ICICI-Sim,0.124,2026-03-14T00:00:00+00:00,88608b0961fffff
ACC-00008793,NORMAL,ICICI-Sim,0.07,2022-01-29T00:00:00+00:00,88618c4d05fffff
ACC-00008794,NORMAL,PNB-Sim,0.229,2024-04-04T00:00:00+00:00,883da11409fffff
ACC-00008795,NORMAL,ICICI-Sim,0.228,2022-08-12T00:00:00+00:00,883da11233fffff
ACC-00008796,NORMAL,Axis-Sim,0.207,2023-05-07T00:00:00+00:00,8860b19695fffff
ACC-00008797,NORMAL,ICICI-Sim,0.234,2026-01-08T00:00:00+00:00,883d8dcdd5fffff
ACC-00008798,NORMAL,SBI-Sim,0.035,2023-07-28T00:00:00+00:00,8842ceb4a1fffff
ACC-00008799,NORMAL,PNB-Sim,0.073,2024-01-28T00:00:00+00:00,88608b56d7fffff
ACC-00008800,NORMAL,HDFC-Sim,0.048,2023-07-12T00:00:00+00:00,8861892ecbfffff
ACC-00008801,NORMAL,BOI-Sim,0.091,2022-05-01T00:00:00+00:00,8860145943fffff
ACC-00008802,NORMAL,BOI-Sim,0.101,2025-07-12T00:00:00+00:00,88608b56d7fffff
ACC-00008803,NORMAL,Axis-Sim,0.025,2022-06-18T00:00:00+00:00,88618925c5fffff
ACC-00008804,NORMAL,PNB-Sim,0.003,2022-09-07T00:00:00+00:00,88618c45b9fffff
ACC-00008805,NORMAL,HDFC-Sim,0.167,2022-11-04T00:00:00+00:00,8860a259bbfffff
ACC-00008806,NORMAL,BOI-Sim,0.014,2023-06-28T00:00:00+00:00,8842ceb5d9fffff
ACC-00008807,NORMAL,ICICI-Sim,0.03,2023-06-10T00:00:00+00:00,883d8dcc0dfffff
ACC-00008808,NORMAL,HDFC-Sim,0.002,2022-06-25T00:00:00+00:00,88618c45b9fffff
ACC-00008809,NORMAL,SBI-Sim,0.185,2026-01-07T00:00:00+00:00,8842ceb4a1fffff
ACC-00008810,NORMAL,Axis-Sim,0.194,2023-08-21T00:00:00+00:00,8842ceb5d9fffff
ACC-00008811,NORMAL,PNB-Sim,0.121,2022-08-14T00:00:00+00:00,88618c4f2bfffff
ACC-00008812,NORMAL,SBI-Sim,0.194,2024-10-12T00:00:00+00:00,88608b0961fffff
ACC-00008813,NORMAL,PNB-Sim,0.026,2026-03-22T00:00:00+00:00,883da11623fffff
ACC-00008814,NORMAL,ICICI-Sim,0.212,2026-02-11T00:00:00+00:00,8842ceb4a1fffff
ACC-00008815,NORMAL,BOI-Sim,0.017,2023-03-26T00:00:00+00:00,883da11409fffff
ACC-00008816,NORMAL,BOI-Sim,0.197,2021-10-30T00:00:00+00:00,88608b4733fffff
ACC-00008817,NORMAL,HDFC-Sim,0.011,2023-01-10T00:00:00+00:00,88618c4e63fffff
ACC-00008818,NORMAL,ICICI-Sim,0.015,2026-04-03T00:00:00+00:00,88608b4733fffff
ACC-00008819,NORMAL,HDFC-Sim,0.113,2021-07-22T00:00:00+00:00,883da11623fffff
ACC-00008820,NORMAL,ICICI-Sim,0.008,2022-03-30T00:00:00+00:00,88608b0a6bfffff
ACC-00008821,NORMAL,HDFC-Sim,0.029,2024-06-25T00:00:00+00:00,883da11623fffff
ACC-00008822,NORMAL,BOI-Sim,0.023,2023-12-20T00:00:00+00:00,883da11409fffff
ACC-00008823,NORMAL,SBI-Sim,0.098,2021-11-02T00:00:00+00:00,88608b56d7fffff
ACC-00008824,NORMAL,SBI-Sim,0.088,2022-03-23T00:00:00+00:00,883da11409fffff
ACC-00008825,NORMAL,BOI-Sim,0.034,2026-02-06T00:00:00+00:00,8842ceb4a1fffff
ACC-00008826,NORMAL,ICICI-Sim,0.249,2024-08-19T00:00:00+00:00,8860b52c97fffff
ACC-00008827,NORMAL,Axis-Sim,0.209,2025-04-10T00:00:00+00:00,8842ceb4a1fffff
ACC-00008828,NORMAL,PNB-Sim,0.172,2024-02-21T00:00:00+00:00,88618c45b9fffff
ACC-00008829,NORMAL,HDFC-Sim,0.218,2022-04-10T00:00:00+00:00,883da11233fffff
ACC-00008830,NORMAL,SBI-Sim,0.114,2021-12-08T00:00:00+00:00,88618c45b9fffff
ACC-00008831,NORMAL,ICICI-Sim,0.09,2022-09-05T00:00:00+00:00,883da11623fffff
ACC-00008832,NORMAL,ICICI-Sim,0.005,2025-05-12T00:00:00+00:00,88618c45b9fffff
ACC-00008833,NORMAL,BOI-Sim,0.043,2021-11-03T00:00:00+00:00,88618c4f2bfffff
ACC-00008834,NORMAL,Axis-Sim,0.177,2024-08-12T00:00:00+00:00,88618925c5fffff
ACC-00008835,NORMAL,BOI-Sim,0.018,2022-05-25T00:00:00+00:00,883da11233fffff
ACC-00008836,NORMAL,Axis-Sim,0.111,2023-05-31T00:00:00+00:00,8860a259bbfffff
ACC-00008837,NORMAL,ICICI-Sim,0.125,2026-04-27T00:00:00+00:00,88608b0a6bfffff
ACC-00008838,NORMAL,HDFC-Sim,0.141,2021-09-26T00:00:00+00:00,88618c4d05fffff
ACC-00008839,NORMAL,HDFC-Sim,0.007,2021-08-08T00:00:00+00:00,88608b0961fffff
ACC-00008840,NORMAL,PNB-Sim,0.235,2025-07-27T00:00:00+00:00,883da11623fffff
ACC-00008841,NORMAL,Axis-Sim,0.183,2021-08-22T00:00:00+00:00,883d8dcf1dfffff
ACC-00008842,NORMAL,HDFC-Sim,0.171,2022-12-30T00:00:00+00:00,883d8dcc0dfffff
ACC-00008843,NORMAL,HDFC-Sim,0.107,2025-11-15T00:00:00+00:00,88608b0a6bfffff
ACC-00008844,NORMAL,BOI-Sim,0.062,2022-07-12T00:00:00+00:00,8860b52c97fffff
ACC-00008845,NORMAL,ICICI-Sim,0.244,2024-07-31T00:00:00+00:00,8842ceb559fffff
ACC-00008846,NORMAL,ICICI-Sim,0.065,2021-08-04T00:00:00+00:00,8842ceb4a1fffff
ACC-00008847,NORMAL,BOI-Sim,0.126,2026-04-10T00:00:00+00:00,88618c4e63fffff
ACC-00008848,NORMAL,Axis-Sim,0.097,2022-02-04T00:00:00+00:00,8860b52c97fffff
ACC-00008849,NORMAL,ICICI-Sim,0.2,2025-06-23T00:00:00+00:00,8860a259bbfffff
ACC-00008850,NORMAL,BOI-Sim,0.101,2021-07-22T00:00:00+00:00,883da115a5fffff
ACC-00008851,NORMAL,PNB-Sim,0.017,2021-10-04T00:00:00+00:00,88608b56d7fffff
ACC-00008852,NORMAL,BOI-Sim,0.033,2023-06-08T00:00:00+00:00,88608b0a6bfffff
ACC-00008853,NORMAL,PNB-Sim,0.221,2023-03-01T00:00:00+00:00,88608b0a6bfffff
ACC-00008854,NORMAL,SBI-Sim,0.089,2024-01-14T00:00:00+00:00,88618c4d05fffff
ACC-00008855,NORMAL,BOI-Sim,0.049,2024-10-05T00:00:00+00:00,88618c4e63fffff
ACC-00008856,NORMAL,SBI-Sim,0.044,2023-08-01T00:00:00+00:00,88618c4e63fffff
ACC-00008857,NORMAL,SBI-Sim,0.241,2024-10-15T00:00:00+00:00,8860a259bbfffff
ACC-00008858,NORMAL,HDFC-Sim,0.221,2021-12-03T00:00:00+00:00,88608b4733fffff
ACC-00008859,NORMAL,Axis-Sim,0.23,2025-11-05T00:00:00+00:00,88618c4d05fffff
ACC-00008860,NORMAL,PNB-Sim,0.117,2025-02-18T00:00:00+00:00,88618c4f2bfffff
ACC-00008861,NORMAL,PNB-Sim,0.241,2021-10-26T00:00:00+00:00,883d8dcf1dfffff
ACC-00008862,NORMAL,HDFC-Sim,0.225,2024-11-28T00:00:00+00:00,8860b52c97fffff
ACC-00008863,NORMAL,ICICI-Sim,0.039,2022-04-15T00:00:00+00:00,88618921d1fffff
ACC-00008864,NORMAL,ICICI-Sim,0.227,2023-09-21T00:00:00+00:00,8860b52c97fffff
ACC-00008865,NORMAL,HDFC-Sim,0.148,2022-10-22T00:00:00+00:00,883d8dcdd5fffff
ACC-00008866,NORMAL,ICICI-Sim,0.151,2022-01-24T00:00:00+00:00,883da11233fffff
ACC-00008867,NORMAL,PNB-Sim,0.059,2025-11-15T00:00:00+00:00,8842ceb5d9fffff
ACC-00008868,NORMAL,ICICI-Sim,0.088,2024-10-12T00:00:00+00:00,88618c4e63fffff
ACC-00008869,NORMAL,PNB-Sim,0.208,2026-02-20T00:00:00+00:00,883da11623fffff
ACC-00008870,NORMAL,Axis-Sim,0.137,2024-05-18T00:00:00+00:00,88618921d1fffff
ACC-00008871,NORMAL,ICICI-Sim,0.051,2023-10-27T00:00:00+00:00,88618921d1fffff
ACC-00008872,NORMAL,Axis-Sim,0.146,2022-10-05T00:00:00+00:00,8842ceb4a1fffff
ACC-00008873,NORMAL,HDFC-Sim,0.142,2021-10-09T00:00:00+00:00,883d8dcd5dfffff
ACC-00008874,NORMAL,SBI-Sim,0.171,2026-02-16T00:00:00+00:00,883da11233fffff
ACC-00008875,NORMAL,HDFC-Sim,0.177,2024-01-22T00:00:00+00:00,88618925c5fffff
ACC-00008876,NORMAL,HDFC-Sim,0.024,2022-10-09T00:00:00+00:00,88608b56d7fffff
ACC-00008877,NORMAL,ICICI-Sim,0.088,2022-12-16T00:00:00+00:00,88618921d1fffff
ACC-00008878,NORMAL,ICICI-Sim,0.027,2023-08-01T00:00:00+00:00,883d8dcd5dfffff
ACC-00008879,NORMAL,SBI-Sim,0.087,2024-07-10T00:00:00+00:00,883da11623fffff
ACC-00008880,NORMAL,PNB-Sim,0.197,2023-08-17T00:00:00+00:00,88618c4e63fffff
ACC-00008881,NORMAL,Axis-Sim,0.018,2021-09-27T00:00:00+00:00,88608b56d7fffff
ACC-00008882,NORMAL,PNB-Sim,0.202,2023-12-16T00:00:00+00:00,8842ceb4a1fffff
ACC-00008883,NORMAL,BOI-Sim,0.121,2025-03-04T00:00:00+00:00,883da11233fffff
ACC-00008884,NORMAL,BOI-Sim,0.177,2024-07-22T00:00:00+00:00,883d8dcd5dfffff
ACC-00008885,NORMAL,HDFC-Sim,0.019,2021-09-26T00:00:00+00:00,883da11409fffff
ACC-00008886,NORMAL,PNB-Sim,0.181,2022-03-16T00:00:00+00:00,8860b52c97fffff
ACC-00008887,NORMAL,Axis-Sim,0.184,2024-02-11T00:00:00+00:00,883da11233fffff
ACC-00008888,NORMAL,PNB-Sim,0.087,2025-11-04T00:00:00+00:00,88618c4d05fffff
ACC-00008889,NORMAL,Axis-Sim,0.135,2021-07-28T00:00:00+00:00,8842cea623fffff
ACC-00008890,NORMAL,PNB-Sim,0.146,2025-07-05T00:00:00+00:00,88618c45b9fffff
ACC-00008891,NORMAL,HDFC-Sim,0.126,2023-10-15T00:00:00+00:00,88608b0a6bfffff
ACC-00008892,NORMAL,ICICI-Sim,0.112,2024-05-30T00:00:00+00:00,88608b0961fffff
ACC-00008893,NORMAL,PNB-Sim,0.224,2023-12-12T00:00:00+00:00,88608b56d7fffff
ACC-00008894,NORMAL,SBI-Sim,0.057,2025-05-01T00:00:00+00:00,883d8dcdd5fffff
ACC-00008895,NORMAL,Axis-Sim,0.113,2025-11-25T00:00:00+00:00,8860b52e9bfffff
ACC-00008896,NORMAL,HDFC-Sim,0.057,2024-12-12T00:00:00+00:00,88608b56d7fffff
ACC-00008897,NORMAL,BOI-Sim,0.132,2024-04-20T00:00:00+00:00,883d8dcc0dfffff
ACC-00008898,NORMAL,SBI-Sim,0.226,2021-12-31T00:00:00+00:00,8860b52c97fffff
ACC-00008899,NORMAL,BOI-Sim,0.247,2026-03-29T00:00:00+00:00,883da115a5fffff
ACC-00008900,NORMAL,SBI-Sim,0.24,2024-09-11T00:00:00+00:00,88618c4f2bfffff
ACC-00008901,NORMAL,ICICI-Sim,0.063,2021-08-26T00:00:00+00:00,88608b0961fffff
ACC-00008902,NORMAL,HDFC-Sim,0.101,2024-08-01T00:00:00+00:00,8842cea623fffff
ACC-00008903,NORMAL,BOI-Sim,0.063,2025-10-20T00:00:00+00:00,88618925c5fffff
ACC-00008904,NORMAL,HDFC-Sim,0.189,2024-03-07T00:00:00+00:00,8842ceb4a1fffff
ACC-00008905,NORMAL,HDFC-Sim,0.212,2023-05-11T00:00:00+00:00,8842ceb5d9fffff
ACC-00008906,NORMAL,SBI-Sim,0.057,2023-08-29T00:00:00+00:00,8842cea623fffff
ACC-00008907,NORMAL,SBI-Sim,0.199,2022-06-01T00:00:00+00:00,8860145943fffff
ACC-00008908,NORMAL,SBI-Sim,0.244,2024-02-11T00:00:00+00:00,883d8dcc0dfffff
ACC-00008909,NORMAL,PNB-Sim,0.242,2025-04-17T00:00:00+00:00,883d8dcd5dfffff
ACC-00008910,NORMAL,ICICI-Sim,0.083,2025-11-16T00:00:00+00:00,883d8dcd5dfffff
ACC-00008911,NORMAL,PNB-Sim,0.11,2023-10-09T00:00:00+00:00,88618925c5fffff
ACC-00008912,NORMAL,ICICI-Sim,0.012,2023-07-23T00:00:00+00:00,88608b4733fffff
ACC-00008913,NORMAL,ICICI-Sim,0.236,2022-12-31T00:00:00+00:00,88618c45b9fffff
ACC-00008914,NORMAL,Axis-Sim,0.207,2021-11-23T00:00:00+00:00,8860b52c97fffff
ACC-00008915,NORMAL,SBI-Sim,0.071,2025-07-05T00:00:00+00:00,88618c45b9fffff
ACC-00008916,NORMAL,BOI-Sim,0.22,2022-01-24T00:00:00+00:00,88618c4e63fffff
ACC-00008917,NORMAL,PNB-Sim,0.113,2025-08-10T00:00:00+00:00,883d8dcc0dfffff
ACC-00008918,NORMAL,BOI-Sim,0.054,2022-07-21T00:00:00+00:00,883d8dcd5dfffff
ACC-00008919,NORMAL,Axis-Sim,0.05,2024-01-23T00:00:00+00:00,8860b52e9bfffff
ACC-00008920,NORMAL,Axis-Sim,0.089,2025-11-26T00:00:00+00:00,8860145943fffff
ACC-00008921,NORMAL,BOI-Sim,0.218,2024-10-22T00:00:00+00:00,8861892ecbfffff
ACC-00008922,NORMAL,SBI-Sim,0.104,2024-07-08T00:00:00+00:00,883d8dcf1dfffff
ACC-00008923,NORMAL,ICICI-Sim,0.074,2024-05-28T00:00:00+00:00,8842cea623fffff
ACC-00008924,NORMAL,SBI-Sim,0.243,2021-09-16T00:00:00+00:00,8842cea623fffff
ACC-00008925,NORMAL,HDFC-Sim,0.222,2023-04-03T00:00:00+00:00,8860b19695fffff
ACC-00008926,NORMAL,PNB-Sim,0.031,2023-07-23T00:00:00+00:00,883d8dcd5dfffff
ACC-00008927,NORMAL,SBI-Sim,0.076,2024-07-06T00:00:00+00:00,883d8dcf1dfffff
ACC-00008928,NORMAL,ICICI-Sim,0.033,2022-04-07T00:00:00+00:00,8860b19695fffff
ACC-00008929,NORMAL,Axis-Sim,0.231,2022-11-20T00:00:00+00:00,88618c4d05fffff
ACC-00008930,NORMAL,SBI-Sim,0.054,2022-02-27T00:00:00+00:00,8842cea623fffff
ACC-00008931,NORMAL,SBI-Sim,0.248,2024-04-30T00:00:00+00:00,883da11409fffff
ACC-00008932,NORMAL,SBI-Sim,0.131,2022-08-18T00:00:00+00:00,8842ceb5d9fffff
ACC-00008933,NORMAL,BOI-Sim,0.137,2022-02-15T00:00:00+00:00,883d8dcf1dfffff
ACC-00008934,NORMAL,HDFC-Sim,0.008,2023-02-07T00:00:00+00:00,8860145943fffff
ACC-00008935,NORMAL,BOI-Sim,0.043,2021-12-16T00:00:00+00:00,883da115a5fffff
ACC-00008936,NORMAL,HDFC-Sim,0.248,2025-02-12T00:00:00+00:00,88618c4d05fffff
ACC-00008937,NORMAL,HDFC-Sim,0.01,2024-02-08T00:00:00+00:00,8860b52e9bfffff
ACC-00008938,NORMAL,SBI-Sim,0.121,2024-06-02T00:00:00+00:00,8860a259bbfffff
ACC-00008939,NORMAL,HDFC-Sim,0.129,2024-04-25T00:00:00+00:00,8861892ecbfffff
ACC-00008940,NORMAL,SBI-Sim,0.1,2023-02-18T00:00:00+00:00,88618c4d05fffff
ACC-00008941,NORMAL,BOI-Sim,0.066,2025-06-24T00:00:00+00:00,88608b0a6bfffff
ACC-00008942,NORMAL,PNB-Sim,0.204,2024-08-30T00:00:00+00:00,8860a259bbfffff
ACC-00008943,NORMAL,Axis-Sim,0.228,2023-08-26T00:00:00+00:00,883d8dcdd5fffff
ACC-00008944,NORMAL,HDFC-Sim,0.118,2023-04-07T00:00:00+00:00,88618c4f2bfffff
ACC-00008945,NORMAL,Axis-Sim,0.064,2024-06-20T00:00:00+00:00,88618c4e63fffff
ACC-00008946,NORMAL,PNB-Sim,0.135,2021-11-28T00:00:00+00:00,883da115a5fffff
ACC-00008947,NORMAL,SBI-Sim,0.169,2023-01-22T00:00:00+00:00,88618c4f2bfffff
ACC-00008948,NORMAL,SBI-Sim,0.162,2024-08-22T00:00:00+00:00,88618c4d05fffff
ACC-00008949,NORMAL,BOI-Sim,0.086,2025-11-20T00:00:00+00:00,88618c4d05fffff
ACC-00008950,NORMAL,Axis-Sim,0.089,2023-01-26T00:00:00+00:00,88618c4f2bfffff
ACC-00008951,NORMAL,Axis-Sim,0.076,2023-05-15T00:00:00+00:00,8861892ecbfffff
ACC-00008952,NORMAL,SBI-Sim,0.141,2021-12-12T00:00:00+00:00,8860a259bbfffff
ACC-00008953,NORMAL,Axis-Sim,0.23,2022-09-12T00:00:00+00:00,883d8dcd5dfffff
ACC-00008954,NORMAL,PNB-Sim,0.101,2023-05-21T00:00:00+00:00,88618925c5fffff
ACC-00008955,NORMAL,Axis-Sim,0.249,2024-08-13T00:00:00+00:00,8860b52c97fffff
ACC-00008956,NORMAL,Axis-Sim,0.164,2024-08-30T00:00:00+00:00,883da11623fffff
ACC-00008957,NORMAL,ICICI-Sim,0.122,2025-12-05T00:00:00+00:00,8861892ecbfffff
ACC-00008958,NORMAL,SBI-Sim,0.19,2024-10-16T00:00:00+00:00,883d8dcf1dfffff
ACC-00008959,NORMAL,SBI-Sim,0.196,2021-11-04T00:00:00+00:00,883d8dcdd5fffff
ACC-00008960,NORMAL,HDFC-Sim,0.152,2024-04-04T00:00:00+00:00,883d8dcf1dfffff
ACC-00008961,NORMAL,BOI-Sim,0.046,2023-03-13T00:00:00+00:00,8860145943fffff
ACC-00008962,NORMAL,BOI-Sim,0.189,2023-07-21T00:00:00+00:00,8860b19695fffff
ACC-00008963,NORMAL,ICICI-Sim,0.18,2025-05-28T00:00:00+00:00,88608b4733fffff
ACC-00008964,NORMAL,SBI-Sim,0.134,2022-01-09T00:00:00+00:00,883d8dcd5dfffff
ACC-00008965,NORMAL,BOI-Sim,0.25,2023-09-25T00:00:00+00:00,8861892ecbfffff
ACC-00008966,NORMAL,HDFC-Sim,0.171,2022-05-11T00:00:00+00:00,883da11409fffff
ACC-00008967,NORMAL,BOI-Sim,0.207,2024-08-31T00:00:00+00:00,8861892ecbfffff
ACC-00008968,NORMAL,HDFC-Sim,0.131,2021-09-08T00:00:00+00:00,883d8dcc0dfffff
ACC-00008969,NORMAL,PNB-Sim,0.203,2021-08-07T00:00:00+00:00,88618c45b9fffff
ACC-00008970,NORMAL,HDFC-Sim,0.099,2022-12-16T00:00:00+00:00,8860145943fffff
ACC-00008971,NORMAL,Axis-Sim,0.08,2025-02-03T00:00:00+00:00,88618c4d05fffff
ACC-00008972,NORMAL,Axis-Sim,0.049,2023-07-28T00:00:00+00:00,88618c45b9fffff
ACC-00008973,NORMAL,HDFC-Sim,0.2,2026-01-30T00:00:00+00:00,88618c4d05fffff
ACC-00008974,NORMAL,PNB-Sim,0.008,2023-10-23T00:00:00+00:00,88608b0961fffff
ACC-00008975,NORMAL,Axis-Sim,0.169,2023-08-04T00:00:00+00:00,8860b19695fffff
ACC-00008976,NORMAL,ICICI-Sim,0.17,2024-11-02T00:00:00+00:00,88618c4e63fffff
ACC-00008977,NORMAL,SBI-Sim,0.008,2025-04-22T00:00:00+00:00,883da115a5fffff
ACC-00008978,NORMAL,HDFC-Sim,0.117,2025-02-09T00:00:00+00:00,8860a259bbfffff
ACC-00008979,NORMAL,BOI-Sim,0.232,2021-09-03T00:00:00+00:00,88618c4e63fffff
ACC-00008980,NORMAL,Axis-Sim,0.21,2026-01-26T00:00:00+00:00,8860b52c97fffff
ACC-00008981,NORMAL,BOI-Sim,0.234,2022-02-16T00:00:00+00:00,883d8dcf1dfffff
ACC-00008982,NORMAL,BOI-Sim,0.097,2024-09-17T00:00:00+00:00,8860145943fffff
ACC-00008983,NORMAL,SBI-Sim,0.131,2024-12-19T00:00:00+00:00,8842cea623fffff
ACC-00008984,NORMAL,HDFC-Sim,0.047,2022-08-15T00:00:00+00:00,8860145943fffff
ACC-00008985,NORMAL,HDFC-Sim,0.207,2023-02-04T00:00:00+00:00,8861892ecbfffff
ACC-00008986,NORMAL,ICICI-Sim,0.148,2025-04-21T00:00:00+00:00,88618c4e63fffff
ACC-00008987,NORMAL,HDFC-Sim,0.145,2023-10-04T00:00:00+00:00,8842ceb559fffff
ACC-00008988,NORMAL,PNB-Sim,0.114,2022-03-23T00:00:00+00:00,883da11409fffff
ACC-00008989,NORMAL,PNB-Sim,0.244,2021-08-10T00:00:00+00:00,883da115a5fffff
ACC-00008990,NORMAL,BOI-Sim,0.158,2026-02-19T00:00:00+00:00,88608b4733fffff
ACC-00008991,NORMAL,BOI-Sim,0.129,2026-03-31T00:00:00+00:00,88618c4e63fffff
ACC-00008992,NORMAL,PNB-Sim,0.012,2023-04-28T00:00:00+00:00,88608b0961fffff
ACC-00008993,NORMAL,HDFC-Sim,0.106,2021-11-15T00:00:00+00:00,883da11233fffff
ACC-00008994,NORMAL,SBI-Sim,0.044,2023-10-11T00:00:00+00:00,883da11623fffff
ACC-00008995,NORMAL,BOI-Sim,0.04,2026-04-22T00:00:00+00:00,88618c4d05fffff
ACC-00008996,NORMAL,ICICI-Sim,0.108,2025-10-17T00:00:00+00:00,883da115a5fffff
ACC-00008997,NORMAL,PNB-Sim,0.09,2025-10-19T00:00:00+00:00,8860145943fffff
ACC-00008998,NORMAL,SBI-Sim,0.056,2022-02-20T00:00:00+00:00,883d8dcf1dfffff
ACC-00008999,NORMAL,BOI-Sim,0.112,2022-04-05T00:00:00+00:00,8842ceb4a1fffff
ACC-00009000,NORMAL,SBI-Sim,0.072,2022-06-23T00:00:00+00:00,88618c4e63fffff
ACC-00009001,NORMAL,PNB-Sim,0.122,2021-07-26T00:00:00+00:00,88618921d1fffff
ACC-00009002,NORMAL,BOI-Sim,0.243,2023-01-17T00:00:00+00:00,8842ceb559fffff
ACC-00009003,NORMAL,HDFC-Sim,0.248,2024-08-22T00:00:00+00:00,883da115a5fffff
ACC-00009004,NORMAL,ICICI-Sim,0.186,2026-01-15T00:00:00+00:00,88618c4e63fffff
ACC-00009005,NORMAL,ICICI-Sim,0.244,2024-05-03T00:00:00+00:00,883d8dcdd5fffff
ACC-00009006,NORMAL,Axis-Sim,0.098,2022-09-03T00:00:00+00:00,88618921d1fffff
ACC-00009007,NORMAL,BOI-Sim,0.192,2023-07-15T00:00:00+00:00,8842cea623fffff
ACC-00009008,NORMAL,HDFC-Sim,0.107,2023-05-14T00:00:00+00:00,883d8dcd5dfffff
ACC-00009009,NORMAL,Axis-Sim,0.231,2025-02-07T00:00:00+00:00,88618c45b9fffff
ACC-00009010,NORMAL,ICICI-Sim,0.012,2021-09-12T00:00:00+00:00,88618925c5fffff
ACC-00009011,NORMAL,ICICI-Sim,0.217,2026-02-14T00:00:00+00:00,88608b0a6bfffff
ACC-00009012,NORMAL,PNB-Sim,0.152,2026-04-13T00:00:00+00:00,88608b0961fffff
ACC-00009013,NORMAL,ICICI-Sim,0.177,2024-03-20T00:00:00+00:00,883d8dcd5dfffff
ACC-00009014,NORMAL,PNB-Sim,0.035,2021-10-08T00:00:00+00:00,883d8dcd5dfffff
ACC-00009015,NORMAL,Axis-Sim,0.069,2025-09-23T00:00:00+00:00,88618c45b9fffff
ACC-00009016,NORMAL,ICICI-Sim,0.06,2023-04-13T00:00:00+00:00,88618c4f2bfffff
ACC-00009017,NORMAL,BOI-Sim,0.07,2025-05-05T00:00:00+00:00,8842ceb559fffff
ACC-00009018,NORMAL,HDFC-Sim,0.167,2023-08-09T00:00:00+00:00,8842ceb559fffff
ACC-00009019,NORMAL,BOI-Sim,0.047,2026-02-17T00:00:00+00:00,88608b0961fffff
ACC-00009020,NORMAL,BOI-Sim,0.25,2022-06-23T00:00:00+00:00,88608b0a6bfffff
ACC-00009021,NORMAL,PNB-Sim,0.172,2024-05-06T00:00:00+00:00,883da11623fffff
ACC-00009022,NORMAL,ICICI-Sim,0.138,2024-03-21T00:00:00+00:00,883d8dcc0dfffff
ACC-00009023,NORMAL,Axis-Sim,0.04,2022-10-14T00:00:00+00:00,88608b56d7fffff
ACC-00009024,NORMAL,PNB-Sim,0.205,2021-07-10T00:00:00+00:00,88618c4d05fffff
ACC-00009025,NORMAL,BOI-Sim,0.246,2024-05-15T00:00:00+00:00,88608b4733fffff
ACC-00009026,NORMAL,HDFC-Sim,0.155,2024-12-06T00:00:00+00:00,883da11409fffff
ACC-00009027,NORMAL,PNB-Sim,0.178,2021-07-18T00:00:00+00:00,8842cea623fffff
ACC-00009028,NORMAL,Axis-Sim,0.151,2024-08-07T00:00:00+00:00,883d8dcf1dfffff
ACC-00009029,NORMAL,PNB-Sim,0.192,2023-09-30T00:00:00+00:00,8842cea623fffff
ACC-00009030,NORMAL,Axis-Sim,0.075,2021-08-14T00:00:00+00:00,883da11409fffff
ACC-00009031,NORMAL,HDFC-Sim,0.006,2022-06-14T00:00:00+00:00,88608b0a6bfffff
ACC-00009032,NORMAL,SBI-Sim,0.104,2023-09-05T00:00:00+00:00,8860b19695fffff
ACC-00009033,NORMAL,SBI-Sim,0.001,2023-02-27T00:00:00+00:00,88608b56d7fffff
ACC-00009034,NORMAL,ICICI-Sim,0.19,2025-02-02T00:00:00+00:00,883d8dcd5dfffff
ACC-00009035,NORMAL,ICICI-Sim,0.019,2026-04-10T00:00:00+00:00,8860b52e9bfffff
ACC-00009036,NORMAL,SBI-Sim,0.249,2024-12-25T00:00:00+00:00,883d8dcf1dfffff
ACC-00009037,NORMAL,HDFC-Sim,0.243,2023-07-12T00:00:00+00:00,88608b0961fffff
ACC-00009038,NORMAL,Axis-Sim,0.243,2021-10-01T00:00:00+00:00,88618c4e63fffff
ACC-00009039,NORMAL,PNB-Sim,0.138,2022-12-12T00:00:00+00:00,88608b56d7fffff
ACC-00009040,NORMAL,SBI-Sim,0.243,2021-08-05T00:00:00+00:00,88608b4733fffff
ACC-00009041,NORMAL,PNB-Sim,0.018,2023-05-16T00:00:00+00:00,883d8dcc0dfffff
ACC-00009042,NORMAL,HDFC-Sim,0.179,2022-08-09T00:00:00+00:00,88608b56d7fffff
ACC-00009043,NORMAL,Axis-Sim,0.212,2022-07-25T00:00:00+00:00,8860a259bbfffff
ACC-00009044,NORMAL,ICICI-Sim,0.193,2024-10-15T00:00:00+00:00,8861892ecbfffff
ACC-00009045,NORMAL,ICICI-Sim,0.036,2025-10-05T00:00:00+00:00,8860a259bbfffff
ACC-00009046,NORMAL,BOI-Sim,0.186,2021-07-01T00:00:00+00:00,88618c4f2bfffff
ACC-00009047,NORMAL,Axis-Sim,0.089,2023-06-27T00:00:00+00:00,88618c4f2bfffff
ACC-00009048,NORMAL,PNB-Sim,0.144,2022-09-28T00:00:00+00:00,8842ceb559fffff
ACC-00009049,NORMAL,PNB-Sim,0.165,2022-01-09T00:00:00+00:00,883d8dcc0dfffff
ACC-00009050,NORMAL,ICICI-Sim,0.188,2024-10-17T00:00:00+00:00,88608b56d7fffff
ACC-00009051,NORMAL,PNB-Sim,0.136,2022-10-23T00:00:00+00:00,883da11623fffff
ACC-00009052,NORMAL,BOI-Sim,0.082,2021-12-19T00:00:00+00:00,883da11233fffff
ACC-00009053,NORMAL,ICICI-Sim,0.2,2024-10-08T00:00:00+00:00,88608b56d7fffff
ACC-00009054,NORMAL,SBI-Sim,0.013,2022-01-06T00:00:00+00:00,88618c4f2bfffff
ACC-00009055,NORMAL,Axis-Sim,0.23,2023-08-18T00:00:00+00:00,8842ceb4a1fffff
ACC-00009056,NORMAL,PNB-Sim,0.022,2026-03-10T00:00:00+00:00,88618c4e63fffff
ACC-00009057,NORMAL,PNB-Sim,0.06,2024-03-31T00:00:00+00:00,8842cea623fffff
ACC-00009058,NORMAL,SBI-Sim,0.078,2022-09-18T00:00:00+00:00,8860a259bbfffff
ACC-00009059,NORMAL,ICICI-Sim,0.065,2022-03-05T00:00:00+00:00,8860a259bbfffff
ACC-00009060,NORMAL,HDFC-Sim,0.134,2025-04-03T00:00:00+00:00,88608b56d7fffff
ACC-00009061,NORMAL,PNB-Sim,0.096,2023-07-19T00:00:00+00:00,8860b52c97fffff
ACC-00009062,NORMAL,SBI-Sim,0.061,2023-03-07T00:00:00+00:00,8842ceb559fffff
ACC-00009063,NORMAL,SBI-Sim,0.145,2021-11-29T00:00:00+00:00,88618c4e63fffff
ACC-00009064,NORMAL,HDFC-Sim,0.241,2025-08-26T00:00:00+00:00,88618c4d05fffff
ACC-00009065,NORMAL,HDFC-Sim,0.169,2022-05-23T00:00:00+00:00,88608b0961fffff
ACC-00009066,NORMAL,Axis-Sim,0.241,2026-04-11T00:00:00+00:00,8860b19695fffff
ACC-00009067,NORMAL,HDFC-Sim,0.198,2024-07-17T00:00:00+00:00,8842cea623fffff
ACC-00009068,NORMAL,SBI-Sim,0.035,2021-08-16T00:00:00+00:00,88618c4f2bfffff
ACC-00009069,NORMAL,PNB-Sim,0.204,2022-07-27T00:00:00+00:00,8860b52e9bfffff
ACC-00009070,NORMAL,BOI-Sim,0.116,2023-08-14T00:00:00+00:00,8842ceb4a1fffff
ACC-00009071,NORMAL,PNB-Sim,0.205,2023-12-16T00:00:00+00:00,88608b4733fffff
ACC-00009072,NORMAL,SBI-Sim,0.225,2023-09-18T00:00:00+00:00,88608b0961fffff
ACC-00009073,NORMAL,PNB-Sim,0.068,2025-11-06T00:00:00+00:00,8860b19695fffff
ACC-00009074,NORMAL,BOI-Sim,0.06,2024-08-18T00:00:00+00:00,88608b0961fffff
ACC-00009075,NORMAL,SBI-Sim,0.05,2022-11-08T00:00:00+00:00,88608b0a6bfffff
ACC-00009076,NORMAL,BOI-Sim,0.229,2023-06-06T00:00:00+00:00,88608b56d7fffff
ACC-00009077,NORMAL,HDFC-Sim,0.217,2021-10-13T00:00:00+00:00,8861892ecbfffff
ACC-00009078,NORMAL,HDFC-Sim,0.06,2023-04-04T00:00:00+00:00,88608b0961fffff
ACC-00009079,NORMAL,SBI-Sim,0.15,2025-08-14T00:00:00+00:00,8842ceb559fffff
ACC-00009080,NORMAL,Axis-Sim,0.045,2021-12-15T00:00:00+00:00,8842cea623fffff
ACC-00009081,NORMAL,HDFC-Sim,0.249,2025-03-12T00:00:00+00:00,883da11409fffff
ACC-00009082,NORMAL,SBI-Sim,0.007,2025-10-07T00:00:00+00:00,8860b19695fffff
ACC-00009083,NORMAL,HDFC-Sim,0.193,2024-10-29T00:00:00+00:00,883d8dcc0dfffff
ACC-00009084,NORMAL,HDFC-Sim,0.181,2022-08-05T00:00:00+00:00,88608b0a6bfffff
ACC-00009085,NORMAL,BOI-Sim,0.106,2021-10-23T00:00:00+00:00,8861892ecbfffff
ACC-00009086,NORMAL,Axis-Sim,0.057,2024-01-31T00:00:00+00:00,8860145943fffff
ACC-00009087,NORMAL,PNB-Sim,0.152,2024-11-12T00:00:00+00:00,883da11623fffff
ACC-00009088,NORMAL,PNB-Sim,0.038,2021-07-07T00:00:00+00:00,883d8dcf1dfffff
ACC-00009089,NORMAL,HDFC-Sim,0.106,2021-11-24T00:00:00+00:00,88618c4d05fffff
ACC-00009090,NORMAL,SBI-Sim,0.08,2023-12-14T00:00:00+00:00,88618925c5fffff
ACC-00009091,NORMAL,Axis-Sim,0.058,2021-12-25T00:00:00+00:00,88608b0961fffff
ACC-00009092,NORMAL,PNB-Sim,0.229,2023-08-14T00:00:00+00:00,88618c4e63fffff
ACC-00009093,NORMAL,PNB-Sim,0.036,2023-12-03T00:00:00+00:00,8860b52c97fffff
ACC-00009094,NORMAL,SBI-Sim,0.021,2025-11-11T00:00:00+00:00,8842ceb559fffff
ACC-00009095,NORMAL,Axis-Sim,0.073,2021-11-29T00:00:00+00:00,88608b56d7fffff
ACC-00009096,NORMAL,HDFC-Sim,0.02,2023-05-08T00:00:00+00:00,8860a259bbfffff
ACC-00009097,NORMAL,ICICI-Sim,0.23,2021-11-07T00:00:00+00:00,8842ceb5d9fffff
ACC-00009098,NORMAL,PNB-Sim,0.231,2026-03-24T00:00:00+00:00,8842ceb559fffff
ACC-00009099,NORMAL,PNB-Sim,0.05,2022-10-23T00:00:00+00:00,8842ceb4a1fffff
ACC-00009100,NORMAL,HDFC-Sim,0.216,2025-02-20T00:00:00+00:00,88608b0961fffff
ACC-00009101,NORMAL,BOI-Sim,0.072,2022-09-26T00:00:00+00:00,88618c4d05fffff
ACC-00009102,NORMAL,PNB-Sim,0.119,2023-11-07T00:00:00+00:00,8842ceb4a1fffff
ACC-00009103,NORMAL,ICICI-Sim,0.173,2023-10-30T00:00:00+00:00,88608b0961fffff
ACC-00009104,NORMAL,HDFC-Sim,0.207,2025-04-13T00:00:00+00:00,88618c4f2bfffff
ACC-00009105,NORMAL,PNB-Sim,0.126,2024-05-10T00:00:00+00:00,8860b19695fffff
ACC-00009106,NORMAL,ICICI-Sim,0.189,2026-04-04T00:00:00+00:00,88618c45b9fffff
ACC-00009107,NORMAL,Axis-Sim,0.102,2024-03-27T00:00:00+00:00,8842cea623fffff
ACC-00009108,NORMAL,Axis-Sim,0.236,2026-01-28T00:00:00+00:00,8860145943fffff
ACC-00009109,NORMAL,PNB-Sim,0.149,2024-05-25T00:00:00+00:00,88608b0a6bfffff
ACC-00009110,NORMAL,BOI-Sim,0.191,2022-02-21T00:00:00+00:00,883d8dcd5dfffff
ACC-00009111,NORMAL,PNB-Sim,0.009,2025-09-16T00:00:00+00:00,883d8dcc0dfffff
ACC-00009112,NORMAL,PNB-Sim,0.018,2026-04-01T00:00:00+00:00,883da115a5fffff
ACC-00009113,NORMAL,BOI-Sim,0.243,2024-04-08T00:00:00+00:00,88608b0a6bfffff
ACC-00009114,NORMAL,PNB-Sim,0.164,2021-09-22T00:00:00+00:00,883da11623fffff
ACC-00009115,NORMAL,SBI-Sim,0.134,2022-09-21T00:00:00+00:00,88618c4d05fffff
ACC-00009116,NORMAL,HDFC-Sim,0.16,2021-08-23T00:00:00+00:00,88618c4f2bfffff
ACC-00009117,NORMAL,Axis-Sim,0.232,2024-07-30T00:00:00+00:00,8860b52e9bfffff
ACC-00009118,NORMAL,BOI-Sim,0.249,2025-11-02T00:00:00+00:00,8842ceb559fffff
ACC-00009119,NORMAL,ICICI-Sim,0.219,2021-11-18T00:00:00+00:00,883da11623fffff
ACC-00009120,NORMAL,ICICI-Sim,0.075,2026-01-12T00:00:00+00:00,8860a259bbfffff
ACC-00009121,NORMAL,SBI-Sim,0.184,2022-07-19T00:00:00+00:00,88618c45b9fffff
ACC-00009122,NORMAL,BOI-Sim,0.065,2023-07-17T00:00:00+00:00,88608b4733fffff
ACC-00009123,NORMAL,SBI-Sim,0.057,2024-09-20T00:00:00+00:00,8842cea623fffff
ACC-00009124,NORMAL,HDFC-Sim,0.089,2022-04-20T00:00:00+00:00,883d8dcdd5fffff
ACC-00009125,NORMAL,Axis-Sim,0.093,2022-11-04T00:00:00+00:00,8860145943fffff
ACC-00009126,NORMAL,PNB-Sim,0.102,2023-06-26T00:00:00+00:00,88618c4d05fffff
ACC-00009127,NORMAL,Axis-Sim,0.121,2022-01-13T00:00:00+00:00,88618c4e63fffff
ACC-00009128,NORMAL,BOI-Sim,0.109,2026-01-02T00:00:00+00:00,88618925c5fffff
ACC-00009129,NORMAL,Axis-Sim,0.072,2021-08-21T00:00:00+00:00,88608b0a6bfffff
ACC-00009130,NORMAL,BOI-Sim,0.249,2023-09-04T00:00:00+00:00,883da11409fffff
ACC-00009131,NORMAL,PNB-Sim,0.022,2025-08-21T00:00:00+00:00,8860b52e9bfffff
ACC-00009132,NORMAL,ICICI-Sim,0.168,2024-11-25T00:00:00+00:00,8842ceb559fffff
ACC-00009133,NORMAL,SBI-Sim,0.244,2024-01-04T00:00:00+00:00,8860b52c97fffff
ACC-00009134,NORMAL,Axis-Sim,0.248,2025-10-02T00:00:00+00:00,88608b56d7fffff
ACC-00009135,NORMAL,HDFC-Sim,0.086,2023-02-08T00:00:00+00:00,88618c45b9fffff
ACC-00009136,NORMAL,BOI-Sim,0.241,2024-06-26T00:00:00+00:00,883d8dcc0dfffff
ACC-00009137,NORMAL,ICICI-Sim,0.121,2023-06-24T00:00:00+00:00,88618c45b9fffff
ACC-00009138,NORMAL,BOI-Sim,0.208,2025-03-04T00:00:00+00:00,883d8dcf1dfffff
ACC-00009139,NORMAL,ICICI-Sim,0.144,2023-12-31T00:00:00+00:00,8860b52e9bfffff
ACC-00009140,NORMAL,PNB-Sim,0.192,2024-03-22T00:00:00+00:00,883da11409fffff
ACC-00009141,NORMAL,SBI-Sim,0.188,2025-11-10T00:00:00+00:00,883d8dcc0dfffff
ACC-00009142,NORMAL,BOI-Sim,0.218,2025-12-29T00:00:00+00:00,8842cea623fffff
ACC-00009143,NORMAL,HDFC-Sim,0.064,2021-07-18T00:00:00+00:00,883d8dcc0dfffff
ACC-00009144,NORMAL,PNB-Sim,0.162,2024-07-01T00:00:00+00:00,8860145943fffff
ACC-00009145,NORMAL,ICICI-Sim,0.098,2024-11-24T00:00:00+00:00,88618c4d05fffff
ACC-00009146,NORMAL,BOI-Sim,0.073,2022-11-08T00:00:00+00:00,8842cea623fffff
ACC-00009147,NORMAL,BOI-Sim,0.12,2023-07-21T00:00:00+00:00,88618c4f2bfffff
ACC-00009148,NORMAL,PNB-Sim,0.143,2023-03-12T00:00:00+00:00,88608b56d7fffff
ACC-00009149,NORMAL,SBI-Sim,0.136,2025-09-23T00:00:00+00:00,8860145943fffff
ACC-00009150,NORMAL,PNB-Sim,0.055,2022-06-12T00:00:00+00:00,88618c4d05fffff
ACC-00009151,NORMAL,BOI-Sim,0.214,2022-03-15T00:00:00+00:00,883d8dcdd5fffff
ACC-00009152,NORMAL,HDFC-Sim,0.035,2024-11-29T00:00:00+00:00,883d8dcd5dfffff
ACC-00009153,NORMAL,HDFC-Sim,0.227,2022-07-22T00:00:00+00:00,8861892ecbfffff
ACC-00009154,NORMAL,HDFC-Sim,0.249,2026-03-18T00:00:00+00:00,8860b19695fffff
ACC-00009155,NORMAL,HDFC-Sim,0.224,2025-08-25T00:00:00+00:00,8842ceb5d9fffff
ACC-00009156,NORMAL,BOI-Sim,0.118,2023-06-04T00:00:00+00:00,883da11233fffff
ACC-00009157,NORMAL,SBI-Sim,0.167,2025-01-22T00:00:00+00:00,88618c4f2bfffff
ACC-00009158,NORMAL,ICICI-Sim,0.152,2024-07-04T00:00:00+00:00,883d8dcf1dfffff
ACC-00009159,NORMAL,ICICI-Sim,0.035,2024-10-30T00:00:00+00:00,883da11623fffff
ACC-00009160,NORMAL,PNB-Sim,0.061,2024-01-29T00:00:00+00:00,88608b0a6bfffff
ACC-00009161,NORMAL,SBI-Sim,0.213,2023-06-21T00:00:00+00:00,8860b52c97fffff
ACC-00009162,NORMAL,Axis-Sim,0.213,2025-02-12T00:00:00+00:00,8860145943fffff
ACC-00009163,NORMAL,SBI-Sim,0.013,2023-08-22T00:00:00+00:00,883d8dcc0dfffff
ACC-00009164,NORMAL,ICICI-Sim,0.145,2023-05-12T00:00:00+00:00,8861892ecbfffff
ACC-00009165,NORMAL,BOI-Sim,0.13,2024-04-02T00:00:00+00:00,88618c4e63fffff
ACC-00009166,NORMAL,PNB-Sim,0.026,2025-03-03T00:00:00+00:00,883d8dcdd5fffff
ACC-00009167,NORMAL,HDFC-Sim,0.022,2021-12-20T00:00:00+00:00,8860b52c97fffff
ACC-00009168,NORMAL,PNB-Sim,0.12,2022-07-04T00:00:00+00:00,8842ceb5d9fffff
ACC-00009169,NORMAL,BOI-Sim,0.15,2024-06-13T00:00:00+00:00,88608b0a6bfffff
ACC-00009170,NORMAL,SBI-Sim,0.07,2024-03-29T00:00:00+00:00,883d8dcc0dfffff
ACC-00009171,NORMAL,BOI-Sim,0.086,2025-02-05T00:00:00+00:00,883da115a5fffff
ACC-00009172,NORMAL,ICICI-Sim,0.044,2022-09-13T00:00:00+00:00,883da11409fffff
ACC-00009173,NORMAL,ICICI-Sim,0.09,2023-11-03T00:00:00+00:00,88618c4e63fffff
ACC-00009174,NORMAL,ICICI-Sim,0.176,2022-06-14T00:00:00+00:00,8842ceb559fffff
ACC-00009175,NORMAL,SBI-Sim,0.107,2024-07-22T00:00:00+00:00,88618c4f2bfffff
ACC-00009176,NORMAL,BOI-Sim,0.18,2023-10-30T00:00:00+00:00,883da115a5fffff
ACC-00009177,NORMAL,SBI-Sim,0.041,2023-06-13T00:00:00+00:00,883da115a5fffff
ACC-00009178,NORMAL,BOI-Sim,0.24,2023-01-29T00:00:00+00:00,88618925c5fffff
ACC-00009179,NORMAL,ICICI-Sim,0.198,2024-08-28T00:00:00+00:00,883d8dcc0dfffff
ACC-00009180,NORMAL,SBI-Sim,0.193,2023-03-27T00:00:00+00:00,8842ceb4a1fffff
ACC-00009181,NORMAL,Axis-Sim,0.062,2021-09-16T00:00:00+00:00,883d8dcd5dfffff
ACC-00009182,NORMAL,ICICI-Sim,0.079,2026-03-19T00:00:00+00:00,8861892ecbfffff
ACC-00009183,NORMAL,PNB-Sim,0.188,2025-05-13T00:00:00+00:00,8842ceb4a1fffff
ACC-00009184,NORMAL,ICICI-Sim,0.062,2024-08-28T00:00:00+00:00,8860145943fffff
ACC-00009185,NORMAL,HDFC-Sim,0.11,2026-05-01T00:00:00+00:00,88618c4d05fffff
ACC-00009186,NORMAL,ICICI-Sim,0.019,2021-07-05T00:00:00+00:00,883da11409fffff
ACC-00009187,NORMAL,BOI-Sim,0.016,2022-01-21T00:00:00+00:00,88618c4e63fffff
ACC-00009188,NORMAL,PNB-Sim,0.154,2026-04-19T00:00:00+00:00,883da115a5fffff
ACC-00009189,NORMAL,SBI-Sim,0.061,2026-02-25T00:00:00+00:00,8842ceb4a1fffff
ACC-00009190,NORMAL,ICICI-Sim,0.188,2021-11-20T00:00:00+00:00,88608b4733fffff
ACC-00009191,NORMAL,ICICI-Sim,0.165,2025-12-29T00:00:00+00:00,883d8dcc0dfffff
ACC-00009192,NORMAL,BOI-Sim,0.217,2025-10-02T00:00:00+00:00,883d8dcf1dfffff
ACC-00009193,NORMAL,ICICI-Sim,0.247,2024-04-07T00:00:00+00:00,8842ceb4a1fffff
ACC-00009194,NORMAL,HDFC-Sim,0.129,2022-06-03T00:00:00+00:00,88618921d1fffff
ACC-00009195,NORMAL,ICICI-Sim,0.181,2025-04-03T00:00:00+00:00,8860b19695fffff
ACC-00009196,NORMAL,HDFC-Sim,0.065,2024-09-22T00:00:00+00:00,8860145943fffff
ACC-00009197,NORMAL,SBI-Sim,0.033,2026-02-09T00:00:00+00:00,88618c4e63fffff
ACC-00009198,NORMAL,HDFC-Sim,0.172,2025-06-07T00:00:00+00:00,88608b0a6bfffff
ACC-00009199,NORMAL,Axis-Sim,0.012,2024-10-20T00:00:00+00:00,8860145943fffff
ACC-00009200,NORMAL,BOI-Sim,0.145,2023-10-12T00:00:00+00:00,88618925c5fffff
ACC-00009201,NORMAL,HDFC-Sim,0.149,2022-05-18T00:00:00+00:00,8860a259bbfffff
ACC-00009202,NORMAL,PNB-Sim,0.223,2022-11-13T00:00:00+00:00,8860b19695fffff
ACC-00009203,NORMAL,PNB-Sim,0.179,2026-02-19T00:00:00+00:00,8842ceb559fffff
ACC-00009204,NORMAL,PNB-Sim,0.125,2026-04-22T00:00:00+00:00,883d8dcc0dfffff
ACC-00009205,NORMAL,HDFC-Sim,0.203,2023-03-19T00:00:00+00:00,8842ceb559fffff
ACC-00009206,NORMAL,BOI-Sim,0.183,2024-04-08T00:00:00+00:00,8842ceb4a1fffff
ACC-00009207,NORMAL,ICICI-Sim,0.214,2024-03-19T00:00:00+00:00,88618c4d05fffff
ACC-00009208,NORMAL,SBI-Sim,0.19,2021-11-07T00:00:00+00:00,883d8dcf1dfffff
ACC-00009209,NORMAL,BOI-Sim,0.162,2023-08-28T00:00:00+00:00,883d8dcc0dfffff
ACC-00009210,NORMAL,Axis-Sim,0.121,2022-07-21T00:00:00+00:00,883da11623fffff
ACC-00009211,NORMAL,ICICI-Sim,0.097,2023-02-19T00:00:00+00:00,8842cea623fffff
ACC-00009212,NORMAL,BOI-Sim,0.06,2024-04-28T00:00:00+00:00,883da11233fffff
ACC-00009213,NORMAL,PNB-Sim,0.144,2025-03-01T00:00:00+00:00,883da11623fffff
ACC-00009214,NORMAL,BOI-Sim,0.053,2026-01-02T00:00:00+00:00,88608b0961fffff
ACC-00009215,NORMAL,PNB-Sim,0.023,2023-08-02T00:00:00+00:00,8842ceb4a1fffff
ACC-00009216,NORMAL,PNB-Sim,0.163,2025-06-29T00:00:00+00:00,883da115a5fffff
ACC-00009217,NORMAL,BOI-Sim,0.083,2021-07-26T00:00:00+00:00,883da11233fffff
ACC-00009218,NORMAL,BOI-Sim,0.24,2022-10-22T00:00:00+00:00,8861892ecbfffff
ACC-00009219,NORMAL,SBI-Sim,0.098,2024-01-25T00:00:00+00:00,883da11233fffff
ACC-00009220,NORMAL,Axis-Sim,0.09,2022-05-05T00:00:00+00:00,883da11233fffff
ACC-00009221,NORMAL,SBI-Sim,0.202,2023-01-05T00:00:00+00:00,88608b0961fffff
ACC-00009222,NORMAL,BOI-Sim,0.137,2024-02-22T00:00:00+00:00,88618925c5fffff
ACC-00009223,NORMAL,SBI-Sim,0.056,2022-09-14T00:00:00+00:00,883d8dcc0dfffff
ACC-00009224,NORMAL,HDFC-Sim,0.219,2022-09-13T00:00:00+00:00,88618921d1fffff
ACC-00009225,NORMAL,PNB-Sim,0.199,2025-06-14T00:00:00+00:00,88618c45b9fffff
ACC-00009226,NORMAL,ICICI-Sim,0.19,2025-07-17T00:00:00+00:00,883da11623fffff
ACC-00009227,NORMAL,Axis-Sim,0.186,2022-03-15T00:00:00+00:00,883d8dcc0dfffff
ACC-00009228,NORMAL,BOI-Sim,0.128,2021-12-05T00:00:00+00:00,8861892ecbfffff
ACC-00009229,NORMAL,SBI-Sim,0.219,2022-06-18T00:00:00+00:00,88618c45b9fffff
ACC-00009230,NORMAL,Axis-Sim,0.036,2022-02-09T00:00:00+00:00,8860b52c97fffff
ACC-00009231,NORMAL,BOI-Sim,0.197,2024-02-02T00:00:00+00:00,88608b0961fffff
ACC-00009232,NORMAL,PNB-Sim,0.197,2026-04-23T00:00:00+00:00,8842ceb4a1fffff
ACC-00009233,NORMAL,BOI-Sim,0.071,2023-11-10T00:00:00+00:00,883da11409fffff
ACC-00009234,NORMAL,HDFC-Sim,0.218,2023-02-20T00:00:00+00:00,8842ceb4a1fffff
ACC-00009235,NORMAL,HDFC-Sim,0.183,2025-03-30T00:00:00+00:00,88608b0a6bfffff
ACC-00009236,NORMAL,BOI-Sim,0.045,2024-08-01T00:00:00+00:00,883d8dcd5dfffff
ACC-00009237,NORMAL,ICICI-Sim,0.128,2021-07-13T00:00:00+00:00,8842cea623fffff
ACC-00009238,NORMAL,PNB-Sim,0.07,2021-07-03T00:00:00+00:00,883d8dcd5dfffff
ACC-00009239,NORMAL,BOI-Sim,0.223,2022-07-20T00:00:00+00:00,88608b0961fffff
ACC-00009240,NORMAL,SBI-Sim,0.144,2024-05-13T00:00:00+00:00,883da115a5fffff
ACC-00009241,NORMAL,BOI-Sim,0.043,2024-12-01T00:00:00+00:00,88618c4d05fffff
ACC-00009242,NORMAL,SBI-Sim,0.244,2023-08-17T00:00:00+00:00,8861892ecbfffff
ACC-00009243,NORMAL,PNB-Sim,0.065,2024-12-06T00:00:00+00:00,88608b0a6bfffff
ACC-00009244,NORMAL,Axis-Sim,0.159,2022-05-12T00:00:00+00:00,88618c45b9fffff
ACC-00009245,NORMAL,BOI-Sim,0.004,2023-07-01T00:00:00+00:00,883d8dcdd5fffff
ACC-00009246,NORMAL,ICICI-Sim,0.246,2023-10-26T00:00:00+00:00,88618925c5fffff
ACC-00009247,NORMAL,ICICI-Sim,0.183,2025-05-13T00:00:00+00:00,88618c4d05fffff
ACC-00009248,NORMAL,Axis-Sim,0.048,2025-04-20T00:00:00+00:00,883d8dcf1dfffff
ACC-00009249,NORMAL,Axis-Sim,0.16,2022-01-31T00:00:00+00:00,88618c4f2bfffff
ACC-00009250,NORMAL,ICICI-Sim,0.079,2023-09-27T00:00:00+00:00,883d8dcc0dfffff
ACC-00009251,NORMAL,Axis-Sim,0.007,2024-10-10T00:00:00+00:00,883d8dcd5dfffff
ACC-00009252,NORMAL,PNB-Sim,0.067,2023-05-20T00:00:00+00:00,8860b19695fffff
ACC-00009253,NORMAL,ICICI-Sim,0.175,2025-12-05T00:00:00+00:00,88618921d1fffff
ACC-00009254,NORMAL,ICICI-Sim,0.075,2022-10-04T00:00:00+00:00,883d8dcdd5fffff
ACC-00009255,NORMAL,HDFC-Sim,0.182,2022-07-25T00:00:00+00:00,88608b4733fffff
ACC-00009256,NORMAL,BOI-Sim,0.022,2025-09-29T00:00:00+00:00,88618921d1fffff
ACC-00009257,NORMAL,SBI-Sim,0.234,2025-12-30T00:00:00+00:00,8860145943fffff
ACC-00009258,NORMAL,BOI-Sim,0.154,2023-11-18T00:00:00+00:00,883d8dcc0dfffff
ACC-00009259,NORMAL,PNB-Sim,0.104,2022-12-18T00:00:00+00:00,88618c45b9fffff
ACC-00009260,NORMAL,BOI-Sim,0.191,2023-03-25T00:00:00+00:00,883da11233fffff
ACC-00009261,NORMAL,PNB-Sim,0.18,2022-07-06T00:00:00+00:00,88618925c5fffff
ACC-00009262,NORMAL,ICICI-Sim,0.146,2024-04-08T00:00:00+00:00,883da11409fffff
ACC-00009263,NORMAL,HDFC-Sim,0.044,2026-03-10T00:00:00+00:00,88618c4e63fffff
ACC-00009264,NORMAL,Axis-Sim,0.041,2024-11-07T00:00:00+00:00,883da115a5fffff
ACC-00009265,NORMAL,Axis-Sim,0.097,2024-08-04T00:00:00+00:00,8860b52e9bfffff
ACC-00009266,NORMAL,SBI-Sim,0.121,2022-04-19T00:00:00+00:00,88618c4d05fffff
ACC-00009267,NORMAL,HDFC-Sim,0.203,2026-03-23T00:00:00+00:00,8860b52e9bfffff
ACC-00009268,NORMAL,Axis-Sim,0.172,2021-08-01T00:00:00+00:00,8842ceb4a1fffff
ACC-00009269,NORMAL,ICICI-Sim,0.023,2023-04-26T00:00:00+00:00,8842ceb4a1fffff
ACC-00009270,NORMAL,Axis-Sim,0.024,2021-10-09T00:00:00+00:00,883d8dcf1dfffff
ACC-00009271,NORMAL,SBI-Sim,0.114,2026-04-05T00:00:00+00:00,8860145943fffff
ACC-00009272,NORMAL,Axis-Sim,0.235,2022-01-23T00:00:00+00:00,883da11409fffff
ACC-00009273,NORMAL,BOI-Sim,0.014,2024-05-26T00:00:00+00:00,883d8dcf1dfffff
ACC-00009274,NORMAL,BOI-Sim,0.245,2023-11-08T00:00:00+00:00,88608b0961fffff
ACC-00009275,NORMAL,Axis-Sim,0.072,2024-10-02T00:00:00+00:00,8860145943fffff
ACC-00009276,NORMAL,Axis-Sim,0.192,2026-03-06T00:00:00+00:00,8842ceb4a1fffff
ACC-00009277,NORMAL,Axis-Sim,0.208,2024-03-17T00:00:00+00:00,8860b19695fffff
ACC-00009278,NORMAL,Axis-Sim,0.022,2023-06-30T00:00:00+00:00,8860b52c97fffff
ACC-00009279,NORMAL,HDFC-Sim,0.216,2025-05-28T00:00:00+00:00,88608b0961fffff
ACC-00009280,NORMAL,BOI-Sim,0.071,2025-04-17T00:00:00+00:00,88608b56d7fffff
ACC-00009281,NORMAL,PNB-Sim,0.006,2023-11-29T00:00:00+00:00,883d8dcdd5fffff
ACC-00009282,NORMAL,BOI-Sim,0.135,2021-10-11T00:00:00+00:00,883d8dcc0dfffff
ACC-00009283,NORMAL,SBI-Sim,0.024,2022-02-07T00:00:00+00:00,8860b19695fffff
ACC-00009284,NORMAL,PNB-Sim,0.167,2025-02-07T00:00:00+00:00,883da11233fffff
ACC-00009285,NORMAL,PNB-Sim,0.218,2025-02-19T00:00:00+00:00,88608b0a6bfffff
ACC-00009286,NORMAL,Axis-Sim,0.228,2022-10-05T00:00:00+00:00,8860b19695fffff
ACC-00009287,NORMAL,PNB-Sim,0.097,2025-09-22T00:00:00+00:00,88618c45b9fffff
ACC-00009288,NORMAL,SBI-Sim,0.035,2024-07-22T00:00:00+00:00,883d8dcd5dfffff
ACC-00009289,NORMAL,Axis-Sim,0.184,2023-02-07T00:00:00+00:00,8860145943fffff
ACC-00009290,NORMAL,ICICI-Sim,0.028,2025-10-18T00:00:00+00:00,8842ceb559fffff
ACC-00009291,NORMAL,ICICI-Sim,0.099,2024-10-10T00:00:00+00:00,8860b52e9bfffff
ACC-00009292,NORMAL,SBI-Sim,0.245,2022-02-07T00:00:00+00:00,88608b56d7fffff
ACC-00009293,NORMAL,HDFC-Sim,0.055,2026-01-10T00:00:00+00:00,8860b19695fffff
ACC-00009294,NORMAL,SBI-Sim,0.212,2025-02-21T00:00:00+00:00,88608b0961fffff
ACC-00009295,NORMAL,Axis-Sim,0.07,2024-12-06T00:00:00+00:00,88618c4e63fffff
ACC-00009296,NORMAL,ICICI-Sim,0.032,2023-08-17T00:00:00+00:00,88608b56d7fffff
ACC-00009297,NORMAL,Axis-Sim,0.248,2024-07-06T00:00:00+00:00,88618c4d05fffff
ACC-00009298,NORMAL,BOI-Sim,0.218,2024-04-09T00:00:00+00:00,88608b0961fffff
ACC-00009299,NORMAL,BOI-Sim,0.047,2022-06-15T00:00:00+00:00,883d8dcd5dfffff
ACC-00009300,NORMAL,ICICI-Sim,0.174,2023-01-27T00:00:00+00:00,88618c4f2bfffff
ACC-00009301,NORMAL,SBI-Sim,0.042,2023-03-29T00:00:00+00:00,88608b0a6bfffff
ACC-00009302,NORMAL,PNB-Sim,0.154,2022-09-15T00:00:00+00:00,8842ceb559fffff
ACC-00009303,NORMAL,SBI-Sim,0.186,2024-08-29T00:00:00+00:00,883da11233fffff
ACC-00009304,NORMAL,HDFC-Sim,0.225,2023-11-01T00:00:00+00:00,88618c4d05fffff
ACC-00009305,NORMAL,PNB-Sim,0.016,2022-10-08T00:00:00+00:00,883da11409fffff
ACC-00009306,NORMAL,PNB-Sim,0.065,2021-08-25T00:00:00+00:00,8860a259bbfffff
ACC-00009307,NORMAL,PNB-Sim,0.099,2024-05-10T00:00:00+00:00,88618c45b9fffff
ACC-00009308,NORMAL,HDFC-Sim,0.234,2025-05-04T00:00:00+00:00,883da11409fffff
ACC-00009309,NORMAL,HDFC-Sim,0.137,2021-07-27T00:00:00+00:00,883da11623fffff
ACC-00009310,NORMAL,HDFC-Sim,0.01,2024-02-02T00:00:00+00:00,88608b56d7fffff
ACC-00009311,NORMAL,PNB-Sim,0.011,2022-07-04T00:00:00+00:00,88618c4f2bfffff
ACC-00009312,NORMAL,PNB-Sim,0.052,2024-03-20T00:00:00+00:00,8842cea623fffff
ACC-00009313,NORMAL,HDFC-Sim,0.072,2024-07-18T00:00:00+00:00,88608b4733fffff
ACC-00009314,NORMAL,HDFC-Sim,0.115,2024-09-11T00:00:00+00:00,8860a259bbfffff
ACC-00009315,NORMAL,ICICI-Sim,0.16,2025-02-22T00:00:00+00:00,883d8dcf1dfffff
ACC-00009316,NORMAL,Axis-Sim,0.18,2024-03-02T00:00:00+00:00,883d8dcd5dfffff
ACC-00009317,NORMAL,ICICI-Sim,0.232,2023-09-01T00:00:00+00:00,8842ceb559fffff
ACC-00009318,NORMAL,PNB-Sim,0.224,2024-05-24T00:00:00+00:00,8842ceb5d9fffff
ACC-00009319,NORMAL,HDFC-Sim,0.037,2021-11-06T00:00:00+00:00,8861892ecbfffff
ACC-00009320,NORMAL,ICICI-Sim,0.038,2023-02-04T00:00:00+00:00,8860b52e9bfffff
ACC-00009321,NORMAL,SBI-Sim,0.25,2022-07-20T00:00:00+00:00,883d8dcd5dfffff
ACC-00009322,NORMAL,SBI-Sim,0.091,2022-07-06T00:00:00+00:00,883da11233fffff
ACC-00009323,NORMAL,ICICI-Sim,0.193,2023-12-13T00:00:00+00:00,88608b0a6bfffff
ACC-00009324,NORMAL,Axis-Sim,0.107,2023-12-15T00:00:00+00:00,8860b52c97fffff
ACC-00009325,NORMAL,Axis-Sim,0.226,2022-10-10T00:00:00+00:00,88618921d1fffff
ACC-00009326,NORMAL,PNB-Sim,0.008,2022-01-13T00:00:00+00:00,8860145943fffff
ACC-00009327,NORMAL,Axis-Sim,0.005,2023-07-14T00:00:00+00:00,8860b52e9bfffff
ACC-00009328,NORMAL,PNB-Sim,0.012,2023-10-19T00:00:00+00:00,8842ceb559fffff
ACC-00009329,NORMAL,SBI-Sim,0.117,2022-11-16T00:00:00+00:00,8860a259bbfffff
ACC-00009330,NORMAL,PNB-Sim,0.148,2022-03-19T00:00:00+00:00,8842ceb559fffff
ACC-00009331,NORMAL,PNB-Sim,0.146,2024-07-17T00:00:00+00:00,8860145943fffff
ACC-00009332,NORMAL,HDFC-Sim,0.09,2026-01-04T00:00:00+00:00,883da11233fffff
ACC-00009333,NORMAL,Axis-Sim,0.145,2023-10-22T00:00:00+00:00,8842ceb4a1fffff
ACC-00009334,NORMAL,BOI-Sim,0.163,2025-01-14T00:00:00+00:00,88608b56d7fffff
ACC-00009335,NORMAL,PNB-Sim,0.245,2023-03-28T00:00:00+00:00,883da115a5fffff
ACC-00009336,NORMAL,SBI-Sim,0.116,2024-02-16T00:00:00+00:00,88608b56d7fffff
ACC-00009337,NORMAL,SBI-Sim,0.048,2025-11-22T00:00:00+00:00,883da11623fffff
ACC-00009338,NORMAL,HDFC-Sim,0.177,2024-09-14T00:00:00+00:00,883da115a5fffff
ACC-00009339,NORMAL,BOI-Sim,0.093,2024-09-03T00:00:00+00:00,8861892ecbfffff
ACC-00009340,NORMAL,PNB-Sim,0.095,2024-09-13T00:00:00+00:00,883da11623fffff
ACC-00009341,NORMAL,HDFC-Sim,0.048,2025-11-29T00:00:00+00:00,88618c4d05fffff
ACC-00009342,NORMAL,SBI-Sim,0.133,2022-05-06T00:00:00+00:00,88618925c5fffff
ACC-00009343,NORMAL,SBI-Sim,0.082,2024-03-10T00:00:00+00:00,8842cea623fffff
ACC-00009344,NORMAL,BOI-Sim,0.12,2025-05-20T00:00:00+00:00,8842ceb559fffff
ACC-00009345,NORMAL,Axis-Sim,0.075,2024-02-08T00:00:00+00:00,8860b52c97fffff
ACC-00009346,NORMAL,ICICI-Sim,0.114,2025-11-13T00:00:00+00:00,883d8dcdd5fffff
ACC-00009347,NORMAL,ICICI-Sim,0.179,2024-02-19T00:00:00+00:00,883d8dcdd5fffff
ACC-00009348,NORMAL,HDFC-Sim,0.138,2022-07-16T00:00:00+00:00,883da11409fffff
ACC-00009349,NORMAL,BOI-Sim,0.156,2025-08-12T00:00:00+00:00,8861892ecbfffff
ACC-00009350,NORMAL,HDFC-Sim,0.229,2024-10-17T00:00:00+00:00,88618921d1fffff
ACC-00009351,NORMAL,PNB-Sim,0.219,2023-03-31T00:00:00+00:00,88618c4d05fffff
ACC-00009352,NORMAL,BOI-Sim,0.117,2023-06-08T00:00:00+00:00,8842cea623fffff
ACC-00009353,NORMAL,Axis-Sim,0.074,2024-01-19T00:00:00+00:00,88608b0961fffff
ACC-00009354,NORMAL,PNB-Sim,0.097,2025-02-01T00:00:00+00:00,8842ceb4a1fffff
ACC-00009355,NORMAL,BOI-Sim,0.214,2023-07-21T00:00:00+00:00,883da11233fffff
ACC-00009356,NORMAL,SBI-Sim,0.11,2025-01-15T00:00:00+00:00,883da11233fffff
ACC-00009357,NORMAL,SBI-Sim,0.226,2023-09-07T00:00:00+00:00,8861892ecbfffff
ACC-00009358,NORMAL,ICICI-Sim,0.141,2021-07-07T00:00:00+00:00,88608b0961fffff
ACC-00009359,NORMAL,Axis-Sim,0.127,2024-12-04T00:00:00+00:00,8860a259bbfffff
ACC-00009360,NORMAL,PNB-Sim,0.248,2022-02-08T00:00:00+00:00,883da11409fffff
ACC-00009361,NORMAL,SBI-Sim,0.067,2021-08-08T00:00:00+00:00,8842cea623fffff
ACC-00009362,NORMAL,HDFC-Sim,0.033,2022-04-06T00:00:00+00:00,88618c4f2bfffff
ACC-00009363,NORMAL,PNB-Sim,0.013,2021-06-27T00:00:00+00:00,88608b56d7fffff
ACC-00009364,NORMAL,PNB-Sim,0.133,2026-01-12T00:00:00+00:00,88618c4d05fffff
ACC-00009365,NORMAL,BOI-Sim,0.194,2026-01-15T00:00:00+00:00,88618921d1fffff
ACC-00009366,NORMAL,BOI-Sim,0.068,2026-03-23T00:00:00+00:00,88618c45b9fffff
ACC-00009367,NORMAL,HDFC-Sim,0.069,2023-09-01T00:00:00+00:00,8861892ecbfffff
ACC-00009368,NORMAL,SBI-Sim,0.051,2023-09-02T00:00:00+00:00,8860b52e9bfffff
ACC-00009369,NORMAL,PNB-Sim,0.186,2023-06-16T00:00:00+00:00,883d8dcc0dfffff
ACC-00009370,NORMAL,BOI-Sim,0.061,2024-08-16T00:00:00+00:00,8861892ecbfffff
ACC-00009371,NORMAL,Axis-Sim,0.242,2025-09-21T00:00:00+00:00,8842ceb559fffff
ACC-00009372,NORMAL,BOI-Sim,0.214,2023-06-06T00:00:00+00:00,8860b52c97fffff
ACC-00009373,NORMAL,HDFC-Sim,0.025,2024-04-20T00:00:00+00:00,88608b0961fffff
ACC-00009374,NORMAL,ICICI-Sim,0.203,2025-03-20T00:00:00+00:00,883d8dcc0dfffff
ACC-00009375,NORMAL,ICICI-Sim,0.178,2024-04-15T00:00:00+00:00,883da11623fffff
ACC-00009376,NORMAL,BOI-Sim,0.194,2023-02-18T00:00:00+00:00,883d8dcc0dfffff
ACC-00009377,NORMAL,BOI-Sim,0.057,2025-07-04T00:00:00+00:00,88618921d1fffff
ACC-00009378,NORMAL,ICICI-Sim,0.113,2023-11-30T00:00:00+00:00,88618921d1fffff
ACC-00009379,NORMAL,ICICI-Sim,0.044,2024-01-27T00:00:00+00:00,88618c4e63fffff
ACC-00009380,NORMAL,PNB-Sim,0.028,2025-07-21T00:00:00+00:00,88618c4d05fffff
ACC-00009381,NORMAL,SBI-Sim,0.087,2026-02-09T00:00:00+00:00,8861892ecbfffff
ACC-00009382,NORMAL,HDFC-Sim,0.171,2026-02-18T00:00:00+00:00,8860b52e9bfffff
ACC-00009383,NORMAL,Axis-Sim,0.06,2021-08-09T00:00:00+00:00,88618c4e63fffff
ACC-00009384,NORMAL,ICICI-Sim,0.227,2022-01-07T00:00:00+00:00,88608b4733fffff
ACC-00009385,NORMAL,Axis-Sim,0.168,2023-03-23T00:00:00+00:00,88618921d1fffff
ACC-00009386,NORMAL,SBI-Sim,0.243,2026-04-25T00:00:00+00:00,883d8dcf1dfffff
ACC-00009387,NORMAL,Axis-Sim,0.137,2025-01-21T00:00:00+00:00,8860b52e9bfffff
ACC-00009388,NORMAL,SBI-Sim,0.165,2024-03-23T00:00:00+00:00,883da11623fffff
ACC-00009389,NORMAL,Axis-Sim,0.079,2025-12-17T00:00:00+00:00,88608b0961fffff
ACC-00009390,NORMAL,BOI-Sim,0.2,2023-02-20T00:00:00+00:00,88608b0a6bfffff
ACC-00009391,NORMAL,Axis-Sim,0.125,2023-11-04T00:00:00+00:00,8860145943fffff
ACC-00009392,NORMAL,PNB-Sim,0.185,2021-11-08T00:00:00+00:00,88608b0961fffff
ACC-00009393,NORMAL,ICICI-Sim,0.1,2026-03-01T00:00:00+00:00,88608b0a6bfffff
ACC-00009394,NORMAL,Axis-Sim,0.045,2025-12-10T00:00:00+00:00,88618921d1fffff
ACC-00009395,NORMAL,ICICI-Sim,0.138,2025-06-26T00:00:00+00:00,8860a259bbfffff
ACC-00009396,NORMAL,SBI-Sim,0.088,2023-01-09T00:00:00+00:00,88608b0a6bfffff
ACC-00009397,NORMAL,PNB-Sim,0.135,2024-10-31T00:00:00+00:00,883da115a5fffff
ACC-00009398,NORMAL,BOI-Sim,0.168,2025-03-04T00:00:00+00:00,88618921d1fffff
ACC-00009399,NORMAL,HDFC-Sim,0.222,2023-09-12T00:00:00+00:00,88618c45b9fffff
ACC-00009400,NORMAL,PNB-Sim,0.002,2025-04-29T00:00:00+00:00,88608b56d7fffff
ACC-00009401,NORMAL,BOI-Sim,0.118,2025-10-09T00:00:00+00:00,88618c45b9fffff
ACC-00009402,NORMAL,PNB-Sim,0.249,2022-06-03T00:00:00+00:00,883da11623fffff
ACC-00009403,NORMAL,Axis-Sim,0.151,2023-07-20T00:00:00+00:00,88618c4d05fffff
ACC-00009404,NORMAL,ICICI-Sim,0.099,2022-03-19T00:00:00+00:00,88618c4f2bfffff
ACC-00009405,NORMAL,HDFC-Sim,0.111,2025-12-19T00:00:00+00:00,88608b4733fffff
ACC-00009406,NORMAL,HDFC-Sim,0.115,2023-12-13T00:00:00+00:00,88608b0961fffff
ACC-00009407,NORMAL,Axis-Sim,0.223,2023-04-03T00:00:00+00:00,88618921d1fffff
ACC-00009408,NORMAL,SBI-Sim,0.137,2022-07-30T00:00:00+00:00,88618921d1fffff
ACC-00009409,NORMAL,BOI-Sim,0.071,2022-12-29T00:00:00+00:00,88618c45b9fffff
ACC-00009410,NORMAL,BOI-Sim,0.117,2024-10-27T00:00:00+00:00,88618921d1fffff
ACC-00009411,NORMAL,BOI-Sim,0.237,2025-02-11T00:00:00+00:00,88608b56d7fffff
ACC-00009412,NORMAL,HDFC-Sim,0.209,2026-04-30T00:00:00+00:00,8860b52c97fffff
ACC-00009413,NORMAL,ICICI-Sim,0.22,2025-11-12T00:00:00+00:00,883d8dcdd5fffff
ACC-00009414,NORMAL,BOI-Sim,0.036,2024-10-10T00:00:00+00:00,883d8dcdd5fffff
ACC-00009415,NORMAL,PNB-Sim,0.231,2022-09-13T00:00:00+00:00,88608b0961fffff
ACC-00009416,NORMAL,PNB-Sim,0.063,2022-12-05T00:00:00+00:00,883d8dcdd5fffff
ACC-00009417,NORMAL,Axis-Sim,0.238,2022-10-29T00:00:00+00:00,883da11623fffff
ACC-00009418,NORMAL,PNB-Sim,0.062,2025-09-28T00:00:00+00:00,88608b4733fffff
ACC-00009419,NORMAL,SBI-Sim,0.036,2022-06-25T00:00:00+00:00,88608b56d7fffff
ACC-00009420,NORMAL,PNB-Sim,0.036,2026-04-11T00:00:00+00:00,883d8dcdd5fffff
ACC-00009421,NORMAL,BOI-Sim,0.19,2021-10-16T00:00:00+00:00,883d8dcc0dfffff
ACC-00009422,NORMAL,PNB-Sim,0.151,2025-09-25T00:00:00+00:00,88618c4e63fffff
ACC-00009423,NORMAL,HDFC-Sim,0.207,2025-04-16T00:00:00+00:00,8860b52c97fffff
ACC-00009424,NORMAL,Axis-Sim,0.19,2023-06-18T00:00:00+00:00,88618c4e63fffff
ACC-00009425,NORMAL,PNB-Sim,0.16,2024-09-12T00:00:00+00:00,8861892ecbfffff
ACC-00009426,NORMAL,HDFC-Sim,0.024,2023-01-18T00:00:00+00:00,88608b0961fffff
ACC-00009427,NORMAL,PNB-Sim,0.15,2023-01-26T00:00:00+00:00,88618925c5fffff
ACC-00009428,NORMAL,SBI-Sim,0.005,2023-02-14T00:00:00+00:00,88608b4733fffff
ACC-00009429,NORMAL,ICICI-Sim,0.106,2026-04-13T00:00:00+00:00,883da11623fffff
ACC-00009430,NORMAL,Axis-Sim,0.198,2022-02-03T00:00:00+00:00,88618c4e63fffff
ACC-00009431,NORMAL,ICICI-Sim,0.194,2024-10-19T00:00:00+00:00,88618c4d05fffff
ACC-00009432,NORMAL,HDFC-Sim,0.013,2025-09-09T00:00:00+00:00,883da11233fffff
ACC-00009433,NORMAL,SBI-Sim,0.038,2023-04-06T00:00:00+00:00,88618c4f2bfffff
ACC-00009434,NORMAL,SBI-Sim,0.111,2023-05-10T00:00:00+00:00,8861892ecbfffff
ACC-00009435,NORMAL,SBI-Sim,0.093,2021-09-22T00:00:00+00:00,88608b4733fffff
ACC-00009436,NORMAL,ICICI-Sim,0.107,2023-02-10T00:00:00+00:00,88618c4e63fffff
ACC-00009437,NORMAL,HDFC-Sim,0.056,2022-02-12T00:00:00+00:00,8861892ecbfffff
ACC-00009438,NORMAL,SBI-Sim,0.119,2022-05-22T00:00:00+00:00,883d8dcd5dfffff
ACC-00009439,NORMAL,Axis-Sim,0.144,2025-12-28T00:00:00+00:00,88608b0a6bfffff
ACC-00009440,NORMAL,SBI-Sim,0.169,2025-10-14T00:00:00+00:00,883da11233fffff
ACC-00009441,NORMAL,PNB-Sim,0.082,2026-01-06T00:00:00+00:00,88608b0a6bfffff
ACC-00009442,NORMAL,Axis-Sim,0.216,2025-01-21T00:00:00+00:00,883da115a5fffff
ACC-00009443,NORMAL,PNB-Sim,0.022,2022-12-17T00:00:00+00:00,883da115a5fffff
ACC-00009444,NORMAL,BOI-Sim,0.017,2025-06-07T00:00:00+00:00,88618c45b9fffff
ACC-00009445,NORMAL,BOI-Sim,0.046,2022-04-25T00:00:00+00:00,88608b0961fffff
ACC-00009446,NORMAL,BOI-Sim,0.036,2023-01-11T00:00:00+00:00,88608b4733fffff
ACC-00009447,NORMAL,ICICI-Sim,0.21,2025-10-04T00:00:00+00:00,8860b19695fffff
ACC-00009448,NORMAL,Axis-Sim,0.224,2025-12-21T00:00:00+00:00,883d8dcf1dfffff
ACC-00009449,NORMAL,BOI-Sim,0.072,2022-12-06T00:00:00+00:00,88608b0a6bfffff
ACC-00009450,NORMAL,SBI-Sim,0.161,2024-06-09T00:00:00+00:00,88618c45b9fffff
ACC-00009451,NORMAL,Axis-Sim,0.207,2023-04-04T00:00:00+00:00,88608b4733fffff
ACC-00009452,NORMAL,BOI-Sim,0.093,2024-08-06T00:00:00+00:00,8842ceb559fffff
ACC-00009453,NORMAL,ICICI-Sim,0.151,2026-03-08T00:00:00+00:00,88618921d1fffff
ACC-00009454,NORMAL,PNB-Sim,0.003,2025-10-11T00:00:00+00:00,883da115a5fffff
ACC-00009455,NORMAL,ICICI-Sim,0.171,2025-11-23T00:00:00+00:00,883d8dcdd5fffff
ACC-00009456,NORMAL,HDFC-Sim,0.174,2021-07-20T00:00:00+00:00,8860b52e9bfffff
ACC-00009457,NORMAL,SBI-Sim,0.089,2022-07-18T00:00:00+00:00,8860a259bbfffff
ACC-00009458,NORMAL,ICICI-Sim,0.05,2022-12-07T00:00:00+00:00,8842ceb4a1fffff
ACC-00009459,NORMAL,Axis-Sim,0.026,2025-01-20T00:00:00+00:00,8860b19695fffff
ACC-00009460,NORMAL,SBI-Sim,0.046,2024-09-01T00:00:00+00:00,8842cea623fffff
ACC-00009461,NORMAL,PNB-Sim,0.19,2025-04-08T00:00:00+00:00,8860145943fffff
ACC-00009462,NORMAL,HDFC-Sim,0.221,2025-09-01T00:00:00+00:00,883d8dcf1dfffff
ACC-00009463,NORMAL,SBI-Sim,0.122,2022-01-03T00:00:00+00:00,88608b56d7fffff
ACC-00009464,NORMAL,Axis-Sim,0.08,2022-06-22T00:00:00+00:00,883da115a5fffff
ACC-00009465,NORMAL,BOI-Sim,0.227,2025-12-27T00:00:00+00:00,8860a259bbfffff
ACC-00009466,NORMAL,HDFC-Sim,0.102,2021-10-20T00:00:00+00:00,8842ceb5d9fffff
ACC-00009467,NORMAL,HDFC-Sim,0.103,2025-02-07T00:00:00+00:00,8860b52e9bfffff
ACC-00009468,NORMAL,BOI-Sim,0.177,2023-03-09T00:00:00+00:00,88608b0961fffff
ACC-00009469,NORMAL,BOI-Sim,0.013,2022-05-13T00:00:00+00:00,88618921d1fffff
ACC-00009470,NORMAL,HDFC-Sim,0.009,2026-02-22T00:00:00+00:00,88618c4f2bfffff
ACC-00009471,NORMAL,Axis-Sim,0.135,2025-12-02T00:00:00+00:00,883d8dcf1dfffff
ACC-00009472,NORMAL,ICICI-Sim,0.159,2024-06-04T00:00:00+00:00,883d8dcdd5fffff
ACC-00009473,NORMAL,ICICI-Sim,0.187,2024-04-19T00:00:00+00:00,8860b52e9bfffff
ACC-00009474,NORMAL,SBI-Sim,0.175,2025-01-09T00:00:00+00:00,88618c4f2bfffff
ACC-00009475,NORMAL,HDFC-Sim,0.185,2021-08-31T00:00:00+00:00,88608b4733fffff
ACC-00009476,NORMAL,HDFC-Sim,0.074,2025-10-22T00:00:00+00:00,8861892ecbfffff
ACC-00009477,NORMAL,PNB-Sim,0.17,2023-06-14T00:00:00+00:00,8860145943fffff
ACC-00009478,NORMAL,BOI-Sim,0.056,2022-11-04T00:00:00+00:00,88608b0a6bfffff
ACC-00009479,NORMAL,SBI-Sim,0.246,2023-09-12T00:00:00+00:00,8842ceb4a1fffff
ACC-00009480,NORMAL,PNB-Sim,0.218,2025-11-26T00:00:00+00:00,88618921d1fffff
ACC-00009481,NORMAL,ICICI-Sim,0.18,2025-08-31T00:00:00+00:00,883d8dcd5dfffff
ACC-00009482,NORMAL,HDFC-Sim,0.004,2021-08-15T00:00:00+00:00,8860b52c97fffff
ACC-00009483,NORMAL,Axis-Sim,0.002,2026-05-02T00:00:00+00:00,88618c4d05fffff
ACC-00009484,NORMAL,Axis-Sim,0.137,2023-07-23T00:00:00+00:00,8842ceb4a1fffff
ACC-00009485,NORMAL,HDFC-Sim,0.05,2023-08-16T00:00:00+00:00,883d8dcd5dfffff
ACC-00009486,NORMAL,BOI-Sim,0.047,2021-09-11T00:00:00+00:00,88608b0961fffff
ACC-00009487,NORMAL,Axis-Sim,0.23,2025-04-24T00:00:00+00:00,883d8dcf1dfffff
ACC-00009488,NORMAL,HDFC-Sim,0.022,2023-06-07T00:00:00+00:00,883da11233fffff
ACC-00009489,NORMAL,Axis-Sim,0.235,2025-09-11T00:00:00+00:00,88618921d1fffff
ACC-00009490,NORMAL,PNB-Sim,0.145,2023-03-15T00:00:00+00:00,88608b0961fffff
ACC-00009491,NORMAL,BOI-Sim,0.079,2024-07-11T00:00:00+00:00,88618c4e63fffff
ACC-00009492,NORMAL,Axis-Sim,0.131,2023-04-10T00:00:00+00:00,88618c4f2bfffff
ACC-00009493,NORMAL,HDFC-Sim,0.053,2023-05-16T00:00:00+00:00,8860b52e9bfffff
ACC-00009494,NORMAL,HDFC-Sim,0.148,2025-10-30T00:00:00+00:00,88618c4e63fffff
ACC-00009495,NORMAL,HDFC-Sim,0.023,2024-06-03T00:00:00+00:00,8842cea623fffff
ACC-00009496,NORMAL,PNB-Sim,0.017,2023-06-12T00:00:00+00:00,883d8dcf1dfffff
ACC-00009497,NORMAL,ICICI-Sim,0.052,2024-05-31T00:00:00+00:00,883da115a5fffff
ACC-00009498,NORMAL,SBI-Sim,0.12,2024-05-17T00:00:00+00:00,88608b0a6bfffff
ACC-00009499,NORMAL,ICICI-Sim,0.187,2023-06-22T00:00:00+00:00,8860145943fffff
ACC-00009500,NORMAL,ICICI-Sim,0.156,2022-08-01T00:00:00+00:00,88608b56d7fffff
ACC-00009501,NORMAL,ICICI-Sim,0.193,2024-11-02T00:00:00+00:00,883da11409fffff
ACC-00009502,NORMAL,BOI-Sim,0.196,2023-08-03T00:00:00+00:00,8860b19695fffff
ACC-00009503,NORMAL,HDFC-Sim,0.064,2024-08-21T00:00:00+00:00,8842ceb4a1fffff
ACC-00009504,NORMAL,ICICI-Sim,0.14,2025-08-30T00:00:00+00:00,883da115a5fffff
ACC-00009505,NORMAL,ICICI-Sim,0.08,2022-06-18T00:00:00+00:00,88618c4d05fffff
ACC-00009506,NORMAL,HDFC-Sim,0.169,2025-02-23T00:00:00+00:00,8842ceb559fffff
ACC-00009507,NORMAL,Axis-Sim,0.039,2023-07-20T00:00:00+00:00,8842ceb4a1fffff
ACC-00009508,NORMAL,ICICI-Sim,0.19,2022-11-24T00:00:00+00:00,883da11233fffff
ACC-00009509,NORMAL,ICICI-Sim,0.08,2023-06-03T00:00:00+00:00,8860a259bbfffff
ACC-00009510,NORMAL,BOI-Sim,0.125,2024-11-01T00:00:00+00:00,883da115a5fffff
ACC-00009511,NORMAL,PNB-Sim,0.041,2025-02-09T00:00:00+00:00,883da11623fffff
ACC-00009512,NORMAL,BOI-Sim,0.104,2025-07-31T00:00:00+00:00,883d8dcf1dfffff
ACC-00009513,NORMAL,PNB-Sim,0.199,2021-11-02T00:00:00+00:00,883da11623fffff
ACC-00009514,NORMAL,HDFC-Sim,0.012,2023-06-25T00:00:00+00:00,88608b0961fffff
ACC-00009515,NORMAL,SBI-Sim,0.011,2026-01-26T00:00:00+00:00,883d8dcc0dfffff
ACC-00009516,NORMAL,HDFC-Sim,0.003,2024-09-23T00:00:00+00:00,883d8dcc0dfffff
ACC-00009517,NORMAL,PNB-Sim,0.206,2022-12-03T00:00:00+00:00,88618c4d05fffff
ACC-00009518,NORMAL,SBI-Sim,0.004,2024-09-20T00:00:00+00:00,88618c45b9fffff
ACC-00009519,NORMAL,HDFC-Sim,0.066,2022-08-30T00:00:00+00:00,8860145943fffff
ACC-00009520,NORMAL,Axis-Sim,0.064,2024-07-21T00:00:00+00:00,883d8dcf1dfffff
ACC-00009521,NORMAL,Axis-Sim,0.006,2024-02-28T00:00:00+00:00,88608b56d7fffff
ACC-00009522,NORMAL,ICICI-Sim,0.12,2026-01-27T00:00:00+00:00,8842ceb559fffff
ACC-00009523,NORMAL,HDFC-Sim,0.163,2025-04-24T00:00:00+00:00,88618c4e63fffff
ACC-00009524,NORMAL,SBI-Sim,0.052,2025-07-08T00:00:00+00:00,88608b0961fffff
ACC-00009525,NORMAL,HDFC-Sim,0.047,2024-11-01T00:00:00+00:00,883d8dcc0dfffff
ACC-00009526,NORMAL,PNB-Sim,0.151,2025-10-30T00:00:00+00:00,8842ceb559fffff
ACC-00009527,NORMAL,SBI-Sim,0.036,2024-05-16T00:00:00+00:00,88618925c5fffff
ACC-00009528,NORMAL,PNB-Sim,0.059,2021-10-07T00:00:00+00:00,883d8dcf1dfffff
ACC-00009529,NORMAL,SBI-Sim,0.06,2024-05-08T00:00:00+00:00,8860b52c97fffff
ACC-00009530,NORMAL,HDFC-Sim,0.127,2023-10-05T00:00:00+00:00,883d8dcf1dfffff
ACC-00009531,NORMAL,Axis-Sim,0.148,2025-05-19T00:00:00+00:00,88618921d1fffff
ACC-00009532,NORMAL,ICICI-Sim,0.012,2022-06-20T00:00:00+00:00,88618c4d05fffff
ACC-00009533,NORMAL,Axis-Sim,0.038,2022-04-13T00:00:00+00:00,8860b52e9bfffff
ACC-00009534,NORMAL,SBI-Sim,0.097,2021-10-02T00:00:00+00:00,8842ceb5d9fffff
ACC-00009535,NORMAL,BOI-Sim,0.032,2023-01-06T00:00:00+00:00,88608b4733fffff
ACC-00009536,NORMAL,Axis-Sim,0.237,2023-06-08T00:00:00+00:00,883d8dcdd5fffff
ACC-00009537,NORMAL,PNB-Sim,0.236,2022-01-29T00:00:00+00:00,8861892ecbfffff
ACC-00009538,NORMAL,BOI-Sim,0.04,2023-04-24T00:00:00+00:00,8860a259bbfffff
ACC-00009539,NORMAL,HDFC-Sim,0.085,2022-02-21T00:00:00+00:00,883d8dcc0dfffff
ACC-00009540,NORMAL,ICICI-Sim,0.231,2024-05-16T00:00:00+00:00,8861892ecbfffff
ACC-00009541,NORMAL,Axis-Sim,0.061,2025-04-24T00:00:00+00:00,88608b56d7fffff
ACC-00009542,NORMAL,HDFC-Sim,0.038,2025-12-30T00:00:00+00:00,8842cea623fffff
ACC-00009543,NORMAL,HDFC-Sim,0.083,2021-08-21T00:00:00+00:00,88618c45b9fffff
ACC-00009544,NORMAL,PNB-Sim,0.173,2025-01-30T00:00:00+00:00,8860b52e9bfffff
ACC-00009545,NORMAL,HDFC-Sim,0.029,2025-11-24T00:00:00+00:00,88618c4e63fffff
ACC-00009546,NORMAL,BOI-Sim,0.113,2021-08-14T00:00:00+00:00,8860145943fffff
ACC-00009547,NORMAL,ICICI-Sim,0.158,2025-03-16T00:00:00+00:00,8842cea623fffff
ACC-00009548,NORMAL,BOI-Sim,0.133,2023-09-25T00:00:00+00:00,88608b0961fffff
ACC-00009549,NORMAL,BOI-Sim,0.042,2021-08-11T00:00:00+00:00,883d8dcd5dfffff
ACC-00009550,NORMAL,HDFC-Sim,0.184,2022-08-27T00:00:00+00:00,8842ceb5d9fffff
ACC-00009551,NORMAL,ICICI-Sim,0.173,2022-09-11T00:00:00+00:00,88608b0a6bfffff
ACC-00009552,NORMAL,ICICI-Sim,0.037,2025-06-18T00:00:00+00:00,883d8dcd5dfffff
ACC-00009553,NORMAL,PNB-Sim,0.088,2022-03-03T00:00:00+00:00,88608b56d7fffff
ACC-00009554,NORMAL,PNB-Sim,0.047,2025-03-30T00:00:00+00:00,8842ceb559fffff
ACC-00009555,NORMAL,ICICI-Sim,0.182,2023-04-18T00:00:00+00:00,8842ceb4a1fffff
ACC-00009556,NORMAL,SBI-Sim,0.11,2024-04-29T00:00:00+00:00,88608b4733fffff
ACC-00009557,NORMAL,BOI-Sim,0.074,2022-09-09T00:00:00+00:00,883d8dcf1dfffff
ACC-00009558,NORMAL,BOI-Sim,0.016,2022-07-12T00:00:00+00:00,8860b19695fffff
ACC-00009559,NORMAL,Axis-Sim,0.212,2024-10-20T00:00:00+00:00,883d8dcf1dfffff
ACC-00009560,NORMAL,Axis-Sim,0.112,2024-12-31T00:00:00+00:00,8842ceb5d9fffff
ACC-00009561,NORMAL,HDFC-Sim,0.004,2023-10-05T00:00:00+00:00,88618921d1fffff
ACC-00009562,NORMAL,PNB-Sim,0.014,2025-05-23T00:00:00+00:00,88618c4e63fffff
ACC-00009563,NORMAL,Axis-Sim,0.005,2025-06-27T00:00:00+00:00,8861892ecbfffff
ACC-00009564,NORMAL,Axis-Sim,0.132,2022-09-17T00:00:00+00:00,8860b52c97fffff
ACC-00009565,NORMAL,BOI-Sim,0.007,2024-09-08T00:00:00+00:00,8861892ecbfffff
ACC-00009566,NORMAL,PNB-Sim,0.181,2023-08-10T00:00:00+00:00,88618c4d05fffff
ACC-00009567,NORMAL,BOI-Sim,0.167,2025-10-11T00:00:00+00:00,8861892ecbfffff
ACC-00009568,NORMAL,ICICI-Sim,0.12,2022-03-21T00:00:00+00:00,8842ceb559fffff
ACC-00009569,NORMAL,SBI-Sim,0.06,2025-10-16T00:00:00+00:00,88608b0a6bfffff
ACC-00009570,NORMAL,ICICI-Sim,0.098,2022-11-23T00:00:00+00:00,883d8dcc0dfffff
ACC-00009571,NORMAL,BOI-Sim,0.124,2022-12-22T00:00:00+00:00,8842ceb5d9fffff
ACC-00009572,NORMAL,PNB-Sim,0.023,2025-03-22T00:00:00+00:00,88618c45b9fffff
ACC-00009573,NORMAL,SBI-Sim,0.008,2024-11-20T00:00:00+00:00,883d8dcc0dfffff
ACC-00009574,NORMAL,PNB-Sim,0.011,2022-12-16T00:00:00+00:00,8860a259bbfffff
ACC-00009575,NORMAL,PNB-Sim,0.048,2025-08-24T00:00:00+00:00,88618925c5fffff
ACC-00009576,NORMAL,SBI-Sim,0.204,2024-12-30T00:00:00+00:00,8860b52c97fffff
ACC-00009577,NORMAL,SBI-Sim,0.003,2021-07-23T00:00:00+00:00,88618c4d05fffff
ACC-00009578,NORMAL,PNB-Sim,0.132,2025-12-30T00:00:00+00:00,8842cea623fffff
ACC-00009579,NORMAL,SBI-Sim,0.125,2024-11-17T00:00:00+00:00,88608b56d7fffff
ACC-00009580,NORMAL,PNB-Sim,0.033,2023-09-12T00:00:00+00:00,8842ceb5d9fffff
ACC-00009581,NORMAL,ICICI-Sim,0.033,2025-09-19T00:00:00+00:00,88618925c5fffff
ACC-00009582,NORMAL,BOI-Sim,0.06,2024-08-19T00:00:00+00:00,88618c4d05fffff
ACC-00009583,NORMAL,PNB-Sim,0.145,2021-07-15T00:00:00+00:00,883da11623fffff
ACC-00009584,NORMAL,SBI-Sim,0.246,2023-05-24T00:00:00+00:00,88608b4733fffff
ACC-00009585,NORMAL,BOI-Sim,0.081,2023-04-11T00:00:00+00:00,883da11409fffff
ACC-00009586,NORMAL,HDFC-Sim,0.075,2023-09-05T00:00:00+00:00,8842ceb5d9fffff
ACC-00009587,NORMAL,PNB-Sim,0.081,2022-12-10T00:00:00+00:00,8860a259bbfffff
ACC-00009588,NORMAL,ICICI-Sim,0.182,2023-02-23T00:00:00+00:00,8861892ecbfffff
ACC-00009589,NORMAL,SBI-Sim,0.162,2024-07-14T00:00:00+00:00,883da11623fffff
ACC-00009590,NORMAL,Axis-Sim,0.064,2023-08-25T00:00:00+00:00,883da11623fffff
ACC-00009591,NORMAL,Axis-Sim,0.146,2026-04-10T00:00:00+00:00,8860b52e9bfffff
ACC-00009592,NORMAL,Axis-Sim,0.213,2021-12-26T00:00:00+00:00,8860145943fffff
ACC-00009593,NORMAL,HDFC-Sim,0.099,2021-08-14T00:00:00+00:00,8860145943fffff
ACC-00009594,NORMAL,HDFC-Sim,0.193,2024-06-08T00:00:00+00:00,883d8dcdd5fffff
ACC-00009595,NORMAL,SBI-Sim,0.05,2025-08-20T00:00:00+00:00,883da11409fffff
ACC-00009596,NORMAL,BOI-Sim,0.113,2022-10-11T00:00:00+00:00,88618921d1fffff
ACC-00009597,NORMAL,BOI-Sim,0.126,2023-02-07T00:00:00+00:00,8861892ecbfffff
ACC-00009598,NORMAL,PNB-Sim,0.033,2025-04-06T00:00:00+00:00,88608b4733fffff
ACC-00009599,NORMAL,Axis-Sim,0.249,2025-01-08T00:00:00+00:00,88608b4733fffff
ACC-00009600,NORMAL,BOI-Sim,0.066,2023-08-21T00:00:00+00:00,883da115a5fffff
ACC-00009601,NORMAL,PNB-Sim,0.07,2023-10-20T00:00:00+00:00,88618921d1fffff
ACC-00009602,NORMAL,ICICI-Sim,0.19,2024-09-23T00:00:00+00:00,8860b19695fffff
ACC-00009603,NORMAL,Axis-Sim,0.181,2023-03-04T00:00:00+00:00,883da11623fffff
ACC-00009604,NORMAL,HDFC-Sim,0.217,2026-03-31T00:00:00+00:00,88608b0a6bfffff
ACC-00009605,NORMAL,SBI-Sim,0.086,2024-08-15T00:00:00+00:00,88618c4d05fffff
ACC-00009606,NORMAL,ICICI-Sim,0.009,2023-05-05T00:00:00+00:00,88618c4d05fffff
ACC-00009607,NORMAL,SBI-Sim,0.003,2022-02-01T00:00:00+00:00,883da115a5fffff
ACC-00009608,NORMAL,Axis-Sim,0.099,2024-03-30T00:00:00+00:00,883d8dcdd5fffff
ACC-00009609,NORMAL,ICICI-Sim,0.122,2024-08-30T00:00:00+00:00,883d8dcdd5fffff
ACC-00009610,NORMAL,Axis-Sim,0.18,2025-10-18T00:00:00+00:00,883da11623fffff
ACC-00009611,NORMAL,Axis-Sim,0.121,2023-10-21T00:00:00+00:00,8860b19695fffff
ACC-00009612,NORMAL,SBI-Sim,0.158,2024-01-28T00:00:00+00:00,8860b52e9bfffff
ACC-00009613,NORMAL,PNB-Sim,0.103,2025-09-07T00:00:00+00:00,8842cea623fffff
ACC-00009614,NORMAL,HDFC-Sim,0.04,2023-06-23T00:00:00+00:00,88608b4733fffff
ACC-00009615,NORMAL,SBI-Sim,0.143,2025-07-05T00:00:00+00:00,88618925c5fffff
ACC-00009616,NORMAL,PNB-Sim,0.05,2022-07-17T00:00:00+00:00,8860b52c97fffff
ACC-00009617,NORMAL,SBI-Sim,0.247,2021-11-06T00:00:00+00:00,883d8dcdd5fffff
ACC-00009618,NORMAL,PNB-Sim,0.235,2026-01-12T00:00:00+00:00,88618921d1fffff
ACC-00009619,NORMAL,HDFC-Sim,0.147,2022-06-23T00:00:00+00:00,883da11233fffff
ACC-00009620,NORMAL,HDFC-Sim,0.114,2022-08-04T00:00:00+00:00,88618c4f2bfffff
ACC-00009621,NORMAL,ICICI-Sim,0.04,2023-05-20T00:00:00+00:00,883d8dcd5dfffff
ACC-00009622,NORMAL,Axis-Sim,0.013,2026-02-01T00:00:00+00:00,8842ceb4a1fffff
ACC-00009623,NORMAL,Axis-Sim,0.089,2025-05-08T00:00:00+00:00,883da11623fffff
ACC-00009624,NORMAL,SBI-Sim,0.227,2025-11-26T00:00:00+00:00,8842cea623fffff
ACC-00009625,NORMAL,SBI-Sim,0.048,2022-12-14T00:00:00+00:00,8860145943fffff
ACC-00009626,NORMAL,PNB-Sim,0.231,2025-10-19T00:00:00+00:00,883da11233fffff
ACC-00009627,NORMAL,SBI-Sim,0.213,2024-07-27T00:00:00+00:00,8860b19695fffff
ACC-00009628,NORMAL,Axis-Sim,0.008,2024-01-18T00:00:00+00:00,883d8dcf1dfffff
ACC-00009629,NORMAL,BOI-Sim,0.049,2023-02-09T00:00:00+00:00,88608b0961fffff
ACC-00009630,NORMAL,Axis-Sim,0.155,2022-02-07T00:00:00+00:00,8860145943fffff
ACC-00009631,NORMAL,PNB-Sim,0.034,2025-06-25T00:00:00+00:00,883da11623fffff
ACC-00009632,NORMAL,BOI-Sim,0.151,2021-07-31T00:00:00+00:00,88618c4d05fffff
ACC-00009633,NORMAL,Axis-Sim,0.235,2023-07-12T00:00:00+00:00,8860a259bbfffff
ACC-00009634,NORMAL,HDFC-Sim,0.14,2021-12-24T00:00:00+00:00,88618c45b9fffff
ACC-00009635,NORMAL,HDFC-Sim,0.02,2022-03-17T00:00:00+00:00,88608b0961fffff
ACC-00009636,NORMAL,BOI-Sim,0.097,2025-08-03T00:00:00+00:00,8842cea623fffff
ACC-00009637,NORMAL,ICICI-Sim,0.078,2025-08-05T00:00:00+00:00,88618925c5fffff
ACC-00009638,NORMAL,SBI-Sim,0.102,2022-02-21T00:00:00+00:00,88608b0a6bfffff
ACC-00009639,NORMAL,BOI-Sim,0.01,2025-03-27T00:00:00+00:00,883d8dcd5dfffff
ACC-00009640,NORMAL,PNB-Sim,0.151,2025-04-21T00:00:00+00:00,8861892ecbfffff
ACC-00009641,NORMAL,HDFC-Sim,0.172,2025-10-08T00:00:00+00:00,883d8dcf1dfffff
ACC-00009642,NORMAL,HDFC-Sim,0.024,2025-10-06T00:00:00+00:00,883da11409fffff
ACC-00009643,NORMAL,ICICI-Sim,0.155,2026-02-14T00:00:00+00:00,8860b52c97fffff
ACC-00009644,NORMAL,BOI-Sim,0.199,2023-09-19T00:00:00+00:00,883da11409fffff
ACC-00009645,NORMAL,HDFC-Sim,0.156,2023-03-22T00:00:00+00:00,8842ceb4a1fffff
ACC-00009646,NORMAL,BOI-Sim,0.08,2024-08-04T00:00:00+00:00,88608b0a6bfffff
ACC-00009647,NORMAL,Axis-Sim,0.005,2022-02-18T00:00:00+00:00,883da11409fffff
ACC-00009648,NORMAL,HDFC-Sim,0.207,2022-06-08T00:00:00+00:00,8860a259bbfffff
ACC-00009649,NORMAL,SBI-Sim,0.191,2022-05-17T00:00:00+00:00,88618c45b9fffff
ACC-00009650,NORMAL,Axis-Sim,0.049,2022-07-27T00:00:00+00:00,88618925c5fffff
ACC-00009651,NORMAL,BOI-Sim,0.178,2022-08-31T00:00:00+00:00,8842ceb5d9fffff
ACC-00009652,NORMAL,SBI-Sim,0.087,2024-08-15T00:00:00+00:00,88608b0a6bfffff
ACC-00009653,NORMAL,Axis-Sim,0.118,2022-09-08T00:00:00+00:00,8860a259bbfffff
ACC-00009654,NORMAL,Axis-Sim,0.185,2025-11-26T00:00:00+00:00,88618c4d05fffff
ACC-00009655,NORMAL,BOI-Sim,0.09,2022-05-06T00:00:00+00:00,8861892ecbfffff
ACC-00009656,NORMAL,PNB-Sim,0.187,2025-03-10T00:00:00+00:00,883da11233fffff
ACC-00009657,NORMAL,ICICI-Sim,0.006,2025-12-29T00:00:00+00:00,8842ceb559fffff
ACC-00009658,NORMAL,HDFC-Sim,0.12,2023-10-10T00:00:00+00:00,8860b52c97fffff
ACC-00009659,NORMAL,Axis-Sim,0.13,2023-03-12T00:00:00+00:00,883d8dcf1dfffff
ACC-00009660,NORMAL,Axis-Sim,0.215,2026-01-08T00:00:00+00:00,8860b19695fffff
ACC-00009661,NORMAL,PNB-Sim,0.209,2026-03-28T00:00:00+00:00,88608b56d7fffff
ACC-00009662,NORMAL,PNB-Sim,0.003,2025-02-12T00:00:00+00:00,88618c45b9fffff
ACC-00009663,NORMAL,BOI-Sim,0.04,2022-07-17T00:00:00+00:00,8860b52e9bfffff
ACC-00009664,NORMAL,HDFC-Sim,0.146,2025-05-09T00:00:00+00:00,883da115a5fffff
ACC-00009665,NORMAL,BOI-Sim,0.172,2024-05-24T00:00:00+00:00,88618c4e63fffff
ACC-00009666,NORMAL,Axis-Sim,0.24,2025-07-15T00:00:00+00:00,88618921d1fffff
ACC-00009667,NORMAL,HDFC-Sim,0.207,2026-03-08T00:00:00+00:00,883da115a5fffff
ACC-00009668,NORMAL,BOI-Sim,0.182,2025-07-16T00:00:00+00:00,8860a259bbfffff
ACC-00009669,NORMAL,ICICI-Sim,0.068,2024-12-05T00:00:00+00:00,88618921d1fffff
ACC-00009670,NORMAL,PNB-Sim,0.204,2023-09-18T00:00:00+00:00,8861892ecbfffff
ACC-00009671,NORMAL,Axis-Sim,0.126,2026-02-21T00:00:00+00:00,88618925c5fffff
ACC-00009672,NORMAL,HDFC-Sim,0.064,2024-03-28T00:00:00+00:00,883d8dcf1dfffff
ACC-00009673,NORMAL,Axis-Sim,0.156,2021-11-12T00:00:00+00:00,88618c4d05fffff
ACC-00009674,NORMAL,HDFC-Sim,0.001,2023-11-02T00:00:00+00:00,8842ceb5d9fffff
ACC-00009675,NORMAL,BOI-Sim,0.14,2024-11-13T00:00:00+00:00,8860b19695fffff
ACC-00009676,NORMAL,Axis-Sim,0.1,2023-05-27T00:00:00+00:00,883d8dcc0dfffff
ACC-00009677,NORMAL,ICICI-Sim,0.124,2024-01-29T00:00:00+00:00,883d8dcf1dfffff
ACC-00009678,NORMAL,BOI-Sim,0.208,2022-11-28T00:00:00+00:00,88618c4e63fffff
ACC-00009679,NORMAL,ICICI-Sim,0.127,2026-02-16T00:00:00+00:00,88618921d1fffff
ACC-00009680,NORMAL,BOI-Sim,0.204,2025-09-07T00:00:00+00:00,88618c4f2bfffff
ACC-00009681,NORMAL,BOI-Sim,0.099,2024-02-03T00:00:00+00:00,883d8dcdd5fffff
ACC-00009682,NORMAL,BOI-Sim,0.237,2025-12-31T00:00:00+00:00,88608b0961fffff
ACC-00009683,NORMAL,Axis-Sim,0.017,2022-05-02T00:00:00+00:00,883da11623fffff
ACC-00009684,NORMAL,HDFC-Sim,0.085,2022-05-12T00:00:00+00:00,883d8dcf1dfffff
ACC-00009685,NORMAL,ICICI-Sim,0.085,2025-06-07T00:00:00+00:00,8861892ecbfffff
ACC-00009686,NORMAL,HDFC-Sim,0.062,2025-11-29T00:00:00+00:00,88618c4e63fffff
ACC-00009687,NORMAL,Axis-Sim,0.002,2023-01-11T00:00:00+00:00,88618c4f2bfffff
ACC-00009688,NORMAL,BOI-Sim,0.17,2026-02-19T00:00:00+00:00,883d8dcc0dfffff
ACC-00009689,NORMAL,Axis-Sim,0.128,2025-12-15T00:00:00+00:00,88618925c5fffff
ACC-00009690,NORMAL,ICICI-Sim,0.133,2022-05-11T00:00:00+00:00,88618c4d05fffff
ACC-00009691,NORMAL,HDFC-Sim,0.196,2022-09-30T00:00:00+00:00,8860145943fffff
ACC-00009692,NORMAL,BOI-Sim,0.249,2023-05-27T00:00:00+00:00,8860b52c97fffff
ACC-00009693,NORMAL,HDFC-Sim,0.015,2024-09-07T00:00:00+00:00,883d8dcd5dfffff
ACC-00009694,NORMAL,PNB-Sim,0.193,2024-08-22T00:00:00+00:00,883d8dcd5dfffff
ACC-00009695,NORMAL,Axis-Sim,0.136,2025-11-23T00:00:00+00:00,883da115a5fffff
ACC-00009696,NORMAL,BOI-Sim,0.19,2024-07-02T00:00:00+00:00,883da11409fffff
ACC-00009697,NORMAL,Axis-Sim,0.199,2022-03-13T00:00:00+00:00,883d8dcd5dfffff
ACC-00009698,NORMAL,BOI-Sim,0.183,2023-02-13T00:00:00+00:00,88608b0a6bfffff
ACC-00009699,NORMAL,BOI-Sim,0.085,2023-09-15T00:00:00+00:00,8860b19695fffff
ACC-00009700,NORMAL,HDFC-Sim,0.245,2025-06-21T00:00:00+00:00,883da11623fffff
ACC-00009701,NORMAL,SBI-Sim,0.228,2026-03-04T00:00:00+00:00,88608b0961fffff
ACC-00009702,NORMAL,ICICI-Sim,0.057,2022-12-25T00:00:00+00:00,88608b56d7fffff
ACC-00009703,NORMAL,Axis-Sim,0.041,2025-12-16T00:00:00+00:00,8861892ecbfffff
ACC-00009704,NORMAL,Axis-Sim,0.193,2024-01-05T00:00:00+00:00,88618c4e63fffff
ACC-00009705,NORMAL,SBI-Sim,0.248,2024-02-22T00:00:00+00:00,88618c4f2bfffff
ACC-00009706,NORMAL,ICICI-Sim,0.208,2024-09-05T00:00:00+00:00,883da115a5fffff
ACC-00009707,NORMAL,PNB-Sim,0.249,2023-05-29T00:00:00+00:00,88618925c5fffff
ACC-00009708,NORMAL,Axis-Sim,0.107,2022-09-26T00:00:00+00:00,88608b4733fffff
ACC-00009709,NORMAL,ICICI-Sim,0.027,2026-01-09T00:00:00+00:00,88608b0a6bfffff
ACC-00009710,NORMAL,HDFC-Sim,0.151,2023-07-13T00:00:00+00:00,883d8dcc0dfffff
ACC-00009711,NORMAL,HDFC-Sim,0.037,2024-03-06T00:00:00+00:00,8842cea623fffff
ACC-00009712,NORMAL,HDFC-Sim,0.176,2022-10-22T00:00:00+00:00,883d8dcc0dfffff
ACC-00009713,NORMAL,Axis-Sim,0.126,2022-06-25T00:00:00+00:00,883d8dcdd5fffff
ACC-00009714,NORMAL,Axis-Sim,0.204,2021-12-28T00:00:00+00:00,883da115a5fffff
ACC-00009715,NORMAL,ICICI-Sim,0.104,2025-08-02T00:00:00+00:00,88608b0a6bfffff
ACC-00009716,NORMAL,SBI-Sim,0.149,2022-09-17T00:00:00+00:00,8860a259bbfffff
ACC-00009717,NORMAL,Axis-Sim,0.161,2024-11-24T00:00:00+00:00,88608b0961fffff
ACC-00009718,NORMAL,SBI-Sim,0.008,2025-10-13T00:00:00+00:00,88618c4f2bfffff
ACC-00009719,NORMAL,BOI-Sim,0.029,2024-02-09T00:00:00+00:00,883da11623fffff
ACC-00009720,NORMAL,BOI-Sim,0.057,2022-09-22T00:00:00+00:00,8842ceb5d9fffff
ACC-00009721,NORMAL,ICICI-Sim,0.127,2025-01-06T00:00:00+00:00,883d8dcd5dfffff
ACC-00009722,NORMAL,BOI-Sim,0.227,2025-08-01T00:00:00+00:00,88618925c5fffff
ACC-00009723,NORMAL,BOI-Sim,0.09,2026-02-10T00:00:00+00:00,88618c4d05fffff
ACC-00009724,NORMAL,PNB-Sim,0.081,2023-01-28T00:00:00+00:00,883d8dcdd5fffff
ACC-00009725,NORMAL,ICICI-Sim,0.017,2022-06-10T00:00:00+00:00,88618c4d05fffff
ACC-00009726,NORMAL,PNB-Sim,0.209,2023-03-04T00:00:00+00:00,883d8dcf1dfffff
ACC-00009727,NORMAL,PNB-Sim,0.051,2021-10-15T00:00:00+00:00,883d8dcd5dfffff
ACC-00009728,NORMAL,BOI-Sim,0.226,2022-04-28T00:00:00+00:00,883da115a5fffff
ACC-00009729,NORMAL,ICICI-Sim,0.183,2023-08-03T00:00:00+00:00,883da115a5fffff
ACC-00009730,NORMAL,Axis-Sim,0.111,2023-07-04T00:00:00+00:00,883d8dcc0dfffff
ACC-00009731,NORMAL,BOI-Sim,0.133,2025-09-15T00:00:00+00:00,88618c4f2bfffff
ACC-00009732,NORMAL,BOI-Sim,0.206,2022-05-06T00:00:00+00:00,88618921d1fffff
ACC-00009733,NORMAL,SBI-Sim,0.175,2023-05-04T00:00:00+00:00,883d8dcf1dfffff
ACC-00009734,NORMAL,Axis-Sim,0.053,2022-08-24T00:00:00+00:00,883d8dcdd5fffff
ACC-00009735,NORMAL,Axis-Sim,0.18,2021-08-14T00:00:00+00:00,88618921d1fffff
ACC-00009736,NORMAL,PNB-Sim,0.23,2025-04-10T00:00:00+00:00,883da11233fffff
ACC-00009737,NORMAL,PNB-Sim,0.136,2021-10-04T00:00:00+00:00,883d8dcdd5fffff
ACC-00009738,NORMAL,ICICI-Sim,0.095,2025-05-18T00:00:00+00:00,883da11409fffff
ACC-00009739,NORMAL,HDFC-Sim,0.013,2025-06-10T00:00:00+00:00,8842ceb4a1fffff
ACC-00009740,NORMAL,BOI-Sim,0.154,2025-05-12T00:00:00+00:00,88618c4d05fffff
ACC-00009741,NORMAL,PNB-Sim,0.041,2026-03-23T00:00:00+00:00,88608b56d7fffff
ACC-00009742,NORMAL,HDFC-Sim,0.0,2025-05-06T00:00:00+00:00,8861892ecbfffff
ACC-00009743,NORMAL,BOI-Sim,0.22,2025-06-19T00:00:00+00:00,8842ceb5d9fffff
ACC-00009744,NORMAL,PNB-Sim,0.09,2021-10-26T00:00:00+00:00,8860b19695fffff
ACC-00009745,NORMAL,ICICI-Sim,0.002,2022-01-20T00:00:00+00:00,88608b0961fffff
ACC-00009746,NORMAL,BOI-Sim,0.202,2023-06-02T00:00:00+00:00,88618c4f2bfffff
ACC-00009747,NORMAL,HDFC-Sim,0.093,2026-04-25T00:00:00+00:00,883da115a5fffff
ACC-00009748,NORMAL,Axis-Sim,0.083,2024-08-17T00:00:00+00:00,88608b0961fffff
ACC-00009749,NORMAL,SBI-Sim,0.104,2021-07-29T00:00:00+00:00,88618c45b9fffff
ACC-00009750,NORMAL,PNB-Sim,0.087,2023-12-08T00:00:00+00:00,8860b52e9bfffff
ACC-00009751,NORMAL,PNB-Sim,0.084,2023-07-21T00:00:00+00:00,88618c45b9fffff
ACC-00009752,NORMAL,ICICI-Sim,0.128,2023-11-29T00:00:00+00:00,88608b4733fffff
ACC-00009753,NORMAL,SBI-Sim,0.034,2024-11-26T00:00:00+00:00,88608b0a6bfffff
ACC-00009754,NORMAL,BOI-Sim,0.228,2024-03-25T00:00:00+00:00,8842ceb559fffff
ACC-00009755,NORMAL,HDFC-Sim,0.107,2025-10-24T00:00:00+00:00,88608b0961fffff
ACC-00009756,NORMAL,PNB-Sim,0.016,2023-02-05T00:00:00+00:00,883d8dcd5dfffff
ACC-00009757,NORMAL,Axis-Sim,0.199,2022-06-18T00:00:00+00:00,8842ceb4a1fffff
ACC-00009758,NORMAL,HDFC-Sim,0.137,2025-12-03T00:00:00+00:00,883da11623fffff
ACC-00009759,NORMAL,SBI-Sim,0.088,2025-08-19T00:00:00+00:00,8860a259bbfffff
ACC-00009760,NORMAL,PNB-Sim,0.156,2025-07-13T00:00:00+00:00,883d8dcdd5fffff
ACC-00009761,NORMAL,BOI-Sim,0.061,2023-07-31T00:00:00+00:00,883d8dcdd5fffff
ACC-00009762,NORMAL,PNB-Sim,0.098,2022-11-23T00:00:00+00:00,8860a259bbfffff
ACC-00009763,NORMAL,HDFC-Sim,0.065,2024-06-01T00:00:00+00:00,8860b19695fffff
ACC-00009764,NORMAL,HDFC-Sim,0.215,2023-01-11T00:00:00+00:00,88618925c5fffff
ACC-00009765,NORMAL,BOI-Sim,0.011,2025-10-03T00:00:00+00:00,88618c4e63fffff
ACC-00009766,NORMAL,HDFC-Sim,0.016,2023-08-21T00:00:00+00:00,88608b4733fffff
ACC-00009767,NORMAL,BOI-Sim,0.009,2026-03-28T00:00:00+00:00,883da115a5fffff
ACC-00009768,NORMAL,ICICI-Sim,0.245,2023-11-13T00:00:00+00:00,88618925c5fffff
ACC-00009769,NORMAL,HDFC-Sim,0.148,2024-10-06T00:00:00+00:00,88618c4d05fffff
ACC-00009770,NORMAL,PNB-Sim,0.098,2022-03-25T00:00:00+00:00,88608b56d7fffff
ACC-00009771,NORMAL,ICICI-Sim,0.08,2023-12-05T00:00:00+00:00,883d8dcd5dfffff
ACC-00009772,NORMAL,BOI-Sim,0.008,2024-09-16T00:00:00+00:00,8860b19695fffff
ACC-00009773,NORMAL,SBI-Sim,0.067,2022-12-13T00:00:00+00:00,88618925c5fffff
ACC-00009774,NORMAL,PNB-Sim,0.06,2021-12-21T00:00:00+00:00,88618c4f2bfffff
ACC-00009775,NORMAL,PNB-Sim,0.128,2024-07-20T00:00:00+00:00,8860a259bbfffff
ACC-00009776,NORMAL,PNB-Sim,0.183,2025-07-03T00:00:00+00:00,88608b56d7fffff
ACC-00009777,NORMAL,Axis-Sim,0.157,2022-07-26T00:00:00+00:00,8860a259bbfffff
ACC-00009778,NORMAL,Axis-Sim,0.134,2025-01-27T00:00:00+00:00,8842ceb5d9fffff
ACC-00009779,NORMAL,BOI-Sim,0.223,2025-12-23T00:00:00+00:00,88618c4e63fffff
ACC-00009780,NORMAL,BOI-Sim,0.163,2022-08-28T00:00:00+00:00,883d8dcc0dfffff
ACC-00009781,NORMAL,Axis-Sim,0.172,2026-04-28T00:00:00+00:00,8842ceb5d9fffff
ACC-00009782,NORMAL,BOI-Sim,0.101,2024-08-01T00:00:00+00:00,883da11233fffff
ACC-00009783,NORMAL,Axis-Sim,0.176,2025-03-20T00:00:00+00:00,8860b52e9bfffff
ACC-00009784,NORMAL,BOI-Sim,0.087,2025-05-23T00:00:00+00:00,883da11233fffff
ACC-00009785,NORMAL,PNB-Sim,0.141,2025-10-29T00:00:00+00:00,883d8dcf1dfffff
ACC-00009786,NORMAL,SBI-Sim,0.196,2025-03-18T00:00:00+00:00,883d8dcc0dfffff
ACC-00009787,NORMAL,Axis-Sim,0.154,2025-10-01T00:00:00+00:00,8842ceb4a1fffff
ACC-00009788,NORMAL,SBI-Sim,0.179,2022-06-12T00:00:00+00:00,8860b52c97fffff
ACC-00009789,NORMAL,ICICI-Sim,0.202,2025-02-02T00:00:00+00:00,8860b52c97fffff
ACC-00009790,NORMAL,HDFC-Sim,0.013,2022-03-23T00:00:00+00:00,883d8dcc0dfffff
ACC-00009791,NORMAL,ICICI-Sim,0.238,2025-02-07T00:00:00+00:00,8842ceb5d9fffff
ACC-00009792,NORMAL,ICICI-Sim,0.185,2025-01-13T00:00:00+00:00,88608b0961fffff
ACC-00009793,NORMAL,PNB-Sim,0.101,2023-10-24T00:00:00+00:00,8842ceb4a1fffff
ACC-00009794,NORMAL,BOI-Sim,0.238,2022-09-14T00:00:00+00:00,88608b0a6bfffff
ACC-00009795,NORMAL,ICICI-Sim,0.014,2023-10-06T00:00:00+00:00,88608b0a6bfffff
ACC-00009796,NORMAL,SBI-Sim,0.197,2022-10-21T00:00:00+00:00,88608b0961fffff
ACC-00009797,NORMAL,BOI-Sim,0.224,2021-07-04T00:00:00+00:00,883d8dcf1dfffff
ACC-00009798,NORMAL,ICICI-Sim,0.224,2025-07-15T00:00:00+00:00,8860b52e9bfffff
ACC-00009799,NORMAL,ICICI-Sim,0.199,2024-01-09T00:00:00+00:00,883d8dcc0dfffff
ACC-00009800,NORMAL,SBI-Sim,0.082,2024-09-29T00:00:00+00:00,88618c4e63fffff
ACC-00009801,NORMAL,BOI-Sim,0.127,2024-01-19T00:00:00+00:00,883da11233fffff
ACC-00009802,NORMAL,BOI-Sim,0.093,2023-01-26T00:00:00+00:00,88608b0a6bfffff
ACC-00009803,NORMAL,HDFC-Sim,0.237,2022-05-28T00:00:00+00:00,8860b19695fffff
ACC-00009804,NORMAL,HDFC-Sim,0.208,2023-08-08T00:00:00+00:00,88608b56d7fffff
ACC-00009805,NORMAL,HDFC-Sim,0.169,2025-10-17T00:00:00+00:00,8842ceb559fffff
ACC-00009806,NORMAL,ICICI-Sim,0.078,2025-09-17T00:00:00+00:00,883da115a5fffff
ACC-00009807,NORMAL,PNB-Sim,0.241,2024-12-30T00:00:00+00:00,8842ceb559fffff
ACC-00009808,NORMAL,SBI-Sim,0.043,2024-09-15T00:00:00+00:00,8860a259bbfffff
ACC-00009809,NORMAL,Axis-Sim,0.043,2022-11-06T00:00:00+00:00,88618c45b9fffff
ACC-00009810,NORMAL,BOI-Sim,0.059,2023-10-17T00:00:00+00:00,8860145943fffff
ACC-00009811,NORMAL,ICICI-Sim,0.049,2023-02-25T00:00:00+00:00,88608b4733fffff
ACC-00009812,NORMAL,SBI-Sim,0.184,2025-06-01T00:00:00+00:00,88608b0961fffff
ACC-00009813,NORMAL,SBI-Sim,0.077,2023-06-23T00:00:00+00:00,8860a259bbfffff
ACC-00009814,NORMAL,ICICI-Sim,0.057,2024-10-13T00:00:00+00:00,8860a259bbfffff
ACC-00009815,NORMAL,PNB-Sim,0.073,2022-12-21T00:00:00+00:00,88618925c5fffff
ACC-00009816,NORMAL,HDFC-Sim,0.097,2023-10-14T00:00:00+00:00,883d8dcf1dfffff
ACC-00009817,NORMAL,HDFC-Sim,0.121,2021-09-22T00:00:00+00:00,883d8dcd5dfffff
ACC-00009818,NORMAL,PNB-Sim,0.067,2024-12-17T00:00:00+00:00,88608b56d7fffff
ACC-00009819,NORMAL,ICICI-Sim,0.015,2023-12-18T00:00:00+00:00,883d8dcdd5fffff
ACC-00009820,NORMAL,BOI-Sim,0.241,2023-04-25T00:00:00+00:00,883d8dcc0dfffff
ACC-00009821,NORMAL,ICICI-Sim,0.102,2025-08-25T00:00:00+00:00,8842ceb4a1fffff
ACC-00009822,NORMAL,ICICI-Sim,0.244,2023-12-20T00:00:00+00:00,8861892ecbfffff
ACC-00009823,NORMAL,ICICI-Sim,0.21,2024-08-26T00:00:00+00:00,883da11409fffff
ACC-00009824,NORMAL,HDFC-Sim,0.127,2025-12-12T00:00:00+00:00,8861892ecbfffff
ACC-00009825,NORMAL,SBI-Sim,0.026,2023-07-26T00:00:00+00:00,883d8dcd5dfffff
ACC-00009826,NORMAL,ICICI-Sim,0.077,2022-10-07T00:00:00+00:00,883da115a5fffff
ACC-00009827,NORMAL,Axis-Sim,0.056,2024-09-11T00:00:00+00:00,883d8dcf1dfffff
ACC-00009828,NORMAL,Axis-Sim,0.127,2023-11-15T00:00:00+00:00,8842ceb5d9fffff
ACC-00009829,NORMAL,BOI-Sim,0.094,2022-11-28T00:00:00+00:00,88608b4733fffff
ACC-00009830,NORMAL,PNB-Sim,0.029,2021-10-31T00:00:00+00:00,8861892ecbfffff
ACC-00009831,NORMAL,PNB-Sim,0.193,2024-11-30T00:00:00+00:00,883d8dcd5dfffff
ACC-00009832,NORMAL,Axis-Sim,0.075,2023-08-25T00:00:00+00:00,8860b52e9bfffff
ACC-00009833,NORMAL,BOI-Sim,0.205,2023-07-27T00:00:00+00:00,8860a259bbfffff
ACC-00009834,NORMAL,SBI-Sim,0.011,2026-01-12T00:00:00+00:00,883d8dcd5dfffff
ACC-00009835,NORMAL,PNB-Sim,0.17,2026-04-03T00:00:00+00:00,88618c4f2bfffff
ACC-00009836,NORMAL,SBI-Sim,0.091,2025-03-16T00:00:00+00:00,8842ceb559fffff
ACC-00009837,NORMAL,SBI-Sim,0.244,2025-07-09T00:00:00+00:00,883da11233fffff
ACC-00009838,NORMAL,Axis-Sim,0.239,2025-06-13T00:00:00+00:00,88608b0961fffff
ACC-00009839,NORMAL,SBI-Sim,0.243,2023-08-24T00:00:00+00:00,88618921d1fffff
ACC-00009840,NORMAL,SBI-Sim,0.128,2021-11-26T00:00:00+00:00,8842ceb4a1fffff
ACC-00009841,NORMAL,ICICI-Sim,0.141,2021-06-30T00:00:00+00:00,88618925c5fffff
ACC-00009842,NORMAL,HDFC-Sim,0.027,2023-12-26T00:00:00+00:00,88618c45b9fffff
ACC-00009843,NORMAL,Axis-Sim,0.025,2026-04-17T00:00:00+00:00,883da115a5fffff
ACC-00009844,NORMAL,BOI-Sim,0.002,2021-09-03T00:00:00+00:00,883da115a5fffff
ACC-00009845,NORMAL,BOI-Sim,0.207,2021-07-08T00:00:00+00:00,8860b19695fffff
ACC-00009846,NORMAL,PNB-Sim,0.139,2025-06-24T00:00:00+00:00,88618c4d05fffff
ACC-00009847,NORMAL,ICICI-Sim,0.134,2024-09-07T00:00:00+00:00,883da11409fffff
ACC-00009848,NORMAL,SBI-Sim,0.206,2021-08-27T00:00:00+00:00,88618c4e63fffff
ACC-00009849,NORMAL,BOI-Sim,0.002,2022-07-25T00:00:00+00:00,8860145943fffff
ACC-00009850,NORMAL,SBI-Sim,0.152,2023-10-24T00:00:00+00:00,883da115a5fffff
ACC-00009851,NORMAL,ICICI-Sim,0.217,2022-11-30T00:00:00+00:00,8842ceb559fffff
ACC-00009852,NORMAL,Axis-Sim,0.191,2024-04-05T00:00:00+00:00,8861892ecbfffff
ACC-00009853,NORMAL,ICICI-Sim,0.191,2025-01-16T00:00:00+00:00,88608b56d7fffff
ACC-00009854,NORMAL,BOI-Sim,0.009,2022-10-31T00:00:00+00:00,8860a259bbfffff
ACC-00009855,NORMAL,BOI-Sim,0.163,2021-08-09T00:00:00+00:00,883da11623fffff
ACC-00009856,NORMAL,Axis-Sim,0.088,2022-09-05T00:00:00+00:00,883da11233fffff
ACC-00009857,NORMAL,HDFC-Sim,0.044,2023-11-11T00:00:00+00:00,88618921d1fffff
ACC-00009858,NORMAL,ICICI-Sim,0.051,2023-05-31T00:00:00+00:00,883d8dcd5dfffff
ACC-00009859,NORMAL,SBI-Sim,0.112,2025-05-10T00:00:00+00:00,8842ceb4a1fffff
ACC-00009860,NORMAL,Axis-Sim,0.209,2022-12-01T00:00:00+00:00,88618921d1fffff
ACC-00009861,NORMAL,Axis-Sim,0.042,2022-05-18T00:00:00+00:00,883d8dcd5dfffff
ACC-00009862,NORMAL,Axis-Sim,0.196,2023-01-25T00:00:00+00:00,88608b4733fffff
ACC-00009863,NORMAL,ICICI-Sim,0.153,2021-07-31T00:00:00+00:00,88608b0961fffff
ACC-00009864,NORMAL,Axis-Sim,0.101,2024-08-24T00:00:00+00:00,88618c4f2bfffff
ACC-00009865,NORMAL,ICICI-Sim,0.057,2023-04-27T00:00:00+00:00,8860b52e9bfffff
ACC-00009866,NORMAL,HDFC-Sim,0.152,2025-02-17T00:00:00+00:00,883da11409fffff
ACC-00009867,NORMAL,SBI-Sim,0.118,2021-12-24T00:00:00+00:00,8842ceb559fffff
ACC-00009868,NORMAL,ICICI-Sim,0.04,2023-07-19T00:00:00+00:00,88608b0961fffff
ACC-00009869,NORMAL,Axis-Sim,0.051,2024-06-11T00:00:00+00:00,88618925c5fffff
ACC-00009870,NORMAL,Axis-Sim,0.081,2024-12-18T00:00:00+00:00,883da11409fffff
ACC-00009871,NORMAL,ICICI-Sim,0.2,2025-06-22T00:00:00+00:00,88618c4e63fffff
ACC-00009872,NORMAL,ICICI-Sim,0.111,2021-11-17T00:00:00+00:00,88608b0a6bfffff
ACC-00009873,NORMAL,PNB-Sim,0.007,2022-04-12T00:00:00+00:00,8842cea623fffff
ACC-00009874,NORMAL,BOI-Sim,0.198,2026-01-31T00:00:00+00:00,8842cea623fffff
ACC-00009875,NORMAL,SBI-Sim,0.114,2022-02-28T00:00:00+00:00,8842ceb5d9fffff
ACC-00009876,NORMAL,BOI-Sim,0.214,2025-01-01T00:00:00+00:00,883da115a5fffff
ACC-00009877,NORMAL,ICICI-Sim,0.051,2024-10-24T00:00:00+00:00,8860a259bbfffff
ACC-00009878,NORMAL,HDFC-Sim,0.245,2026-02-16T00:00:00+00:00,88618925c5fffff
ACC-00009879,NORMAL,HDFC-Sim,0.181,2022-06-20T00:00:00+00:00,88618c4f2bfffff
ACC-00009880,NORMAL,BOI-Sim,0.248,2025-09-03T00:00:00+00:00,883d8dcd5dfffff
ACC-00009881,NORMAL,BOI-Sim,0.151,2024-07-29T00:00:00+00:00,883da11623fffff
ACC-00009882,NORMAL,PNB-Sim,0.211,2025-01-12T00:00:00+00:00,88608b4733fffff
ACC-00009883,NORMAL,PNB-Sim,0.03,2026-04-03T00:00:00+00:00,8860b19695fffff
ACC-00009884,NORMAL,Axis-Sim,0.065,2024-08-08T00:00:00+00:00,88618921d1fffff
ACC-00009885,NORMAL,ICICI-Sim,0.192,2021-07-30T00:00:00+00:00,8860a259bbfffff
ACC-00009886,NORMAL,HDFC-Sim,0.18,2023-12-08T00:00:00+00:00,8842ceb4a1fffff
ACC-00009887,NORMAL,SBI-Sim,0.237,2022-11-07T00:00:00+00:00,8860b52c97fffff
ACC-00009888,NORMAL,Axis-Sim,0.057,2024-08-31T00:00:00+00:00,883da11409fffff
ACC-00009889,NORMAL,PNB-Sim,0.132,2024-08-20T00:00:00+00:00,8860145943fffff
ACC-00009890,NORMAL,PNB-Sim,0.167,2023-04-20T00:00:00+00:00,8860b52c97fffff
ACC-00009891,NORMAL,HDFC-Sim,0.223,2022-10-24T00:00:00+00:00,8842ceb5d9fffff
ACC-00009892,NORMAL,HDFC-Sim,0.061,2025-01-20T00:00:00+00:00,88618c4e63fffff
ACC-00009893,NORMAL,ICICI-Sim,0.031,2022-09-10T00:00:00+00:00,883d8dcdd5fffff
ACC-00009894,NORMAL,HDFC-Sim,0.161,2025-10-19T00:00:00+00:00,8842ceb4a1fffff
ACC-00009895,NORMAL,Axis-Sim,0.039,2022-12-19T00:00:00+00:00,8860a259bbfffff
ACC-00009896,NORMAL,ICICI-Sim,0.018,2022-02-04T00:00:00+00:00,8860b52c97fffff
ACC-00009897,NORMAL,PNB-Sim,0.101,2024-04-16T00:00:00+00:00,883d8dcc0dfffff
ACC-00009898,NORMAL,ICICI-Sim,0.109,2024-09-17T00:00:00+00:00,883d8dcd5dfffff
ACC-00009899,NORMAL,SBI-Sim,0.118,2022-08-24T00:00:00+00:00,88608b56d7fffff
ACC-00009900,NORMAL,Axis-Sim,0.187,2023-11-14T00:00:00+00:00,88618c4f2bfffff
ACC-00009901,NORMAL,Axis-Sim,0.2,2025-04-25T00:00:00+00:00,88618c4f2bfffff
ACC-00009902,NORMAL,Axis-Sim,0.055,2022-09-12T00:00:00+00:00,88608b0961fffff
ACC-00009903,NORMAL,BOI-Sim,0.011,2026-03-01T00:00:00+00:00,88608b0961fffff
ACC-00009904,NORMAL,PNB-Sim,0.116,2025-12-29T00:00:00+00:00,883da115a5fffff
ACC-00009905,NORMAL,SBI-Sim,0.077,2023-03-07T00:00:00+00:00,883d8dcc0dfffff
ACC-00009906,NORMAL,PNB-Sim,0.198,2022-08-28T00:00:00+00:00,88608b4733fffff
ACC-00009907,NORMAL,HDFC-Sim,0.122,2025-03-14T00:00:00+00:00,88608b0a6bfffff
ACC-00009908,NORMAL,HDFC-Sim,0.159,2024-03-06T00:00:00+00:00,88608b0a6bfffff
ACC-00009909,NORMAL,PNB-Sim,0.101,2024-09-01T00:00:00+00:00,8842ceb4a1fffff
ACC-00009910,NORMAL,BOI-Sim,0.051,2022-11-12T00:00:00+00:00,88608b0a6bfffff
ACC-00009911,NORMAL,PNB-Sim,0.055,2022-03-18T00:00:00+00:00,8842ceb5d9fffff
ACC-00009912,NORMAL,Axis-Sim,0.17,2023-02-05T00:00:00+00:00,883d8dcd5dfffff
ACC-00009913,NORMAL,ICICI-Sim,0.046,2022-10-31T00:00:00+00:00,88618925c5fffff
ACC-00009914,NORMAL,ICICI-Sim,0.168,2023-03-01T00:00:00+00:00,883da11409fffff
ACC-00009915,NORMAL,PNB-Sim,0.182,2024-05-03T00:00:00+00:00,88608b4733fffff
ACC-00009916,NORMAL,BOI-Sim,0.0,2023-04-04T00:00:00+00:00,8860b52c97fffff
ACC-00009917,NORMAL,PNB-Sim,0.19,2021-11-11T00:00:00+00:00,8860b52c97fffff
ACC-00009918,NORMAL,Axis-Sim,0.129,2025-09-13T00:00:00+00:00,8842ceb5d9fffff
ACC-00009919,NORMAL,PNB-Sim,0.038,2025-04-23T00:00:00+00:00,8860b52c97fffff
ACC-00009920,NORMAL,PNB-Sim,0.142,2024-10-13T00:00:00+00:00,8860145943fffff
ACC-00009921,NORMAL,SBI-Sim,0.156,2023-09-14T00:00:00+00:00,8861892ecbfffff
ACC-00009922,NORMAL,BOI-Sim,0.073,2022-06-06T00:00:00+00:00,88608b56d7fffff
ACC-00009923,NORMAL,BOI-Sim,0.034,2025-03-17T00:00:00+00:00,88618c4e63fffff
ACC-00009924,NORMAL,PNB-Sim,0.204,2025-08-16T00:00:00+00:00,883d8dcf1dfffff
ACC-00009925,NORMAL,HDFC-Sim,0.187,2023-10-02T00:00:00+00:00,883da11233fffff
ACC-00009926,NORMAL,SBI-Sim,0.013,2025-05-26T00:00:00+00:00,883d8dcc0dfffff
ACC-00009927,NORMAL,SBI-Sim,0.007,2024-01-28T00:00:00+00:00,88618c45b9fffff
ACC-00009928,NORMAL,HDFC-Sim,0.18,2022-02-20T00:00:00+00:00,8860145943fffff
ACC-00009929,NORMAL,ICICI-Sim,0.192,2023-12-07T00:00:00+00:00,8860b52c97fffff
ACC-00009930,NORMAL,HDFC-Sim,0.01,2021-12-04T00:00:00+00:00,88618925c5fffff
ACC-00009931,NORMAL,PNB-Sim,0.176,2022-03-14T00:00:00+00:00,883d8dcc0dfffff
ACC-00009932,NORMAL,PNB-Sim,0.055,2025-03-29T00:00:00+00:00,8860b52e9bfffff
ACC-00009933,NORMAL,Axis-Sim,0.085,2023-02-17T00:00:00+00:00,8860b52e9bfffff
ACC-00009934,NORMAL,SBI-Sim,0.023,2024-01-15T00:00:00+00:00,88618925c5fffff
ACC-00009935,NORMAL,ICICI-Sim,0.165,2025-02-09T00:00:00+00:00,88618925c5fffff
ACC-00009936,NORMAL,BOI-Sim,0.098,2024-03-03T00:00:00+00:00,883d8dcc0dfffff
ACC-00009937,NORMAL,BOI-Sim,0.188,2025-07-10T00:00:00+00:00,8842ceb5d9fffff
ACC-00009938,NORMAL,Axis-Sim,0.031,2023-08-19T00:00:00+00:00,883d8dcc0dfffff
ACC-00009939,NORMAL,HDFC-Sim,0.245,2021-08-05T00:00:00+00:00,8842cea623fffff
ACC-00009940,NORMAL,SBI-Sim,0.173,2025-05-15T00:00:00+00:00,88618c4f2bfffff
ACC-00009941,NORMAL,ICICI-Sim,0.157,2026-03-21T00:00:00+00:00,883d8dcd5dfffff
ACC-00009942,NORMAL,SBI-Sim,0.159,2022-08-22T00:00:00+00:00,8860b52c97fffff
ACC-00009943,NORMAL,Axis-Sim,0.246,2024-07-16T00:00:00+00:00,883da11233fffff
ACC-00009944,NORMAL,ICICI-Sim,0.117,2022-04-19T00:00:00+00:00,8842cea623fffff
ACC-00009945,NORMAL,PNB-Sim,0.028,2023-10-04T00:00:00+00:00,88618c4e63fffff
ACC-00009946,NORMAL,ICICI-Sim,0.239,2025-08-02T00:00:00+00:00,88618925c5fffff
ACC-00009947,NORMAL,ICICI-Sim,0.014,2022-07-27T00:00:00+00:00,88618921d1fffff
ACC-00009948,NORMAL,PNB-Sim,0.11,2022-04-26T00:00:00+00:00,8861892ecbfffff
ACC-00009949,NORMAL,PNB-Sim,0.092,2025-07-02T00:00:00+00:00,883d8dcf1dfffff
ACC-00009950,NORMAL,Axis-Sim,0.215,2021-09-01T00:00:00+00:00,88608b4733fffff
ACC-00009951,NORMAL,BOI-Sim,0.027,2026-03-13T00:00:00+00:00,8842ceb5d9fffff
ACC-00009952,NORMAL,BOI-Sim,0.091,2026-02-17T00:00:00+00:00,883d8dcdd5fffff
ACC-00009953,NORMAL,PNB-Sim,0.181,2025-01-19T00:00:00+00:00,883da11623fffff
ACC-00009954,NORMAL,HDFC-Sim,0.133,2023-08-24T00:00:00+00:00,88618c4f2bfffff
ACC-00009955,NORMAL,Axis-Sim,0.225,2022-07-31T00:00:00+00:00,88608b0a6bfffff
ACC-00009956,NORMAL,BOI-Sim,0.2,2023-07-24T00:00:00+00:00,8860b52e9bfffff
ACC-00009957,NORMAL,ICICI-Sim,0.216,2021-10-31T00:00:00+00:00,883da11233fffff
ACC-00009958,NORMAL,BOI-Sim,0.086,2023-04-22T00:00:00+00:00,883d8dcf1dfffff
ACC-00009959,NORMAL,BOI-Sim,0.004,2025-07-06T00:00:00+00:00,88608b0a6bfffff
ACC-00009960,NORMAL,SBI-Sim,0.009,2021-11-15T00:00:00+00:00,88618c45b9fffff
ACC-00009961,NORMAL,PNB-Sim,0.0,2025-08-13T00:00:00+00:00,88618c4d05fffff
ACC-00009962,NORMAL,ICICI-Sim,0.235,2025-03-15T00:00:00+00:00,883d8dcd5dfffff
ACC-00009963,NORMAL,SBI-Sim,0.211,2024-04-19T00:00:00+00:00,88608b56d7fffff
ACC-00009964,NORMAL,HDFC-Sim,0.0,2025-09-11T00:00:00+00:00,88618921d1fffff
ACC-00009965,NORMAL,ICICI-Sim,0.116,2022-03-21T00:00:00+00:00,8842cea623fffff
ACC-00009966,NORMAL,SBI-Sim,0.16,2023-09-13T00:00:00+00:00,883d8dcc0dfffff
ACC-00009967,NORMAL,BOI-Sim,0.052,2023-11-21T00:00:00+00:00,8860b52e9bfffff
ACC-00009968,NORMAL,HDFC-Sim,0.186,2022-04-16T00:00:00+00:00,883da11623fffff
ACC-00009969,NORMAL,BOI-Sim,0.249,2025-11-05T00:00:00+00:00,88618c45b9fffff
ACC-00009970,NORMAL,ICICI-Sim,0.118,2025-06-30T00:00:00+00:00,88618c4e63fffff
ACC-00009971,NORMAL,SBI-Sim,0.222,2025-03-28T00:00:00+00:00,88608b0a6bfffff
ACC-00009972,NORMAL,HDFC-Sim,0.06,2021-07-06T00:00:00+00:00,883da11409fffff
ACC-00009973,NORMAL,SBI-Sim,0.227,2022-11-11T00:00:00+00:00,8842cea623fffff
ACC-00009974,NORMAL,HDFC-Sim,0.026,2023-12-03T00:00:00+00:00,883da115a5fffff
ACC-00009975,NORMAL,Axis-Sim,0.242,2024-01-09T00:00:00+00:00,8842ceb559fffff
ACC-00009976,NORMAL,PNB-Sim,0.23,2026-01-28T00:00:00+00:00,8860b52e9bfffff
ACC-00009977,NORMAL,Axis-Sim,0.058,2024-01-12T00:00:00+00:00,88618c4e63fffff
ACC-00009978,NORMAL,Axis-Sim,0.203,2023-06-03T00:00:00+00:00,88618921d1fffff
ACC-00009979,NORMAL,ICICI-Sim,0.123,2023-04-09T00:00:00+00:00,88618c4f2bfffff
ACC-00009980,NORMAL,ICICI-Sim,0.069,2023-12-07T00:00:00+00:00,88618925c5fffff
ACC-00009981,NORMAL,PNB-Sim,0.034,2023-07-20T00:00:00+00:00,88618c4d05fffff
ACC-00009982,NORMAL,HDFC-Sim,0.105,2025-05-02T00:00:00+00:00,8860b19695fffff
ACC-00009983,NORMAL,PNB-Sim,0.113,2021-08-29T00:00:00+00:00,883d8dcc0dfffff
ACC-00009984,NORMAL,SBI-Sim,0.004,2025-05-02T00:00:00+00:00,883d8dcdd5fffff
ACC-00009985,NORMAL,BOI-Sim,0.205,2024-03-14T00:00:00+00:00,883d8dcdd5fffff
ACC-00009986,NORMAL,ICICI-Sim,0.072,2022-09-22T00:00:00+00:00,8842ceb4a1fffff
ACC-00009987,NORMAL,SBI-Sim,0.139,2022-08-24T00:00:00+00:00,88608b4733fffff
ACC-00009988,NORMAL,SBI-Sim,0.138,2022-11-01T00:00:00+00:00,883d8dcd5dfffff
ACC-00009989,NORMAL,HDFC-Sim,0.189,2025-04-21T00:00:00+00:00,88618c4e63fffff
ACC-00009990,NORMAL,ICICI-Sim,0.221,2021-12-02T00:00:00+00:00,88608b0961fffff
ACC-00009991,NORMAL,ICICI-Sim,0.213,2025-01-20T00:00:00+00:00,883d8dcf1dfffff
ACC-00009992,NORMAL,ICICI-Sim,0.056,2024-09-09T00:00:00+00:00,8860b52c97fffff
ACC-00009993,NORMAL,ICICI-Sim,0.05,2024-08-31T00:00:00+00:00,88608b0a6bfffff
ACC-00009994,NORMAL,SBI-Sim,0.151,2023-03-12T00:00:00+00:00,88618c45b9fffff
ACC-00009995,NORMAL,HDFC-Sim,0.21,2024-11-09T00:00:00+00:00,88608b0961fffff
ACC-00009996,NORMAL,Axis-Sim,0.024,2023-04-12T00:00:00+00:00,88618921d1fffff
ACC-00009997,NORMAL,PNB-Sim,0.23,2025-03-28T00:00:00+00:00,883da11409fffff
ACC-00009998,NORMAL,SBI-Sim,0.168,2022-02-15T00:00:00+00:00,88608b0a6bfffff
ACC-00009999,NORMAL,PNB-Sim,0.154,2025-11-07T00:00:00+00:00,883d8dcd5dfffff
ACC-00010000,NORMAL,HDFC-Sim,0.033,2022-10-29T00:00:00+00:00,8842cea623fffff
ACC-00010001,NORMAL,HDFC-Sim,0.152,2023-04-10T00:00:00+00:00,88618925c5fffff
ACC-00010002,NORMAL,Axis-Sim,0.13,2023-11-17T00:00:00+00:00,88618c4d05fffff
ACC-00010003,NORMAL,SBI-Sim,0.179,2024-04-21T00:00:00+00:00,8860b19695fffff
ACC-00010004,NORMAL,PNB-Sim,0.166,2023-03-16T00:00:00+00:00,88608b0961fffff
ACC-00010005,NORMAL,Axis-Sim,0.088,2023-01-11T00:00:00+00:00,8842cea623fffff
ACC-00010006,NORMAL,BOI-Sim,0.185,2022-12-21T00:00:00+00:00,883d8dcc0dfffff
ACC-00010007,NORMAL,Axis-Sim,0.075,2025-11-14T00:00:00+00:00,88618c4e63fffff
ACC-00010008,NORMAL,PNB-Sim,0.205,2026-02-28T00:00:00+00:00,883da11409fffff
ACC-00010009,NORMAL,BOI-Sim,0.203,2022-02-07T00:00:00+00:00,883da11623fffff
ACC-00010010,NORMAL,HDFC-Sim,0.225,2023-08-28T00:00:00+00:00,8860b52e9bfffff
ACC-00010011,NORMAL,PNB-Sim,0.22,2022-02-18T00:00:00+00:00,8842cea623fffff
ACC-00010012,NORMAL,PNB-Sim,0.141,2022-04-17T00:00:00+00:00,883da11233fffff
ACC-00010013,NORMAL,HDFC-Sim,0.06,2022-07-30T00:00:00+00:00,88618921d1fffff
ACC-00010014,NORMAL,HDFC-Sim,0.225,2023-11-27T00:00:00+00:00,883da11409fffff
ACC-00010015,NORMAL,Axis-Sim,0.141,2024-12-09T00:00:00+00:00,88618c4e63fffff
ACC-00010016,NORMAL,SBI-Sim,0.026,2025-06-18T00:00:00+00:00,8860a259bbfffff
ACC-00010017,NORMAL,HDFC-Sim,0.157,2025-02-02T00:00:00+00:00,8861892ecbfffff
ACC-00010018,NORMAL,PNB-Sim,0.219,2025-11-18T00:00:00+00:00,88608b4733fffff
ACC-00010019,NORMAL,ICICI-Sim,0.044,2024-11-23T00:00:00+00:00,8842ceb559fffff
ACC-00010020,NORMAL,Axis-Sim,0.035,2021-10-25T00:00:00+00:00,8842cea623fffff
ACC-00010021,NORMAL,Axis-Sim,0.122,2022-11-17T00:00:00+00:00,883d8dcf1dfffff
ACC-00010022,NORMAL,Axis-Sim,0.098,2021-10-10T00:00:00+00:00,88608b0961fffff
ACC-00010023,NORMAL,PNB-Sim,0.045,2022-06-05T00:00:00+00:00,8842ceb559fffff
ACC-00010024,NORMAL,Axis-Sim,0.066,2025-08-11T00:00:00+00:00,88618c4f2bfffff
ACC-00010025,NORMAL,BOI-Sim,0.121,2023-05-03T00:00:00+00:00,88618c4d05fffff
ACC-00010026,NORMAL,BOI-Sim,0.206,2021-11-27T00:00:00+00:00,8842cea623fffff
ACC-00010027,NORMAL,PNB-Sim,0.001,2023-03-21T00:00:00+00:00,88618c4e63fffff
ACC-00010028,NORMAL,ICICI-Sim,0.093,2025-03-29T00:00:00+00:00,883da115a5fffff
ACC-00010029,NORMAL,ICICI-Sim,0.246,2022-08-11T00:00:00+00:00,8842cea623fffff
ACC-00010030,NORMAL,BOI-Sim,0.114,2025-08-24T00:00:00+00:00,883d8dcdd5fffff
ACC-00010031,NORMAL,SBI-Sim,0.122,2023-02-13T00:00:00+00:00,88618c4f2bfffff
ACC-00010032,NORMAL,BOI-Sim,0.049,2026-01-10T00:00:00+00:00,8860b52e9bfffff
ACC-00010033,NORMAL,Axis-Sim,0.153,2022-10-13T00:00:00+00:00,883da11233fffff
ACC-00010034,NORMAL,HDFC-Sim,0.173,2025-03-23T00:00:00+00:00,8860b52e9bfffff
ACC-00010035,NORMAL,BOI-Sim,0.247,2025-08-10T00:00:00+00:00,88618925c5fffff
ACC-00010036,NORMAL,BOI-Sim,0.179,2025-07-16T00:00:00+00:00,883d8dcf1dfffff
ACC-00010037,NORMAL,SBI-Sim,0.179,2022-08-10T00:00:00+00:00,8860b52e9bfffff
ACC-00010038,NORMAL,PNB-Sim,0.218,2022-10-14T00:00:00+00:00,883da11233fffff
ACC-00010039,NORMAL,BOI-Sim,0.215,2021-12-09T00:00:00+00:00,8860b52c97fffff
ACC-00010040,NORMAL,BOI-Sim,0.204,2024-06-06T00:00:00+00:00,88618c4e63fffff
ACC-00010041,NORMAL,Axis-Sim,0.186,2024-01-23T00:00:00+00:00,88618921d1fffff
ACC-00010042,NORMAL,ICICI-Sim,0.034,2022-09-14T00:00:00+00:00,88608b4733fffff
ACC-00010043,NORMAL,Axis-Sim,0.083,2024-09-19T00:00:00+00:00,88608b4733fffff
ACC-00010044,NORMAL,Axis-Sim,0.089,2022-02-14T00:00:00+00:00,8842ceb4a1fffff
ACC-00010045,NORMAL,Axis-Sim,0.054,2025-01-06T00:00:00+00:00,883da115a5fffff
ACC-00010046,NORMAL,Axis-Sim,0.24,2025-05-16T00:00:00+00:00,88618921d1fffff
ACC-00010047,NORMAL,PNB-Sim,0.032,2025-11-02T00:00:00+00:00,8842ceb5d9fffff
ACC-00010048,NORMAL,BOI-Sim,0.164,2023-09-04T00:00:00+00:00,883da11623fffff
ACC-00010049,NORMAL,PNB-Sim,0.055,2024-04-14T00:00:00+00:00,883d8dcc0dfffff
ACC-00010050,NORMAL,ICICI-Sim,0.185,2026-03-26T00:00:00+00:00,88618921d1fffff
ACC-00010051,NORMAL,PNB-Sim,0.049,2025-01-02T00:00:00+00:00,8842ceb559fffff
ACC-00010052,NORMAL,SBI-Sim,0.052,2024-03-14T00:00:00+00:00,883d8dcd5dfffff
ACC-00010053,NORMAL,SBI-Sim,0.209,2026-03-11T00:00:00+00:00,88608b0961fffff
ACC-00010054,NORMAL,BOI-Sim,0.172,2022-05-06T00:00:00+00:00,8842ceb4a1fffff
ACC-00010055,NORMAL,Axis-Sim,0.031,2025-04-24T00:00:00+00:00,88618c4d05fffff
ACC-00010056,NORMAL,HDFC-Sim,0.218,2024-10-18T00:00:00+00:00,88618c4f2bfffff
ACC-00010057,NORMAL,HDFC-Sim,0.243,2024-03-06T00:00:00+00:00,8842ceb559fffff
ACC-00010058,NORMAL,Axis-Sim,0.166,2022-05-25T00:00:00+00:00,883da11409fffff
ACC-00010059,NORMAL,BOI-Sim,0.214,2023-02-10T00:00:00+00:00,88608b4733fffff
ACC-00010060,NORMAL,HDFC-Sim,0.097,2024-09-02T00:00:00+00:00,883d8dcc0dfffff
ACC-00010061,NORMAL,BOI-Sim,0.117,2026-04-08T00:00:00+00:00,8860a259bbfffff
ACC-00010062,NORMAL,Axis-Sim,0.223,2025-02-27T00:00:00+00:00,8860145943fffff
ACC-00010063,NORMAL,ICICI-Sim,0.074,2024-03-29T00:00:00+00:00,883d8dcc0dfffff
ACC-00010064,NORMAL,HDFC-Sim,0.083,2025-06-22T00:00:00+00:00,88618c45b9fffff
ACC-00010065,NORMAL,SBI-Sim,0.145,2023-03-21T00:00:00+00:00,883da11233fffff
ACC-00010066,NORMAL,PNB-Sim,0.195,2023-12-05T00:00:00+00:00,88608b0961fffff
ACC-00010067,NORMAL,Axis-Sim,0.222,2023-07-15T00:00:00+00:00,88618921d1fffff
ACC-00010068,NORMAL,PNB-Sim,0.053,2022-05-01T00:00:00+00:00,883d8dcf1dfffff
ACC-00010069,NORMAL,Axis-Sim,0.107,2025-06-15T00:00:00+00:00,88608b56d7fffff
ACC-00010070,NORMAL,Axis-Sim,0.126,2026-01-31T00:00:00+00:00,88618c4d05fffff
ACC-00010071,NORMAL,PNB-Sim,0.089,2024-12-30T00:00:00+00:00,8842ceb559fffff
ACC-00010072,NORMAL,HDFC-Sim,0.067,2022-07-26T00:00:00+00:00,88608b4733fffff
ACC-00010073,NORMAL,SBI-Sim,0.114,2022-03-09T00:00:00+00:00,8861892ecbfffff
ACC-00010074,NORMAL,Axis-Sim,0.213,2025-07-24T00:00:00+00:00,88608b0961fffff
ACC-00010075,NORMAL,PNB-Sim,0.081,2025-11-10T00:00:00+00:00,883d8dcd5dfffff
ACC-00010076,NORMAL,Axis-Sim,0.13,2021-09-26T00:00:00+00:00,8860b52c97fffff
ACC-00010077,NORMAL,ICICI-Sim,0.118,2023-11-30T00:00:00+00:00,88618921d1fffff
ACC-00010078,NORMAL,HDFC-Sim,0.235,2022-07-24T00:00:00+00:00,88618c4f2bfffff
ACC-00010079,NORMAL,Axis-Sim,0.201,2021-12-07T00:00:00+00:00,88618c4f2bfffff
ACC-00010080,NORMAL,BOI-Sim,0.102,2023-08-04T00:00:00+00:00,8860b52e9bfffff
ACC-00010081,NORMAL,PNB-Sim,0.006,2022-09-24T00:00:00+00:00,883da11623fffff
ACC-00010082,NORMAL,BOI-Sim,0.194,2025-04-27T00:00:00+00:00,8860b52e9bfffff
ACC-00010083,NORMAL,PNB-Sim,0.038,2021-09-23T00:00:00+00:00,88618c4f2bfffff
ACC-00010084,NORMAL,Axis-Sim,0.1,2024-09-16T00:00:00+00:00,8842ceb4a1fffff
ACC-00010085,NORMAL,PNB-Sim,0.19,2024-08-17T00:00:00+00:00,8860145943fffff
ACC-00010086,NORMAL,ICICI-Sim,0.078,2025-06-16T00:00:00+00:00,8842cea623fffff
ACC-00010087,NORMAL,ICICI-Sim,0.25,2023-10-08T00:00:00+00:00,88618c4f2bfffff
ACC-00010088,NORMAL,PNB-Sim,0.209,2021-12-08T00:00:00+00:00,8860b52c97fffff
ACC-00010089,NORMAL,SBI-Sim,0.222,2023-12-26T00:00:00+00:00,88618c4e63fffff
ACC-00010090,NORMAL,SBI-Sim,0.134,2023-01-10T00:00:00+00:00,88618925c5fffff
ACC-00010091,NORMAL,PNB-Sim,0.015,2023-06-20T00:00:00+00:00,883da115a5fffff
ACC-00010092,NORMAL,PNB-Sim,0.001,2023-10-06T00:00:00+00:00,883d8dcdd5fffff
ACC-00010093,NORMAL,PNB-Sim,0.069,2023-09-22T00:00:00+00:00,88618c4d05fffff
ACC-00010094,NORMAL,Axis-Sim,0.235,2025-03-09T00:00:00+00:00,8860b19695fffff
ACC-00010095,NORMAL,HDFC-Sim,0.059,2024-11-13T00:00:00+00:00,88618921d1fffff
ACC-00010096,NORMAL,BOI-Sim,0.223,2026-03-24T00:00:00+00:00,8860b52c97fffff
ACC-00010097,NORMAL,HDFC-Sim,0.109,2024-04-24T00:00:00+00:00,8860145943fffff
ACC-00010098,NORMAL,BOI-Sim,0.157,2021-10-13T00:00:00+00:00,8842ceb559fffff
ACC-00010099,NORMAL,PNB-Sim,0.16,2023-01-16T00:00:00+00:00,883da115a5fffff
ACC-00010100,NORMAL,PNB-Sim,0.185,2025-05-13T00:00:00+00:00,8860b52c97fffff
ACC-00010101,NORMAL,ICICI-Sim,0.195,2024-02-24T00:00:00+00:00,8861892ecbfffff
ACC-00010102,NORMAL,HDFC-Sim,0.188,2026-01-25T00:00:00+00:00,88618c4f2bfffff
ACC-00010103,NORMAL,HDFC-Sim,0.199,2025-03-01T00:00:00+00:00,883d8dcd5dfffff
ACC-00010104,NORMAL,SBI-Sim,0.06,2023-04-05T00:00:00+00:00,8842ceb559fffff
ACC-00010105,NORMAL,Axis-Sim,0.176,2022-10-14T00:00:00+00:00,88618c45b9fffff
ACC-00010106,NORMAL,SBI-Sim,0.16,2025-12-05T00:00:00+00:00,88618c4f2bfffff
ACC-00010107,NORMAL,ICICI-Sim,0.238,2024-06-26T00:00:00+00:00,8842ceb4a1fffff
ACC-00010108,NORMAL,ICICI-Sim,0.083,2021-11-28T00:00:00+00:00,883d8dcc0dfffff
ACC-00010109,NORMAL,ICICI-Sim,0.188,2025-04-19T00:00:00+00:00,8860b52c97fffff
ACC-00010110,NORMAL,ICICI-Sim,0.037,2021-09-01T00:00:00+00:00,88618c45b9fffff
ACC-00010111,NORMAL,BOI-Sim,0.135,2025-11-06T00:00:00+00:00,8842ceb559fffff
ACC-00010112,NORMAL,HDFC-Sim,0.211,2024-09-03T00:00:00+00:00,88618921d1fffff
ACC-00010113,NORMAL,ICICI-Sim,0.213,2022-06-30T00:00:00+00:00,88618921d1fffff
ACC-00010114,NORMAL,PNB-Sim,0.115,2024-01-17T00:00:00+00:00,883da11409fffff
ACC-00010115,NORMAL,PNB-Sim,0.156,2021-12-29T00:00:00+00:00,8861892ecbfffff
ACC-00010116,NORMAL,SBI-Sim,0.223,2023-09-18T00:00:00+00:00,88618925c5fffff
ACC-00010117,NORMAL,ICICI-Sim,0.184,2023-10-23T00:00:00+00:00,8860b52e9bfffff
ACC-00010118,NORMAL,ICICI-Sim,0.117,2021-11-08T00:00:00+00:00,883d8dcdd5fffff
ACC-00010119,NORMAL,SBI-Sim,0.205,2024-12-07T00:00:00+00:00,88608b56d7fffff
ACC-00010120,NORMAL,Axis-Sim,0.048,2025-12-16T00:00:00+00:00,8842ceb5d9fffff
ACC-00010121,NORMAL,Axis-Sim,0.221,2025-08-17T00:00:00+00:00,8860a259bbfffff
ACC-00010122,NORMAL,ICICI-Sim,0.149,2025-04-28T00:00:00+00:00,8860b19695fffff
ACC-00010123,NORMAL,Axis-Sim,0.034,2023-10-25T00:00:00+00:00,8861892ecbfffff
ACC-00010124,NORMAL,SBI-Sim,0.166,2021-09-30T00:00:00+00:00,8860b52c97fffff
ACC-00010125,NORMAL,HDFC-Sim,0.086,2026-03-20T00:00:00+00:00,883d8dcdd5fffff
ACC-00010126,NORMAL,BOI-Sim,0.084,2022-03-17T00:00:00+00:00,88618921d1fffff
ACC-00010127,NORMAL,SBI-Sim,0.068,2023-12-14T00:00:00+00:00,883d8dcc0dfffff
ACC-00010128,NORMAL,PNB-Sim,0.221,2023-03-01T00:00:00+00:00,883da115a5fffff
ACC-00010129,NORMAL,SBI-Sim,0.119,2024-02-01T00:00:00+00:00,883da11409fffff
ACC-00010130,NORMAL,SBI-Sim,0.07,2024-11-13T00:00:00+00:00,8860b52e9bfffff
ACC-00010131,NORMAL,Axis-Sim,0.019,2025-10-11T00:00:00+00:00,8860145943fffff
ACC-00010132,NORMAL,Axis-Sim,0.198,2026-02-13T00:00:00+00:00,883d8dcdd5fffff
ACC-00010133,NORMAL,Axis-Sim,0.085,2022-08-27T00:00:00+00:00,8860b52c97fffff
ACC-00010134,NORMAL,Axis-Sim,0.121,2024-05-16T00:00:00+00:00,8860b52e9bfffff
ACC-00010135,NORMAL,HDFC-Sim,0.246,2022-01-18T00:00:00+00:00,8842ceb4a1fffff
ACC-00010136,NORMAL,PNB-Sim,0.05,2023-07-13T00:00:00+00:00,8861892ecbfffff
ACC-00010137,NORMAL,ICICI-Sim,0.025,2024-06-20T00:00:00+00:00,88608b56d7fffff
ACC-00010138,NORMAL,SBI-Sim,0.011,2025-01-10T00:00:00+00:00,883d8dcf1dfffff
ACC-00010139,NORMAL,PNB-Sim,0.029,2025-12-16T00:00:00+00:00,88618c4e63fffff
ACC-00010140,NORMAL,BOI-Sim,0.012,2025-12-04T00:00:00+00:00,8842cea623fffff
ACC-00010141,NORMAL,ICICI-Sim,0.132,2025-12-11T00:00:00+00:00,88608b4733fffff
ACC-00010142,NORMAL,PNB-Sim,0.041,2023-05-28T00:00:00+00:00,88618c4f2bfffff
ACC-00010143,NORMAL,PNB-Sim,0.033,2022-06-03T00:00:00+00:00,88618c4e63fffff
ACC-00010144,NORMAL,BOI-Sim,0.07,2022-08-03T00:00:00+00:00,8842ceb5d9fffff
ACC-00010145,NORMAL,BOI-Sim,0.224,2026-01-23T00:00:00+00:00,883d8dcc0dfffff
ACC-00010146,NORMAL,PNB-Sim,0.033,2024-04-18T00:00:00+00:00,8860a259bbfffff
ACC-00010147,NORMAL,Axis-Sim,0.138,2025-05-31T00:00:00+00:00,88608b0961fffff
ACC-00010148,NORMAL,BOI-Sim,0.2,2025-06-19T00:00:00+00:00,8861892ecbfffff
ACC-00010149,NORMAL,PNB-Sim,0.206,2023-02-12T00:00:00+00:00,88608b0961fffff
ACC-00010150,NORMAL,HDFC-Sim,0.126,2023-12-18T00:00:00+00:00,8842cea623fffff
ACC-00010151,NORMAL,PNB-Sim,0.076,2025-02-21T00:00:00+00:00,88608b4733fffff
ACC-00010152,NORMAL,SBI-Sim,0.178,2021-11-19T00:00:00+00:00,88618c45b9fffff
ACC-00010153,NORMAL,PNB-Sim,0.169,2025-09-06T00:00:00+00:00,88618c4e63fffff
ACC-00010154,NORMAL,HDFC-Sim,0.242,2022-08-28T00:00:00+00:00,88618921d1fffff
ACC-00010155,NORMAL,ICICI-Sim,0.18,2022-03-26T00:00:00+00:00,8860b52e9bfffff
ACC-00010156,NORMAL,Axis-Sim,0.147,2024-05-06T00:00:00+00:00,88608b56d7fffff
ACC-00010157,NORMAL,BOI-Sim,0.059,2023-09-03T00:00:00+00:00,8842cea623fffff
ACC-00010158,NORMAL,ICICI-Sim,0.227,2025-02-20T00:00:00+00:00,88618c4d05fffff
ACC-00010159,NORMAL,BOI-Sim,0.039,2022-01-11T00:00:00+00:00,8860b52e9bfffff
ACC-00010160,NORMAL,SBI-Sim,0.078,2023-07-23T00:00:00+00:00,88608b56d7fffff
ACC-00010161,NORMAL,HDFC-Sim,0.236,2024-06-21T00:00:00+00:00,88618c45b9fffff
ACC-00010162,NORMAL,PNB-Sim,0.026,2025-03-25T00:00:00+00:00,8842ceb559fffff
ACC-00010163,NORMAL,Axis-Sim,0.129,2022-06-16T00:00:00+00:00,8860b19695fffff
ACC-00010164,NORMAL,HDFC-Sim,0.13,2023-07-09T00:00:00+00:00,88618c4e63fffff
ACC-00010165,NORMAL,HDFC-Sim,0.229,2023-09-07T00:00:00+00:00,8842ceb4a1fffff
ACC-00010166,NORMAL,ICICI-Sim,0.214,2024-12-17T00:00:00+00:00,8860145943fffff
ACC-00010167,NORMAL,HDFC-Sim,0.076,2021-12-03T00:00:00+00:00,88608b56d7fffff
ACC-00010168,NORMAL,ICICI-Sim,0.089,2022-02-09T00:00:00+00:00,883da11623fffff
ACC-00010169,NORMAL,Axis-Sim,0.124,2023-05-07T00:00:00+00:00,88608b56d7fffff
ACC-00010170,NORMAL,BOI-Sim,0.134,2025-07-24T00:00:00+00:00,88618c4f2bfffff
ACC-00010171,NORMAL,ICICI-Sim,0.195,2023-09-11T00:00:00+00:00,8860145943fffff
ACC-00010172,NORMAL,ICICI-Sim,0.249,2024-09-10T00:00:00+00:00,88608b0961fffff
ACC-00010173,NORMAL,SBI-Sim,0.013,2025-08-27T00:00:00+00:00,883da11623fffff
ACC-00010174,NORMAL,BOI-Sim,0.23,2023-05-13T00:00:00+00:00,88608b4733fffff
ACC-00010175,NORMAL,HDFC-Sim,0.012,2022-02-27T00:00:00+00:00,88618921d1fffff
ACC-00010176,NORMAL,BOI-Sim,0.166,2021-08-26T00:00:00+00:00,8842ceb559fffff
ACC-00010177,NORMAL,PNB-Sim,0.212,2023-02-28T00:00:00+00:00,883d8dcf1dfffff
ACC-00010178,NORMAL,SBI-Sim,0.223,2022-05-24T00:00:00+00:00,8860b52c97fffff
ACC-00010179,NORMAL,SBI-Sim,0.138,2023-05-15T00:00:00+00:00,8860b52e9bfffff
ACC-00010180,NORMAL,HDFC-Sim,0.116,2022-10-20T00:00:00+00:00,8860b52e9bfffff
ACC-00010181,NORMAL,ICICI-Sim,0.011,2024-11-24T00:00:00+00:00,883d8dcdd5fffff
ACC-00010182,NORMAL,ICICI-Sim,0.012,2023-02-12T00:00:00+00:00,8860a259bbfffff
ACC-00010183,NORMAL,SBI-Sim,0.06,2025-05-04T00:00:00+00:00,88608b0a6bfffff
ACC-00010184,NORMAL,HDFC-Sim,0.226,2023-06-02T00:00:00+00:00,8842ceb4a1fffff
ACC-00010185,NORMAL,PNB-Sim,0.155,2025-06-29T00:00:00+00:00,88618925c5fffff
ACC-00010186,NORMAL,PNB-Sim,0.195,2024-05-15T00:00:00+00:00,88608b0a6bfffff
ACC-00010187,NORMAL,PNB-Sim,0.136,2021-11-01T00:00:00+00:00,88618c4d05fffff
ACC-00010188,NORMAL,PNB-Sim,0.02,2026-03-31T00:00:00+00:00,883d8dcd5dfffff
ACC-00010189,NORMAL,SBI-Sim,0.085,2025-10-26T00:00:00+00:00,8842cea623fffff
ACC-00010190,NORMAL,SBI-Sim,0.103,2025-12-30T00:00:00+00:00,883da115a5fffff
ACC-00010191,NORMAL,PNB-Sim,0.083,2025-09-23T00:00:00+00:00,8861892ecbfffff
ACC-00010192,NORMAL,SBI-Sim,0.187,2024-12-11T00:00:00+00:00,88618c45b9fffff
ACC-00010193,NORMAL,SBI-Sim,0.125,2025-07-08T00:00:00+00:00,88618921d1fffff
ACC-00010194,NORMAL,BOI-Sim,0.165,2025-08-01T00:00:00+00:00,88608b4733fffff
ACC-00010195,NORMAL,PNB-Sim,0.188,2025-04-28T00:00:00+00:00,88608b0961fffff
ACC-00010196,NORMAL,ICICI-Sim,0.05,2021-07-18T00:00:00+00:00,883d8dcd5dfffff
ACC-00010197,NORMAL,BOI-Sim,0.08,2024-04-16T00:00:00+00:00,88608b56d7fffff
ACC-00010198,NORMAL,HDFC-Sim,0.053,2022-11-08T00:00:00+00:00,8842ceb559fffff
ACC-00010199,NORMAL,HDFC-Sim,0.11,2022-02-05T00:00:00+00:00,883d8dcdd5fffff
ACC-00010200,NORMAL,HDFC-Sim,0.152,2024-07-02T00:00:00+00:00,883d8dcc0dfffff
ACC-00010201,NORMAL,BOI-Sim,0.099,2022-06-10T00:00:00+00:00,8842ceb559fffff
ACC-00010202,NORMAL,BOI-Sim,0.06,2021-11-11T00:00:00+00:00,883da11233fffff
ACC-00010203,NORMAL,BOI-Sim,0.078,2023-10-26T00:00:00+00:00,88618c4d05fffff
ACC-00010204,NORMAL,SBI-Sim,0.171,2023-10-23T00:00:00+00:00,88618c4f2bfffff
ACC-00010205,NORMAL,HDFC-Sim,0.06,2024-12-14T00:00:00+00:00,88618c4f2bfffff
ACC-00010206,NORMAL,ICICI-Sim,0.009,2025-08-05T00:00:00+00:00,8861892ecbfffff
ACC-00010207,NORMAL,SBI-Sim,0.098,2023-01-06T00:00:00+00:00,8860b19695fffff
ACC-00010208,NORMAL,PNB-Sim,0.061,2024-06-25T00:00:00+00:00,883da11233fffff
ACC-00010209,NORMAL,Axis-Sim,0.142,2022-12-01T00:00:00+00:00,8842cea623fffff
ACC-00010210,NORMAL,PNB-Sim,0.147,2023-09-27T00:00:00+00:00,88608b4733fffff
ACC-00010211,NORMAL,ICICI-Sim,0.2,2025-04-29T00:00:00+00:00,8861892ecbfffff
ACC-00010212,NORMAL,BOI-Sim,0.133,2025-10-13T00:00:00+00:00,883d8dcdd5fffff
ACC-00010213,NORMAL,PNB-Sim,0.081,2023-02-11T00:00:00+00:00,8842cea623fffff
ACC-00010214,NORMAL,BOI-Sim,0.178,2024-03-27T00:00:00+00:00,88618c4d05fffff
ACC-00010215,NORMAL,BOI-Sim,0.053,2025-03-04T00:00:00+00:00,8860145943fffff
ACC-00010216,NORMAL,ICICI-Sim,0.248,2023-07-01T00:00:00+00:00,883d8dcc0dfffff
ACC-00010217,NORMAL,Axis-Sim,0.167,2025-10-02T00:00:00+00:00,883d8dcc0dfffff
ACC-00010218,NORMAL,HDFC-Sim,0.147,2026-01-09T00:00:00+00:00,8860b52e9bfffff
ACC-00010219,NORMAL,Axis-Sim,0.001,2025-08-31T00:00:00+00:00,88608b4733fffff
ACC-00010220,NORMAL,Axis-Sim,0.248,2024-01-31T00:00:00+00:00,883d8dcc0dfffff
ACC-00010221,NORMAL,PNB-Sim,0.122,2024-03-15T00:00:00+00:00,8861892ecbfffff
ACC-00010222,NORMAL,HDFC-Sim,0.204,2025-02-16T00:00:00+00:00,883da11409fffff
ACC-00010223,NORMAL,ICICI-Sim,0.012,2021-12-30T00:00:00+00:00,8842ceb4a1fffff
ACC-00010224,NORMAL,SBI-Sim,0.136,2025-07-30T00:00:00+00:00,883da11409fffff
ACC-00010225,NORMAL,ICICI-Sim,0.042,2025-03-27T00:00:00+00:00,88618c4e63fffff
ACC-00010226,NORMAL,ICICI-Sim,0.147,2023-03-10T00:00:00+00:00,8861892ecbfffff
ACC-00010227,NORMAL,SBI-Sim,0.144,2021-12-03T00:00:00+00:00,883da115a5fffff
ACC-00010228,NORMAL,Axis-Sim,0.247,2024-02-21T00:00:00+00:00,88618c4f2bfffff
ACC-00010229,NORMAL,BOI-Sim,0.108,2024-07-21T00:00:00+00:00,88618c4d05fffff
ACC-00010230,NORMAL,BOI-Sim,0.199,2022-01-11T00:00:00+00:00,88608b4733fffff
ACC-00010231,NORMAL,PNB-Sim,0.098,2022-09-13T00:00:00+00:00,8842ceb559fffff
ACC-00010232,NORMAL,SBI-Sim,0.216,2024-01-17T00:00:00+00:00,8842ceb5d9fffff
ACC-00010233,NORMAL,HDFC-Sim,0.058,2023-01-12T00:00:00+00:00,88618c4f2bfffff
ACC-00010234,NORMAL,HDFC-Sim,0.072,2024-02-29T00:00:00+00:00,8842ceb4a1fffff
ACC-00010235,NORMAL,BOI-Sim,0.042,2026-01-21T00:00:00+00:00,883d8dcdd5fffff
ACC-00010236,NORMAL,ICICI-Sim,0.121,2024-08-19T00:00:00+00:00,88608b0961fffff
ACC-00010237,NORMAL,SBI-Sim,0.147,2026-02-13T00:00:00+00:00,8860b52e9bfffff
ACC-00010238,NORMAL,ICICI-Sim,0.158,2023-01-03T00:00:00+00:00,883da11623fffff
ACC-00010239,NORMAL,PNB-Sim,0.113,2024-11-14T00:00:00+00:00,883da115a5fffff
ACC-00010240,NORMAL,HDFC-Sim,0.124,2025-05-20T00:00:00+00:00,88618c45b9fffff
ACC-00010241,NORMAL,HDFC-Sim,0.102,2025-05-26T00:00:00+00:00,8860145943fffff
ACC-00010242,NORMAL,BOI-Sim,0.114,2022-07-13T00:00:00+00:00,8860b19695fffff
ACC-00010243,NORMAL,BOI-Sim,0.124,2025-06-11T00:00:00+00:00,8842ceb5d9fffff
ACC-00010244,NORMAL,BOI-Sim,0.094,2024-07-18T00:00:00+00:00,883da11409fffff
ACC-00010245,NORMAL,PNB-Sim,0.217,2022-12-27T00:00:00+00:00,883d8dcf1dfffff
ACC-00010246,NORMAL,ICICI-Sim,0.173,2026-02-14T00:00:00+00:00,88608b0a6bfffff
ACC-00010247,NORMAL,ICICI-Sim,0.033,2021-11-29T00:00:00+00:00,8861892ecbfffff
ACC-00010248,NORMAL,ICICI-Sim,0.089,2023-08-22T00:00:00+00:00,883d8dcf1dfffff
ACC-00010249,NORMAL,SBI-Sim,0.128,2024-10-31T00:00:00+00:00,88618925c5fffff
ACC-00010250,NORMAL,SBI-Sim,0.189,2026-02-28T00:00:00+00:00,88618921d1fffff
ACC-00010251,NORMAL,SBI-Sim,0.211,2024-05-18T00:00:00+00:00,88608b0961fffff
ACC-00010252,NORMAL,ICICI-Sim,0.228,2025-02-18T00:00:00+00:00,883da115a5fffff
ACC-00010253,NORMAL,ICICI-Sim,0.083,2024-02-25T00:00:00+00:00,8860a259bbfffff
ACC-00010254,NORMAL,ICICI-Sim,0.067,2023-03-02T00:00:00+00:00,8842ceb4a1fffff
ACC-00010255,NORMAL,ICICI-Sim,0.083,2022-10-12T00:00:00+00:00,8860145943fffff
ACC-00010256,NORMAL,Axis-Sim,0.164,2025-01-28T00:00:00+00:00,88618921d1fffff
ACC-00010257,NORMAL,PNB-Sim,0.199,2023-09-03T00:00:00+00:00,8842ceb5d9fffff
ACC-00010258,NORMAL,ICICI-Sim,0.202,2022-04-23T00:00:00+00:00,8860a259bbfffff
ACC-00010259,NORMAL,BOI-Sim,0.232,2024-11-13T00:00:00+00:00,883da11623fffff
ACC-00010260,NORMAL,PNB-Sim,0.129,2021-09-07T00:00:00+00:00,883da11409fffff
ACC-00010261,NORMAL,PNB-Sim,0.107,2023-02-01T00:00:00+00:00,883da11623fffff
ACC-00010262,NORMAL,HDFC-Sim,0.148,2025-08-12T00:00:00+00:00,8861892ecbfffff
ACC-00010263,NORMAL,PNB-Sim,0.036,2024-11-22T00:00:00+00:00,8860b52c97fffff
ACC-00010264,NORMAL,SBI-Sim,0.222,2023-11-25T00:00:00+00:00,88618c4f2bfffff
ACC-00010265,NORMAL,Axis-Sim,0.046,2022-11-01T00:00:00+00:00,883d8dcf1dfffff
ACC-00010266,NORMAL,Axis-Sim,0.104,2021-12-25T00:00:00+00:00,883d8dcf1dfffff
ACC-00010267,NORMAL,Axis-Sim,0.066,2024-02-02T00:00:00+00:00,8861892ecbfffff
ACC-00010268,NORMAL,PNB-Sim,0.129,2022-04-11T00:00:00+00:00,883da11409fffff
ACC-00010269,NORMAL,BOI-Sim,0.095,2023-01-03T00:00:00+00:00,88618c4e63fffff
ACC-00010270,NORMAL,HDFC-Sim,0.072,2024-07-22T00:00:00+00:00,8842ceb559fffff
ACC-00010271,NORMAL,PNB-Sim,0.01,2025-05-29T00:00:00+00:00,8860b19695fffff
ACC-00010272,NORMAL,BOI-Sim,0.148,2025-05-06T00:00:00+00:00,883d8dcdd5fffff
ACC-00010273,NORMAL,BOI-Sim,0.123,2022-09-11T00:00:00+00:00,88618c4d05fffff
ACC-00010274,NORMAL,SBI-Sim,0.107,2023-03-12T00:00:00+00:00,8842cea623fffff
ACC-00010275,NORMAL,BOI-Sim,0.208,2021-11-01T00:00:00+00:00,883da11623fffff
ACC-00010276,NORMAL,BOI-Sim,0.049,2022-07-04T00:00:00+00:00,883da11623fffff
ACC-00010277,NORMAL,BOI-Sim,0.042,2025-12-14T00:00:00+00:00,883da11409fffff
ACC-00010278,NORMAL,SBI-Sim,0.184,2024-11-19T00:00:00+00:00,8860b52c97fffff
ACC-00010279,NORMAL,Axis-Sim,0.085,2025-05-04T00:00:00+00:00,883da11233fffff
ACC-00010280,NORMAL,BOI-Sim,0.064,2022-02-22T00:00:00+00:00,883da11233fffff
ACC-00010281,NORMAL,HDFC-Sim,0.106,2024-03-05T00:00:00+00:00,88608b0961fffff
ACC-00010282,NORMAL,BOI-Sim,0.114,2022-04-12T00:00:00+00:00,883d8dcc0dfffff
ACC-00010283,NORMAL,SBI-Sim,0.02,2024-12-22T00:00:00+00:00,88618c45b9fffff
ACC-00010284,NORMAL,HDFC-Sim,0.173,2024-02-13T00:00:00+00:00,88618925c5fffff
ACC-00010285,NORMAL,ICICI-Sim,0.214,2025-09-11T00:00:00+00:00,883da11409fffff
ACC-00010286,NORMAL,SBI-Sim,0.176,2025-11-11T00:00:00+00:00,8860145943fffff
ACC-00010287,NORMAL,Axis-Sim,0.139,2025-02-27T00:00:00+00:00,8860b52e9bfffff
ACC-00010288,NORMAL,SBI-Sim,0.23,2023-02-16T00:00:00+00:00,883da11623fffff
ACC-00010289,NORMAL,PNB-Sim,0.182,2022-07-15T00:00:00+00:00,8860b52c97fffff
ACC-00010290,NORMAL,HDFC-Sim,0.189,2021-12-24T00:00:00+00:00,883da11409fffff
ACC-00010291,NORMAL,HDFC-Sim,0.098,2023-03-20T00:00:00+00:00,88618c45b9fffff
ACC-00010292,NORMAL,SBI-Sim,0.242,2025-06-25T00:00:00+00:00,8860b52e9bfffff
ACC-00010293,NORMAL,HDFC-Sim,0.113,2024-04-13T00:00:00+00:00,883d8dcc0dfffff
ACC-00010294,NORMAL,ICICI-Sim,0.158,2024-12-31T00:00:00+00:00,8842ceb559fffff
ACC-00010295,NORMAL,Axis-Sim,0.126,2024-10-17T00:00:00+00:00,883d8dcd5dfffff
ACC-00010296,NORMAL,HDFC-Sim,0.1,2025-06-28T00:00:00+00:00,8860145943fffff
ACC-00010297,NORMAL,HDFC-Sim,0.053,2022-02-21T00:00:00+00:00,8842ceb5d9fffff
ACC-00010298,NORMAL,BOI-Sim,0.147,2023-03-15T00:00:00+00:00,88618c4d05fffff
ACC-00010299,NORMAL,BOI-Sim,0.206,2021-12-30T00:00:00+00:00,883da11233fffff
ACC-00010300,NORMAL,PNB-Sim,0.126,2024-04-09T00:00:00+00:00,8860b52e9bfffff
ACC-00010301,NORMAL,Axis-Sim,0.15,2025-01-16T00:00:00+00:00,883da11409fffff
ACC-00010302,NORMAL,SBI-Sim,0.037,2022-05-24T00:00:00+00:00,8842ceb4a1fffff
ACC-00010303,NORMAL,ICICI-Sim,0.203,2021-12-28T00:00:00+00:00,883d8dcd5dfffff
ACC-00010304,NORMAL,HDFC-Sim,0.202,2024-12-08T00:00:00+00:00,88608b0961fffff
ACC-00010305,NORMAL,HDFC-Sim,0.078,2023-06-16T00:00:00+00:00,883da115a5fffff
ACC-00010306,NORMAL,PNB-Sim,0.136,2024-11-27T00:00:00+00:00,883da115a5fffff
ACC-00010307,NORMAL,PNB-Sim,0.243,2023-08-11T00:00:00+00:00,8860145943fffff
ACC-00010308,NORMAL,PNB-Sim,0.115,2024-01-17T00:00:00+00:00,883d8dcc0dfffff
ACC-00010309,NORMAL,PNB-Sim,0.119,2024-04-17T00:00:00+00:00,8860a259bbfffff
ACC-00010310,NORMAL,ICICI-Sim,0.24,2024-04-01T00:00:00+00:00,8860145943fffff
ACC-00010311,NORMAL,BOI-Sim,0.213,2023-02-09T00:00:00+00:00,8860145943fffff
ACC-00010312,NORMAL,PNB-Sim,0.246,2022-05-23T00:00:00+00:00,8860a259bbfffff
ACC-00010313,NORMAL,BOI-Sim,0.215,2023-01-05T00:00:00+00:00,883da11409fffff
ACC-00010314,NORMAL,ICICI-Sim,0.06,2021-08-13T00:00:00+00:00,883da115a5fffff
ACC-00010315,NORMAL,HDFC-Sim,0.015,2023-04-25T00:00:00+00:00,8842cea623fffff
ACC-00010316,NORMAL,BOI-Sim,0.165,2024-09-12T00:00:00+00:00,8842ceb559fffff
ACC-00010317,NORMAL,Axis-Sim,0.145,2021-11-27T00:00:00+00:00,88608b0a6bfffff
ACC-00010318,NORMAL,HDFC-Sim,0.014,2024-01-30T00:00:00+00:00,8860b52e9bfffff
ACC-00010319,NORMAL,Axis-Sim,0.064,2025-12-22T00:00:00+00:00,883d8dcf1dfffff
ACC-00010320,NORMAL,SBI-Sim,0.095,2022-12-27T00:00:00+00:00,88618c4d05fffff
ACC-00010321,NORMAL,HDFC-Sim,0.132,2026-04-14T00:00:00+00:00,88618921d1fffff
ACC-00010322,NORMAL,HDFC-Sim,0.205,2026-02-03T00:00:00+00:00,883da11233fffff
ACC-00010323,NORMAL,Axis-Sim,0.152,2026-03-02T00:00:00+00:00,88608b56d7fffff
ACC-00010324,NORMAL,Axis-Sim,0.035,2025-09-21T00:00:00+00:00,8860a259bbfffff
ACC-00010325,NORMAL,HDFC-Sim,0.014,2022-04-20T00:00:00+00:00,883da11409fffff
ACC-00010326,NORMAL,Axis-Sim,0.073,2024-05-01T00:00:00+00:00,88618c4f2bfffff
ACC-00010327,NORMAL,HDFC-Sim,0.038,2025-11-02T00:00:00+00:00,88618c4f2bfffff
ACC-00010328,NORMAL,HDFC-Sim,0.117,2024-01-03T00:00:00+00:00,88618c4f2bfffff
ACC-00010329,NORMAL,HDFC-Sim,0.098,2026-02-09T00:00:00+00:00,883d8dcdd5fffff
ACC-00010330,NORMAL,HDFC-Sim,0.012,2021-08-08T00:00:00+00:00,88608b56d7fffff
ACC-00010331,NORMAL,HDFC-Sim,0.199,2022-01-23T00:00:00+00:00,8860145943fffff
ACC-00010332,NORMAL,Axis-Sim,0.003,2024-11-11T00:00:00+00:00,8842cea623fffff
ACC-00010333,NORMAL,PNB-Sim,0.028,2023-01-07T00:00:00+00:00,883da115a5fffff
ACC-00010334,NORMAL,BOI-Sim,0.038,2024-02-25T00:00:00+00:00,8860145943fffff
ACC-00010335,NORMAL,HDFC-Sim,0.169,2026-02-17T00:00:00+00:00,8860b52c97fffff
ACC-00010336,NORMAL,HDFC-Sim,0.107,2024-08-28T00:00:00+00:00,8860b19695fffff
ACC-00010337,NORMAL,BOI-Sim,0.103,2022-11-12T00:00:00+00:00,883d8dcf1dfffff
ACC-00010338,NORMAL,PNB-Sim,0.13,2024-05-17T00:00:00+00:00,883d8dcd5dfffff
ACC-00010339,NORMAL,Axis-Sim,0.154,2024-12-12T00:00:00+00:00,88618c45b9fffff
ACC-00010340,NORMAL,Axis-Sim,0.121,2022-04-28T00:00:00+00:00,88608b56d7fffff
ACC-00010341,NORMAL,ICICI-Sim,0.16,2022-11-09T00:00:00+00:00,8860b52c97fffff
ACC-00010342,NORMAL,PNB-Sim,0.138,2025-12-07T00:00:00+00:00,88618c4f2bfffff
ACC-00010343,NORMAL,BOI-Sim,0.156,2025-02-14T00:00:00+00:00,88618c4f2bfffff
ACC-00010344,NORMAL,SBI-Sim,0.132,2025-09-13T00:00:00+00:00,883d8dcd5dfffff
ACC-00010345,NORMAL,HDFC-Sim,0.207,2025-08-02T00:00:00+00:00,88618c4d05fffff
ACC-00010346,NORMAL,Axis-Sim,0.052,2024-07-16T00:00:00+00:00,883d8dcdd5fffff
ACC-00010347,NORMAL,Axis-Sim,0.204,2026-03-05T00:00:00+00:00,8842ceb559fffff
ACC-00010348,NORMAL,Axis-Sim,0.142,2023-04-29T00:00:00+00:00,8842ceb4a1fffff
ACC-00010349,NORMAL,Axis-Sim,0.011,2021-09-08T00:00:00+00:00,883d8dcc0dfffff
ACC-00010350,NORMAL,ICICI-Sim,0.191,2022-10-18T00:00:00+00:00,88618c4e63fffff
ACC-00010351,NORMAL,ICICI-Sim,0.028,2021-07-19T00:00:00+00:00,88618c4d05fffff
ACC-00010352,NORMAL,BOI-Sim,0.127,2024-02-05T00:00:00+00:00,8860145943fffff
ACC-00010353,NORMAL,HDFC-Sim,0.151,2025-02-01T00:00:00+00:00,883da11409fffff
ACC-00010354,NORMAL,HDFC-Sim,0.111,2022-10-08T00:00:00+00:00,883d8dcc0dfffff
ACC-00010355,NORMAL,BOI-Sim,0.229,2025-01-04T00:00:00+00:00,88618c45b9fffff
ACC-00010356,NORMAL,PNB-Sim,0.085,2025-01-27T00:00:00+00:00,88618c45b9fffff
ACC-00010357,NORMAL,ICICI-Sim,0.089,2022-01-03T00:00:00+00:00,88618c45b9fffff
ACC-00010358,NORMAL,SBI-Sim,0.046,2023-01-16T00:00:00+00:00,883d8dcd5dfffff
ACC-00010359,NORMAL,SBI-Sim,0.176,2026-04-21T00:00:00+00:00,883da115a5fffff
ACC-00010360,NORMAL,HDFC-Sim,0.062,2026-03-06T00:00:00+00:00,88618c4d05fffff
ACC-00010361,NORMAL,BOI-Sim,0.002,2025-07-16T00:00:00+00:00,8842ceb559fffff
ACC-00010362,NORMAL,Axis-Sim,0.129,2021-12-31T00:00:00+00:00,88608b4733fffff
ACC-00010363,NORMAL,Axis-Sim,0.184,2021-09-18T00:00:00+00:00,88618c4f2bfffff
ACC-00010364,NORMAL,BOI-Sim,0.003,2025-01-31T00:00:00+00:00,883d8dcd5dfffff
ACC-00010365,NORMAL,Axis-Sim,0.198,2024-08-30T00:00:00+00:00,883da11409fffff
ACC-00010366,NORMAL,SBI-Sim,0.093,2023-08-31T00:00:00+00:00,88618c45b9fffff
ACC-00010367,NORMAL,PNB-Sim,0.243,2023-08-10T00:00:00+00:00,8842ceb5d9fffff
ACC-00010368,NORMAL,HDFC-Sim,0.041,2025-05-24T00:00:00+00:00,883da11409fffff
ACC-00010369,NORMAL,PNB-Sim,0.032,2021-08-07T00:00:00+00:00,8842ceb4a1fffff
ACC-00010370,NORMAL,BOI-Sim,0.041,2023-07-30T00:00:00+00:00,8842ceb559fffff
ACC-00010371,NORMAL,Axis-Sim,0.152,2025-03-26T00:00:00+00:00,88608b4733fffff
ACC-00010372,NORMAL,HDFC-Sim,0.181,2025-11-17T00:00:00+00:00,88608b0961fffff
ACC-00010373,NORMAL,PNB-Sim,0.134,2022-03-31T00:00:00+00:00,88618c4e63fffff
ACC-00010374,NORMAL,BOI-Sim,0.101,2024-11-10T00:00:00+00:00,8842ceb559fffff
ACC-00010375,NORMAL,Axis-Sim,0.049,2023-09-29T00:00:00+00:00,8861892ecbfffff
ACC-00010376,NORMAL,ICICI-Sim,0.055,2024-07-04T00:00:00+00:00,88618c4e63fffff
ACC-00010377,NORMAL,Axis-Sim,0.073,2021-07-15T00:00:00+00:00,88618c4e63fffff
ACC-00010378,NORMAL,BOI-Sim,0.225,2022-02-03T00:00:00+00:00,88608b0961fffff
ACC-00010379,NORMAL,Axis-Sim,0.049,2022-05-29T00:00:00+00:00,88608b56d7fffff
ACC-00010380,NORMAL,ICICI-Sim,0.124,2022-10-14T00:00:00+00:00,88618c4d05fffff
ACC-00010381,NORMAL,HDFC-Sim,0.104,2024-03-26T00:00:00+00:00,883d8dcdd5fffff
ACC-00010382,NORMAL,SBI-Sim,0.048,2023-04-29T00:00:00+00:00,8860b52e9bfffff
ACC-00010383,NORMAL,SBI-Sim,0.163,2025-12-06T00:00:00+00:00,8842cea623fffff
ACC-00010384,NORMAL,PNB-Sim,0.105,2026-01-19T00:00:00+00:00,883da115a5fffff
ACC-00010385,NORMAL,BOI-Sim,0.218,2023-02-28T00:00:00+00:00,8842ceb4a1fffff
ACC-00010386,NORMAL,HDFC-Sim,0.118,2023-10-03T00:00:00+00:00,8860b52c97fffff
ACC-00010387,NORMAL,ICICI-Sim,0.131,2024-06-14T00:00:00+00:00,8860145943fffff
ACC-00010388,NORMAL,HDFC-Sim,0.035,2025-05-13T00:00:00+00:00,883da115a5fffff
ACC-00010389,NORMAL,BOI-Sim,0.163,2023-01-21T00:00:00+00:00,8842ceb559fffff
ACC-00010390,NORMAL,ICICI-Sim,0.215,2025-02-04T00:00:00+00:00,8860b52c97fffff
ACC-00010391,NORMAL,PNB-Sim,0.087,2021-08-10T00:00:00+00:00,88608b0961fffff
ACC-00010392,NORMAL,ICICI-Sim,0.03,2024-08-19T00:00:00+00:00,88608b4733fffff
ACC-00010393,NORMAL,HDFC-Sim,0.223,2026-01-06T00:00:00+00:00,8842cea623fffff
ACC-00010394,NORMAL,SBI-Sim,0.079,2025-08-23T00:00:00+00:00,8860b19695fffff
ACC-00010395,NORMAL,ICICI-Sim,0.018,2026-01-21T00:00:00+00:00,88608b0a6bfffff
ACC-00010396,NORMAL,SBI-Sim,0.135,2021-11-30T00:00:00+00:00,883da115a5fffff
ACC-00010397,NORMAL,HDFC-Sim,0.099,2022-09-13T00:00:00+00:00,88608b56d7fffff
ACC-00010398,NORMAL,Axis-Sim,0.039,2025-04-08T00:00:00+00:00,8842cea623fffff
ACC-00010399,NORMAL,PNB-Sim,0.229,2022-01-01T00:00:00+00:00,88618921d1fffff
ACC-00010400,NORMAL,PNB-Sim,0.203,2023-05-09T00:00:00+00:00,88618925c5fffff
ACC-00010401,NORMAL,HDFC-Sim,0.007,2026-04-01T00:00:00+00:00,88608b56d7fffff
ACC-00010402,NORMAL,ICICI-Sim,0.232,2023-10-25T00:00:00+00:00,8860a259bbfffff
ACC-00010403,NORMAL,HDFC-Sim,0.168,2021-09-05T00:00:00+00:00,88618925c5fffff
ACC-00010404,NORMAL,PNB-Sim,0.003,2024-10-18T00:00:00+00:00,8860b52e9bfffff
ACC-00010405,NORMAL,ICICI-Sim,0.037,2022-12-07T00:00:00+00:00,88608b4733fffff
ACC-00010406,NORMAL,SBI-Sim,0.08,2025-09-18T00:00:00+00:00,88608b56d7fffff
ACC-00010407,NORMAL,PNB-Sim,0.119,2023-11-02T00:00:00+00:00,88618c4d05fffff
ACC-00010408,NORMAL,BOI-Sim,0.055,2023-07-31T00:00:00+00:00,8860b19695fffff
ACC-00010409,NORMAL,ICICI-Sim,0.079,2022-01-19T00:00:00+00:00,88618c4f2bfffff
ACC-00010410,NORMAL,BOI-Sim,0.066,2023-09-08T00:00:00+00:00,8842ceb5d9fffff
ACC-00010411,NORMAL,HDFC-Sim,0.1,2023-03-20T00:00:00+00:00,88618c4f2bfffff
ACC-00010412,NORMAL,ICICI-Sim,0.224,2024-07-25T00:00:00+00:00,8860145943fffff
ACC-00010413,NORMAL,ICICI-Sim,0.014,2023-09-06T00:00:00+00:00,88608b0a6bfffff
ACC-00010414,NORMAL,HDFC-Sim,0.243,2024-08-15T00:00:00+00:00,883d8dcf1dfffff
ACC-00010415,NORMAL,Axis-Sim,0.014,2026-02-06T00:00:00+00:00,883da11233fffff
ACC-00010416,NORMAL,Axis-Sim,0.001,2023-09-27T00:00:00+00:00,883d8dcc0dfffff
ACC-00010417,NORMAL,BOI-Sim,0.216,2024-08-06T00:00:00+00:00,8842ceb5d9fffff
ACC-00010418,NORMAL,SBI-Sim,0.222,2024-05-28T00:00:00+00:00,8860b19695fffff
ACC-00010419,NORMAL,Axis-Sim,0.046,2026-04-26T00:00:00+00:00,8860a259bbfffff
ACC-00010420,NORMAL,SBI-Sim,0.209,2023-12-30T00:00:00+00:00,8842ceb4a1fffff
ACC-00010421,NORMAL,ICICI-Sim,0.095,2026-04-29T00:00:00+00:00,88618c45b9fffff
ACC-00010422,NORMAL,BOI-Sim,0.066,2021-08-05T00:00:00+00:00,8861892ecbfffff
ACC-00010423,NORMAL,SBI-Sim,0.05,2026-03-10T00:00:00+00:00,883da11623fffff
ACC-00010424,NORMAL,SBI-Sim,0.086,2022-12-15T00:00:00+00:00,883d8dcf1dfffff
ACC-00010425,NORMAL,SBI-Sim,0.135,2024-06-12T00:00:00+00:00,88618c4f2bfffff
ACC-00010426,NORMAL,ICICI-Sim,0.139,2021-11-12T00:00:00+00:00,88608b56d7fffff
ACC-00010427,NORMAL,PNB-Sim,0.007,2024-03-23T00:00:00+00:00,883da115a5fffff
ACC-00010428,NORMAL,BOI-Sim,0.081,2022-06-19T00:00:00+00:00,8860b52c97fffff
ACC-00010429,NORMAL,HDFC-Sim,0.059,2024-02-13T00:00:00+00:00,88618c4d05fffff
ACC-00010430,NORMAL,HDFC-Sim,0.232,2023-01-13T00:00:00+00:00,88618c4f2bfffff
ACC-00010431,NORMAL,BOI-Sim,0.219,2022-11-28T00:00:00+00:00,88618925c5fffff
ACC-00010432,NORMAL,HDFC-Sim,0.034,2025-04-15T00:00:00+00:00,8860b52c97fffff
ACC-00010433,NORMAL,HDFC-Sim,0.013,2023-08-08T00:00:00+00:00,8860a259bbfffff
ACC-00010434,NORMAL,BOI-Sim,0.167,2022-05-23T00:00:00+00:00,883d8dcdd5fffff
ACC-00010435,NORMAL,BOI-Sim,0.123,2023-03-17T00:00:00+00:00,8842ceb4a1fffff
ACC-00010436,NORMAL,Axis-Sim,0.158,2026-01-23T00:00:00+00:00,883d8dcd5dfffff
ACC-00010437,NORMAL,SBI-Sim,0.052,2024-03-04T00:00:00+00:00,88618c4e63fffff
ACC-00010438,NORMAL,Axis-Sim,0.013,2021-07-09T00:00:00+00:00,88618c45b9fffff
ACC-00010439,NORMAL,Axis-Sim,0.111,2023-01-21T00:00:00+00:00,8842ceb4a1fffff
ACC-00010440,NORMAL,BOI-Sim,0.114,2023-04-12T00:00:00+00:00,883d8dcf1dfffff
ACC-00010441,NORMAL,ICICI-Sim,0.182,2024-09-20T00:00:00+00:00,883d8dcc0dfffff
ACC-00010442,NORMAL,ICICI-Sim,0.116,2024-12-19T00:00:00+00:00,8860b52c97fffff
ACC-00010443,NORMAL,ICICI-Sim,0.069,2023-01-02T00:00:00+00:00,8861892ecbfffff
ACC-00010444,NORMAL,Axis-Sim,0.146,2025-06-24T00:00:00+00:00,883d8dcdd5fffff
ACC-00010445,NORMAL,ICICI-Sim,0.174,2025-09-05T00:00:00+00:00,883da11409fffff
ACC-00010446,NORMAL,BOI-Sim,0.149,2024-10-08T00:00:00+00:00,883da11409fffff
ACC-00010447,NORMAL,Axis-Sim,0.184,2025-03-08T00:00:00+00:00,8860b19695fffff
ACC-00010448,NORMAL,BOI-Sim,0.22,2022-07-07T00:00:00+00:00,8842ceb5d9fffff
ACC-00010449,NORMAL,SBI-Sim,0.096,2023-06-08T00:00:00+00:00,88618c45b9fffff
ACC-00010450,NORMAL,BOI-Sim,0.091,2021-07-28T00:00:00+00:00,883d8dcf1dfffff
ACC-00010451,NORMAL,SBI-Sim,0.043,2025-08-27T00:00:00+00:00,883da11233fffff
ACC-00010452,NORMAL,Axis-Sim,0.117,2026-03-24T00:00:00+00:00,883da11623fffff
ACC-00010453,NORMAL,PNB-Sim,0.072,2023-10-31T00:00:00+00:00,8860a259bbfffff
ACC-00010454,NORMAL,BOI-Sim,0.033,2025-06-27T00:00:00+00:00,88618921d1fffff
ACC-00010455,NORMAL,PNB-Sim,0.112,2023-06-23T00:00:00+00:00,8842cea623fffff
ACC-00010456,NORMAL,Axis-Sim,0.156,2023-05-01T00:00:00+00:00,88608b0a6bfffff
ACC-00010457,NORMAL,SBI-Sim,0.064,2025-08-08T00:00:00+00:00,8860b52c97fffff
ACC-00010458,NORMAL,SBI-Sim,0.091,2022-11-24T00:00:00+00:00,883da11409fffff
ACC-00010459,NORMAL,ICICI-Sim,0.123,2022-12-28T00:00:00+00:00,88608b0961fffff
ACC-00010460,NORMAL,ICICI-Sim,0.072,2024-02-10T00:00:00+00:00,8842cea623fffff
ACC-00010461,NORMAL,ICICI-Sim,0.075,2024-08-27T00:00:00+00:00,883da11409fffff
ACC-00010462,NORMAL,HDFC-Sim,0.075,2025-12-10T00:00:00+00:00,883da11623fffff
ACC-00010463,NORMAL,HDFC-Sim,0.244,2021-09-18T00:00:00+00:00,88618921d1fffff
ACC-00010464,NORMAL,Axis-Sim,0.056,2024-08-11T00:00:00+00:00,8860b52c97fffff
ACC-00010465,NORMAL,HDFC-Sim,0.032,2024-08-12T00:00:00+00:00,88618c45b9fffff
ACC-00010466,NORMAL,Axis-Sim,0.213,2023-12-01T00:00:00+00:00,88618c4d05fffff
ACC-00010467,NORMAL,Axis-Sim,0.224,2024-01-06T00:00:00+00:00,883da11233fffff
ACC-00010468,NORMAL,BOI-Sim,0.099,2025-06-26T00:00:00+00:00,88608b0a6bfffff
ACC-00010469,NORMAL,SBI-Sim,0.128,2023-03-07T00:00:00+00:00,8842ceb4a1fffff
ACC-00010470,NORMAL,Axis-Sim,0.037,2022-02-02T00:00:00+00:00,883d8dcc0dfffff
ACC-00010471,NORMAL,PNB-Sim,0.086,2024-03-17T00:00:00+00:00,883d8dcd5dfffff
ACC-00010472,NORMAL,BOI-Sim,0.156,2023-06-14T00:00:00+00:00,88608b4733fffff
ACC-00010473,NORMAL,BOI-Sim,0.15,2025-08-29T00:00:00+00:00,88618c4d05fffff
ACC-00010474,NORMAL,HDFC-Sim,0.053,2024-01-16T00:00:00+00:00,8842ceb559fffff
ACC-00010475,NORMAL,SBI-Sim,0.138,2023-10-29T00:00:00+00:00,8860b52e9bfffff
ACC-00010476,NORMAL,Axis-Sim,0.027,2023-12-18T00:00:00+00:00,8860b19695fffff
ACC-00010477,NORMAL,Axis-Sim,0.073,2024-01-30T00:00:00+00:00,8860b52e9bfffff
ACC-00010478,NORMAL,ICICI-Sim,0.101,2025-05-09T00:00:00+00:00,88618921d1fffff
ACC-00010479,NORMAL,BOI-Sim,0.155,2022-06-25T00:00:00+00:00,88618925c5fffff
ACC-00010480,NORMAL,Axis-Sim,0.057,2021-08-29T00:00:00+00:00,8860145943fffff
ACC-00010481,NORMAL,Axis-Sim,0.024,2022-09-14T00:00:00+00:00,883d8dcf1dfffff
ACC-00010482,NORMAL,PNB-Sim,0.164,2023-05-13T00:00:00+00:00,88608b0961fffff
ACC-00010483,NORMAL,SBI-Sim,0.163,2022-07-03T00:00:00+00:00,8842ceb559fffff
ACC-00010484,NORMAL,SBI-Sim,0.245,2021-08-06T00:00:00+00:00,88618c45b9fffff
ACC-00010485,NORMAL,HDFC-Sim,0.033,2025-02-21T00:00:00+00:00,883d8dcf1dfffff
ACC-00010486,NORMAL,PNB-Sim,0.091,2023-10-25T00:00:00+00:00,883d8dcd5dfffff
ACC-00010487,NORMAL,HDFC-Sim,0.018,2022-06-14T00:00:00+00:00,8861892ecbfffff
ACC-00010488,NORMAL,HDFC-Sim,0.146,2024-09-27T00:00:00+00:00,88608b4733fffff
ACC-00010489,NORMAL,ICICI-Sim,0.014,2022-08-26T00:00:00+00:00,88618c4d05fffff
ACC-00010490,NORMAL,SBI-Sim,0.204,2023-05-03T00:00:00+00:00,8861892ecbfffff
ACC-00010491,NORMAL,PNB-Sim,0.065,2022-05-03T00:00:00+00:00,88608b56d7fffff
ACC-00010492,NORMAL,BOI-Sim,0.187,2024-03-01T00:00:00+00:00,88608b56d7fffff
ACC-00010493,NORMAL,HDFC-Sim,0.096,2022-11-18T00:00:00+00:00,8860b19695fffff
ACC-00010494,NORMAL,Axis-Sim,0.075,2025-01-23T00:00:00+00:00,88608b56d7fffff
ACC-00010495,NORMAL,SBI-Sim,0.151,2025-01-28T00:00:00+00:00,8842cea623fffff
ACC-00010496,NORMAL,ICICI-Sim,0.164,2021-08-25T00:00:00+00:00,88618c4f2bfffff
ACC-00010497,NORMAL,PNB-Sim,0.01,2025-11-29T00:00:00+00:00,883d8dcdd5fffff
ACC-00010498,NORMAL,ICICI-Sim,0.164,2022-06-30T00:00:00+00:00,8860b52c97fffff
ACC-00010499,NORMAL,Axis-Sim,0.215,2024-07-12T00:00:00+00:00,883d8dcd5dfffff
ACC-00010500,NORMAL,HDFC-Sim,0.238,2025-04-07T00:00:00+00:00,8842ceb5d9fffff
ACC-00010501,NORMAL,Axis-Sim,0.017,2024-03-02T00:00:00+00:00,883d8dcf1dfffff
ACC-00010502,NORMAL,SBI-Sim,0.072,2024-09-02T00:00:00+00:00,883da11623fffff
ACC-00010503,NORMAL,PNB-Sim,0.092,2023-08-15T00:00:00+00:00,88618c45b9fffff
ACC-00010504,NORMAL,PNB-Sim,0.009,2022-11-04T00:00:00+00:00,88618c45b9fffff
ACC-00010505,NORMAL,ICICI-Sim,0.064,2022-11-22T00:00:00+00:00,883d8dcc0dfffff
ACC-00010506,NORMAL,BOI-Sim,0.014,2025-02-16T00:00:00+00:00,88608b4733fffff
ACC-00010507,NORMAL,HDFC-Sim,0.158,2025-06-23T00:00:00+00:00,8842ceb5d9fffff
ACC-00010508,NORMAL,BOI-Sim,0.127,2021-07-28T00:00:00+00:00,883d8dcf1dfffff
ACC-00010509,NORMAL,Axis-Sim,0.247,2025-08-15T00:00:00+00:00,883d8dcc0dfffff
ACC-00010510,NORMAL,PNB-Sim,0.079,2022-08-02T00:00:00+00:00,88608b56d7fffff
ACC-00010511,NORMAL,ICICI-Sim,0.018,2022-02-01T00:00:00+00:00,883da115a5fffff
ACC-00010512,NORMAL,HDFC-Sim,0.053,2022-11-06T00:00:00+00:00,8860b19695fffff
ACC-00010513,NORMAL,BOI-Sim,0.081,2024-08-07T00:00:00+00:00,88618c4d05fffff
ACC-00010514,NORMAL,HDFC-Sim,0.071,2024-12-18T00:00:00+00:00,88618c45b9fffff
ACC-00010515,NORMAL,SBI-Sim,0.042,2022-05-22T00:00:00+00:00,883da115a5fffff
ACC-00010516,NORMAL,PNB-Sim,0.079,2021-09-17T00:00:00+00:00,8842cea623fffff
ACC-00010517,NORMAL,SBI-Sim,0.156,2025-12-31T00:00:00+00:00,88618c45b9fffff
ACC-00010518,NORMAL,ICICI-Sim,0.249,2021-10-28T00:00:00+00:00,88618c45b9fffff
ACC-00010519,NORMAL,SBI-Sim,0.182,2022-12-25T00:00:00+00:00,88618c4d05fffff
ACC-00010520,NORMAL,ICICI-Sim,0.132,2025-06-16T00:00:00+00:00,8861892ecbfffff
ACC-00010521,NORMAL,ICICI-Sim,0.183,2022-07-20T00:00:00+00:00,88618c4d05fffff
ACC-00010522,NORMAL,Axis-Sim,0.056,2022-11-14T00:00:00+00:00,88618925c5fffff
ACC-00010523,NORMAL,Axis-Sim,0.225,2025-03-02T00:00:00+00:00,883d8dcdd5fffff
ACC-00010524,NORMAL,PNB-Sim,0.024,2024-08-28T00:00:00+00:00,88608b0961fffff
ACC-00010525,NORMAL,ICICI-Sim,0.011,2024-12-07T00:00:00+00:00,883d8dcdd5fffff
ACC-00010526,NORMAL,HDFC-Sim,0.071,2024-04-17T00:00:00+00:00,8842ceb4a1fffff
ACC-00010527,NORMAL,ICICI-Sim,0.194,2021-11-04T00:00:00+00:00,8842ceb4a1fffff
ACC-00010528,NORMAL,PNB-Sim,0.165,2022-11-18T00:00:00+00:00,88618c45b9fffff
ACC-00010529,NORMAL,HDFC-Sim,0.114,2024-04-16T00:00:00+00:00,88608b0961fffff
ACC-00010530,NORMAL,Axis-Sim,0.195,2021-08-27T00:00:00+00:00,8842ceb4a1fffff
ACC-00010531,NORMAL,PNB-Sim,0.027,2023-08-01T00:00:00+00:00,8860145943fffff
ACC-00010532,NORMAL,Axis-Sim,0.237,2025-08-03T00:00:00+00:00,88618c4d05fffff
ACC-00010533,NORMAL,HDFC-Sim,0.239,2024-08-17T00:00:00+00:00,88618c4e63fffff
ACC-00010534,NORMAL,Axis-Sim,0.106,2022-08-04T00:00:00+00:00,88608b0a6bfffff
ACC-00010535,NORMAL,PNB-Sim,0.08,2025-12-23T00:00:00+00:00,8842ceb559fffff
ACC-00010536,NORMAL,BOI-Sim,0.156,2022-07-21T00:00:00+00:00,883d8dcd5dfffff
ACC-00010537,NORMAL,BOI-Sim,0.022,2021-09-20T00:00:00+00:00,8860b52c97fffff
ACC-00010538,NORMAL,SBI-Sim,0.156,2023-03-19T00:00:00+00:00,883da115a5fffff
ACC-00010539,NORMAL,ICICI-Sim,0.111,2024-09-03T00:00:00+00:00,883d8dcf1dfffff
ACC-00010540,NORMAL,SBI-Sim,0.156,2021-07-31T00:00:00+00:00,88618925c5fffff
ACC-00010541,NORMAL,SBI-Sim,0.092,2024-09-26T00:00:00+00:00,8860b52e9bfffff
ACC-00010542,NORMAL,BOI-Sim,0.249,2025-09-01T00:00:00+00:00,88608b56d7fffff
ACC-00010543,NORMAL,Axis-Sim,0.119,2025-03-11T00:00:00+00:00,88618c4f2bfffff
ACC-00010544,NORMAL,SBI-Sim,0.076,2023-02-23T00:00:00+00:00,8860b52e9bfffff
ACC-00010545,NORMAL,ICICI-Sim,0.122,2022-06-03T00:00:00+00:00,8861892ecbfffff
ACC-00010546,NORMAL,ICICI-Sim,0.063,2024-06-14T00:00:00+00:00,8860b19695fffff
ACC-00010547,NORMAL,PNB-Sim,0.152,2024-11-08T00:00:00+00:00,883da115a5fffff
ACC-00010548,NORMAL,HDFC-Sim,0.026,2024-03-01T00:00:00+00:00,883d8dcc0dfffff
ACC-00010549,NORMAL,Axis-Sim,0.246,2023-03-07T00:00:00+00:00,8860b19695fffff
ACC-00010550,NORMAL,ICICI-Sim,0.04,2025-11-12T00:00:00+00:00,883d8dcd5dfffff
ACC-00010551,NORMAL,Axis-Sim,0.145,2022-04-26T00:00:00+00:00,8860b52e9bfffff
ACC-00010552,NORMAL,PNB-Sim,0.001,2024-08-09T00:00:00+00:00,88618c4e63fffff
ACC-00010553,NORMAL,HDFC-Sim,0.133,2026-01-13T00:00:00+00:00,8860b52e9bfffff
ACC-00010554,NORMAL,HDFC-Sim,0.095,2024-10-05T00:00:00+00:00,8842ceb559fffff
ACC-00010555,NORMAL,HDFC-Sim,0.082,2026-04-14T00:00:00+00:00,8860b19695fffff
ACC-00010556,NORMAL,BOI-Sim,0.169,2023-11-16T00:00:00+00:00,8860b52e9bfffff
ACC-00010557,NORMAL,ICICI-Sim,0.1,2023-04-09T00:00:00+00:00,88608b0a6bfffff
ACC-00010558,NORMAL,Axis-Sim,0.084,2022-10-05T00:00:00+00:00,8860b52c97fffff
ACC-00010559,NORMAL,BOI-Sim,0.106,2024-05-14T00:00:00+00:00,88618c4d05fffff
ACC-00010560,NORMAL,BOI-Sim,0.025,2022-11-13T00:00:00+00:00,88608b0a6bfffff
ACC-00010561,NORMAL,ICICI-Sim,0.07,2024-06-01T00:00:00+00:00,8860b52c97fffff
ACC-00010562,NORMAL,SBI-Sim,0.141,2024-05-24T00:00:00+00:00,883da11409fffff
ACC-00010563,NORMAL,BOI-Sim,0.074,2025-06-22T00:00:00+00:00,883d8dcf1dfffff
ACC-00010564,NORMAL,SBI-Sim,0.048,2024-07-11T00:00:00+00:00,8860b19695fffff
ACC-00010565,NORMAL,ICICI-Sim,0.041,2024-01-13T00:00:00+00:00,8842cea623fffff
ACC-00010566,NORMAL,PNB-Sim,0.016,2022-01-12T00:00:00+00:00,88618c4d05fffff
ACC-00010567,NORMAL,PNB-Sim,0.105,2026-05-02T00:00:00+00:00,88608b0a6bfffff
ACC-00010568,NORMAL,SBI-Sim,0.234,2023-12-03T00:00:00+00:00,883d8dcd5dfffff
ACC-00010569,NORMAL,Axis-Sim,0.057,2021-09-14T00:00:00+00:00,8842ceb559fffff
ACC-00010570,NORMAL,Axis-Sim,0.092,2024-06-14T00:00:00+00:00,883d8dcc0dfffff
ACC-00010571,NORMAL,Axis-Sim,0.02,2026-04-26T00:00:00+00:00,883da11233fffff
ACC-00010572,NORMAL,SBI-Sim,0.086,2022-03-07T00:00:00+00:00,8860b52c97fffff
ACC-00010573,NORMAL,Axis-Sim,0.023,2024-02-28T00:00:00+00:00,883d8dcc0dfffff
ACC-00010574,NORMAL,PNB-Sim,0.002,2023-07-16T00:00:00+00:00,8842ceb559fffff
ACC-00010575,NORMAL,BOI-Sim,0.09,2023-09-09T00:00:00+00:00,88608b56d7fffff
ACC-00010576,NORMAL,SBI-Sim,0.058,2021-11-30T00:00:00+00:00,88618c4f2bfffff
ACC-00010577,NORMAL,PNB-Sim,0.186,2023-01-25T00:00:00+00:00,88608b0a6bfffff
ACC-00010578,NORMAL,PNB-Sim,0.102,2025-02-17T00:00:00+00:00,8842cea623fffff
ACC-00010579,NORMAL,HDFC-Sim,0.027,2025-11-05T00:00:00+00:00,88618921d1fffff
ACC-00010580,NORMAL,ICICI-Sim,0.021,2023-08-12T00:00:00+00:00,88608b4733fffff
ACC-00010581,NORMAL,PNB-Sim,0.086,2021-09-02T00:00:00+00:00,88608b56d7fffff
ACC-00010582,NORMAL,ICICI-Sim,0.107,2022-12-10T00:00:00+00:00,883da115a5fffff
ACC-00010583,NORMAL,Axis-Sim,0.2,2023-05-31T00:00:00+00:00,883da11623fffff
ACC-00010584,NORMAL,PNB-Sim,0.218,2022-08-13T00:00:00+00:00,8842cea623fffff
ACC-00010585,NORMAL,Axis-Sim,0.214,2025-03-09T00:00:00+00:00,88618921d1fffff
ACC-00010586,NORMAL,ICICI-Sim,0.092,2021-10-15T00:00:00+00:00,883d8dcf1dfffff
ACC-00010587,NORMAL,SBI-Sim,0.044,2025-05-05T00:00:00+00:00,883da11623fffff
ACC-00010588,NORMAL,HDFC-Sim,0.168,2022-07-02T00:00:00+00:00,883da11623fffff
ACC-00010589,NORMAL,ICICI-Sim,0.134,2025-06-05T00:00:00+00:00,883da11623fffff
ACC-00010590,NORMAL,ICICI-Sim,0.21,2025-01-15T00:00:00+00:00,883d8dcf1dfffff
ACC-00010591,NORMAL,ICICI-Sim,0.142,2021-07-07T00:00:00+00:00,88618c4e63fffff
ACC-00010592,NORMAL,Axis-Sim,0.181,2021-08-15T00:00:00+00:00,883da11623fffff
ACC-00010593,NORMAL,HDFC-Sim,0.248,2022-06-20T00:00:00+00:00,883da11623fffff
ACC-00010594,NORMAL,HDFC-Sim,0.147,2024-09-26T00:00:00+00:00,88608b0a6bfffff
ACC-00010595,NORMAL,BOI-Sim,0.188,2025-08-18T00:00:00+00:00,8842ceb4a1fffff
ACC-00010596,NORMAL,Axis-Sim,0.2,2023-08-18T00:00:00+00:00,88608b0a6bfffff
ACC-00010597,NORMAL,SBI-Sim,0.236,2021-09-18T00:00:00+00:00,88618c45b9fffff
ACC-00010598,NORMAL,Axis-Sim,0.049,2022-01-05T00:00:00+00:00,88618c4d05fffff
ACC-00010599,NORMAL,BOI-Sim,0.019,2021-07-07T00:00:00+00:00,8842cea623fffff
ACC-00010600,NORMAL,PNB-Sim,0.037,2023-02-25T00:00:00+00:00,8861892ecbfffff
ACC-00010601,NORMAL,PNB-Sim,0.013,2023-06-23T00:00:00+00:00,883d8dcd5dfffff
ACC-00010602,NORMAL,SBI-Sim,0.147,2025-10-23T00:00:00+00:00,88608b56d7fffff
ACC-00010603,NORMAL,PNB-Sim,0.066,2024-05-09T00:00:00+00:00,8860b19695fffff
ACC-00010604,NORMAL,SBI-Sim,0.117,2024-01-04T00:00:00+00:00,8860b52e9bfffff
ACC-00010605,NORMAL,HDFC-Sim,0.025,2022-07-19T00:00:00+00:00,8861892ecbfffff
ACC-00010606,NORMAL,ICICI-Sim,0.171,2025-12-20T00:00:00+00:00,8842cea623fffff
ACC-00010607,NORMAL,BOI-Sim,0.078,2024-10-17T00:00:00+00:00,88618c4d05fffff
ACC-00010608,NORMAL,SBI-Sim,0.055,2024-07-06T00:00:00+00:00,883d8dcc0dfffff
ACC-00010609,NORMAL,Axis-Sim,0.22,2025-04-08T00:00:00+00:00,88618921d1fffff
ACC-00010610,NORMAL,PNB-Sim,0.057,2025-06-27T00:00:00+00:00,883d8dcd5dfffff
ACC-00010611,NORMAL,BOI-Sim,0.045,2023-04-26T00:00:00+00:00,88608b4733fffff
ACC-00010612,NORMAL,SBI-Sim,0.071,2023-09-14T00:00:00+00:00,88608b0961fffff
ACC-00010613,NORMAL,BOI-Sim,0.12,2022-05-30T00:00:00+00:00,88618c4f2bfffff
ACC-00010614,NORMAL,Axis-Sim,0.017,2025-06-01T00:00:00+00:00,88618c4d05fffff
ACC-00010615,NORMAL,PNB-Sim,0.087,2025-01-06T00:00:00+00:00,8842ceb4a1fffff
ACC-00010616,NORMAL,Axis-Sim,0.236,2022-11-09T00:00:00+00:00,88618c4e63fffff
ACC-00010617,NORMAL,SBI-Sim,0.079,2023-05-09T00:00:00+00:00,883d8dcdd5fffff
ACC-00010618,NORMAL,PNB-Sim,0.111,2025-07-22T00:00:00+00:00,8861892ecbfffff
ACC-00010619,NORMAL,Axis-Sim,0.206,2022-02-15T00:00:00+00:00,88618c4e63fffff
ACC-00010620,NORMAL,Axis-Sim,0.199,2022-08-27T00:00:00+00:00,883d8dcd5dfffff
ACC-00010621,NORMAL,BOI-Sim,0.182,2024-12-10T00:00:00+00:00,88618c4f2bfffff
ACC-00010622,NORMAL,ICICI-Sim,0.007,2025-06-20T00:00:00+00:00,88608b4733fffff
ACC-00010623,NORMAL,SBI-Sim,0.161,2022-01-27T00:00:00+00:00,883d8dcd5dfffff
ACC-00010624,NORMAL,Axis-Sim,0.091,2021-07-29T00:00:00+00:00,88608b4733fffff
ACC-00010625,NORMAL,SBI-Sim,0.141,2025-06-17T00:00:00+00:00,88608b4733fffff
ACC-00010626,NORMAL,PNB-Sim,0.087,2025-02-13T00:00:00+00:00,88618921d1fffff
ACC-00010627,NORMAL,HDFC-Sim,0.111,2023-03-01T00:00:00+00:00,88618c4e63fffff
ACC-00010628,NORMAL,Axis-Sim,0.018,2026-04-05T00:00:00+00:00,883d8dcc0dfffff
ACC-00010629,NORMAL,Axis-Sim,0.02,2024-08-31T00:00:00+00:00,883da115a5fffff
ACC-00010630,NORMAL,PNB-Sim,0.061,2021-11-13T00:00:00+00:00,883da11623fffff
ACC-00010631,NORMAL,HDFC-Sim,0.144,2022-08-29T00:00:00+00:00,88618c45b9fffff
ACC-00010632,NORMAL,BOI-Sim,0.244,2025-12-27T00:00:00+00:00,883d8dcdd5fffff
ACC-00010633,NORMAL,Axis-Sim,0.144,2024-08-28T00:00:00+00:00,8842ceb4a1fffff
ACC-00010634,NORMAL,HDFC-Sim,0.216,2025-12-28T00:00:00+00:00,8860b19695fffff
ACC-00010635,NORMAL,Axis-Sim,0.211,2023-11-21T00:00:00+00:00,883da11409fffff
ACC-00010636,NORMAL,SBI-Sim,0.192,2026-03-14T00:00:00+00:00,88618925c5fffff
ACC-00010637,NORMAL,SBI-Sim,0.087,2022-02-18T00:00:00+00:00,88618c4e63fffff
ACC-00010638,NORMAL,Axis-Sim,0.176,2024-06-16T00:00:00+00:00,883da11409fffff
ACC-00010639,NORMAL,PNB-Sim,0.082,2024-06-10T00:00:00+00:00,883da11623fffff
ACC-00010640,NORMAL,Axis-Sim,0.098,2024-08-25T00:00:00+00:00,8861892ecbfffff
ACC-00010641,NORMAL,Axis-Sim,0.073,2023-09-11T00:00:00+00:00,8860a259bbfffff
ACC-00010642,NORMAL,BOI-Sim,0.105,2024-04-08T00:00:00+00:00,883da11233fffff
ACC-00010643,NORMAL,ICICI-Sim,0.201,2025-02-06T00:00:00+00:00,88618c4f2bfffff
ACC-00010644,NORMAL,HDFC-Sim,0.037,2023-11-24T00:00:00+00:00,8860b19695fffff
ACC-00010645,NORMAL,SBI-Sim,0.198,2025-10-06T00:00:00+00:00,883da11409fffff
ACC-00010646,NORMAL,BOI-Sim,0.134,2023-02-28T00:00:00+00:00,883d8dcc0dfffff
ACC-00010647,NORMAL,HDFC-Sim,0.224,2024-01-02T00:00:00+00:00,883da11233fffff
ACC-00010648,NORMAL,SBI-Sim,0.114,2025-04-06T00:00:00+00:00,883da115a5fffff
ACC-00010649,NORMAL,PNB-Sim,0.005,2025-08-25T00:00:00+00:00,8842ceb5d9fffff
ACC-00010650,NORMAL,HDFC-Sim,0.243,2022-05-19T00:00:00+00:00,88608b0961fffff
ACC-00010651,NORMAL,ICICI-Sim,0.148,2021-12-25T00:00:00+00:00,88618c4d05fffff
ACC-00010652,NORMAL,PNB-Sim,0.01,2024-08-05T00:00:00+00:00,88618c4f2bfffff
ACC-00010653,NORMAL,ICICI-Sim,0.221,2021-10-29T00:00:00+00:00,88618c4d05fffff
ACC-00010654,NORMAL,ICICI-Sim,0.192,2023-10-30T00:00:00+00:00,8860b52c97fffff
ACC-00010655,NORMAL,BOI-Sim,0.137,2024-06-29T00:00:00+00:00,8860145943fffff
ACC-00010656,NORMAL,Axis-Sim,0.167,2022-06-02T00:00:00+00:00,8860b19695fffff
ACC-00010657,NORMAL,SBI-Sim,0.114,2025-11-24T00:00:00+00:00,8842ceb5d9fffff
ACC-00010658,NORMAL,Axis-Sim,0.017,2023-11-10T00:00:00+00:00,883d8dcd5dfffff
ACC-00010659,NORMAL,SBI-Sim,0.205,2025-03-15T00:00:00+00:00,8861892ecbfffff
ACC-00010660,NORMAL,BOI-Sim,0.175,2025-12-05T00:00:00+00:00,8842cea623fffff
ACC-00010661,NORMAL,ICICI-Sim,0.151,2023-04-11T00:00:00+00:00,88608b4733fffff
ACC-00010662,NORMAL,BOI-Sim,0.154,2025-12-06T00:00:00+00:00,8842ceb4a1fffff
ACC-00010663,NORMAL,HDFC-Sim,0.059,2025-03-16T00:00:00+00:00,883da115a5fffff
ACC-00010664,NORMAL,BOI-Sim,0.211,2023-01-10T00:00:00+00:00,8842ceb559fffff
ACC-00010665,NORMAL,ICICI-Sim,0.021,2026-02-06T00:00:00+00:00,8842ceb4a1fffff
ACC-00010666,NORMAL,BOI-Sim,0.115,2021-11-02T00:00:00+00:00,883d8dcf1dfffff
ACC-00010667,NORMAL,SBI-Sim,0.162,2026-04-08T00:00:00+00:00,88618925c5fffff
ACC-00010668,NORMAL,PNB-Sim,0.039,2024-08-18T00:00:00+00:00,88618925c5fffff
ACC-00010669,NORMAL,PNB-Sim,0.067,2026-04-06T00:00:00+00:00,88608b0a6bfffff
ACC-00010670,NORMAL,SBI-Sim,0.139,2023-03-12T00:00:00+00:00,883d8dcdd5fffff
ACC-00010671,NORMAL,Axis-Sim,0.042,2023-02-22T00:00:00+00:00,8861892ecbfffff
ACC-00010672,NORMAL,Axis-Sim,0.082,2025-03-10T00:00:00+00:00,88608b0961fffff
ACC-00010673,NORMAL,BOI-Sim,0.066,2022-06-29T00:00:00+00:00,88618c4d05fffff
ACC-00010674,NORMAL,BOI-Sim,0.137,2023-09-07T00:00:00+00:00,8860a259bbfffff
ACC-00010675,NORMAL,PNB-Sim,0.097,2026-01-30T00:00:00+00:00,88608b56d7fffff
ACC-00010676,NORMAL,BOI-Sim,0.056,2024-11-11T00:00:00+00:00,8860b52c97fffff
ACC-00010677,NORMAL,HDFC-Sim,0.104,2024-08-08T00:00:00+00:00,8860145943fffff
ACC-00010678,NORMAL,PNB-Sim,0.226,2024-08-19T00:00:00+00:00,8842ceb559fffff
ACC-00010679,NORMAL,ICICI-Sim,0.057,2021-07-01T00:00:00+00:00,88618921d1fffff
ACC-00010680,NORMAL,BOI-Sim,0.221,2025-12-23T00:00:00+00:00,88618921d1fffff
ACC-00010681,NORMAL,PNB-Sim,0.168,2023-09-29T00:00:00+00:00,883da11623fffff
ACC-00010682,NORMAL,BOI-Sim,0.033,2024-09-24T00:00:00+00:00,883d8dcd5dfffff
ACC-00010683,NORMAL,SBI-Sim,0.158,2025-10-11T00:00:00+00:00,88618921d1fffff
ACC-00010684,NORMAL,PNB-Sim,0.079,2025-06-05T00:00:00+00:00,883da11233fffff
ACC-00010685,NORMAL,ICICI-Sim,0.038,2022-02-15T00:00:00+00:00,8860b52e9bfffff
ACC-00010686,NORMAL,PNB-Sim,0.013,2022-12-11T00:00:00+00:00,8860a259bbfffff
ACC-00010687,NORMAL,SBI-Sim,0.157,2021-06-30T00:00:00+00:00,8860a259bbfffff
ACC-00010688,NORMAL,SBI-Sim,0.205,2022-08-18T00:00:00+00:00,883da11623fffff
ACC-00010689,NORMAL,Axis-Sim,0.172,2023-10-15T00:00:00+00:00,8860b52e9bfffff
ACC-00010690,NORMAL,ICICI-Sim,0.209,2022-05-16T00:00:00+00:00,88618c4f2bfffff
ACC-00010691,NORMAL,Axis-Sim,0.07,2023-10-19T00:00:00+00:00,883da11233fffff
ACC-00010692,NORMAL,ICICI-Sim,0.095,2026-04-22T00:00:00+00:00,88618921d1fffff
ACC-00010693,NORMAL,ICICI-Sim,0.199,2025-09-03T00:00:00+00:00,883da11409fffff
ACC-00010694,NORMAL,SBI-Sim,0.118,2021-09-07T00:00:00+00:00,8842ceb5d9fffff
ACC-00010695,NORMAL,BOI-Sim,0.214,2025-12-21T00:00:00+00:00,883d8dcf1dfffff
ACC-00010696,NORMAL,BOI-Sim,0.145,2025-02-14T00:00:00+00:00,883da115a5fffff
ACC-00010697,NORMAL,PNB-Sim,0.155,2025-03-17T00:00:00+00:00,883da11409fffff
ACC-00010698,NORMAL,SBI-Sim,0.076,2024-06-01T00:00:00+00:00,88618c4e63fffff
ACC-00010699,NORMAL,SBI-Sim,0.097,2021-11-22T00:00:00+00:00,883da11409fffff
ACC-00010700,NORMAL,PNB-Sim,0.003,2023-06-19T00:00:00+00:00,88608b0961fffff
ACC-00010701,NORMAL,PNB-Sim,0.14,2023-03-24T00:00:00+00:00,883da11409fffff
ACC-00010702,NORMAL,HDFC-Sim,0.237,2022-04-15T00:00:00+00:00,8842ceb559fffff
ACC-00010703,NORMAL,BOI-Sim,0.082,2023-10-30T00:00:00+00:00,8860145943fffff
ACC-00010704,NORMAL,SBI-Sim,0.083,2021-09-07T00:00:00+00:00,88608b56d7fffff
ACC-00010705,NORMAL,ICICI-Sim,0.061,2022-08-23T00:00:00+00:00,883d8dcd5dfffff
ACC-00010706,NORMAL,SBI-Sim,0.204,2023-01-28T00:00:00+00:00,883d8dcd5dfffff
ACC-00010707,NORMAL,Axis-Sim,0.046,2022-05-14T00:00:00+00:00,88618c45b9fffff
ACC-00010708,NORMAL,BOI-Sim,0.178,2023-09-18T00:00:00+00:00,8861892ecbfffff
ACC-00010709,NORMAL,ICICI-Sim,0.089,2022-11-25T00:00:00+00:00,88608b4733fffff
ACC-00010710,NORMAL,PNB-Sim,0.001,2022-05-13T00:00:00+00:00,883d8dcc0dfffff
ACC-00010711,NORMAL,BOI-Sim,0.095,2022-10-31T00:00:00+00:00,88618921d1fffff
ACC-00010712,NORMAL,Axis-Sim,0.08,2023-08-02T00:00:00+00:00,88618c4d05fffff
ACC-00010713,NORMAL,ICICI-Sim,0.095,2024-06-29T00:00:00+00:00,883d8dcdd5fffff
ACC-00010714,NORMAL,HDFC-Sim,0.205,2022-05-14T00:00:00+00:00,88618c4d05fffff
ACC-00010715,NORMAL,SBI-Sim,0.2,2021-11-27T00:00:00+00:00,8860145943fffff
ACC-00010716,NORMAL,HDFC-Sim,0.131,2026-04-04T00:00:00+00:00,88618c4d05fffff
ACC-00010717,NORMAL,ICICI-Sim,0.215,2023-01-25T00:00:00+00:00,883d8dcf1dfffff
ACC-00010718,NORMAL,Axis-Sim,0.033,2022-01-14T00:00:00+00:00,883da115a5fffff
ACC-00010719,NORMAL,Axis-Sim,0.082,2024-05-21T00:00:00+00:00,8860b52e9bfffff
ACC-00010720,NORMAL,SBI-Sim,0.126,2026-01-19T00:00:00+00:00,883d8dcf1dfffff
ACC-00010721,NORMAL,ICICI-Sim,0.058,2022-03-06T00:00:00+00:00,88618921d1fffff
ACC-00010722,NORMAL,Axis-Sim,0.166,2023-09-19T00:00:00+00:00,8860b52c97fffff
ACC-00010723,NORMAL,Axis-Sim,0.032,2022-10-12T00:00:00+00:00,883da11623fffff
ACC-00010724,NORMAL,ICICI-Sim,0.156,2023-03-12T00:00:00+00:00,88618925c5fffff
ACC-00010725,NORMAL,BOI-Sim,0.19,2024-11-26T00:00:00+00:00,883da11623fffff
ACC-00010726,NORMAL,ICICI-Sim,0.108,2021-08-25T00:00:00+00:00,88618925c5fffff
ACC-00010727,NORMAL,PNB-Sim,0.004,2023-07-02T00:00:00+00:00,88618c45b9fffff
ACC-00010728,NORMAL,PNB-Sim,0.244,2023-12-13T00:00:00+00:00,88608b0a6bfffff
ACC-00010729,NORMAL,Axis-Sim,0.126,2025-03-05T00:00:00+00:00,8860b52c97fffff
ACC-00010730,NORMAL,Axis-Sim,0.051,2021-07-03T00:00:00+00:00,8860a259bbfffff
ACC-00010731,NORMAL,ICICI-Sim,0.168,2022-11-05T00:00:00+00:00,88618925c5fffff
ACC-00010732,NORMAL,BOI-Sim,0.054,2021-09-13T00:00:00+00:00,883da11233fffff
ACC-00010733,NORMAL,PNB-Sim,0.187,2022-03-18T00:00:00+00:00,88608b4733fffff
ACC-00010734,NORMAL,BOI-Sim,0.234,2023-07-25T00:00:00+00:00,88608b0a6bfffff
ACC-00010735,NORMAL,SBI-Sim,0.162,2025-12-02T00:00:00+00:00,88618c45b9fffff
ACC-00010736,NORMAL,ICICI-Sim,0.052,2024-05-21T00:00:00+00:00,883d8dcd5dfffff
ACC-00010737,NORMAL,BOI-Sim,0.091,2022-11-09T00:00:00+00:00,88618921d1fffff
ACC-00010738,NORMAL,HDFC-Sim,0.227,2023-05-14T00:00:00+00:00,88618c45b9fffff
ACC-00010739,NORMAL,BOI-Sim,0.031,2022-03-29T00:00:00+00:00,88608b4733fffff
ACC-00010740,NORMAL,SBI-Sim,0.166,2024-09-18T00:00:00+00:00,883da11409fffff
ACC-00010741,NORMAL,ICICI-Sim,0.223,2022-05-28T00:00:00+00:00,88618c4e63fffff
ACC-00010742,NORMAL,BOI-Sim,0.096,2022-02-10T00:00:00+00:00,8860b52e9bfffff
ACC-00010743,NORMAL,HDFC-Sim,0.235,2025-09-15T00:00:00+00:00,8861892ecbfffff
ACC-00010744,NORMAL,PNB-Sim,0.025,2021-09-16T00:00:00+00:00,8842cea623fffff
ACC-00010745,NORMAL,PNB-Sim,0.033,2022-11-25T00:00:00+00:00,8860145943fffff
ACC-00010746,NORMAL,PNB-Sim,0.213,2023-10-22T00:00:00+00:00,883d8dcdd5fffff
ACC-00010747,NORMAL,HDFC-Sim,0.038,2022-12-31T00:00:00+00:00,88618c4f2bfffff
ACC-00010748,NORMAL,SBI-Sim,0.033,2022-05-30T00:00:00+00:00,88618c45b9fffff
ACC-00010749,NORMAL,HDFC-Sim,0.012,2022-03-25T00:00:00+00:00,8861892ecbfffff
ACC-00010750,NORMAL,PNB-Sim,0.108,2021-08-20T00:00:00+00:00,88618c45b9fffff
ACC-00010751,NORMAL,ICICI-Sim,0.023,2024-11-10T00:00:00+00:00,8860b52c97fffff
ACC-00010752,NORMAL,ICICI-Sim,0.245,2021-07-10T00:00:00+00:00,883d8dcf1dfffff
ACC-00010753,NORMAL,Axis-Sim,0.03,2024-09-20T00:00:00+00:00,88608b0961fffff
ACC-00010754,NORMAL,HDFC-Sim,0.221,2021-10-23T00:00:00+00:00,8860b19695fffff
ACC-00010755,NORMAL,SBI-Sim,0.2,2024-07-22T00:00:00+00:00,8842ceb4a1fffff
ACC-00010756,NORMAL,BOI-Sim,0.184,2023-09-09T00:00:00+00:00,8860b52e9bfffff
ACC-00010757,NORMAL,SBI-Sim,0.153,2023-03-30T00:00:00+00:00,88618925c5fffff
ACC-00010758,NORMAL,BOI-Sim,0.186,2022-12-21T00:00:00+00:00,8860a259bbfffff
ACC-00010759,NORMAL,PNB-Sim,0.226,2026-01-21T00:00:00+00:00,883d8dcd5dfffff
ACC-00010760,NORMAL,Axis-Sim,0.11,2021-10-30T00:00:00+00:00,883da11233fffff
ACC-00010761,NORMAL,SBI-Sim,0.153,2021-07-21T00:00:00+00:00,88608b0961fffff
ACC-00010762,NORMAL,Axis-Sim,0.077,2021-08-23T00:00:00+00:00,88608b4733fffff
ACC-00010763,NORMAL,SBI-Sim,0.248,2023-12-31T00:00:00+00:00,88618c4e63fffff
ACC-00010764,NORMAL,HDFC-Sim,0.102,2023-05-23T00:00:00+00:00,88608b56d7fffff
ACC-00010765,NORMAL,BOI-Sim,0.221,2023-04-09T00:00:00+00:00,883da115a5fffff
ACC-00010766,NORMAL,BOI-Sim,0.153,2023-04-22T00:00:00+00:00,8842ceb5d9fffff
ACC-00010767,NORMAL,BOI-Sim,0.044,2022-04-22T00:00:00+00:00,883d8dcf1dfffff
ACC-00010768,NORMAL,Axis-Sim,0.17,2026-04-28T00:00:00+00:00,88618921d1fffff
ACC-00010769,NORMAL,SBI-Sim,0.206,2021-07-19T00:00:00+00:00,8842ceb4a1fffff
ACC-00010770,NORMAL,HDFC-Sim,0.151,2021-11-01T00:00:00+00:00,88618c4f2bfffff
ACC-00010771,NORMAL,Axis-Sim,0.171,2021-09-04T00:00:00+00:00,8860b19695fffff
ACC-00010772,NORMAL,SBI-Sim,0.149,2025-04-04T00:00:00+00:00,883d8dcc0dfffff
ACC-00010773,NORMAL,ICICI-Sim,0.155,2022-07-30T00:00:00+00:00,88608b4733fffff
ACC-00010774,NORMAL,HDFC-Sim,0.046,2024-05-26T00:00:00+00:00,88618c4f2bfffff
ACC-00010775,NORMAL,HDFC-Sim,0.097,2021-12-09T00:00:00+00:00,8842ceb4a1fffff
ACC-00010776,NORMAL,BOI-Sim,0.094,2022-02-23T00:00:00+00:00,88608b0a6bfffff
ACC-00010777,NORMAL,SBI-Sim,0.238,2023-10-28T00:00:00+00:00,883d8dcc0dfffff
ACC-00010778,NORMAL,BOI-Sim,0.025,2025-09-27T00:00:00+00:00,883da11409fffff
ACC-00010779,NORMAL,Axis-Sim,0.196,2025-01-03T00:00:00+00:00,8842ceb559fffff
ACC-00010780,NORMAL,HDFC-Sim,0.13,2025-05-04T00:00:00+00:00,883d8dcd5dfffff
ACC-00010781,NORMAL,HDFC-Sim,0.154,2021-09-08T00:00:00+00:00,8842ceb4a1fffff
ACC-00010782,NORMAL,Axis-Sim,0.234,2025-07-04T00:00:00+00:00,88618c4e63fffff
ACC-00010783,NORMAL,Axis-Sim,0.141,2022-01-03T00:00:00+00:00,88608b56d7fffff
ACC-00010784,NORMAL,BOI-Sim,0.248,2026-01-24T00:00:00+00:00,88618c4e63fffff
ACC-00010785,NORMAL,Axis-Sim,0.025,2024-08-14T00:00:00+00:00,88618c4e63fffff
ACC-00010786,NORMAL,SBI-Sim,0.078,2023-06-17T00:00:00+00:00,88608b4733fffff
ACC-00010787,NORMAL,ICICI-Sim,0.229,2023-01-12T00:00:00+00:00,883d8dcc0dfffff
ACC-00010788,NORMAL,HDFC-Sim,0.245,2025-07-06T00:00:00+00:00,883d8dcdd5fffff
ACC-00010789,NORMAL,Axis-Sim,0.001,2024-02-05T00:00:00+00:00,8860a259bbfffff
ACC-00010790,NORMAL,PNB-Sim,0.183,2022-04-14T00:00:00+00:00,8842cea623fffff
ACC-00010791,NORMAL,BOI-Sim,0.088,2025-10-14T00:00:00+00:00,883d8dcc0dfffff
ACC-00010792,NORMAL,Axis-Sim,0.097,2024-05-16T00:00:00+00:00,88618c4e63fffff
ACC-00010793,NORMAL,BOI-Sim,0.006,2025-03-18T00:00:00+00:00,88608b0a6bfffff
ACC-00010794,NORMAL,BOI-Sim,0.068,2024-09-05T00:00:00+00:00,8861892ecbfffff
ACC-00010795,NORMAL,BOI-Sim,0.135,2021-09-12T00:00:00+00:00,88618c4f2bfffff
ACC-00010796,NORMAL,Axis-Sim,0.075,2023-02-18T00:00:00+00:00,88618c45b9fffff
ACC-00010797,NORMAL,SBI-Sim,0.047,2022-02-08T00:00:00+00:00,883da11409fffff
ACC-00010798,NORMAL,HDFC-Sim,0.125,2024-11-17T00:00:00+00:00,88608b0961fffff
ACC-00010799,NORMAL,Axis-Sim,0.083,2026-04-25T00:00:00+00:00,8860b52c97fffff
ACC-00010800,NORMAL,ICICI-Sim,0.168,2023-04-10T00:00:00+00:00,883d8dcc0dfffff
ACC-00010801,NORMAL,PNB-Sim,0.034,2025-08-26T00:00:00+00:00,88618c45b9fffff
ACC-00010802,NORMAL,Axis-Sim,0.187,2022-12-06T00:00:00+00:00,88608b4733fffff
ACC-00010803,NORMAL,SBI-Sim,0.042,2022-05-26T00:00:00+00:00,8860145943fffff
ACC-00010804,NORMAL,PNB-Sim,0.083,2021-12-11T00:00:00+00:00,883da11409fffff
ACC-00010805,NORMAL,SBI-Sim,0.203,2022-03-16T00:00:00+00:00,883d8dcd5dfffff
ACC-00010806,NORMAL,HDFC-Sim,0.212,2025-01-15T00:00:00+00:00,8860b52c97fffff
ACC-00010807,NORMAL,SBI-Sim,0.145,2024-08-05T00:00:00+00:00,88618c4f2bfffff
ACC-00010808,NORMAL,HDFC-Sim,0.122,2023-01-25T00:00:00+00:00,8860145943fffff
ACC-00010809,NORMAL,HDFC-Sim,0.145,2024-09-21T00:00:00+00:00,88618c4e63fffff
ACC-00010810,NORMAL,SBI-Sim,0.165,2023-06-01T00:00:00+00:00,883da11409fffff
ACC-00010811,NORMAL,BOI-Sim,0.155,2024-05-25T00:00:00+00:00,883d8dcd5dfffff
ACC-00010812,NORMAL,ICICI-Sim,0.048,2023-08-04T00:00:00+00:00,8860a259bbfffff
ACC-00010813,NORMAL,Axis-Sim,0.236,2026-03-11T00:00:00+00:00,88618c45b9fffff
ACC-00010814,NORMAL,BOI-Sim,0.005,2024-01-08T00:00:00+00:00,883da115a5fffff
ACC-00010815,NORMAL,HDFC-Sim,0.119,2025-08-10T00:00:00+00:00,88618c4d05fffff
ACC-00010816,NORMAL,Axis-Sim,0.036,2026-01-05T00:00:00+00:00,88618925c5fffff
ACC-00010817,NORMAL,BOI-Sim,0.114,2025-03-20T00:00:00+00:00,8861892ecbfffff
ACC-00010818,NORMAL,BOI-Sim,0.177,2023-11-10T00:00:00+00:00,88618c4e63fffff
ACC-00010819,NORMAL,Axis-Sim,0.04,2023-02-21T00:00:00+00:00,883d8dcdd5fffff
ACC-00010820,NORMAL,PNB-Sim,0.109,2023-09-22T00:00:00+00:00,8860145943fffff
ACC-00010821,NORMAL,PNB-Sim,0.041,2026-04-18T00:00:00+00:00,8860b52e9bfffff
ACC-00010822,NORMAL,ICICI-Sim,0.032,2022-11-30T00:00:00+00:00,883da11409fffff
ACC-00010823,NORMAL,ICICI-Sim,0.152,2026-04-14T00:00:00+00:00,88618921d1fffff
ACC-00010824,NORMAL,SBI-Sim,0.059,2022-07-26T00:00:00+00:00,88618921d1fffff
ACC-00010825,NORMAL,ICICI-Sim,0.178,2023-12-28T00:00:00+00:00,883da11409fffff
ACC-00010826,NORMAL,HDFC-Sim,0.175,2022-01-27T00:00:00+00:00,883d8dcd5dfffff
ACC-00010827,NORMAL,Axis-Sim,0.122,2024-07-25T00:00:00+00:00,88618925c5fffff
ACC-00010828,NORMAL,PNB-Sim,0.091,2021-12-15T00:00:00+00:00,883d8dcf1dfffff
ACC-00010829,NORMAL,HDFC-Sim,0.158,2022-04-08T00:00:00+00:00,883da11409fffff
ACC-00010830,NORMAL,SBI-Sim,0.002,2023-06-02T00:00:00+00:00,883d8dcdd5fffff
ACC-00010831,NORMAL,Axis-Sim,0.221,2024-12-09T00:00:00+00:00,8842ceb559fffff
ACC-00010832,NORMAL,BOI-Sim,0.057,2025-04-29T00:00:00+00:00,883d8dcf1dfffff
ACC-00010833,NORMAL,BOI-Sim,0.175,2022-08-01T00:00:00+00:00,88608b56d7fffff
ACC-00010834,NORMAL,BOI-Sim,0.244,2021-11-26T00:00:00+00:00,8860a259bbfffff
ACC-00010835,NORMAL,SBI-Sim,0.205,2026-01-01T00:00:00+00:00,8860b52e9bfffff
ACC-00010836,NORMAL,Axis-Sim,0.069,2024-11-13T00:00:00+00:00,88618921d1fffff
ACC-00010837,NORMAL,HDFC-Sim,0.075,2025-01-03T00:00:00+00:00,8842ceb559fffff
ACC-00010838,NORMAL,PNB-Sim,0.061,2024-01-29T00:00:00+00:00,883d8dcdd5fffff
ACC-00010839,NORMAL,HDFC-Sim,0.035,2023-06-22T00:00:00+00:00,8860b52e9bfffff
ACC-00010840,NORMAL,BOI-Sim,0.173,2021-12-13T00:00:00+00:00,883d8dcc0dfffff
ACC-00010841,NORMAL,BOI-Sim,0.077,2023-01-01T00:00:00+00:00,8842ceb5d9fffff
ACC-00010842,NORMAL,PNB-Sim,0.046,2025-05-03T00:00:00+00:00,88618921d1fffff
ACC-00010843,NORMAL,HDFC-Sim,0.174,2022-04-21T00:00:00+00:00,8842ceb5d9fffff
ACC-00010844,NORMAL,Axis-Sim,0.167,2025-08-31T00:00:00+00:00,8842ceb559fffff
ACC-00010845,NORMAL,Axis-Sim,0.065,2023-03-26T00:00:00+00:00,883d8dcdd5fffff
ACC-00010846,NORMAL,HDFC-Sim,0.037,2022-09-25T00:00:00+00:00,883da11233fffff
ACC-00010847,NORMAL,BOI-Sim,0.249,2021-06-30T00:00:00+00:00,88618c45b9fffff
ACC-00010848,NORMAL,ICICI-Sim,0.126,2023-12-12T00:00:00+00:00,88618c45b9fffff
ACC-00010849,NORMAL,BOI-Sim,0.136,2024-04-13T00:00:00+00:00,883da11623fffff
ACC-00010850,NORMAL,HDFC-Sim,0.238,2022-08-25T00:00:00+00:00,883d8dcc0dfffff
ACC-00010851,NORMAL,PNB-Sim,0.086,2022-05-04T00:00:00+00:00,8842ceb559fffff
ACC-00010852,NORMAL,BOI-Sim,0.05,2023-09-22T00:00:00+00:00,883da11623fffff
ACC-00010853,NORMAL,ICICI-Sim,0.174,2022-01-30T00:00:00+00:00,883d8dcc0dfffff
ACC-00010854,NORMAL,BOI-Sim,0.171,2023-09-06T00:00:00+00:00,8860b52c97fffff
ACC-00010855,NORMAL,ICICI-Sim,0.063,2021-11-19T00:00:00+00:00,8860a259bbfffff
ACC-00010856,NORMAL,ICICI-Sim,0.007,2022-03-21T00:00:00+00:00,88618c4d05fffff
ACC-00010857,NORMAL,BOI-Sim,0.233,2023-06-16T00:00:00+00:00,88618c4e63fffff
ACC-00010858,NORMAL,PNB-Sim,0.242,2023-09-28T00:00:00+00:00,8842ceb559fffff
ACC-00010859,NORMAL,HDFC-Sim,0.107,2022-01-21T00:00:00+00:00,88608b4733fffff
ACC-00010860,NORMAL,Axis-Sim,0.157,2023-03-29T00:00:00+00:00,8860b19695fffff
ACC-00010861,NORMAL,BOI-Sim,0.197,2025-01-24T00:00:00+00:00,8842ceb5d9fffff
ACC-00010862,NORMAL,Axis-Sim,0.129,2025-06-16T00:00:00+00:00,88618921d1fffff
ACC-00010863,NORMAL,PNB-Sim,0.172,2022-04-25T00:00:00+00:00,8842ceb5d9fffff
ACC-00010864,NORMAL,ICICI-Sim,0.005,2023-07-13T00:00:00+00:00,8860b52e9bfffff
ACC-00010865,NORMAL,PNB-Sim,0.097,2023-07-03T00:00:00+00:00,883d8dcc0dfffff
ACC-00010866,NORMAL,ICICI-Sim,0.018,2025-01-08T00:00:00+00:00,8861892ecbfffff
ACC-00010867,NORMAL,SBI-Sim,0.139,2026-03-19T00:00:00+00:00,8860b52c97fffff
ACC-00010868,NORMAL,PNB-Sim,0.213,2025-02-14T00:00:00+00:00,8860b52e9bfffff
ACC-00010869,NORMAL,SBI-Sim,0.001,2022-11-04T00:00:00+00:00,88618c4e63fffff
ACC-00010870,NORMAL,Axis-Sim,0.115,2023-12-20T00:00:00+00:00,8860b52c97fffff
ACC-00010871,NORMAL,PNB-Sim,0.013,2024-03-21T00:00:00+00:00,8861892ecbfffff
ACC-00010872,NORMAL,PNB-Sim,0.094,2024-12-24T00:00:00+00:00,88618c4f2bfffff
ACC-00010873,NORMAL,SBI-Sim,0.042,2024-08-01T00:00:00+00:00,88618c4d05fffff
ACC-00010874,NORMAL,SBI-Sim,0.161,2025-01-27T00:00:00+00:00,88618921d1fffff
ACC-00010875,NORMAL,PNB-Sim,0.077,2024-01-09T00:00:00+00:00,883d8dcd5dfffff
ACC-00010876,NORMAL,PNB-Sim,0.128,2024-03-29T00:00:00+00:00,883d8dcf1dfffff
ACC-00010877,NORMAL,Axis-Sim,0.234,2025-02-12T00:00:00+00:00,88608b0961fffff
ACC-00010878,NORMAL,HDFC-Sim,0.115,2022-10-17T00:00:00+00:00,8842ceb4a1fffff
ACC-00010879,NORMAL,PNB-Sim,0.098,2021-09-11T00:00:00+00:00,883d8dcd5dfffff
ACC-00010880,NORMAL,SBI-Sim,0.042,2021-12-14T00:00:00+00:00,88618c4f2bfffff
ACC-00010881,NORMAL,Axis-Sim,0.061,2024-09-13T00:00:00+00:00,883da11409fffff
ACC-00010882,NORMAL,ICICI-Sim,0.12,2022-02-03T00:00:00+00:00,88608b0a6bfffff
ACC-00010883,NORMAL,HDFC-Sim,0.187,2023-12-25T00:00:00+00:00,883d8dcf1dfffff
ACC-00010884,NORMAL,HDFC-Sim,0.036,2023-07-19T00:00:00+00:00,88618925c5fffff
ACC-00010885,NORMAL,ICICI-Sim,0.084,2022-02-23T00:00:00+00:00,8842ceb4a1fffff
ACC-00010886,NORMAL,PNB-Sim,0.108,2024-11-30T00:00:00+00:00,88608b0961fffff
ACC-00010887,NORMAL,HDFC-Sim,0.045,2023-02-11T00:00:00+00:00,88608b4733fffff
ACC-00010888,NORMAL,BOI-Sim,0.247,2025-08-05T00:00:00+00:00,88618925c5fffff
ACC-00010889,NORMAL,PNB-Sim,0.168,2023-08-14T00:00:00+00:00,8860b52e9bfffff
ACC-00010890,NORMAL,ICICI-Sim,0.202,2025-04-09T00:00:00+00:00,8861892ecbfffff
ACC-00010891,NORMAL,BOI-Sim,0.035,2024-04-06T00:00:00+00:00,883d8dcf1dfffff
ACC-00010892,NORMAL,SBI-Sim,0.063,2021-09-23T00:00:00+00:00,8860b19695fffff
ACC-00010893,NORMAL,PNB-Sim,0.042,2024-05-15T00:00:00+00:00,88608b56d7fffff
ACC-00010894,NORMAL,SBI-Sim,0.064,2024-01-28T00:00:00+00:00,88618c4d05fffff
ACC-00010895,NORMAL,Axis-Sim,0.021,2022-06-21T00:00:00+00:00,8861892ecbfffff
ACC-00010896,NORMAL,SBI-Sim,0.0,2024-04-30T00:00:00+00:00,88608b56d7fffff
ACC-00010897,NORMAL,ICICI-Sim,0.165,2023-12-04T00:00:00+00:00,883d8dcd5dfffff
ACC-00010898,NORMAL,SBI-Sim,0.115,2023-03-29T00:00:00+00:00,8842cea623fffff
ACC-00010899,NORMAL,PNB-Sim,0.008,2024-05-14T00:00:00+00:00,8860a259bbfffff
ACC-00010900,NORMAL,ICICI-Sim,0.179,2022-05-05T00:00:00+00:00,883da11623fffff
ACC-00010901,NORMAL,PNB-Sim,0.114,2022-10-21T00:00:00+00:00,883d8dcf1dfffff
ACC-00010902,NORMAL,ICICI-Sim,0.05,2021-07-07T00:00:00+00:00,8860b52c97fffff
ACC-00010903,NORMAL,BOI-Sim,0.159,2022-11-14T00:00:00+00:00,883d8dcdd5fffff
ACC-00010904,NORMAL,SBI-Sim,0.173,2024-08-18T00:00:00+00:00,88618925c5fffff
ACC-00010905,NORMAL,Axis-Sim,0.084,2021-11-10T00:00:00+00:00,8860145943fffff
ACC-00010906,NORMAL,Axis-Sim,0.001,2024-02-15T00:00:00+00:00,88618925c5fffff
ACC-00010907,NORMAL,SBI-Sim,0.151,2025-04-01T00:00:00+00:00,883d8dcd5dfffff
ACC-00010908,NORMAL,SBI-Sim,0.219,2024-11-11T00:00:00+00:00,8860a259bbfffff
ACC-00010909,NORMAL,PNB-Sim,0.106,2022-06-04T00:00:00+00:00,8842ceb559fffff
ACC-00010910,NORMAL,SBI-Sim,0.011,2023-03-22T00:00:00+00:00,8860b52c97fffff
ACC-00010911,NORMAL,PNB-Sim,0.028,2023-12-28T00:00:00+00:00,8860a259bbfffff
ACC-00010912,NORMAL,ICICI-Sim,0.102,2025-08-11T00:00:00+00:00,88608b0961fffff
ACC-00010913,NORMAL,HDFC-Sim,0.01,2025-04-23T00:00:00+00:00,8842cea623fffff
ACC-00010914,NORMAL,Axis-Sim,0.099,2025-11-27T00:00:00+00:00,88618c45b9fffff
ACC-00010915,NORMAL,BOI-Sim,0.087,2022-09-26T00:00:00+00:00,88608b56d7fffff
ACC-00010916,NORMAL,BOI-Sim,0.167,2024-12-19T00:00:00+00:00,88618c45b9fffff
ACC-00010917,NORMAL,PNB-Sim,0.022,2022-01-06T00:00:00+00:00,88618925c5fffff
ACC-00010918,NORMAL,ICICI-Sim,0.052,2022-08-09T00:00:00+00:00,883da11623fffff
ACC-00010919,NORMAL,HDFC-Sim,0.12,2023-12-16T00:00:00+00:00,88618c4e63fffff
ACC-00010920,NORMAL,HDFC-Sim,0.081,2022-01-03T00:00:00+00:00,88618921d1fffff
ACC-00010921,NORMAL,Axis-Sim,0.05,2025-01-12T00:00:00+00:00,8842ceb559fffff
ACC-00010922,NORMAL,BOI-Sim,0.134,2025-06-10T00:00:00+00:00,883da11233fffff
ACC-00010923,NORMAL,HDFC-Sim,0.186,2024-05-15T00:00:00+00:00,88608b4733fffff
ACC-00010924,NORMAL,PNB-Sim,0.206,2023-09-10T00:00:00+00:00,88618925c5fffff
ACC-00010925,NORMAL,SBI-Sim,0.241,2023-09-14T00:00:00+00:00,883da115a5fffff
ACC-00010926,NORMAL,SBI-Sim,0.111,2022-08-15T00:00:00+00:00,88618925c5fffff
ACC-00010927,NORMAL,PNB-Sim,0.049,2023-09-02T00:00:00+00:00,883da11623fffff
ACC-00010928,NORMAL,BOI-Sim,0.186,2024-10-22T00:00:00+00:00,8842ceb4a1fffff
ACC-00010929,NORMAL,BOI-Sim,0.042,2025-05-09T00:00:00+00:00,883d8dcd5dfffff
ACC-00010930,NORMAL,HDFC-Sim,0.221,2023-01-08T00:00:00+00:00,8842ceb559fffff
ACC-00010931,NORMAL,ICICI-Sim,0.061,2026-03-03T00:00:00+00:00,883d8dcdd5fffff
ACC-00010932,NORMAL,ICICI-Sim,0.006,2023-07-31T00:00:00+00:00,8842ceb559fffff
ACC-00010933,NORMAL,Axis-Sim,0.045,2022-05-19T00:00:00+00:00,8842cea623fffff
ACC-00010934,NORMAL,ICICI-Sim,0.197,2024-06-22T00:00:00+00:00,8860b52e9bfffff
ACC-00010935,NORMAL,PNB-Sim,0.051,2023-05-01T00:00:00+00:00,88618c4d05fffff
ACC-00010936,NORMAL,BOI-Sim,0.065,2021-07-13T00:00:00+00:00,883d8dcc0dfffff
ACC-00010937,NORMAL,SBI-Sim,0.104,2021-08-23T00:00:00+00:00,8842ceb4a1fffff
ACC-00010938,NORMAL,HDFC-Sim,0.016,2023-11-17T00:00:00+00:00,88608b0a6bfffff
ACC-00010939,NORMAL,SBI-Sim,0.21,2023-04-10T00:00:00+00:00,8860a259bbfffff
ACC-00010940,NORMAL,HDFC-Sim,0.149,2021-08-24T00:00:00+00:00,8861892ecbfffff
ACC-00010941,NORMAL,Axis-Sim,0.192,2022-09-23T00:00:00+00:00,8842cea623fffff
ACC-00010942,NORMAL,ICICI-Sim,0.069,2024-02-04T00:00:00+00:00,8842cea623fffff
ACC-00010943,NORMAL,SBI-Sim,0.078,2022-12-31T00:00:00+00:00,883da11623fffff
ACC-00010944,NORMAL,PNB-Sim,0.042,2024-02-17T00:00:00+00:00,8842ceb559fffff
ACC-00010945,NORMAL,SBI-Sim,0.052,2024-07-04T00:00:00+00:00,88608b4733fffff
ACC-00010946,NORMAL,Axis-Sim,0.059,2023-10-17T00:00:00+00:00,88618925c5fffff
ACC-00010947,NORMAL,Axis-Sim,0.207,2025-12-08T00:00:00+00:00,88608b0a6bfffff
ACC-00010948,NORMAL,BOI-Sim,0.181,2022-03-07T00:00:00+00:00,88618c4f2bfffff
ACC-00010949,NORMAL,PNB-Sim,0.155,2022-09-15T00:00:00+00:00,88608b0961fffff
ACC-00010950,NORMAL,PNB-Sim,0.032,2025-01-07T00:00:00+00:00,8842ceb4a1fffff
ACC-00010951,NORMAL,ICICI-Sim,0.222,2025-05-05T00:00:00+00:00,8861892ecbfffff
ACC-00010952,NORMAL,HDFC-Sim,0.004,2023-01-11T00:00:00+00:00,8860a259bbfffff
ACC-00010953,NORMAL,ICICI-Sim,0.114,2025-10-06T00:00:00+00:00,883da11409fffff
ACC-00010954,NORMAL,Axis-Sim,0.064,2024-12-11T00:00:00+00:00,8860a259bbfffff
ACC-00010955,NORMAL,PNB-Sim,0.064,2021-12-15T00:00:00+00:00,88618c4d05fffff
ACC-00010956,NORMAL,SBI-Sim,0.155,2026-02-08T00:00:00+00:00,8860b52c97fffff
ACC-00010957,NORMAL,Axis-Sim,0.229,2025-02-10T00:00:00+00:00,88618c4f2bfffff
ACC-00010958,NORMAL,BOI-Sim,0.171,2022-12-04T00:00:00+00:00,8842ceb4a1fffff
ACC-00010959,NORMAL,BOI-Sim,0.022,2024-07-17T00:00:00+00:00,8860145943fffff
ACC-00010960,NORMAL,PNB-Sim,0.132,2022-12-31T00:00:00+00:00,883d8dcc0dfffff
ACC-00010961,NORMAL,HDFC-Sim,0.016,2023-09-10T00:00:00+00:00,8842ceb4a1fffff
ACC-00010962,NORMAL,BOI-Sim,0.083,2024-08-01T00:00:00+00:00,8860b52c97fffff
ACC-00010963,NORMAL,Axis-Sim,0.014,2025-03-05T00:00:00+00:00,88608b0a6bfffff
ACC-00010964,NORMAL,HDFC-Sim,0.23,2026-03-31T00:00:00+00:00,88618921d1fffff
ACC-00010965,NORMAL,SBI-Sim,0.0,2025-10-31T00:00:00+00:00,8842cea623fffff
ACC-00010966,NORMAL,ICICI-Sim,0.011,2024-11-19T00:00:00+00:00,88618c4d05fffff
ACC-00010967,NORMAL,BOI-Sim,0.012,2021-10-27T00:00:00+00:00,88608b56d7fffff
ACC-00010968,NORMAL,PNB-Sim,0.004,2024-11-19T00:00:00+00:00,8842cea623fffff
ACC-00010969,NORMAL,ICICI-Sim,0.027,2025-12-25T00:00:00+00:00,88618921d1fffff
ACC-00010970,NORMAL,PNB-Sim,0.118,2023-03-11T00:00:00+00:00,88618c4f2bfffff
ACC-00010971,NORMAL,ICICI-Sim,0.082,2022-05-23T00:00:00+00:00,883da115a5fffff
ACC-00010972,NORMAL,SBI-Sim,0.206,2024-11-18T00:00:00+00:00,8842cea623fffff
ACC-00010973,NORMAL,SBI-Sim,0.213,2023-05-10T00:00:00+00:00,883da11623fffff
ACC-00010974,NORMAL,ICICI-Sim,0.203,2024-07-17T00:00:00+00:00,88608b0a6bfffff
ACC-00010975,NORMAL,SBI-Sim,0.203,2023-09-03T00:00:00+00:00,883da11233fffff
ACC-00010976,NORMAL,ICICI-Sim,0.099,2022-01-10T00:00:00+00:00,88618c4e63fffff
ACC-00010977,NORMAL,SBI-Sim,0.17,2023-03-29T00:00:00+00:00,8860b52e9bfffff
ACC-00010978,NORMAL,PNB-Sim,0.184,2024-06-15T00:00:00+00:00,88618c4f2bfffff
ACC-00010979,NORMAL,PNB-Sim,0.065,2022-04-17T00:00:00+00:00,883d8dcf1dfffff
ACC-00010980,NORMAL,HDFC-Sim,0.192,2022-02-27T00:00:00+00:00,88618c4e63fffff
ACC-00010981,NORMAL,Axis-Sim,0.174,2025-09-12T00:00:00+00:00,8842ceb5d9fffff
ACC-00010982,NORMAL,HDFC-Sim,0.016,2025-02-09T00:00:00+00:00,883d8dcdd5fffff
ACC-00010983,NORMAL,ICICI-Sim,0.141,2022-06-08T00:00:00+00:00,8842cea623fffff
ACC-00010984,NORMAL,Axis-Sim,0.211,2023-12-24T00:00:00+00:00,88608b56d7fffff
ACC-00010985,NORMAL,PNB-Sim,0.108,2024-06-17T00:00:00+00:00,88608b56d7fffff
ACC-00010986,NORMAL,ICICI-Sim,0.166,2021-08-18T00:00:00+00:00,88618925c5fffff
ACC-00010987,NORMAL,HDFC-Sim,0.117,2023-04-27T00:00:00+00:00,88618921d1fffff
ACC-00010988,NORMAL,Axis-Sim,0.081,2022-10-24T00:00:00+00:00,8860b52c97fffff
ACC-00010989,NORMAL,PNB-Sim,0.126,2024-06-15T00:00:00+00:00,8842cea623fffff
ACC-00010990,NORMAL,PNB-Sim,0.171,2022-11-26T00:00:00+00:00,8860b52c97fffff
ACC-00010991,NORMAL,Axis-Sim,0.144,2021-09-30T00:00:00+00:00,8860b52c97fffff
ACC-00010992,NORMAL,PNB-Sim,0.187,2026-04-04T00:00:00+00:00,883d8dcf1dfffff
ACC-00010993,NORMAL,HDFC-Sim,0.227,2022-11-26T00:00:00+00:00,88618c45b9fffff
ACC-00010994,NORMAL,Axis-Sim,0.146,2022-05-02T00:00:00+00:00,8842ceb559fffff
ACC-00010995,NORMAL,ICICI-Sim,0.185,2024-12-22T00:00:00+00:00,8861892ecbfffff
ACC-00010996,NORMAL,ICICI-Sim,0.01,2024-02-24T00:00:00+00:00,883d8dcd5dfffff
ACC-00010997,NORMAL,Axis-Sim,0.057,2022-01-03T00:00:00+00:00,8860b52e9bfffff
ACC-00010998,NORMAL,SBI-Sim,0.063,2021-10-30T00:00:00+00:00,8842ceb4a1fffff
ACC-00010999,NORMAL,PNB-Sim,0.093,2024-11-02T00:00:00+00:00,8842ceb4a1fffff
ACC-00011000,NORMAL,Axis-Sim,0.12,2024-10-27T00:00:00+00:00,883da11409fffff
ACC-00011001,NORMAL,BOI-Sim,0.067,2024-08-16T00:00:00+00:00,883d8dcf1dfffff
ACC-00011002,NORMAL,PNB-Sim,0.035,2023-01-25T00:00:00+00:00,883da11409fffff
ACC-00011003,NORMAL,Axis-Sim,0.129,2023-10-17T00:00:00+00:00,88608b0961fffff
ACC-00011004,NORMAL,Axis-Sim,0.226,2023-09-09T00:00:00+00:00,88618c45b9fffff
ACC-00011005,NORMAL,ICICI-Sim,0.022,2025-07-16T00:00:00+00:00,88608b56d7fffff
ACC-00011006,NORMAL,HDFC-Sim,0.248,2022-07-17T00:00:00+00:00,883d8dcdd5fffff
ACC-00011007,NORMAL,HDFC-Sim,0.2,2024-02-16T00:00:00+00:00,883da115a5fffff
ACC-00011008,NORMAL,SBI-Sim,0.185,2022-08-31T00:00:00+00:00,883d8dcdd5fffff
ACC-00011009,NORMAL,PNB-Sim,0.239,2025-10-24T00:00:00+00:00,883d8dcd5dfffff
ACC-00011010,NORMAL,HDFC-Sim,0.122,2023-07-12T00:00:00+00:00,88608b56d7fffff
ACC-00011011,NORMAL,Axis-Sim,0.042,2021-12-31T00:00:00+00:00,8861892ecbfffff
ACC-00011012,NORMAL,SBI-Sim,0.128,2024-10-19T00:00:00+00:00,88618c4e63fffff
ACC-00011013,NORMAL,PNB-Sim,0.002,2024-11-14T00:00:00+00:00,8842ceb4a1fffff
ACC-00011014,NORMAL,ICICI-Sim,0.246,2025-05-21T00:00:00+00:00,883da11409fffff
ACC-00011015,NORMAL,PNB-Sim,0.117,2021-07-12T00:00:00+00:00,8842ceb5d9fffff
ACC-00011016,NORMAL,PNB-Sim,0.146,2022-06-16T00:00:00+00:00,8860b52c97fffff
ACC-00011017,NORMAL,ICICI-Sim,0.104,2024-11-28T00:00:00+00:00,883d8dcc0dfffff
ACC-00011018,NORMAL,PNB-Sim,0.159,2025-08-22T00:00:00+00:00,8842ceb559fffff
ACC-00011019,NORMAL,BOI-Sim,0.199,2022-09-08T00:00:00+00:00,883d8dcc0dfffff
ACC-00011020,NORMAL,Axis-Sim,0.062,2021-10-22T00:00:00+00:00,883d8dcc0dfffff
ACC-00011021,NORMAL,HDFC-Sim,0.085,2025-06-16T00:00:00+00:00,883d8dcf1dfffff
ACC-00011022,NORMAL,PNB-Sim,0.163,2024-03-06T00:00:00+00:00,88608b0961fffff
ACC-00011023,NORMAL,SBI-Sim,0.193,2024-04-11T00:00:00+00:00,8842ceb5d9fffff
ACC-00011024,NORMAL,PNB-Sim,0.138,2025-03-05T00:00:00+00:00,883da11409fffff
ACC-00011025,NORMAL,ICICI-Sim,0.053,2023-07-04T00:00:00+00:00,88618c45b9fffff
ACC-00011026,NORMAL,BOI-Sim,0.208,2023-05-06T00:00:00+00:00,883da11409fffff
ACC-00011027,NORMAL,PNB-Sim,0.168,2026-03-28T00:00:00+00:00,8842cea623fffff
ACC-00011028,NORMAL,PNB-Sim,0.072,2025-12-28T00:00:00+00:00,88608b4733fffff
ACC-00011029,NORMAL,PNB-Sim,0.022,2022-05-20T00:00:00+00:00,883da11409fffff
ACC-00011030,NORMAL,Axis-Sim,0.006,2023-02-25T00:00:00+00:00,883d8dcc0dfffff
ACC-00011031,NORMAL,ICICI-Sim,0.093,2022-10-18T00:00:00+00:00,883d8dcd5dfffff
ACC-00011032,NORMAL,HDFC-Sim,0.061,2023-03-28T00:00:00+00:00,883da115a5fffff
ACC-00011033,NORMAL,SBI-Sim,0.072,2025-01-07T00:00:00+00:00,8860b52c97fffff
ACC-00011034,NORMAL,PNB-Sim,0.045,2024-08-20T00:00:00+00:00,8842ceb4a1fffff
ACC-00011035,NORMAL,HDFC-Sim,0.148,2022-01-19T00:00:00+00:00,883da115a5fffff
ACC-00011036,NORMAL,Axis-Sim,0.177,2022-03-17T00:00:00+00:00,883d8dcc0dfffff
ACC-00011037,NORMAL,ICICI-Sim,0.077,2025-12-27T00:00:00+00:00,88608b56d7fffff
ACC-00011038,NORMAL,ICICI-Sim,0.035,2021-07-17T00:00:00+00:00,8842ceb4a1fffff
ACC-00011039,NORMAL,PNB-Sim,0.151,2022-07-29T00:00:00+00:00,883d8dcdd5fffff
ACC-00011040,NORMAL,PNB-Sim,0.144,2024-03-05T00:00:00+00:00,88608b4733fffff
ACC-00011041,NORMAL,PNB-Sim,0.009,2023-10-07T00:00:00+00:00,8842cea623fffff
ACC-00011042,NORMAL,PNB-Sim,0.008,2021-12-24T00:00:00+00:00,88618921d1fffff
ACC-00011043,NORMAL,Axis-Sim,0.092,2025-03-29T00:00:00+00:00,883da11233fffff
ACC-00011044,NORMAL,ICICI-Sim,0.25,2021-12-27T00:00:00+00:00,88618c4d05fffff
ACC-00011045,NORMAL,PNB-Sim,0.23,2022-07-22T00:00:00+00:00,88618c4d05fffff
ACC-00011046,NORMAL,SBI-Sim,0.19,2023-05-07T00:00:00+00:00,8842ceb559fffff
ACC-00011047,NORMAL,Axis-Sim,0.246,2026-03-16T00:00:00+00:00,88608b56d7fffff
ACC-00011048,NORMAL,SBI-Sim,0.158,2024-12-30T00:00:00+00:00,883d8dcf1dfffff
ACC-00011049,NORMAL,HDFC-Sim,0.074,2024-09-27T00:00:00+00:00,8842cea623fffff
ACC-00011050,NORMAL,ICICI-Sim,0.139,2024-11-05T00:00:00+00:00,88618c4d05fffff
ACC-00011051,NORMAL,PNB-Sim,0.114,2021-09-03T00:00:00+00:00,8842ceb4a1fffff
ACC-00011052,NORMAL,BOI-Sim,0.008,2022-01-25T00:00:00+00:00,883d8dcc0dfffff
ACC-00011053,NORMAL,BOI-Sim,0.127,2025-04-25T00:00:00+00:00,883d8dcdd5fffff
ACC-00011054,NORMAL,ICICI-Sim,0.152,2023-08-27T00:00:00+00:00,8860a259bbfffff
ACC-00011055,NORMAL,PNB-Sim,0.048,2023-08-08T00:00:00+00:00,88608b56d7fffff
ACC-00011056,NORMAL,HDFC-Sim,0.136,2024-05-31T00:00:00+00:00,88618c4d05fffff
ACC-00011057,NORMAL,HDFC-Sim,0.191,2022-12-18T00:00:00+00:00,883da115a5fffff
ACC-00011058,NORMAL,BOI-Sim,0.131,2023-07-20T00:00:00+00:00,8860145943fffff
ACC-00011059,NORMAL,ICICI-Sim,0.093,2025-02-23T00:00:00+00:00,8861892ecbfffff
ACC-00011060,NORMAL,HDFC-Sim,0.223,2024-10-12T00:00:00+00:00,88608b56d7fffff
ACC-00011061,NORMAL,BOI-Sim,0.208,2025-02-26T00:00:00+00:00,8860b19695fffff
ACC-00011062,NORMAL,Axis-Sim,0.202,2025-09-24T00:00:00+00:00,88618c45b9fffff
ACC-00011063,NORMAL,PNB-Sim,0.186,2022-03-23T00:00:00+00:00,88618c4e63fffff
ACC-00011064,NORMAL,BOI-Sim,0.118,2021-07-20T00:00:00+00:00,8860b19695fffff
ACC-00011065,NORMAL,SBI-Sim,0.163,2024-11-10T00:00:00+00:00,8860b19695fffff
ACC-00011066,NORMAL,HDFC-Sim,0.11,2025-01-22T00:00:00+00:00,88608b56d7fffff
ACC-00011067,NORMAL,ICICI-Sim,0.024,2024-03-13T00:00:00+00:00,883d8dcf1dfffff
ACC-00011068,NORMAL,ICICI-Sim,0.175,2026-03-30T00:00:00+00:00,883da115a5fffff
ACC-00011069,NORMAL,Axis-Sim,0.183,2022-01-28T00:00:00+00:00,8860b19695fffff
ACC-00011070,NORMAL,PNB-Sim,0.175,2021-08-07T00:00:00+00:00,8842cea623fffff
ACC-00011071,NORMAL,BOI-Sim,0.034,2022-06-17T00:00:00+00:00,88618c4d05fffff
ACC-00011072,NORMAL,HDFC-Sim,0.099,2024-10-03T00:00:00+00:00,883da11233fffff
ACC-00011073,NORMAL,ICICI-Sim,0.147,2024-08-30T00:00:00+00:00,88618921d1fffff
ACC-00011074,NORMAL,Axis-Sim,0.197,2021-09-29T00:00:00+00:00,88608b0a6bfffff
ACC-00011075,NORMAL,PNB-Sim,0.063,2024-01-27T00:00:00+00:00,8842ceb559fffff
ACC-00011076,NORMAL,HDFC-Sim,0.139,2021-08-23T00:00:00+00:00,8860b19695fffff
ACC-00011077,NORMAL,Axis-Sim,0.102,2024-05-24T00:00:00+00:00,883da11623fffff
ACC-00011078,NORMAL,ICICI-Sim,0.187,2025-06-16T00:00:00+00:00,88618c4f2bfffff
ACC-00011079,NORMAL,SBI-Sim,0.006,2021-09-27T00:00:00+00:00,8842ceb4a1fffff
ACC-00011080,NORMAL,ICICI-Sim,0.006,2023-01-26T00:00:00+00:00,88608b0a6bfffff
ACC-00011081,NORMAL,PNB-Sim,0.091,2026-02-03T00:00:00+00:00,8860b19695fffff
ACC-00011082,NORMAL,PNB-Sim,0.099,2023-12-21T00:00:00+00:00,8842ceb5d9fffff
ACC-00011083,NORMAL,BOI-Sim,0.14,2025-09-12T00:00:00+00:00,88618c4e63fffff
ACC-00011084,NORMAL,Axis-Sim,0.052,2022-01-24T00:00:00+00:00,8842ceb559fffff
ACC-00011085,NORMAL,BOI-Sim,0.119,2022-01-05T00:00:00+00:00,88618c4e63fffff
ACC-00011086,NORMAL,SBI-Sim,0.034,2023-09-12T00:00:00+00:00,8860b52e9bfffff
ACC-00011087,NORMAL,ICICI-Sim,0.042,2024-06-03T00:00:00+00:00,883da11409fffff
ACC-00011088,NORMAL,SBI-Sim,0.166,2021-12-16T00:00:00+00:00,8860b19695fffff
ACC-00011089,NORMAL,PNB-Sim,0.241,2023-04-21T00:00:00+00:00,8860b52e9bfffff
ACC-00011090,NORMAL,Axis-Sim,0.094,2022-12-10T00:00:00+00:00,88618c4d05fffff
ACC-00011091,NORMAL,PNB-Sim,0.171,2022-03-25T00:00:00+00:00,88618c4f2bfffff
ACC-00011092,NORMAL,SBI-Sim,0.034,2023-12-09T00:00:00+00:00,88608b4733fffff
ACC-00011093,NORMAL,SBI-Sim,0.117,2025-11-08T00:00:00+00:00,883d8dcd5dfffff
ACC-00011094,NORMAL,PNB-Sim,0.148,2025-08-23T00:00:00+00:00,883da11233fffff
ACC-00011095,NORMAL,ICICI-Sim,0.164,2024-07-25T00:00:00+00:00,883da115a5fffff
ACC-00011096,NORMAL,HDFC-Sim,0.154,2024-11-17T00:00:00+00:00,883da11409fffff
ACC-00011097,NORMAL,SBI-Sim,0.056,2022-09-26T00:00:00+00:00,883da11623fffff
ACC-00011098,NORMAL,Axis-Sim,0.163,2021-10-10T00:00:00+00:00,883da11623fffff
ACC-00011099,NORMAL,PNB-Sim,0.069,2023-06-18T00:00:00+00:00,88618c4e63fffff
ACC-00011100,NORMAL,SBI-Sim,0.018,2023-04-20T00:00:00+00:00,883da115a5fffff
ACC-00011101,NORMAL,PNB-Sim,0.168,2022-12-16T00:00:00+00:00,88608b0a6bfffff
ACC-00011102,NORMAL,SBI-Sim,0.046,2025-08-09T00:00:00+00:00,883d8dcc0dfffff
ACC-00011103,NORMAL,SBI-Sim,0.239,2022-07-11T00:00:00+00:00,88618921d1fffff
ACC-00011104,NORMAL,ICICI-Sim,0.035,2022-08-01T00:00:00+00:00,88618925c5fffff
ACC-00011105,NORMAL,PNB-Sim,0.222,2022-07-25T00:00:00+00:00,88608b56d7fffff
ACC-00011106,NORMAL,Axis-Sim,0.191,2024-12-31T00:00:00+00:00,8842ceb5d9fffff
ACC-00011107,NORMAL,HDFC-Sim,0.09,2026-03-02T00:00:00+00:00,8842cea623fffff
ACC-00011108,NORMAL,ICICI-Sim,0.008,2022-12-17T00:00:00+00:00,883d8dcf1dfffff
ACC-00011109,NORMAL,PNB-Sim,0.11,2023-09-02T00:00:00+00:00,8861892ecbfffff
ACC-00011110,NORMAL,PNB-Sim,0.022,2025-08-11T00:00:00+00:00,8842ceb5d9fffff
ACC-00011111,NORMAL,HDFC-Sim,0.07,2025-04-05T00:00:00+00:00,88618921d1fffff
ACC-00011112,NORMAL,Axis-Sim,0.064,2021-08-14T00:00:00+00:00,8842ceb4a1fffff
ACC-00011113,NORMAL,HDFC-Sim,0.033,2022-03-27T00:00:00+00:00,88608b0a6bfffff
ACC-00011114,NORMAL,ICICI-Sim,0.02,2025-10-17T00:00:00+00:00,8842ceb5d9fffff
ACC-00011115,NORMAL,Axis-Sim,0.139,2024-08-13T00:00:00+00:00,88608b56d7fffff
ACC-00011116,NORMAL,PNB-Sim,0.184,2023-05-08T00:00:00+00:00,883da11233fffff
ACC-00011117,NORMAL,SBI-Sim,0.012,2023-12-12T00:00:00+00:00,883da11623fffff
ACC-00011118,NORMAL,Axis-Sim,0.181,2025-04-20T00:00:00+00:00,88618c45b9fffff
ACC-00011119,NORMAL,PNB-Sim,0.008,2025-11-26T00:00:00+00:00,883da11409fffff
ACC-00011120,NORMAL,PNB-Sim,0.003,2026-02-10T00:00:00+00:00,883d8dcd5dfffff
ACC-00011121,NORMAL,PNB-Sim,0.053,2024-03-06T00:00:00+00:00,8860a259bbfffff
ACC-00011122,NORMAL,HDFC-Sim,0.064,2025-07-22T00:00:00+00:00,883d8dcd5dfffff
ACC-00011123,NORMAL,BOI-Sim,0.235,2023-02-15T00:00:00+00:00,88618925c5fffff
ACC-00011124,NORMAL,PNB-Sim,0.226,2026-03-18T00:00:00+00:00,88618921d1fffff
ACC-00011125,NORMAL,Axis-Sim,0.215,2022-08-19T00:00:00+00:00,883da11409fffff
ACC-00011126,NORMAL,SBI-Sim,0.033,2025-02-21T00:00:00+00:00,88618c4e63fffff
ACC-00011127,NORMAL,Axis-Sim,0.032,2024-01-22T00:00:00+00:00,883d8dcdd5fffff
ACC-00011128,NORMAL,PNB-Sim,0.093,2025-09-09T00:00:00+00:00,88608b0961fffff
ACC-00011129,NORMAL,HDFC-Sim,0.145,2022-02-01T00:00:00+00:00,8842ceb4a1fffff
ACC-00011130,NORMAL,HDFC-Sim,0.184,2026-03-13T00:00:00+00:00,883da11623fffff
ACC-00011131,NORMAL,Axis-Sim,0.051,2021-09-05T00:00:00+00:00,88608b4733fffff
ACC-00011132,NORMAL,Axis-Sim,0.123,2025-01-23T00:00:00+00:00,88618921d1fffff
ACC-00011133,NORMAL,ICICI-Sim,0.002,2023-01-09T00:00:00+00:00,88618c4e63fffff
ACC-00011134,NORMAL,ICICI-Sim,0.171,2022-04-07T00:00:00+00:00,883d8dcd5dfffff
ACC-00011135,NORMAL,ICICI-Sim,0.065,2021-09-19T00:00:00+00:00,88618c4d05fffff
ACC-00011136,NORMAL,ICICI-Sim,0.225,2023-07-01T00:00:00+00:00,8842ceb5d9fffff
ACC-00011137,NORMAL,BOI-Sim,0.19,2021-11-02T00:00:00+00:00,8842cea623fffff
ACC-00011138,NORMAL,SBI-Sim,0.128,2021-11-24T00:00:00+00:00,883d8dcd5dfffff
ACC-00011139,NORMAL,PNB-Sim,0.131,2023-10-27T00:00:00+00:00,883da115a5fffff
ACC-00011140,NORMAL,BOI-Sim,0.182,2023-04-19T00:00:00+00:00,8860b52e9bfffff
ACC-00011141,NORMAL,BOI-Sim,0.043,2025-06-14T00:00:00+00:00,883da11623fffff
ACC-00011142,NORMAL,ICICI-Sim,0.137,2022-07-05T00:00:00+00:00,883d8dcf1dfffff
ACC-00011143,NORMAL,ICICI-Sim,0.153,2023-09-09T00:00:00+00:00,883da11233fffff
ACC-00011144,NORMAL,Axis-Sim,0.044,2025-10-06T00:00:00+00:00,8860a259bbfffff
ACC-00011145,NORMAL,PNB-Sim,0.044,2025-09-02T00:00:00+00:00,8842ceb559fffff
ACC-00011146,NORMAL,ICICI-Sim,0.231,2023-11-28T00:00:00+00:00,88618921d1fffff
ACC-00011147,NORMAL,BOI-Sim,0.234,2024-04-01T00:00:00+00:00,8861892ecbfffff
ACC-00011148,NORMAL,Axis-Sim,0.173,2025-01-22T00:00:00+00:00,883d8dcf1dfffff
ACC-00011149,NORMAL,BOI-Sim,0.149,2023-07-18T00:00:00+00:00,8842ceb4a1fffff
ACC-00011150,NORMAL,SBI-Sim,0.18,2023-01-08T00:00:00+00:00,8860145943fffff
ACC-00011151,NORMAL,PNB-Sim,0.21,2023-02-25T00:00:00+00:00,8842ceb5d9fffff
ACC-00011152,NORMAL,HDFC-Sim,0.11,2023-05-26T00:00:00+00:00,8842ceb5d9fffff
ACC-00011153,NORMAL,Axis-Sim,0.02,2024-12-21T00:00:00+00:00,88618c4f2bfffff
ACC-00011154,NORMAL,ICICI-Sim,0.102,2025-08-14T00:00:00+00:00,88608b4733fffff
ACC-00011155,NORMAL,HDFC-Sim,0.107,2026-01-28T00:00:00+00:00,88618925c5fffff
ACC-00011156,NORMAL,PNB-Sim,0.077,2025-04-21T00:00:00+00:00,8860b52c97fffff
ACC-00011157,NORMAL,HDFC-Sim,0.098,2021-09-30T00:00:00+00:00,8860145943fffff
ACC-00011158,NORMAL,ICICI-Sim,0.01,2022-09-29T00:00:00+00:00,883d8dcdd5fffff
ACC-00011159,NORMAL,HDFC-Sim,0.032,2022-01-14T00:00:00+00:00,8860145943fffff
ACC-00011160,NORMAL,PNB-Sim,0.038,2025-06-04T00:00:00+00:00,8842ceb4a1fffff
ACC-00011161,NORMAL,ICICI-Sim,0.222,2023-08-18T00:00:00+00:00,8861892ecbfffff
ACC-00011162,NORMAL,BOI-Sim,0.074,2024-08-16T00:00:00+00:00,8842cea623fffff
ACC-00011163,NORMAL,BOI-Sim,0.199,2024-03-21T00:00:00+00:00,883da11623fffff
ACC-00011164,NORMAL,Axis-Sim,0.089,2025-03-08T00:00:00+00:00,8842ceb4a1fffff
ACC-00011165,NORMAL,ICICI-Sim,0.099,2026-01-17T00:00:00+00:00,88618c45b9fffff
ACC-00011166,NORMAL,BOI-Sim,0.148,2023-01-10T00:00:00+00:00,88618925c5fffff
ACC-00011167,NORMAL,SBI-Sim,0.023,2023-10-10T00:00:00+00:00,8842ceb559fffff
ACC-00011168,NORMAL,SBI-Sim,0.169,2025-08-02T00:00:00+00:00,88618925c5fffff
ACC-00011169,NORMAL,BOI-Sim,0.178,2024-07-02T00:00:00+00:00,88618c4e63fffff
ACC-00011170,NORMAL,HDFC-Sim,0.081,2022-10-27T00:00:00+00:00,88608b4733fffff
ACC-00011171,NORMAL,HDFC-Sim,0.228,2022-02-12T00:00:00+00:00,883d8dcc0dfffff
ACC-00011172,NORMAL,ICICI-Sim,0.242,2021-09-11T00:00:00+00:00,88608b4733fffff
ACC-00011173,NORMAL,Axis-Sim,0.204,2025-11-14T00:00:00+00:00,88608b0961fffff
ACC-00011174,NORMAL,SBI-Sim,0.147,2021-10-14T00:00:00+00:00,88618c4e63fffff
ACC-00011175,NORMAL,BOI-Sim,0.019,2025-04-20T00:00:00+00:00,8842ceb559fffff
ACC-00011176,NORMAL,Axis-Sim,0.023,2022-03-31T00:00:00+00:00,88618c4d05fffff
ACC-00011177,NORMAL,SBI-Sim,0.134,2024-01-23T00:00:00+00:00,8842ceb5d9fffff
ACC-00011178,NORMAL,HDFC-Sim,0.064,2024-04-05T00:00:00+00:00,88608b4733fffff
ACC-00011179,NORMAL,HDFC-Sim,0.239,2025-08-10T00:00:00+00:00,88608b0961fffff
ACC-00011180,NORMAL,SBI-Sim,0.216,2022-08-03T00:00:00+00:00,8842ceb4a1fffff
ACC-00011181,NORMAL,ICICI-Sim,0.191,2023-10-07T00:00:00+00:00,8860b19695fffff
ACC-00011182,NORMAL,Axis-Sim,0.161,2023-01-15T00:00:00+00:00,883da115a5fffff
ACC-00011183,NORMAL,HDFC-Sim,0.103,2023-02-05T00:00:00+00:00,8842ceb5d9fffff
ACC-00011184,NORMAL,SBI-Sim,0.157,2026-01-06T00:00:00+00:00,883da11233fffff
ACC-00011185,NORMAL,SBI-Sim,0.072,2024-07-31T00:00:00+00:00,88608b56d7fffff
ACC-00011186,NORMAL,ICICI-Sim,0.238,2022-11-17T00:00:00+00:00,88608b0961fffff
ACC-00011187,NORMAL,SBI-Sim,0.144,2025-08-17T00:00:00+00:00,88618c4f2bfffff
ACC-00011188,NORMAL,SBI-Sim,0.132,2023-07-02T00:00:00+00:00,8861892ecbfffff
ACC-00011189,NORMAL,SBI-Sim,0.177,2025-07-06T00:00:00+00:00,88618c4d05fffff
ACC-00011190,NORMAL,BOI-Sim,0.195,2022-09-09T00:00:00+00:00,883da11623fffff
ACC-00011191,NORMAL,PNB-Sim,0.171,2021-12-20T00:00:00+00:00,8860b19695fffff
ACC-00011192,NORMAL,BOI-Sim,0.202,2023-02-09T00:00:00+00:00,8842cea623fffff
ACC-00011193,NORMAL,SBI-Sim,0.159,2021-08-01T00:00:00+00:00,8860b19695fffff
ACC-00011194,NORMAL,BOI-Sim,0.105,2024-05-29T00:00:00+00:00,8861892ecbfffff
ACC-00011195,NORMAL,PNB-Sim,0.022,2023-12-04T00:00:00+00:00,883da11233fffff
ACC-00011196,NORMAL,Axis-Sim,0.147,2025-02-19T00:00:00+00:00,88618c4d05fffff
ACC-00011197,NORMAL,ICICI-Sim,0.114,2024-01-31T00:00:00+00:00,88618c45b9fffff
ACC-00011198,NORMAL,BOI-Sim,0.193,2023-03-05T00:00:00+00:00,88618c45b9fffff
ACC-00011199,NORMAL,Axis-Sim,0.021,2025-04-19T00:00:00+00:00,88618921d1fffff
ACC-00011200,NORMAL,PNB-Sim,0.014,2024-02-08T00:00:00+00:00,8860145943fffff
ACC-00011201,NORMAL,PNB-Sim,0.103,2025-09-11T00:00:00+00:00,8860a259bbfffff
ACC-00011202,NORMAL,HDFC-Sim,0.149,2024-07-30T00:00:00+00:00,883d8dcdd5fffff
ACC-00011203,NORMAL,Axis-Sim,0.129,2024-12-31T00:00:00+00:00,88618925c5fffff
ACC-00011204,NORMAL,SBI-Sim,0.047,2025-10-31T00:00:00+00:00,8860145943fffff
ACC-00011205,NORMAL,ICICI-Sim,0.062,2023-10-06T00:00:00+00:00,8860a259bbfffff
ACC-00011206,NORMAL,HDFC-Sim,0.068,2021-12-26T00:00:00+00:00,8860b19695fffff
ACC-00011207,NORMAL,PNB-Sim,0.141,2026-02-10T00:00:00+00:00,88618c4e63fffff
ACC-00011208,NORMAL,BOI-Sim,0.089,2024-02-09T00:00:00+00:00,8842cea623fffff
ACC-00011209,NORMAL,Axis-Sim,0.07,2024-10-25T00:00:00+00:00,8860b52e9bfffff
ACC-00011210,NORMAL,PNB-Sim,0.201,2023-08-03T00:00:00+00:00,88618c4d05fffff
ACC-00011211,NORMAL,Axis-Sim,0.127,2024-06-02T00:00:00+00:00,8860b19695fffff
ACC-00011212,NORMAL,PNB-Sim,0.17,2022-03-22T00:00:00+00:00,88608b4733fffff
ACC-00011213,NORMAL,Axis-Sim,0.222,2024-02-04T00:00:00+00:00,88618c4d05fffff
ACC-00011214,NORMAL,ICICI-Sim,0.066,2023-11-08T00:00:00+00:00,883d8dcc0dfffff
ACC-00011215,NORMAL,PNB-Sim,0.057,2023-06-19T00:00:00+00:00,883da11233fffff
ACC-00011216,NORMAL,Axis-Sim,0.028,2021-12-05T00:00:00+00:00,883da11409fffff
ACC-00011217,NORMAL,SBI-Sim,0.061,2024-06-22T00:00:00+00:00,88618c4f2bfffff
ACC-00011218,NORMAL,SBI-Sim,0.042,2023-02-13T00:00:00+00:00,883da11233fffff
ACC-00011219,NORMAL,HDFC-Sim,0.059,2023-10-12T00:00:00+00:00,8860145943fffff
ACC-00011220,NORMAL,HDFC-Sim,0.052,2022-05-15T00:00:00+00:00,883da11409fffff
ACC-00011221,NORMAL,BOI-Sim,0.226,2023-10-10T00:00:00+00:00,883d8dcc0dfffff
ACC-00011222,NORMAL,ICICI-Sim,0.206,2025-09-16T00:00:00+00:00,88618c4f2bfffff
ACC-00011223,NORMAL,PNB-Sim,0.056,2025-07-21T00:00:00+00:00,883da11623fffff
ACC-00011224,NORMAL,PNB-Sim,0.082,2023-08-28T00:00:00+00:00,8842ceb5d9fffff
ACC-00011225,NORMAL,SBI-Sim,0.059,2023-04-16T00:00:00+00:00,8842ceb559fffff
ACC-00011226,NORMAL,PNB-Sim,0.08,2025-07-02T00:00:00+00:00,88618c45b9fffff
ACC-00011227,NORMAL,PNB-Sim,0.128,2025-09-12T00:00:00+00:00,8842ceb5d9fffff
ACC-00011228,NORMAL,PNB-Sim,0.239,2024-04-14T00:00:00+00:00,88618921d1fffff
ACC-00011229,NORMAL,PNB-Sim,0.132,2025-05-17T00:00:00+00:00,883da11623fffff
ACC-00011230,NORMAL,HDFC-Sim,0.17,2023-09-29T00:00:00+00:00,8842ceb4a1fffff
ACC-00011231,NORMAL,BOI-Sim,0.217,2023-05-24T00:00:00+00:00,883da11623fffff
ACC-00011232,NORMAL,Axis-Sim,0.151,2023-06-25T00:00:00+00:00,88608b56d7fffff
ACC-00011233,NORMAL,PNB-Sim,0.245,2022-01-07T00:00:00+00:00,8860b52e9bfffff
ACC-00011234,NORMAL,BOI-Sim,0.241,2025-01-01T00:00:00+00:00,883da11409fffff
ACC-00011235,NORMAL,BOI-Sim,0.066,2025-01-16T00:00:00+00:00,8860b52e9bfffff
ACC-00011236,NORMAL,HDFC-Sim,0.111,2022-07-21T00:00:00+00:00,88618925c5fffff
ACC-00011237,NORMAL,BOI-Sim,0.191,2026-04-10T00:00:00+00:00,88618c4f2bfffff
ACC-00011238,NORMAL,HDFC-Sim,0.116,2023-07-13T00:00:00+00:00,883da11233fffff
ACC-00011239,NORMAL,Axis-Sim,0.017,2025-10-05T00:00:00+00:00,8842ceb5d9fffff
ACC-00011240,NORMAL,Axis-Sim,0.238,2022-07-27T00:00:00+00:00,8860a259bbfffff
ACC-00011241,NORMAL,HDFC-Sim,0.059,2021-11-28T00:00:00+00:00,883da115a5fffff
ACC-00011242,NORMAL,BOI-Sim,0.097,2022-03-26T00:00:00+00:00,88618c4d05fffff
ACC-00011243,NORMAL,BOI-Sim,0.146,2025-07-11T00:00:00+00:00,88618c4d05fffff
ACC-00011244,NORMAL,BOI-Sim,0.167,2024-02-01T00:00:00+00:00,883da11233fffff
ACC-00011245,NORMAL,PNB-Sim,0.043,2026-01-03T00:00:00+00:00,883d8dcdd5fffff
ACC-00011246,NORMAL,SBI-Sim,0.081,2024-09-29T00:00:00+00:00,883d8dcc0dfffff
ACC-00011247,NORMAL,BOI-Sim,0.037,2024-04-20T00:00:00+00:00,88618c45b9fffff
ACC-00011248,NORMAL,PNB-Sim,0.226,2022-11-21T00:00:00+00:00,883da11409fffff
ACC-00011249,NORMAL,SBI-Sim,0.163,2022-06-14T00:00:00+00:00,883da11409fffff
ACC-00011250,NORMAL,ICICI-Sim,0.056,2024-05-15T00:00:00+00:00,883d8dcdd5fffff
ACC-00011251,NORMAL,SBI-Sim,0.208,2023-01-04T00:00:00+00:00,8860b19695fffff
ACC-00011252,NORMAL,Axis-Sim,0.209,2023-07-06T00:00:00+00:00,8861892ecbfffff
ACC-00011253,NORMAL,HDFC-Sim,0.154,2023-05-28T00:00:00+00:00,88618925c5fffff
ACC-00011254,NORMAL,ICICI-Sim,0.103,2026-02-12T00:00:00+00:00,8860b52c97fffff
ACC-00011255,NORMAL,ICICI-Sim,0.188,2023-12-08T00:00:00+00:00,88608b0a6bfffff
ACC-00011256,NORMAL,PNB-Sim,0.1,2021-11-15T00:00:00+00:00,883d8dcf1dfffff
ACC-00011257,NORMAL,Axis-Sim,0.093,2022-05-11T00:00:00+00:00,883da11623fffff
ACC-00011258,NORMAL,ICICI-Sim,0.238,2026-01-31T00:00:00+00:00,8842cea623fffff
ACC-00011259,NORMAL,ICICI-Sim,0.215,2024-01-12T00:00:00+00:00,88608b0961fffff
ACC-00011260,NORMAL,SBI-Sim,0.027,2023-08-01T00:00:00+00:00,88618c4e63fffff
ACC-00011261,NORMAL,ICICI-Sim,0.224,2026-01-28T00:00:00+00:00,8842cea623fffff
ACC-00011262,NORMAL,BOI-Sim,0.123,2023-02-07T00:00:00+00:00,8842cea623fffff
ACC-00011263,NORMAL,PNB-Sim,0.066,2024-02-21T00:00:00+00:00,88618c4e63fffff
ACC-00011264,NORMAL,SBI-Sim,0.174,2025-04-30T00:00:00+00:00,88618921d1fffff
ACC-00011265,NORMAL,ICICI-Sim,0.059,2025-07-07T00:00:00+00:00,88608b0961fffff
ACC-00011266,NORMAL,PNB-Sim,0.038,2025-03-12T00:00:00+00:00,883d8dcf1dfffff
ACC-00011267,NORMAL,BOI-Sim,0.12,2026-04-15T00:00:00+00:00,8860145943fffff
ACC-00011268,NORMAL,ICICI-Sim,0.202,2022-07-05T00:00:00+00:00,88608b56d7fffff
ACC-00011269,NORMAL,HDFC-Sim,0.178,2021-11-11T00:00:00+00:00,8860b19695fffff
ACC-00011270,NORMAL,ICICI-Sim,0.041,2023-07-31T00:00:00+00:00,88618c4d05fffff
ACC-00011271,NORMAL,BOI-Sim,0.175,2025-06-06T00:00:00+00:00,88618921d1fffff
ACC-00011272,NORMAL,ICICI-Sim,0.232,2023-07-28T00:00:00+00:00,883da115a5fffff
ACC-00011273,NORMAL,BOI-Sim,0.128,2022-12-19T00:00:00+00:00,8842ceb5d9fffff
ACC-00011274,NORMAL,HDFC-Sim,0.164,2025-08-13T00:00:00+00:00,8842ceb4a1fffff
ACC-00011275,NORMAL,BOI-Sim,0.147,2023-09-05T00:00:00+00:00,8860a259bbfffff
ACC-00011276,NORMAL,SBI-Sim,0.234,2021-07-03T00:00:00+00:00,88608b56d7fffff
ACC-00011277,NORMAL,ICICI-Sim,0.154,2026-03-31T00:00:00+00:00,883d8dcd5dfffff
ACC-00011278,NORMAL,SBI-Sim,0.149,2023-07-22T00:00:00+00:00,883d8dcc0dfffff
ACC-00011279,NORMAL,Axis-Sim,0.224,2024-03-02T00:00:00+00:00,88608b0961fffff
ACC-00011280,NORMAL,ICICI-Sim,0.044,2025-12-03T00:00:00+00:00,88618921d1fffff
ACC-00011281,NORMAL,BOI-Sim,0.028,2022-09-26T00:00:00+00:00,8842ceb5d9fffff
ACC-00011282,NORMAL,SBI-Sim,0.002,2023-08-15T00:00:00+00:00,883da11233fffff
ACC-00011283,NORMAL,SBI-Sim,0.232,2021-08-31T00:00:00+00:00,883d8dcdd5fffff
ACC-00011284,NORMAL,ICICI-Sim,0.148,2024-01-27T00:00:00+00:00,883da11233fffff
ACC-00011285,NORMAL,BOI-Sim,0.242,2023-02-12T00:00:00+00:00,883d8dcf1dfffff
ACC-00011286,NORMAL,SBI-Sim,0.153,2025-04-04T00:00:00+00:00,88608b0961fffff
ACC-00011287,NORMAL,HDFC-Sim,0.17,2025-08-15T00:00:00+00:00,8842cea623fffff
ACC-00011288,NORMAL,SBI-Sim,0.083,2025-06-29T00:00:00+00:00,883da11233fffff
ACC-00011289,NORMAL,ICICI-Sim,0.239,2024-10-13T00:00:00+00:00,8860b52e9bfffff
ACC-00011290,NORMAL,SBI-Sim,0.203,2025-04-28T00:00:00+00:00,883d8dcf1dfffff
ACC-00011291,NORMAL,PNB-Sim,0.059,2024-03-28T00:00:00+00:00,883d8dcf1dfffff
ACC-00011292,NORMAL,SBI-Sim,0.037,2022-07-31T00:00:00+00:00,883d8dcf1dfffff
ACC-00011293,NORMAL,ICICI-Sim,0.012,2026-04-09T00:00:00+00:00,8842cea623fffff
ACC-00011294,NORMAL,Axis-Sim,0.169,2024-12-16T00:00:00+00:00,88608b0961fffff
ACC-00011295,NORMAL,SBI-Sim,0.011,2025-04-28T00:00:00+00:00,8860a259bbfffff
ACC-00011296,NORMAL,SBI-Sim,0.154,2025-05-21T00:00:00+00:00,8842ceb559fffff
ACC-00011297,NORMAL,ICICI-Sim,0.137,2021-09-15T00:00:00+00:00,883da11233fffff
ACC-00011298,NORMAL,SBI-Sim,0.005,2023-10-07T00:00:00+00:00,88608b0a6bfffff
ACC-00011299,NORMAL,Axis-Sim,0.247,2024-11-10T00:00:00+00:00,8860a259bbfffff
ACC-00011300,NORMAL,ICICI-Sim,0.093,2022-07-21T00:00:00+00:00,8842ceb5d9fffff
ACC-00011301,NORMAL,Axis-Sim,0.034,2022-03-28T00:00:00+00:00,8842ceb4a1fffff
ACC-00011302,NORMAL,HDFC-Sim,0.013,2025-09-11T00:00:00+00:00,88608b0a6bfffff
ACC-00011303,NORMAL,ICICI-Sim,0.088,2024-03-13T00:00:00+00:00,8842cea623fffff
ACC-00011304,NORMAL,PNB-Sim,0.183,2024-08-11T00:00:00+00:00,88618921d1fffff
ACC-00011305,NORMAL,HDFC-Sim,0.016,2023-12-29T00:00:00+00:00,8842cea623fffff
ACC-00011306,NORMAL,PNB-Sim,0.151,2025-09-10T00:00:00+00:00,88608b0a6bfffff
ACC-00011307,NORMAL,Axis-Sim,0.153,2025-09-20T00:00:00+00:00,8860b52e9bfffff
ACC-00011308,NORMAL,ICICI-Sim,0.09,2022-06-06T00:00:00+00:00,883d8dcdd5fffff
ACC-00011309,NORMAL,BOI-Sim,0.226,2025-03-02T00:00:00+00:00,8860b19695fffff
ACC-00011310,NORMAL,SBI-Sim,0.206,2025-07-25T00:00:00+00:00,88608b56d7fffff
ACC-00011311,NORMAL,BOI-Sim,0.196,2022-05-31T00:00:00+00:00,88618c45b9fffff
ACC-00011312,NORMAL,HDFC-Sim,0.163,2026-02-23T00:00:00+00:00,883da115a5fffff
ACC-00011313,NORMAL,PNB-Sim,0.123,2025-10-29T00:00:00+00:00,8842cea623fffff
ACC-00011314,NORMAL,Axis-Sim,0.235,2023-03-30T00:00:00+00:00,8842ceb559fffff
ACC-00011315,NORMAL,HDFC-Sim,0.119,2024-09-18T00:00:00+00:00,88608b0a6bfffff
ACC-00011316,NORMAL,BOI-Sim,0.091,2025-01-10T00:00:00+00:00,883da11623fffff
ACC-00011317,NORMAL,BOI-Sim,0.108,2024-11-22T00:00:00+00:00,8860b52c97fffff
ACC-00011318,NORMAL,HDFC-Sim,0.043,2023-12-26T00:00:00+00:00,88608b4733fffff
ACC-00011319,NORMAL,SBI-Sim,0.118,2022-07-31T00:00:00+00:00,8861892ecbfffff
ACC-00011320,NORMAL,Axis-Sim,0.214,2025-09-21T00:00:00+00:00,883da11409fffff
ACC-00011321,NORMAL,HDFC-Sim,0.055,2024-07-18T00:00:00+00:00,8861892ecbfffff
ACC-00011322,NORMAL,PNB-Sim,0.02,2021-08-11T00:00:00+00:00,883d8dcc0dfffff
ACC-00011323,NORMAL,HDFC-Sim,0.064,2021-09-26T00:00:00+00:00,8860b19695fffff
ACC-00011324,NORMAL,BOI-Sim,0.186,2025-08-19T00:00:00+00:00,883d8dcf1dfffff
ACC-00011325,NORMAL,PNB-Sim,0.159,2023-03-18T00:00:00+00:00,88618c4d05fffff
ACC-00011326,NORMAL,PNB-Sim,0.195,2023-08-06T00:00:00+00:00,8842ceb559fffff
ACC-00011327,NORMAL,ICICI-Sim,0.084,2022-11-11T00:00:00+00:00,8861892ecbfffff
ACC-00011328,NORMAL,BOI-Sim,0.19,2026-01-27T00:00:00+00:00,883d8dcd5dfffff
ACC-00011329,NORMAL,BOI-Sim,0.113,2023-09-13T00:00:00+00:00,883da11623fffff
ACC-00011330,NORMAL,BOI-Sim,0.222,2021-07-24T00:00:00+00:00,8842ceb5d9fffff
ACC-00011331,NORMAL,BOI-Sim,0.204,2022-04-10T00:00:00+00:00,883d8dcc0dfffff
ACC-00011332,NORMAL,Axis-Sim,0.114,2023-04-06T00:00:00+00:00,8861892ecbfffff
ACC-00011333,NORMAL,BOI-Sim,0.019,2025-11-02T00:00:00+00:00,8842ceb5d9fffff
ACC-00011334,NORMAL,HDFC-Sim,0.203,2024-10-03T00:00:00+00:00,883da11409fffff
ACC-00011335,NORMAL,ICICI-Sim,0.133,2025-01-06T00:00:00+00:00,8842ceb559fffff
ACC-00011336,NORMAL,ICICI-Sim,0.06,2024-09-17T00:00:00+00:00,883da11233fffff
ACC-00011337,NORMAL,Axis-Sim,0.102,2024-07-20T00:00:00+00:00,883da11409fffff
ACC-00011338,NORMAL,Axis-Sim,0.072,2024-10-19T00:00:00+00:00,88618c45b9fffff
ACC-00011339,NORMAL,ICICI-Sim,0.241,2022-02-18T00:00:00+00:00,88608b0a6bfffff
ACC-00011340,NORMAL,BOI-Sim,0.206,2024-08-26T00:00:00+00:00,88618c4e63fffff
ACC-00011341,NORMAL,BOI-Sim,0.079,2025-12-14T00:00:00+00:00,88618c4e63fffff
ACC-00011342,NORMAL,HDFC-Sim,0.179,2023-05-13T00:00:00+00:00,883da11623fffff
ACC-00011343,NORMAL,Axis-Sim,0.15,2023-07-01T00:00:00+00:00,8842ceb5d9fffff
ACC-00011344,NORMAL,BOI-Sim,0.183,2024-08-18T00:00:00+00:00,883da115a5fffff
ACC-00011345,NORMAL,Axis-Sim,0.151,2023-02-26T00:00:00+00:00,883da11409fffff
ACC-00011346,NORMAL,SBI-Sim,0.244,2024-04-12T00:00:00+00:00,883da11409fffff
ACC-00011347,NORMAL,ICICI-Sim,0.183,2023-05-28T00:00:00+00:00,8861892ecbfffff
ACC-00011348,NORMAL,SBI-Sim,0.182,2022-08-15T00:00:00+00:00,883d8dcdd5fffff
ACC-00011349,NORMAL,Axis-Sim,0.209,2026-04-18T00:00:00+00:00,883d8dcf1dfffff
ACC-00011350,NORMAL,HDFC-Sim,0.034,2022-04-24T00:00:00+00:00,8842ceb5d9fffff
ACC-00011351,NORMAL,Axis-Sim,0.221,2022-06-08T00:00:00+00:00,883da11623fffff
ACC-00011352,NORMAL,SBI-Sim,0.029,2021-11-30T00:00:00+00:00,8842cea623fffff
ACC-00011353,NORMAL,HDFC-Sim,0.035,2024-10-29T00:00:00+00:00,883da11623fffff
ACC-00011354,NORMAL,SBI-Sim,0.147,2024-07-25T00:00:00+00:00,88618921d1fffff
ACC-00011355,NORMAL,SBI-Sim,0.096,2023-04-27T00:00:00+00:00,8860b52c97fffff
ACC-00011356,NORMAL,SBI-Sim,0.227,2022-05-11T00:00:00+00:00,8842ceb4a1fffff
ACC-00011357,NORMAL,SBI-Sim,0.011,2024-10-04T00:00:00+00:00,88608b4733fffff
ACC-00011358,NORMAL,PNB-Sim,0.23,2023-05-01T00:00:00+00:00,88618c4d05fffff
ACC-00011359,NORMAL,PNB-Sim,0.187,2024-05-16T00:00:00+00:00,8842ceb559fffff
ACC-00011360,NORMAL,SBI-Sim,0.112,2022-11-05T00:00:00+00:00,8861892ecbfffff
ACC-00011361,NORMAL,BOI-Sim,0.084,2025-10-23T00:00:00+00:00,88618c4f2bfffff
ACC-00011362,NORMAL,PNB-Sim,0.198,2023-10-13T00:00:00+00:00,8842ceb559fffff
ACC-00011363,NORMAL,SBI-Sim,0.24,2023-03-18T00:00:00+00:00,8860b19695fffff
ACC-00011364,NORMAL,ICICI-Sim,0.143,2021-11-22T00:00:00+00:00,88608b0961fffff
ACC-00011365,NORMAL,HDFC-Sim,0.075,2025-05-22T00:00:00+00:00,88608b0961fffff
ACC-00011366,NORMAL,ICICI-Sim,0.097,2023-07-05T00:00:00+00:00,88608b4733fffff
ACC-00011367,NORMAL,Axis-Sim,0.207,2025-11-01T00:00:00+00:00,8860a259bbfffff
ACC-00011368,NORMAL,Axis-Sim,0.04,2025-07-29T00:00:00+00:00,8842cea623fffff
ACC-00011369,NORMAL,BOI-Sim,0.15,2025-04-27T00:00:00+00:00,8842ceb4a1fffff
ACC-00011370,NORMAL,Axis-Sim,0.147,2022-08-24T00:00:00+00:00,88608b0961fffff
ACC-00011371,NORMAL,HDFC-Sim,0.083,2024-11-04T00:00:00+00:00,883da11409fffff
ACC-00011372,NORMAL,HDFC-Sim,0.115,2025-02-13T00:00:00+00:00,8842ceb559fffff
ACC-00011373,NORMAL,Axis-Sim,0.074,2022-09-27T00:00:00+00:00,883d8dcf1dfffff
ACC-00011374,NORMAL,Axis-Sim,0.024,2022-07-23T00:00:00+00:00,8861892ecbfffff
ACC-00011375,NORMAL,HDFC-Sim,0.077,2022-05-09T00:00:00+00:00,8842ceb559fffff
ACC-00011376,NORMAL,HDFC-Sim,0.148,2022-03-17T00:00:00+00:00,883da11233fffff
ACC-00011377,NORMAL,ICICI-Sim,0.212,2021-09-06T00:00:00+00:00,88618c4d05fffff
ACC-00011378,NORMAL,Axis-Sim,0.023,2024-11-17T00:00:00+00:00,88608b0961fffff
ACC-00011379,NORMAL,HDFC-Sim,0.071,2026-04-30T00:00:00+00:00,8842ceb5d9fffff
ACC-00011380,NORMAL,SBI-Sim,0.151,2023-09-25T00:00:00+00:00,88608b0a6bfffff
ACC-00011381,NORMAL,SBI-Sim,0.189,2025-03-14T00:00:00+00:00,8860b52c97fffff
ACC-00011382,NORMAL,BOI-Sim,0.038,2023-01-13T00:00:00+00:00,88618c45b9fffff
ACC-00011383,NORMAL,BOI-Sim,0.23,2024-03-11T00:00:00+00:00,88618921d1fffff
ACC-00011384,NORMAL,PNB-Sim,0.132,2025-12-16T00:00:00+00:00,883da11623fffff
ACC-00011385,NORMAL,SBI-Sim,0.227,2024-11-02T00:00:00+00:00,88608b0961fffff
ACC-00011386,NORMAL,HDFC-Sim,0.177,2025-09-08T00:00:00+00:00,8842ceb559fffff
ACC-00011387,NORMAL,ICICI-Sim,0.207,2022-10-16T00:00:00+00:00,8860145943fffff
ACC-00011388,NORMAL,HDFC-Sim,0.102,2021-11-11T00:00:00+00:00,883d8dcd5dfffff
ACC-00011389,NORMAL,SBI-Sim,0.23,2025-02-01T00:00:00+00:00,8842cea623fffff
ACC-00011390,NORMAL,PNB-Sim,0.207,2026-03-21T00:00:00+00:00,883d8dcf1dfffff
ACC-00011391,NORMAL,PNB-Sim,0.01,2024-02-26T00:00:00+00:00,883da115a5fffff
ACC-00011392,NORMAL,SBI-Sim,0.073,2022-06-09T00:00:00+00:00,883da11623fffff
ACC-00011393,NORMAL,HDFC-Sim,0.215,2023-03-30T00:00:00+00:00,88608b0a6bfffff
ACC-00011394,NORMAL,ICICI-Sim,0.136,2023-12-17T00:00:00+00:00,8860b19695fffff
ACC-00011395,NORMAL,ICICI-Sim,0.237,2023-10-07T00:00:00+00:00,883da11623fffff
ACC-00011396,NORMAL,PNB-Sim,0.106,2024-05-21T00:00:00+00:00,8860b19695fffff
ACC-00011397,NORMAL,HDFC-Sim,0.008,2024-10-04T00:00:00+00:00,88618c4e63fffff
ACC-00011398,NORMAL,PNB-Sim,0.239,2024-03-14T00:00:00+00:00,88608b4733fffff
ACC-00011399,NORMAL,BOI-Sim,0.005,2025-02-12T00:00:00+00:00,8860b19695fffff
ACC-00011400,NORMAL,SBI-Sim,0.201,2022-05-05T00:00:00+00:00,8860b52c97fffff
ACC-00011401,NORMAL,HDFC-Sim,0.197,2022-09-10T00:00:00+00:00,883da115a5fffff
ACC-00011402,NORMAL,Axis-Sim,0.121,2023-09-22T00:00:00+00:00,88618921d1fffff
ACC-00011403,NORMAL,Axis-Sim,0.211,2023-01-21T00:00:00+00:00,8861892ecbfffff
ACC-00011404,NORMAL,ICICI-Sim,0.188,2026-01-17T00:00:00+00:00,8842ceb5d9fffff
ACC-00011405,NORMAL,Axis-Sim,0.191,2024-03-16T00:00:00+00:00,88618925c5fffff
ACC-00011406,NORMAL,PNB-Sim,0.036,2025-04-16T00:00:00+00:00,88608b56d7fffff
ACC-00011407,NORMAL,PNB-Sim,0.13,2024-09-25T00:00:00+00:00,883d8dcf1dfffff
ACC-00011408,NORMAL,PNB-Sim,0.179,2023-05-06T00:00:00+00:00,8842cea623fffff
ACC-00011409,NORMAL,ICICI-Sim,0.135,2025-02-05T00:00:00+00:00,88618c4f2bfffff
ACC-00011410,NORMAL,BOI-Sim,0.14,2022-11-24T00:00:00+00:00,8860b19695fffff
ACC-00011411,NORMAL,PNB-Sim,0.086,2025-05-09T00:00:00+00:00,8842ceb4a1fffff
ACC-00011412,NORMAL,SBI-Sim,0.05,2025-01-21T00:00:00+00:00,88618c4e63fffff
ACC-00011413,NORMAL,BOI-Sim,0.146,2023-12-26T00:00:00+00:00,88618925c5fffff
ACC-00011414,NORMAL,PNB-Sim,0.244,2022-11-05T00:00:00+00:00,883da11623fffff
ACC-00011415,NORMAL,HDFC-Sim,0.235,2024-03-15T00:00:00+00:00,883d8dcc0dfffff
ACC-00011416,NORMAL,PNB-Sim,0.142,2024-03-03T00:00:00+00:00,8860a259bbfffff
ACC-00011417,NORMAL,BOI-Sim,0.217,2024-11-03T00:00:00+00:00,88618921d1fffff
ACC-00011418,NORMAL,PNB-Sim,0.205,2025-03-13T00:00:00+00:00,88608b0961fffff
ACC-00011419,NORMAL,ICICI-Sim,0.167,2024-10-11T00:00:00+00:00,88618c4f2bfffff
ACC-00011420,NORMAL,SBI-Sim,0.231,2022-07-19T00:00:00+00:00,883da115a5fffff
ACC-00011421,NORMAL,PNB-Sim,0.144,2024-05-11T00:00:00+00:00,88618c45b9fffff
ACC-00011422,NORMAL,PNB-Sim,0.081,2022-03-22T00:00:00+00:00,883d8dcf1dfffff
ACC-00011423,NORMAL,PNB-Sim,0.135,2025-10-17T00:00:00+00:00,88608b0a6bfffff
ACC-00011424,NORMAL,PNB-Sim,0.095,2023-12-19T00:00:00+00:00,8860b19695fffff
ACC-00011425,NORMAL,HDFC-Sim,0.039,2022-09-18T00:00:00+00:00,8860145943fffff
ACC-00011426,NORMAL,BOI-Sim,0.134,2023-11-12T00:00:00+00:00,8842cea623fffff
ACC-00011427,NORMAL,HDFC-Sim,0.152,2022-05-11T00:00:00+00:00,883da11623fffff
ACC-00011428,NORMAL,PNB-Sim,0.096,2022-10-27T00:00:00+00:00,883d8dcf1dfffff
ACC-00011429,NORMAL,PNB-Sim,0.204,2022-07-14T00:00:00+00:00,88618c4e63fffff
ACC-00011430,NORMAL,Axis-Sim,0.206,2023-03-11T00:00:00+00:00,88608b4733fffff
ACC-00011431,NORMAL,BOI-Sim,0.176,2024-01-14T00:00:00+00:00,8842cea623fffff
ACC-00011432,NORMAL,PNB-Sim,0.155,2024-08-25T00:00:00+00:00,8860b52e9bfffff
ACC-00011433,NORMAL,BOI-Sim,0.164,2025-12-07T00:00:00+00:00,8860a259bbfffff
ACC-00011434,NORMAL,Axis-Sim,0.025,2022-04-23T00:00:00+00:00,8860a259bbfffff
ACC-00011435,NORMAL,ICICI-Sim,0.14,2023-05-20T00:00:00+00:00,883d8dcc0dfffff
ACC-00011436,NORMAL,PNB-Sim,0.118,2025-05-23T00:00:00+00:00,88618c4e63fffff
ACC-00011437,NORMAL,PNB-Sim,0.12,2025-06-18T00:00:00+00:00,8860b19695fffff
ACC-00011438,NORMAL,ICICI-Sim,0.019,2025-07-07T00:00:00+00:00,88618c45b9fffff
ACC-00011439,NORMAL,Axis-Sim,0.007,2022-04-12T00:00:00+00:00,883da11623fffff
ACC-00011440,NORMAL,PNB-Sim,0.16,2024-08-26T00:00:00+00:00,88618c45b9fffff
ACC-00011441,NORMAL,BOI-Sim,0.013,2024-03-08T00:00:00+00:00,88618925c5fffff
ACC-00011442,NORMAL,Axis-Sim,0.019,2024-11-28T00:00:00+00:00,883da115a5fffff
ACC-00011443,NORMAL,SBI-Sim,0.091,2023-08-10T00:00:00+00:00,8842ceb5d9fffff
ACC-00011444,NORMAL,PNB-Sim,0.232,2023-06-28T00:00:00+00:00,88608b4733fffff
ACC-00011445,NORMAL,ICICI-Sim,0.07,2022-08-19T00:00:00+00:00,88618c45b9fffff
ACC-00011446,NORMAL,PNB-Sim,0.136,2025-04-27T00:00:00+00:00,883da115a5fffff
ACC-00011447,NORMAL,SBI-Sim,0.163,2021-10-15T00:00:00+00:00,88618c4e63fffff
ACC-00011448,NORMAL,HDFC-Sim,0.181,2024-03-27T00:00:00+00:00,883d8dcd5dfffff
ACC-00011449,NORMAL,PNB-Sim,0.08,2024-10-17T00:00:00+00:00,8860a259bbfffff
ACC-00011450,NORMAL,Axis-Sim,0.086,2024-08-21T00:00:00+00:00,8860b19695fffff
ACC-00011451,NORMAL,ICICI-Sim,0.105,2025-02-14T00:00:00+00:00,88608b0a6bfffff
ACC-00011452,NORMAL,HDFC-Sim,0.233,2022-06-21T00:00:00+00:00,883da11409fffff
ACC-00011453,NORMAL,HDFC-Sim,0.194,2023-08-04T00:00:00+00:00,8842ceb559fffff
ACC-00011454,NORMAL,Axis-Sim,0.123,2024-06-13T00:00:00+00:00,88618921d1fffff
ACC-00011455,NORMAL,ICICI-Sim,0.114,2024-10-10T00:00:00+00:00,883d8dcdd5fffff
ACC-00011456,NORMAL,Axis-Sim,0.207,2021-11-23T00:00:00+00:00,88608b56d7fffff
ACC-00011457,NORMAL,HDFC-Sim,0.127,2025-07-09T00:00:00+00:00,883d8dcc0dfffff
ACC-00011458,NORMAL,SBI-Sim,0.236,2024-07-04T00:00:00+00:00,883da11623fffff
ACC-00011459,NORMAL,SBI-Sim,0.223,2023-12-21T00:00:00+00:00,88608b56d7fffff
ACC-00011460,NORMAL,BOI-Sim,0.109,2024-06-16T00:00:00+00:00,88618921d1fffff
ACC-00011461,NORMAL,HDFC-Sim,0.141,2023-01-31T00:00:00+00:00,8861892ecbfffff
ACC-00011462,NORMAL,Axis-Sim,0.216,2025-02-12T00:00:00+00:00,8842cea623fffff
ACC-00011463,NORMAL,BOI-Sim,0.109,2024-09-26T00:00:00+00:00,883d8dcd5dfffff
ACC-00011464,NORMAL,HDFC-Sim,0.25,2022-08-10T00:00:00+00:00,88608b0a6bfffff
ACC-00011465,NORMAL,HDFC-Sim,0.161,2022-07-29T00:00:00+00:00,8860a259bbfffff
ACC-00011466,NORMAL,ICICI-Sim,0.043,2023-12-15T00:00:00+00:00,8860a259bbfffff
ACC-00011467,NORMAL,HDFC-Sim,0.174,2023-07-07T00:00:00+00:00,8860145943fffff
ACC-00011468,NORMAL,HDFC-Sim,0.071,2023-04-19T00:00:00+00:00,8860b52e9bfffff
ACC-00011469,NORMAL,HDFC-Sim,0.228,2024-07-25T00:00:00+00:00,883d8dcf1dfffff
ACC-00011470,NORMAL,BOI-Sim,0.145,2023-11-08T00:00:00+00:00,8860a259bbfffff
ACC-00011471,NORMAL,Axis-Sim,0.08,2023-11-08T00:00:00+00:00,8842ceb5d9fffff
ACC-00011472,NORMAL,ICICI-Sim,0.219,2025-01-06T00:00:00+00:00,883da11623fffff
ACC-00011473,NORMAL,SBI-Sim,0.084,2023-10-01T00:00:00+00:00,88608b4733fffff
ACC-00011474,NORMAL,BOI-Sim,0.218,2022-10-29T00:00:00+00:00,8860145943fffff
ACC-00011475,NORMAL,BOI-Sim,0.041,2022-01-17T00:00:00+00:00,883d8dcd5dfffff
ACC-00011476,NORMAL,SBI-Sim,0.104,2023-02-21T00:00:00+00:00,8842ceb559fffff
ACC-00011477,NORMAL,Axis-Sim,0.149,2026-04-06T00:00:00+00:00,883d8dcf1dfffff
ACC-00011478,NORMAL,PNB-Sim,0.072,2024-08-28T00:00:00+00:00,88618c4e63fffff
ACC-00011479,NORMAL,ICICI-Sim,0.137,2025-05-27T00:00:00+00:00,88608b56d7fffff
ACC-00011480,NORMAL,Axis-Sim,0.014,2024-07-15T00:00:00+00:00,883da11233fffff
ACC-00011481,NORMAL,PNB-Sim,0.08,2023-09-09T00:00:00+00:00,88608b0a6bfffff
ACC-00011482,NORMAL,SBI-Sim,0.23,2021-08-10T00:00:00+00:00,88618c45b9fffff
ACC-00011483,NORMAL,BOI-Sim,0.026,2024-05-18T00:00:00+00:00,8860a259bbfffff
ACC-00011484,NORMAL,HDFC-Sim,0.155,2025-03-14T00:00:00+00:00,8860b52c97fffff
ACC-00011485,NORMAL,SBI-Sim,0.229,2026-03-17T00:00:00+00:00,883d8dcd5dfffff
ACC-00011486,NORMAL,ICICI-Sim,0.171,2024-08-26T00:00:00+00:00,88608b56d7fffff
ACC-00011487,NORMAL,PNB-Sim,0.145,2022-01-14T00:00:00+00:00,883da11623fffff
ACC-00011488,NORMAL,PNB-Sim,0.058,2023-07-06T00:00:00+00:00,883da11233fffff
ACC-00011489,NORMAL,Axis-Sim,0.106,2022-09-08T00:00:00+00:00,883da115a5fffff
ACC-00011490,NORMAL,BOI-Sim,0.099,2025-05-27T00:00:00+00:00,883d8dcf1dfffff
ACC-00011491,NORMAL,ICICI-Sim,0.066,2023-08-14T00:00:00+00:00,883d8dcc0dfffff
ACC-00011492,NORMAL,Axis-Sim,0.139,2024-10-06T00:00:00+00:00,8842ceb559fffff
ACC-00011493,NORMAL,PNB-Sim,0.001,2024-10-15T00:00:00+00:00,8860b19695fffff
ACC-00011494,NORMAL,BOI-Sim,0.17,2024-01-29T00:00:00+00:00,883d8dcd5dfffff
ACC-00011495,NORMAL,SBI-Sim,0.05,2023-11-09T00:00:00+00:00,883da115a5fffff
ACC-00011496,NORMAL,BOI-Sim,0.073,2023-07-25T00:00:00+00:00,8860145943fffff
ACC-00011497,NORMAL,HDFC-Sim,0.095,2026-01-22T00:00:00+00:00,88618c45b9fffff
ACC-00011498,NORMAL,Axis-Sim,0.191,2024-07-11T00:00:00+00:00,88608b56d7fffff
ACC-00011499,NORMAL,HDFC-Sim,0.208,2021-11-28T00:00:00+00:00,8860a259bbfffff
ACC-00011500,NORMAL,HDFC-Sim,0.004,2024-02-14T00:00:00+00:00,88618c4f2bfffff
ACC-00011501,NORMAL,Axis-Sim,0.084,2026-02-12T00:00:00+00:00,8842ceb559fffff
ACC-00011502,NORMAL,SBI-Sim,0.058,2022-09-23T00:00:00+00:00,883d8dcc0dfffff
ACC-00011503,NORMAL,PNB-Sim,0.032,2025-07-30T00:00:00+00:00,883d8dcf1dfffff
ACC-00011504,NORMAL,PNB-Sim,0.101,2022-09-16T00:00:00+00:00,883da11233fffff
ACC-00011505,NORMAL,Axis-Sim,0.117,2023-01-06T00:00:00+00:00,88618c4d05fffff
ACC-00011506,NORMAL,SBI-Sim,0.226,2025-10-25T00:00:00+00:00,88618c4d05fffff
ACC-00011507,NORMAL,PNB-Sim,0.093,2025-01-07T00:00:00+00:00,88608b56d7fffff
ACC-00011508,NORMAL,SBI-Sim,0.212,2025-02-02T00:00:00+00:00,8860145943fffff
ACC-00011509,NORMAL,SBI-Sim,0.015,2023-07-13T00:00:00+00:00,8842ceb4a1fffff
ACC-00011510,NORMAL,Axis-Sim,0.197,2022-03-07T00:00:00+00:00,88618c4e63fffff
ACC-00011511,NORMAL,HDFC-Sim,0.082,2024-02-28T00:00:00+00:00,88618c4d05fffff
ACC-00011512,NORMAL,PNB-Sim,0.054,2024-10-07T00:00:00+00:00,88618c45b9fffff
ACC-00011513,NORMAL,ICICI-Sim,0.211,2024-05-24T00:00:00+00:00,88608b0a6bfffff
ACC-00011514,NORMAL,BOI-Sim,0.161,2025-07-01T00:00:00+00:00,88618925c5fffff
ACC-00011515,NORMAL,ICICI-Sim,0.137,2025-05-06T00:00:00+00:00,8842ceb559fffff
ACC-00011516,NORMAL,HDFC-Sim,0.062,2022-12-13T00:00:00+00:00,8860b52c97fffff
ACC-00011517,NORMAL,BOI-Sim,0.217,2024-06-06T00:00:00+00:00,88618c4e63fffff
ACC-00011518,NORMAL,PNB-Sim,0.107,2023-06-11T00:00:00+00:00,883da115a5fffff
ACC-00011519,NORMAL,BOI-Sim,0.047,2022-08-16T00:00:00+00:00,8860b19695fffff
ACC-00011520,NORMAL,ICICI-Sim,0.086,2025-07-08T00:00:00+00:00,88618c45b9fffff
ACC-00011521,NORMAL,ICICI-Sim,0.019,2024-12-22T00:00:00+00:00,88618925c5fffff
ACC-00011522,NORMAL,Axis-Sim,0.099,2021-11-10T00:00:00+00:00,8842ceb4a1fffff
ACC-00011523,NORMAL,Axis-Sim,0.237,2024-05-04T00:00:00+00:00,8861892ecbfffff
ACC-00011524,NORMAL,HDFC-Sim,0.126,2024-07-30T00:00:00+00:00,883d8dcd5dfffff
ACC-00011525,NORMAL,ICICI-Sim,0.007,2022-03-12T00:00:00+00:00,88618c4e63fffff
ACC-00011526,NORMAL,HDFC-Sim,0.181,2021-09-18T00:00:00+00:00,883d8dcc0dfffff
ACC-00011527,NORMAL,BOI-Sim,0.198,2024-02-18T00:00:00+00:00,8861892ecbfffff
ACC-00011528,NORMAL,PNB-Sim,0.027,2023-08-01T00:00:00+00:00,88608b56d7fffff
ACC-00011529,NORMAL,SBI-Sim,0.041,2022-12-30T00:00:00+00:00,8842ceb559fffff
ACC-00011530,NORMAL,HDFC-Sim,0.155,2021-11-10T00:00:00+00:00,8860b19695fffff
ACC-00011531,NORMAL,SBI-Sim,0.11,2023-04-27T00:00:00+00:00,88608b0a6bfffff
ACC-00011532,NORMAL,HDFC-Sim,0.133,2025-05-05T00:00:00+00:00,8860b52c97fffff
ACC-00011533,NORMAL,Axis-Sim,0.198,2021-12-30T00:00:00+00:00,88618c4d05fffff
ACC-00011534,NORMAL,BOI-Sim,0.104,2025-06-23T00:00:00+00:00,88608b0961fffff
ACC-00011535,NORMAL,PNB-Sim,0.2,2022-02-10T00:00:00+00:00,8861892ecbfffff
ACC-00011536,NORMAL,PNB-Sim,0.242,2025-01-25T00:00:00+00:00,88618925c5fffff
ACC-00011537,NORMAL,SBI-Sim,0.173,2022-09-09T00:00:00+00:00,8861892ecbfffff
ACC-00011538,NORMAL,HDFC-Sim,0.189,2022-12-08T00:00:00+00:00,8842cea623fffff
ACC-00011539,NORMAL,SBI-Sim,0.132,2025-04-10T00:00:00+00:00,883da11409fffff
ACC-00011540,NORMAL,HDFC-Sim,0.166,2022-02-24T00:00:00+00:00,8842ceb5d9fffff
ACC-00011541,NORMAL,SBI-Sim,0.069,2025-02-24T00:00:00+00:00,88618c4e63fffff
ACC-00011542,NORMAL,HDFC-Sim,0.042,2022-08-02T00:00:00+00:00,883da11623fffff
ACC-00011543,NORMAL,BOI-Sim,0.013,2023-04-27T00:00:00+00:00,88618921d1fffff
ACC-00011544,NORMAL,Axis-Sim,0.032,2023-01-11T00:00:00+00:00,88618c4f2bfffff
ACC-00011545,NORMAL,PNB-Sim,0.128,2024-07-08T00:00:00+00:00,883da11623fffff
ACC-00011546,NORMAL,BOI-Sim,0.237,2021-07-31T00:00:00+00:00,883d8dcf1dfffff
ACC-00011547,NORMAL,SBI-Sim,0.044,2023-12-12T00:00:00+00:00,883d8dcdd5fffff
ACC-00011548,NORMAL,ICICI-Sim,0.136,2022-09-18T00:00:00+00:00,88618925c5fffff
ACC-00011549,NORMAL,HDFC-Sim,0.087,2022-01-22T00:00:00+00:00,8860b52e9bfffff
ACC-00011550,NORMAL,PNB-Sim,0.105,2025-10-07T00:00:00+00:00,8860b52e9bfffff
ACC-00011551,NORMAL,SBI-Sim,0.112,2025-07-01T00:00:00+00:00,8860b52c97fffff
ACC-00011552,NORMAL,HDFC-Sim,0.052,2025-03-03T00:00:00+00:00,883da11409fffff
ACC-00011553,NORMAL,ICICI-Sim,0.01,2023-04-01T00:00:00+00:00,883d8dcf1dfffff
ACC-00011554,NORMAL,HDFC-Sim,0.065,2024-09-13T00:00:00+00:00,8842ceb4a1fffff
ACC-00011555,NORMAL,ICICI-Sim,0.213,2025-06-29T00:00:00+00:00,8860a259bbfffff
ACC-00011556,NORMAL,PNB-Sim,0.044,2025-06-12T00:00:00+00:00,883da115a5fffff
ACC-00011557,NORMAL,Axis-Sim,0.135,2023-09-24T00:00:00+00:00,8842ceb4a1fffff
ACC-00011558,NORMAL,ICICI-Sim,0.041,2024-07-23T00:00:00+00:00,88608b0a6bfffff
ACC-00011559,NORMAL,HDFC-Sim,0.158,2021-08-20T00:00:00+00:00,88618c4e63fffff
ACC-00011560,NORMAL,SBI-Sim,0.204,2023-11-25T00:00:00+00:00,8860b19695fffff
ACC-00011561,NORMAL,SBI-Sim,0.048,2024-08-10T00:00:00+00:00,8842cea623fffff
ACC-00011562,NORMAL,SBI-Sim,0.003,2022-01-06T00:00:00+00:00,8842ceb5d9fffff
ACC-00011563,NORMAL,SBI-Sim,0.137,2022-03-03T00:00:00+00:00,883da11623fffff
ACC-00011564,NORMAL,SBI-Sim,0.09,2022-08-30T00:00:00+00:00,88608b0961fffff
ACC-00011565,NORMAL,HDFC-Sim,0.04,2024-08-06T00:00:00+00:00,8860b52c97fffff
ACC-00011566,NORMAL,Axis-Sim,0.029,2022-02-17T00:00:00+00:00,88618925c5fffff
ACC-00011567,NORMAL,HDFC-Sim,0.143,2021-08-01T00:00:00+00:00,88608b56d7fffff
ACC-00011568,NORMAL,Axis-Sim,0.144,2023-04-23T00:00:00+00:00,88608b0961fffff
ACC-00011569,NORMAL,HDFC-Sim,0.218,2024-02-02T00:00:00+00:00,8860b52c97fffff
ACC-00011570,NORMAL,HDFC-Sim,0.016,2024-10-07T00:00:00+00:00,8860b19695fffff
ACC-00011571,NORMAL,BOI-Sim,0.15,2023-10-31T00:00:00+00:00,8860b19695fffff
ACC-00011572,NORMAL,HDFC-Sim,0.015,2025-04-09T00:00:00+00:00,88618921d1fffff
ACC-00011573,NORMAL,SBI-Sim,0.166,2025-06-27T00:00:00+00:00,883da11623fffff
ACC-00011574,NORMAL,ICICI-Sim,0.035,2024-10-02T00:00:00+00:00,8842ceb5d9fffff
ACC-00011575,NORMAL,SBI-Sim,0.234,2025-07-16T00:00:00+00:00,8842ceb4a1fffff
ACC-00011576,NORMAL,HDFC-Sim,0.218,2024-09-06T00:00:00+00:00,88618c4d05fffff
ACC-00011577,NORMAL,ICICI-Sim,0.178,2024-02-08T00:00:00+00:00,88608b0a6bfffff
ACC-00011578,NORMAL,PNB-Sim,0.023,2024-11-27T00:00:00+00:00,8860a259bbfffff
ACC-00011579,NORMAL,BOI-Sim,0.229,2022-04-16T00:00:00+00:00,88618925c5fffff
ACC-00011580,NORMAL,Axis-Sim,0.168,2023-12-19T00:00:00+00:00,88608b4733fffff
ACC-00011581,NORMAL,Axis-Sim,0.136,2022-08-24T00:00:00+00:00,883da11623fffff
ACC-00011582,NORMAL,PNB-Sim,0.147,2024-10-13T00:00:00+00:00,88618921d1fffff
ACC-00011583,NORMAL,SBI-Sim,0.13,2023-11-14T00:00:00+00:00,883da11623fffff
ACC-00011584,NORMAL,SBI-Sim,0.134,2021-09-11T00:00:00+00:00,88618925c5fffff
ACC-00011585,NORMAL,HDFC-Sim,0.071,2021-11-24T00:00:00+00:00,88618c4f2bfffff
ACC-00011586,NORMAL,PNB-Sim,0.002,2022-07-04T00:00:00+00:00,883d8dcc0dfffff
ACC-00011587,NORMAL,Axis-Sim,0.0,2022-03-16T00:00:00+00:00,883da11409fffff
ACC-00011588,NORMAL,HDFC-Sim,0.15,2022-03-24T00:00:00+00:00,8842ceb4a1fffff
ACC-00011589,NORMAL,SBI-Sim,0.186,2022-10-31T00:00:00+00:00,8842ceb4a1fffff
ACC-00011590,NORMAL,Axis-Sim,0.106,2023-03-03T00:00:00+00:00,8842ceb4a1fffff
ACC-00011591,NORMAL,Axis-Sim,0.17,2025-06-21T00:00:00+00:00,88608b4733fffff
ACC-00011592,NORMAL,Axis-Sim,0.131,2023-02-09T00:00:00+00:00,8860b52c97fffff
ACC-00011593,NORMAL,SBI-Sim,0.157,2023-10-19T00:00:00+00:00,8860b52c97fffff
ACC-00011594,NORMAL,BOI-Sim,0.058,2022-03-21T00:00:00+00:00,883da11623fffff
ACC-00011595,NORMAL,Axis-Sim,0.082,2025-08-22T00:00:00+00:00,883da115a5fffff
ACC-00011596,NORMAL,HDFC-Sim,0.216,2025-09-23T00:00:00+00:00,8842cea623fffff
ACC-00011597,NORMAL,ICICI-Sim,0.024,2025-10-06T00:00:00+00:00,88608b0a6bfffff
ACC-00011598,NORMAL,Axis-Sim,0.104,2023-07-10T00:00:00+00:00,88618925c5fffff
ACC-00011599,NORMAL,PNB-Sim,0.191,2023-06-16T00:00:00+00:00,883d8dcd5dfffff
ACC-00011600,NORMAL,HDFC-Sim,0.203,2022-04-20T00:00:00+00:00,883da11623fffff
ACC-00011601,NORMAL,PNB-Sim,0.225,2025-01-26T00:00:00+00:00,883da11623fffff
ACC-00011602,NORMAL,PNB-Sim,0.172,2022-10-18T00:00:00+00:00,8860a259bbfffff
ACC-00011603,NORMAL,Axis-Sim,0.171,2021-08-10T00:00:00+00:00,883da11623fffff
ACC-00011604,NORMAL,Axis-Sim,0.17,2022-02-18T00:00:00+00:00,883da11623fffff
ACC-00011605,NORMAL,HDFC-Sim,0.026,2024-08-17T00:00:00+00:00,883d8dcc0dfffff
ACC-00011606,NORMAL,BOI-Sim,0.22,2024-08-21T00:00:00+00:00,883da11623fffff
ACC-00011607,NORMAL,SBI-Sim,0.152,2024-02-04T00:00:00+00:00,88608b0961fffff
ACC-00011608,NORMAL,ICICI-Sim,0.04,2024-02-09T00:00:00+00:00,8860b52c97fffff
ACC-00011609,NORMAL,HDFC-Sim,0.113,2024-01-14T00:00:00+00:00,883d8dcc0dfffff
ACC-00011610,NORMAL,PNB-Sim,0.024,2022-10-02T00:00:00+00:00,88618c45b9fffff
ACC-00011611,NORMAL,ICICI-Sim,0.061,2025-12-05T00:00:00+00:00,883da11409fffff
ACC-00011612,NORMAL,BOI-Sim,0.018,2022-06-18T00:00:00+00:00,883da11409fffff
ACC-00011613,NORMAL,HDFC-Sim,0.189,2024-06-03T00:00:00+00:00,8860145943fffff
ACC-00011614,NORMAL,Axis-Sim,0.188,2025-12-16T00:00:00+00:00,883da11409fffff
ACC-00011615,NORMAL,SBI-Sim,0.091,2026-03-16T00:00:00+00:00,8860145943fffff
ACC-00011616,NORMAL,HDFC-Sim,0.104,2024-07-19T00:00:00+00:00,8842cea623fffff
ACC-00011617,NORMAL,BOI-Sim,0.035,2023-04-04T00:00:00+00:00,8861892ecbfffff
ACC-00011618,NORMAL,Axis-Sim,0.054,2022-09-15T00:00:00+00:00,8860145943fffff
ACC-00011619,NORMAL,PNB-Sim,0.054,2022-05-12T00:00:00+00:00,88608b56d7fffff
ACC-00011620,NORMAL,BOI-Sim,0.087,2022-11-29T00:00:00+00:00,8861892ecbfffff
ACC-00011621,NORMAL,Axis-Sim,0.062,2025-11-03T00:00:00+00:00,8842cea623fffff
ACC-00011622,NORMAL,HDFC-Sim,0.085,2021-10-12T00:00:00+00:00,883da115a5fffff
ACC-00011623,NORMAL,PNB-Sim,0.131,2023-10-27T00:00:00+00:00,8842cea623fffff
ACC-00011624,NORMAL,SBI-Sim,0.141,2023-09-20T00:00:00+00:00,88618921d1fffff
ACC-00011625,NORMAL,SBI-Sim,0.156,2023-07-17T00:00:00+00:00,8860145943fffff
ACC-00011626,NORMAL,HDFC-Sim,0.093,2024-01-10T00:00:00+00:00,8842cea623fffff
ACC-00011627,NORMAL,SBI-Sim,0.126,2026-03-30T00:00:00+00:00,8861892ecbfffff
ACC-00011628,NORMAL,Axis-Sim,0.086,2025-06-06T00:00:00+00:00,88618c4f2bfffff
ACC-00011629,NORMAL,Axis-Sim,0.035,2022-06-15T00:00:00+00:00,8842ceb5d9fffff
ACC-00011630,NORMAL,Axis-Sim,0.101,2026-04-26T00:00:00+00:00,8860145943fffff
ACC-00011631,NORMAL,SBI-Sim,0.035,2022-02-17T00:00:00+00:00,883da11623fffff
ACC-00011632,NORMAL,ICICI-Sim,0.059,2022-05-23T00:00:00+00:00,88608b4733fffff
ACC-00011633,NORMAL,ICICI-Sim,0.209,2025-09-02T00:00:00+00:00,8860b52c97fffff
ACC-00011634,NORMAL,HDFC-Sim,0.154,2022-11-29T00:00:00+00:00,88618c4d05fffff
ACC-00011635,NORMAL,HDFC-Sim,0.244,2022-09-27T00:00:00+00:00,883d8dcdd5fffff
ACC-00011636,NORMAL,ICICI-Sim,0.131,2023-12-20T00:00:00+00:00,8860b52e9bfffff
ACC-00011637,NORMAL,ICICI-Sim,0.022,2023-01-28T00:00:00+00:00,8842ceb559fffff
ACC-00011638,NORMAL,HDFC-Sim,0.052,2025-01-15T00:00:00+00:00,88618c4e63fffff
ACC-00011639,NORMAL,SBI-Sim,0.141,2023-10-22T00:00:00+00:00,88618921d1fffff
ACC-00011640,NORMAL,PNB-Sim,0.113,2024-11-12T00:00:00+00:00,8842ceb559fffff
ACC-00011641,NORMAL,PNB-Sim,0.146,2026-03-09T00:00:00+00:00,8861892ecbfffff
ACC-00011642,NORMAL,HDFC-Sim,0.007,2022-05-20T00:00:00+00:00,8842ceb4a1fffff
ACC-00011643,NORMAL,ICICI-Sim,0.191,2024-02-05T00:00:00+00:00,8860b19695fffff
ACC-00011644,NORMAL,SBI-Sim,0.191,2021-09-11T00:00:00+00:00,8860b52c97fffff
ACC-00011645,NORMAL,HDFC-Sim,0.157,2021-08-09T00:00:00+00:00,88608b56d7fffff
ACC-00011646,NORMAL,SBI-Sim,0.156,2024-10-14T00:00:00+00:00,883da11233fffff
ACC-00011647,NORMAL,BOI-Sim,0.188,2023-12-10T00:00:00+00:00,8860b52e9bfffff
ACC-00011648,NORMAL,PNB-Sim,0.0,2022-10-09T00:00:00+00:00,8842cea623fffff
ACC-00011649,NORMAL,HDFC-Sim,0.012,2023-10-11T00:00:00+00:00,883d8dcc0dfffff
ACC-00011650,NORMAL,BOI-Sim,0.158,2023-12-30T00:00:00+00:00,8860b52e9bfffff
ACC-00011651,NORMAL,SBI-Sim,0.146,2026-02-02T00:00:00+00:00,88608b0a6bfffff
ACC-00011652,NORMAL,ICICI-Sim,0.054,2021-08-26T00:00:00+00:00,883d8dcf1dfffff
ACC-00011653,NORMAL,BOI-Sim,0.148,2024-07-16T00:00:00+00:00,88618c4f2bfffff
ACC-00011654,NORMAL,HDFC-Sim,0.21,2025-11-08T00:00:00+00:00,8842ceb5d9fffff
ACC-00011655,NORMAL,HDFC-Sim,0.087,2024-11-04T00:00:00+00:00,8842cea623fffff
ACC-00011656,NORMAL,BOI-Sim,0.24,2024-03-27T00:00:00+00:00,883d8dcf1dfffff
ACC-00011657,NORMAL,Axis-Sim,0.158,2024-10-10T00:00:00+00:00,8861892ecbfffff
ACC-00011658,NORMAL,HDFC-Sim,0.119,2023-06-30T00:00:00+00:00,8861892ecbfffff
ACC-00011659,NORMAL,PNB-Sim,0.06,2023-08-20T00:00:00+00:00,883d8dcd5dfffff
ACC-00011660,NORMAL,HDFC-Sim,0.063,2024-07-08T00:00:00+00:00,88618c4f2bfffff
ACC-00011661,NORMAL,SBI-Sim,0.249,2022-05-23T00:00:00+00:00,8860b19695fffff
ACC-00011662,NORMAL,ICICI-Sim,0.123,2023-07-18T00:00:00+00:00,883da115a5fffff
ACC-00011663,NORMAL,PNB-Sim,0.198,2024-01-18T00:00:00+00:00,8842ceb559fffff
ACC-00011664,NORMAL,Axis-Sim,0.045,2024-10-17T00:00:00+00:00,883d8dcdd5fffff
ACC-00011665,NORMAL,BOI-Sim,0.017,2022-06-07T00:00:00+00:00,8860a259bbfffff
ACC-00011666,NORMAL,PNB-Sim,0.082,2022-02-24T00:00:00+00:00,88618c4d05fffff
ACC-00011667,NORMAL,ICICI-Sim,0.074,2023-03-26T00:00:00+00:00,88608b4733fffff
ACC-00011668,NORMAL,SBI-Sim,0.034,2022-07-15T00:00:00+00:00,88618925c5fffff
ACC-00011669,NORMAL,ICICI-Sim,0.111,2022-09-28T00:00:00+00:00,883da11623fffff
ACC-00011670,NORMAL,Axis-Sim,0.088,2024-09-27T00:00:00+00:00,8860b19695fffff
ACC-00011671,NORMAL,ICICI-Sim,0.111,2026-01-25T00:00:00+00:00,883d8dcf1dfffff
ACC-00011672,NORMAL,HDFC-Sim,0.14,2022-03-10T00:00:00+00:00,88608b0a6bfffff
ACC-00011673,NORMAL,Axis-Sim,0.174,2024-05-18T00:00:00+00:00,88608b4733fffff
ACC-00011674,NORMAL,PNB-Sim,0.018,2023-12-23T00:00:00+00:00,883da11623fffff
ACC-00011675,NORMAL,HDFC-Sim,0.092,2024-10-26T00:00:00+00:00,88618c4d05fffff
ACC-00011676,NORMAL,PNB-Sim,0.243,2021-09-20T00:00:00+00:00,883d8dcc0dfffff
ACC-00011677,NORMAL,PNB-Sim,0.141,2024-10-20T00:00:00+00:00,883d8dcf1dfffff
ACC-00011678,NORMAL,BOI-Sim,0.084,2023-02-05T00:00:00+00:00,8861892ecbfffff
ACC-00011679,NORMAL,Axis-Sim,0.248,2022-12-14T00:00:00+00:00,88608b4733fffff
ACC-00011680,NORMAL,HDFC-Sim,0.153,2022-08-07T00:00:00+00:00,88608b0a6bfffff
ACC-00011681,NORMAL,ICICI-Sim,0.135,2023-01-07T00:00:00+00:00,883d8dcf1dfffff
ACC-00011682,NORMAL,Axis-Sim,0.115,2024-03-03T00:00:00+00:00,883da11623fffff
ACC-00011683,NORMAL,SBI-Sim,0.208,2026-04-16T00:00:00+00:00,883da11623fffff
ACC-00011684,NORMAL,Axis-Sim,0.038,2022-04-02T00:00:00+00:00,88618c45b9fffff
ACC-00011685,NORMAL,SBI-Sim,0.169,2022-11-25T00:00:00+00:00,883da11409fffff
ACC-00011686,NORMAL,SBI-Sim,0.219,2026-02-09T00:00:00+00:00,883da11623fffff
ACC-00011687,NORMAL,SBI-Sim,0.163,2025-08-27T00:00:00+00:00,8842ceb4a1fffff
ACC-00011688,NORMAL,Axis-Sim,0.207,2023-03-17T00:00:00+00:00,8860b19695fffff
ACC-00011689,NORMAL,HDFC-Sim,0.202,2024-04-13T00:00:00+00:00,883d8dcf1dfffff
ACC-00011690,NORMAL,PNB-Sim,0.158,2023-01-30T00:00:00+00:00,883d8dcf1dfffff
ACC-00011691,NORMAL,ICICI-Sim,0.156,2025-09-05T00:00:00+00:00,883da11409fffff
ACC-00011692,NORMAL,PNB-Sim,0.134,2026-03-24T00:00:00+00:00,883da11623fffff
ACC-00011693,NORMAL,PNB-Sim,0.236,2022-02-22T00:00:00+00:00,88618921d1fffff
ACC-00011694,NORMAL,ICICI-Sim,0.185,2023-05-19T00:00:00+00:00,8860a259bbfffff
ACC-00011695,NORMAL,Axis-Sim,0.225,2023-05-24T00:00:00+00:00,8860145943fffff
ACC-00011696,NORMAL,PNB-Sim,0.116,2023-05-03T00:00:00+00:00,883d8dcdd5fffff
ACC-00011697,NORMAL,PNB-Sim,0.023,2024-07-31T00:00:00+00:00,88618c4e63fffff
ACC-00011698,NORMAL,SBI-Sim,0.154,2024-09-02T00:00:00+00:00,8860a259bbfffff
ACC-00011699,NORMAL,HDFC-Sim,0.04,2022-10-04T00:00:00+00:00,8861892ecbfffff
ACC-00011700,NORMAL,Axis-Sim,0.008,2022-04-25T00:00:00+00:00,88608b0961fffff
ACC-00011701,NORMAL,HDFC-Sim,0.116,2024-10-18T00:00:00+00:00,883d8dcc0dfffff
ACC-00011702,NORMAL,Axis-Sim,0.033,2022-01-04T00:00:00+00:00,88618925c5fffff
ACC-00011703,NORMAL,BOI-Sim,0.134,2025-10-04T00:00:00+00:00,8860b52c97fffff
ACC-00011704,NORMAL,ICICI-Sim,0.006,2022-07-03T00:00:00+00:00,883d8dcc0dfffff
ACC-00011705,NORMAL,HDFC-Sim,0.122,2025-07-14T00:00:00+00:00,8842ceb559fffff
ACC-00011706,NORMAL,Axis-Sim,0.192,2024-10-08T00:00:00+00:00,883da11409fffff
ACC-00011707,NORMAL,SBI-Sim,0.072,2023-12-23T00:00:00+00:00,883d8dcdd5fffff
ACC-00011708,NORMAL,PNB-Sim,0.23,2021-07-13T00:00:00+00:00,8861892ecbfffff
ACC-00011709,NORMAL,SBI-Sim,0.191,2023-07-19T00:00:00+00:00,88608b0a6bfffff
ACC-00011710,NORMAL,SBI-Sim,0.176,2024-12-24T00:00:00+00:00,88608b0961fffff
ACC-00011711,NORMAL,SBI-Sim,0.105,2022-05-08T00:00:00+00:00,8860b19695fffff
ACC-00011712,NORMAL,Axis-Sim,0.101,2022-01-05T00:00:00+00:00,8860a259bbfffff
ACC-00011713,NORMAL,PNB-Sim,0.009,2023-09-30T00:00:00+00:00,8842ceb4a1fffff
ACC-00011714,NORMAL,SBI-Sim,0.179,2022-09-26T00:00:00+00:00,8861892ecbfffff
ACC-00011715,NORMAL,ICICI-Sim,0.172,2023-01-05T00:00:00+00:00,88608b0a6bfffff
ACC-00011716,NORMAL,BOI-Sim,0.096,2025-03-23T00:00:00+00:00,8842cea623fffff
ACC-00011717,NORMAL,PNB-Sim,0.149,2025-04-25T00:00:00+00:00,8842ceb4a1fffff
ACC-00011718,NORMAL,HDFC-Sim,0.249,2023-12-16T00:00:00+00:00,88618925c5fffff
ACC-00011719,NORMAL,BOI-Sim,0.003,2024-06-08T00:00:00+00:00,883da11233fffff
ACC-00011720,NORMAL,SBI-Sim,0.033,2022-06-08T00:00:00+00:00,8860b19695fffff
ACC-00011721,NORMAL,SBI-Sim,0.222,2023-12-19T00:00:00+00:00,8861892ecbfffff
ACC-00011722,NORMAL,Axis-Sim,0.016,2025-04-18T00:00:00+00:00,883d8dcc0dfffff
ACC-00011723,NORMAL,SBI-Sim,0.158,2024-09-08T00:00:00+00:00,8842cea623fffff
ACC-00011724,NORMAL,ICICI-Sim,0.049,2022-04-17T00:00:00+00:00,883da11233fffff
ACC-00011725,NORMAL,ICICI-Sim,0.18,2022-04-08T00:00:00+00:00,883da11233fffff
ACC-00011726,NORMAL,ICICI-Sim,0.207,2023-03-19T00:00:00+00:00,883d8dcdd5fffff
ACC-00011727,NORMAL,HDFC-Sim,0.239,2025-09-18T00:00:00+00:00,8842ceb4a1fffff
ACC-00011728,NORMAL,SBI-Sim,0.017,2021-11-23T00:00:00+00:00,8842ceb5d9fffff
ACC-00011729,NORMAL,HDFC-Sim,0.143,2025-04-02T00:00:00+00:00,8861892ecbfffff
ACC-00011730,NORMAL,SBI-Sim,0.243,2023-08-06T00:00:00+00:00,8860145943fffff
ACC-00011731,NORMAL,HDFC-Sim,0.23,2023-09-23T00:00:00+00:00,8860b52e9bfffff
ACC-00011732,NORMAL,PNB-Sim,0.192,2024-11-19T00:00:00+00:00,8860a259bbfffff
ACC-00011733,NORMAL,SBI-Sim,0.002,2022-04-20T00:00:00+00:00,883da115a5fffff
ACC-00011734,NORMAL,BOI-Sim,0.146,2021-12-23T00:00:00+00:00,883da115a5fffff
ACC-00011735,NORMAL,SBI-Sim,0.092,2026-04-27T00:00:00+00:00,8842ceb559fffff
ACC-00011736,NORMAL,SBI-Sim,0.224,2024-09-29T00:00:00+00:00,88618c4e63fffff
ACC-00011737,NORMAL,HDFC-Sim,0.112,2024-06-01T00:00:00+00:00,883da11623fffff
ACC-00011738,NORMAL,PNB-Sim,0.245,2024-06-09T00:00:00+00:00,88618c4e63fffff
ACC-00011739,NORMAL,BOI-Sim,0.212,2024-05-05T00:00:00+00:00,883da11409fffff
ACC-00011740,NORMAL,HDFC-Sim,0.235,2026-02-17T00:00:00+00:00,8842ceb559fffff
ACC-00011741,NORMAL,ICICI-Sim,0.245,2022-02-10T00:00:00+00:00,883d8dcdd5fffff
ACC-00011742,NORMAL,SBI-Sim,0.243,2023-02-19T00:00:00+00:00,8842ceb559fffff
ACC-00011743,NORMAL,SBI-Sim,0.248,2021-12-04T00:00:00+00:00,883d8dcdd5fffff
ACC-00011744,NORMAL,ICICI-Sim,0.105,2022-09-13T00:00:00+00:00,883d8dcd5dfffff
ACC-00011745,NORMAL,ICICI-Sim,0.059,2023-07-07T00:00:00+00:00,88608b0a6bfffff
ACC-00011746,NORMAL,SBI-Sim,0.071,2023-12-14T00:00:00+00:00,8860b52e9bfffff
ACC-00011747,NORMAL,HDFC-Sim,0.092,2021-11-23T00:00:00+00:00,88608b0961fffff
ACC-00011748,NORMAL,SBI-Sim,0.032,2026-01-07T00:00:00+00:00,88618c4d05fffff
ACC-00011749,NORMAL,BOI-Sim,0.168,2026-04-02T00:00:00+00:00,88608b0961fffff
ACC-00011750,NORMAL,SBI-Sim,0.099,2023-03-22T00:00:00+00:00,88618c4f2bfffff
ACC-00011751,NORMAL,SBI-Sim,0.096,2023-09-14T00:00:00+00:00,8842ceb5d9fffff
ACC-00011752,NORMAL,Axis-Sim,0.154,2024-12-23T00:00:00+00:00,8860b19695fffff
ACC-00011753,NORMAL,BOI-Sim,0.019,2026-04-05T00:00:00+00:00,88608b4733fffff
ACC-00011754,NORMAL,BOI-Sim,0.171,2023-03-16T00:00:00+00:00,883d8dcc0dfffff
ACC-00011755,NORMAL,Axis-Sim,0.208,2025-10-26T00:00:00+00:00,8842cea623fffff
ACC-00011756,NORMAL,PNB-Sim,0.029,2022-01-03T00:00:00+00:00,883da11233fffff
ACC-00011757,NORMAL,SBI-Sim,0.054,2025-03-18T00:00:00+00:00,8860b52e9bfffff
ACC-00011758,NORMAL,SBI-Sim,0.083,2022-05-10T00:00:00+00:00,8860b19695fffff
ACC-00011759,NORMAL,HDFC-Sim,0.034,2022-11-18T00:00:00+00:00,883da11233fffff
ACC-00011760,NORMAL,BOI-Sim,0.027,2025-05-13T00:00:00+00:00,8842ceb5d9fffff
ACC-00011761,NORMAL,BOI-Sim,0.117,2023-12-26T00:00:00+00:00,8842ceb5d9fffff
ACC-00011762,NORMAL,Axis-Sim,0.245,2026-03-08T00:00:00+00:00,88618c4e63fffff
ACC-00011763,NORMAL,HDFC-Sim,0.077,2023-09-06T00:00:00+00:00,88618c45b9fffff
ACC-00011764,NORMAL,Axis-Sim,0.047,2022-04-04T00:00:00+00:00,8842ceb4a1fffff
ACC-00011765,NORMAL,HDFC-Sim,0.249,2022-11-19T00:00:00+00:00,88608b0a6bfffff
ACC-00011766,NORMAL,Axis-Sim,0.111,2023-06-21T00:00:00+00:00,883d8dcdd5fffff
ACC-00011767,NORMAL,Axis-Sim,0.062,2024-10-21T00:00:00+00:00,883d8dcd5dfffff
ACC-00011768,NORMAL,BOI-Sim,0.172,2022-11-26T00:00:00+00:00,8842ceb559fffff
ACC-00011769,NORMAL,PNB-Sim,0.011,2021-08-26T00:00:00+00:00,883d8dcd5dfffff
ACC-00011770,NORMAL,HDFC-Sim,0.122,2025-04-01T00:00:00+00:00,8860b19695fffff
ACC-00011771,NORMAL,SBI-Sim,0.249,2024-06-05T00:00:00+00:00,88618c4e63fffff
ACC-00011772,NORMAL,Axis-Sim,0.037,2022-05-31T00:00:00+00:00,8860b52c97fffff
ACC-00011773,NORMAL,PNB-Sim,0.084,2026-01-04T00:00:00+00:00,8842ceb4a1fffff
ACC-00011774,NORMAL,HDFC-Sim,0.071,2022-05-28T00:00:00+00:00,883d8dcdd5fffff
ACC-00011775,NORMAL,ICICI-Sim,0.17,2021-09-11T00:00:00+00:00,883d8dcdd5fffff
ACC-00011776,NORMAL,PNB-Sim,0.119,2022-07-15T00:00:00+00:00,883d8dcc0dfffff
ACC-00011777,NORMAL,HDFC-Sim,0.035,2025-10-07T00:00:00+00:00,88618921d1fffff
ACC-00011778,NORMAL,HDFC-Sim,0.2,2024-10-21T00:00:00+00:00,8861892ecbfffff
ACC-00011779,NORMAL,BOI-Sim,0.245,2024-05-19T00:00:00+00:00,8860b19695fffff
ACC-00011780,NORMAL,Axis-Sim,0.1,2026-01-12T00:00:00+00:00,88618c4f2bfffff
ACC-00011781,NORMAL,SBI-Sim,0.24,2021-11-22T00:00:00+00:00,883da11623fffff
ACC-00011782,NORMAL,HDFC-Sim,0.082,2023-11-19T00:00:00+00:00,883da11623fffff
ACC-00011783,NORMAL,PNB-Sim,0.247,2024-02-27T00:00:00+00:00,88618c45b9fffff
ACC-00011784,NORMAL,SBI-Sim,0.219,2023-01-23T00:00:00+00:00,8842ceb5d9fffff
ACC-00011785,NORMAL,ICICI-Sim,0.128,2021-07-18T00:00:00+00:00,88618c4e63fffff
ACC-00011786,NORMAL,SBI-Sim,0.102,2021-09-08T00:00:00+00:00,88618c4d05fffff
ACC-00011787,NORMAL,PNB-Sim,0.068,2021-09-09T00:00:00+00:00,883da11623fffff
ACC-00011788,NORMAL,PNB-Sim,0.014,2024-10-06T00:00:00+00:00,88618c4f2bfffff
ACC-00011789,NORMAL,PNB-Sim,0.242,2022-09-02T00:00:00+00:00,8860b19695fffff
ACC-00011790,NORMAL,ICICI-Sim,0.2,2024-05-03T00:00:00+00:00,8860a259bbfffff
ACC-00011791,NORMAL,BOI-Sim,0.038,2025-02-19T00:00:00+00:00,8860a259bbfffff
ACC-00011792,NORMAL,ICICI-Sim,0.027,2021-07-14T00:00:00+00:00,883da11409fffff
ACC-00011793,NORMAL,Axis-Sim,0.126,2023-04-30T00:00:00+00:00,88608b0a6bfffff
ACC-00011794,NORMAL,BOI-Sim,0.031,2022-10-02T00:00:00+00:00,883d8dcd5dfffff
ACC-00011795,NORMAL,PNB-Sim,0.068,2022-08-29T00:00:00+00:00,8842cea623fffff
ACC-00011796,NORMAL,BOI-Sim,0.223,2022-02-27T00:00:00+00:00,8860b52c97fffff
ACC-00011797,NORMAL,ICICI-Sim,0.005,2021-11-18T00:00:00+00:00,88608b0a6bfffff
ACC-00011798,NORMAL,BOI-Sim,0.052,2024-10-03T00:00:00+00:00,8860b19695fffff
ACC-00011799,NORMAL,BOI-Sim,0.11,2025-08-27T00:00:00+00:00,8860b19695fffff
ACC-00011800,NORMAL,SBI-Sim,0.116,2024-06-03T00:00:00+00:00,8861892ecbfffff
ACC-00011801,NORMAL,PNB-Sim,0.137,2023-10-15T00:00:00+00:00,88618c4f2bfffff
ACC-00011802,NORMAL,SBI-Sim,0.029,2024-11-29T00:00:00+00:00,883da11409fffff
ACC-00011803,NORMAL,ICICI-Sim,0.032,2026-04-01T00:00:00+00:00,8842ceb5d9fffff
ACC-00011804,NORMAL,HDFC-Sim,0.133,2022-07-08T00:00:00+00:00,88618925c5fffff
ACC-00011805,NORMAL,BOI-Sim,0.152,2024-02-04T00:00:00+00:00,88618921d1fffff
ACC-00011806,NORMAL,PNB-Sim,0.07,2022-08-29T00:00:00+00:00,8860b52e9bfffff
ACC-00011807,NORMAL,ICICI-Sim,0.033,2022-05-08T00:00:00+00:00,883da11623fffff
ACC-00011808,NORMAL,HDFC-Sim,0.074,2026-02-16T00:00:00+00:00,8860a259bbfffff
ACC-00011809,NORMAL,ICICI-Sim,0.042,2025-08-09T00:00:00+00:00,88618925c5fffff
ACC-00011810,NORMAL,ICICI-Sim,0.02,2023-12-09T00:00:00+00:00,883da115a5fffff
ACC-00011811,NORMAL,SBI-Sim,0.245,2022-02-17T00:00:00+00:00,883d8dcc0dfffff
ACC-00011812,NORMAL,Axis-Sim,0.207,2022-03-01T00:00:00+00:00,8842ceb5d9fffff
ACC-00011813,NORMAL,PNB-Sim,0.148,2026-04-26T00:00:00+00:00,88618925c5fffff
ACC-00011814,NORMAL,PNB-Sim,0.129,2021-07-20T00:00:00+00:00,88608b56d7fffff
ACC-00011815,NORMAL,ICICI-Sim,0.044,2023-08-03T00:00:00+00:00,883d8dcdd5fffff
ACC-00011816,NORMAL,BOI-Sim,0.121,2025-06-11T00:00:00+00:00,883da11623fffff
ACC-00011817,NORMAL,SBI-Sim,0.063,2024-12-28T00:00:00+00:00,88618925c5fffff
ACC-00011818,NORMAL,BOI-Sim,0.182,2022-09-20T00:00:00+00:00,88608b56d7fffff
ACC-00011819,NORMAL,BOI-Sim,0.055,2024-03-10T00:00:00+00:00,883da11233fffff
ACC-00011820,NORMAL,ICICI-Sim,0.047,2022-01-15T00:00:00+00:00,8860b52e9bfffff
ACC-00011821,NORMAL,PNB-Sim,0.242,2022-11-27T00:00:00+00:00,883d8dcdd5fffff
ACC-00011822,NORMAL,ICICI-Sim,0.025,2024-09-17T00:00:00+00:00,8842ceb5d9fffff
ACC-00011823,NORMAL,PNB-Sim,0.116,2023-08-22T00:00:00+00:00,8860b52c97fffff
ACC-00011824,NORMAL,Axis-Sim,0.204,2025-02-21T00:00:00+00:00,883d8dcf1dfffff
ACC-00011825,NORMAL,HDFC-Sim,0.165,2025-10-07T00:00:00+00:00,8842ceb4a1fffff
ACC-00011826,NORMAL,SBI-Sim,0.114,2025-02-09T00:00:00+00:00,8860b52e9bfffff
ACC-00011827,NORMAL,ICICI-Sim,0.083,2021-10-21T00:00:00+00:00,8842ceb559fffff
ACC-00011828,NORMAL,PNB-Sim,0.172,2025-04-07T00:00:00+00:00,883d8dcd5dfffff
ACC-00011829,NORMAL,ICICI-Sim,0.066,2023-11-21T00:00:00+00:00,8860145943fffff
ACC-00011830,NORMAL,HDFC-Sim,0.094,2026-03-04T00:00:00+00:00,8860b52e9bfffff
ACC-00011831,NORMAL,BOI-Sim,0.2,2025-08-06T00:00:00+00:00,88608b0a6bfffff
ACC-00011832,NORMAL,PNB-Sim,0.14,2023-02-02T00:00:00+00:00,88618c4d05fffff
ACC-00011833,NORMAL,BOI-Sim,0.246,2023-03-02T00:00:00+00:00,88618c4d05fffff
ACC-00011834,NORMAL,ICICI-Sim,0.008,2023-08-25T00:00:00+00:00,88608b0961fffff
ACC-00011835,NORMAL,HDFC-Sim,0.048,2023-05-20T00:00:00+00:00,88618c4d05fffff
ACC-00011836,NORMAL,SBI-Sim,0.072,2022-02-03T00:00:00+00:00,88618c4f2bfffff
ACC-00011837,NORMAL,HDFC-Sim,0.208,2026-01-10T00:00:00+00:00,8860b19695fffff
ACC-00011838,NORMAL,Axis-Sim,0.189,2021-07-30T00:00:00+00:00,88618c4f2bfffff
ACC-00011839,NORMAL,Axis-Sim,0.222,2025-09-21T00:00:00+00:00,88618921d1fffff
ACC-00011840,NORMAL,HDFC-Sim,0.104,2024-12-24T00:00:00+00:00,8842cea623fffff
ACC-00011841,NORMAL,Axis-Sim,0.138,2023-07-08T00:00:00+00:00,88608b0961fffff
ACC-00011842,NORMAL,SBI-Sim,0.138,2026-01-02T00:00:00+00:00,8860145943fffff
ACC-00011843,NORMAL,SBI-Sim,0.078,2023-06-11T00:00:00+00:00,88608b4733fffff
ACC-00011844,NORMAL,PNB-Sim,0.138,2024-01-26T00:00:00+00:00,88608b56d7fffff
ACC-00011845,NORMAL,HDFC-Sim,0.157,2021-08-09T00:00:00+00:00,883d8dcdd5fffff
ACC-00011846,NORMAL,ICICI-Sim,0.043,2024-06-02T00:00:00+00:00,883d8dcf1dfffff
ACC-00011847,NORMAL,Axis-Sim,0.041,2026-01-24T00:00:00+00:00,88608b4733fffff
ACC-00011848,NORMAL,BOI-Sim,0.25,2024-01-05T00:00:00+00:00,883d8dcd5dfffff
ACC-00011849,NORMAL,PNB-Sim,0.099,2025-12-08T00:00:00+00:00,88608b4733fffff
ACC-00011850,NORMAL,PNB-Sim,0.096,2024-07-28T00:00:00+00:00,8860a259bbfffff
ACC-00011851,NORMAL,Axis-Sim,0.081,2021-07-11T00:00:00+00:00,883d8dcd5dfffff
ACC-00011852,NORMAL,ICICI-Sim,0.164,2025-10-28T00:00:00+00:00,88618c4f2bfffff
ACC-00011853,NORMAL,ICICI-Sim,0.168,2023-02-23T00:00:00+00:00,88608b0961fffff
ACC-00011854,NORMAL,SBI-Sim,0.059,2022-05-22T00:00:00+00:00,883d8dcc0dfffff
ACC-00011855,NORMAL,Axis-Sim,0.154,2022-08-25T00:00:00+00:00,88618925c5fffff
ACC-00011856,NORMAL,HDFC-Sim,0.184,2026-04-26T00:00:00+00:00,88608b0961fffff
ACC-00011857,NORMAL,Axis-Sim,0.025,2026-04-17T00:00:00+00:00,88618925c5fffff
ACC-00011858,NORMAL,SBI-Sim,0.131,2022-06-04T00:00:00+00:00,883da11623fffff
ACC-00011859,NORMAL,HDFC-Sim,0.057,2022-08-24T00:00:00+00:00,8842ceb559fffff
ACC-00011860,NORMAL,SBI-Sim,0.14,2022-12-19T00:00:00+00:00,883d8dcc0dfffff
ACC-00011861,NORMAL,Axis-Sim,0.009,2023-04-18T00:00:00+00:00,88618925c5fffff
ACC-00011862,NORMAL,HDFC-Sim,0.112,2024-04-06T00:00:00+00:00,883d8dcd5dfffff
ACC-00011863,NORMAL,Axis-Sim,0.098,2022-10-21T00:00:00+00:00,88608b0961fffff
ACC-00011864,NORMAL,ICICI-Sim,0.078,2023-05-08T00:00:00+00:00,88608b0961fffff
ACC-00011865,NORMAL,Axis-Sim,0.117,2022-10-20T00:00:00+00:00,88608b0a6bfffff
ACC-00011866,NORMAL,Axis-Sim,0.141,2022-02-05T00:00:00+00:00,883da11233fffff
ACC-00011867,NORMAL,ICICI-Sim,0.136,2021-08-31T00:00:00+00:00,88618921d1fffff
ACC-00011868,NORMAL,BOI-Sim,0.079,2022-05-28T00:00:00+00:00,8842ceb4a1fffff
ACC-00011869,NORMAL,BOI-Sim,0.22,2024-01-05T00:00:00+00:00,88608b0961fffff
ACC-00011870,NORMAL,PNB-Sim,0.201,2024-08-28T00:00:00+00:00,8842ceb559fffff
ACC-00011871,NORMAL,ICICI-Sim,0.136,2022-08-05T00:00:00+00:00,883d8dcf1dfffff
ACC-00011872,NORMAL,ICICI-Sim,0.196,2022-10-08T00:00:00+00:00,883da11409fffff
ACC-00011873,NORMAL,BOI-Sim,0.08,2021-12-10T00:00:00+00:00,8860b52e9bfffff
ACC-00011874,NORMAL,SBI-Sim,0.101,2021-08-17T00:00:00+00:00,883da11623fffff
ACC-00011875,NORMAL,ICICI-Sim,0.111,2025-11-20T00:00:00+00:00,8842ceb4a1fffff
ACC-00011876,NORMAL,PNB-Sim,0.056,2025-01-10T00:00:00+00:00,8842ceb5d9fffff
ACC-00011877,NORMAL,ICICI-Sim,0.088,2023-03-30T00:00:00+00:00,8842ceb5d9fffff
ACC-00011878,NORMAL,Axis-Sim,0.19,2021-08-26T00:00:00+00:00,8860145943fffff
ACC-00011879,NORMAL,HDFC-Sim,0.033,2022-07-07T00:00:00+00:00,883d8dcf1dfffff
ACC-00011880,NORMAL,PNB-Sim,0.198,2021-10-06T00:00:00+00:00,88618c4e63fffff
ACC-00011881,NORMAL,PNB-Sim,0.098,2025-04-10T00:00:00+00:00,8860b19695fffff
ACC-00011882,NORMAL,PNB-Sim,0.195,2022-06-21T00:00:00+00:00,8842ceb4a1fffff
ACC-00011883,NORMAL,PNB-Sim,0.122,2024-12-28T00:00:00+00:00,8860a259bbfffff
ACC-00011884,NORMAL,HDFC-Sim,0.069,2025-05-01T00:00:00+00:00,88618c4f2bfffff
ACC-00011885,NORMAL,Axis-Sim,0.148,2023-10-05T00:00:00+00:00,8860b19695fffff
ACC-00011886,NORMAL,BOI-Sim,0.058,2021-09-22T00:00:00+00:00,88608b0961fffff
ACC-00011887,NORMAL,PNB-Sim,0.017,2022-10-15T00:00:00+00:00,88608b0961fffff
ACC-00011888,NORMAL,SBI-Sim,0.235,2022-05-26T00:00:00+00:00,8842ceb4a1fffff
ACC-00011889,NORMAL,PNB-Sim,0.12,2022-05-04T00:00:00+00:00,8860b52c97fffff
ACC-00011890,NORMAL,BOI-Sim,0.058,2022-03-28T00:00:00+00:00,8860b52c97fffff
ACC-00011891,NORMAL,PNB-Sim,0.116,2021-12-31T00:00:00+00:00,88618925c5fffff
ACC-00011892,NORMAL,SBI-Sim,0.231,2023-05-27T00:00:00+00:00,883d8dcd5dfffff
ACC-00011893,NORMAL,PNB-Sim,0.026,2025-09-18T00:00:00+00:00,883da115a5fffff
ACC-00011894,NORMAL,PNB-Sim,0.209,2022-12-08T00:00:00+00:00,8842ceb4a1fffff
ACC-00011895,NORMAL,ICICI-Sim,0.022,2021-10-24T00:00:00+00:00,88618c4e63fffff
ACC-00011896,NORMAL,HDFC-Sim,0.024,2025-09-26T00:00:00+00:00,883da11233fffff
ACC-00011897,NORMAL,ICICI-Sim,0.207,2022-11-22T00:00:00+00:00,88608b4733fffff
ACC-00011898,NORMAL,PNB-Sim,0.095,2025-01-28T00:00:00+00:00,883da11623fffff
ACC-00011899,NORMAL,SBI-Sim,0.158,2022-05-10T00:00:00+00:00,88608b0a6bfffff
ACC-00011900,NORMAL,SBI-Sim,0.225,2025-01-22T00:00:00+00:00,883d8dcd5dfffff
ACC-00011901,NORMAL,PNB-Sim,0.028,2023-04-25T00:00:00+00:00,8842ceb559fffff
ACC-00011902,NORMAL,PNB-Sim,0.074,2021-12-24T00:00:00+00:00,8842ceb559fffff
ACC-00011903,NORMAL,SBI-Sim,0.017,2025-02-26T00:00:00+00:00,88608b0961fffff
ACC-00011904,NORMAL,PNB-Sim,0.087,2022-12-15T00:00:00+00:00,883da11233fffff
ACC-00011905,NORMAL,HDFC-Sim,0.105,2026-02-20T00:00:00+00:00,88608b56d7fffff
ACC-00011906,NORMAL,HDFC-Sim,0.024,2023-12-18T00:00:00+00:00,8842ceb5d9fffff
ACC-00011907,NORMAL,BOI-Sim,0.067,2025-05-26T00:00:00+00:00,883da11623fffff
ACC-00011908,NORMAL,Axis-Sim,0.219,2023-09-18T00:00:00+00:00,883da11233fffff
ACC-00011909,NORMAL,PNB-Sim,0.142,2024-08-12T00:00:00+00:00,88608b0961fffff
ACC-00011910,NORMAL,PNB-Sim,0.224,2024-08-26T00:00:00+00:00,88608b56d7fffff
ACC-00011911,NORMAL,Axis-Sim,0.127,2024-04-09T00:00:00+00:00,88618c4f2bfffff
ACC-00011912,NORMAL,Axis-Sim,0.078,2022-07-16T00:00:00+00:00,88618921d1fffff
ACC-00011913,NORMAL,HDFC-Sim,0.223,2024-09-21T00:00:00+00:00,8842ceb559fffff
ACC-00011914,NORMAL,ICICI-Sim,0.092,2024-10-16T00:00:00+00:00,8842cea623fffff
ACC-00011915,NORMAL,PNB-Sim,0.187,2026-02-02T00:00:00+00:00,8860a259bbfffff
ACC-00011916,NORMAL,HDFC-Sim,0.119,2023-04-22T00:00:00+00:00,883d8dcd5dfffff
ACC-00011917,NORMAL,ICICI-Sim,0.096,2022-07-30T00:00:00+00:00,8860b52e9bfffff
ACC-00011918,NORMAL,HDFC-Sim,0.159,2025-08-21T00:00:00+00:00,8842ceb5d9fffff
ACC-00011919,NORMAL,BOI-Sim,0.094,2022-12-02T00:00:00+00:00,88608b56d7fffff
ACC-00011920,NORMAL,SBI-Sim,0.122,2025-06-18T00:00:00+00:00,8860145943fffff
ACC-00011921,NORMAL,BOI-Sim,0.059,2023-12-31T00:00:00+00:00,88608b4733fffff
ACC-00011922,NORMAL,BOI-Sim,0.198,2024-11-17T00:00:00+00:00,8842ceb559fffff
ACC-00011923,NORMAL,ICICI-Sim,0.145,2025-10-17T00:00:00+00:00,883da11623fffff
ACC-00011924,NORMAL,BOI-Sim,0.224,2026-04-05T00:00:00+00:00,88618925c5fffff
ACC-00011925,NORMAL,HDFC-Sim,0.063,2026-01-01T00:00:00+00:00,88618c4e63fffff
ACC-00011926,NORMAL,PNB-Sim,0.19,2021-08-21T00:00:00+00:00,8842ceb5d9fffff
ACC-00011927,NORMAL,SBI-Sim,0.191,2022-09-16T00:00:00+00:00,8842ceb5d9fffff
ACC-00011928,NORMAL,ICICI-Sim,0.184,2023-12-01T00:00:00+00:00,88608b4733fffff
ACC-00011929,NORMAL,PNB-Sim,0.146,2023-02-18T00:00:00+00:00,8860b19695fffff
ACC-00011930,NORMAL,BOI-Sim,0.193,2023-10-07T00:00:00+00:00,8860b52c97fffff
ACC-00011931,NORMAL,ICICI-Sim,0.24,2022-01-27T00:00:00+00:00,88608b56d7fffff
ACC-00011932,NORMAL,Axis-Sim,0.017,2021-07-04T00:00:00+00:00,883da11409fffff
ACC-00011933,NORMAL,PNB-Sim,0.111,2026-04-29T00:00:00+00:00,883d8dcf1dfffff
ACC-00011934,NORMAL,HDFC-Sim,0.109,2025-04-01T00:00:00+00:00,88618921d1fffff
ACC-00011935,NORMAL,PNB-Sim,0.226,2023-05-09T00:00:00+00:00,883da11233fffff
ACC-00011936,NORMAL,Axis-Sim,0.031,2025-06-25T00:00:00+00:00,8842ceb4a1fffff
ACC-00011937,NORMAL,PNB-Sim,0.134,2023-12-06T00:00:00+00:00,883d8dcf1dfffff
ACC-00011938,NORMAL,SBI-Sim,0.181,2023-09-26T00:00:00+00:00,88618925c5fffff
ACC-00011939,NORMAL,HDFC-Sim,0.192,2022-06-04T00:00:00+00:00,88618921d1fffff
ACC-00011940,NORMAL,Axis-Sim,0.127,2025-10-31T00:00:00+00:00,8860b52c97fffff
ACC-00011941,NORMAL,SBI-Sim,0.129,2023-11-17T00:00:00+00:00,8860b19695fffff
ACC-00011942,NORMAL,BOI-Sim,0.105,2024-08-15T00:00:00+00:00,88608b0961fffff
ACC-00011943,NORMAL,HDFC-Sim,0.121,2024-11-12T00:00:00+00:00,88618c4e63fffff
ACC-00011944,NORMAL,ICICI-Sim,0.089,2024-08-18T00:00:00+00:00,88618921d1fffff
ACC-00011945,NORMAL,PNB-Sim,0.033,2022-12-09T00:00:00+00:00,883d8dcf1dfffff
ACC-00011946,NORMAL,HDFC-Sim,0.161,2026-04-13T00:00:00+00:00,88618c4f2bfffff
ACC-00011947,NORMAL,Axis-Sim,0.009,2023-03-06T00:00:00+00:00,883da11233fffff
ACC-00011948,NORMAL,ICICI-Sim,0.164,2023-07-16T00:00:00+00:00,8842ceb4a1fffff
ACC-00011949,NORMAL,BOI-Sim,0.171,2022-09-17T00:00:00+00:00,883d8dcf1dfffff
ACC-00011950,NORMAL,SBI-Sim,0.237,2026-01-12T00:00:00+00:00,883d8dcf1dfffff
ACC-00011951,NORMAL,PNB-Sim,0.227,2025-01-30T00:00:00+00:00,883da11233fffff
ACC-00011952,NORMAL,BOI-Sim,0.183,2021-10-27T00:00:00+00:00,8860b52e9bfffff
ACC-00011953,NORMAL,HDFC-Sim,0.208,2022-09-19T00:00:00+00:00,8860b19695fffff
ACC-00011954,NORMAL,PNB-Sim,0.219,2023-08-10T00:00:00+00:00,8860b52e9bfffff
ACC-00011955,NORMAL,BOI-Sim,0.058,2023-11-04T00:00:00+00:00,88608b0a6bfffff
ACC-00011956,NORMAL,HDFC-Sim,0.222,2025-11-16T00:00:00+00:00,8860b52e9bfffff
ACC-00011957,NORMAL,HDFC-Sim,0.244,2022-04-17T00:00:00+00:00,8842cea623fffff
ACC-00011958,NORMAL,PNB-Sim,0.062,2024-05-29T00:00:00+00:00,883da11623fffff
ACC-00011959,NORMAL,Axis-Sim,0.008,2025-12-19T00:00:00+00:00,883da11233fffff
ACC-00011960,NORMAL,Axis-Sim,0.125,2024-01-04T00:00:00+00:00,883d8dcc0dfffff
ACC-00011961,NORMAL,SBI-Sim,0.063,2023-12-04T00:00:00+00:00,883da11623fffff
ACC-00011962,NORMAL,BOI-Sim,0.047,2023-07-04T00:00:00+00:00,883d8dcf1dfffff
ACC-00011963,NORMAL,PNB-Sim,0.074,2025-05-02T00:00:00+00:00,88618c45b9fffff
ACC-00011964,NORMAL,SBI-Sim,0.196,2025-08-25T00:00:00+00:00,883da11233fffff
ACC-00011965,NORMAL,SBI-Sim,0.147,2025-08-07T00:00:00+00:00,883da11623fffff
ACC-00011966,NORMAL,Axis-Sim,0.152,2023-01-28T00:00:00+00:00,88618c45b9fffff
ACC-00011967,NORMAL,PNB-Sim,0.197,2023-06-08T00:00:00+00:00,88608b0a6bfffff
ACC-00011968,NORMAL,HDFC-Sim,0.225,2025-07-27T00:00:00+00:00,88618921d1fffff
ACC-00011969,NORMAL,Axis-Sim,0.206,2025-11-04T00:00:00+00:00,88608b56d7fffff
ACC-00011970,NORMAL,BOI-Sim,0.222,2026-02-16T00:00:00+00:00,88618921d1fffff
ACC-00011971,NORMAL,ICICI-Sim,0.194,2022-06-12T00:00:00+00:00,88608b0a6bfffff
ACC-00011972,NORMAL,ICICI-Sim,0.13,2025-03-09T00:00:00+00:00,88608b0961fffff
ACC-00011973,NORMAL,ICICI-Sim,0.021,2025-08-17T00:00:00+00:00,883da11409fffff
ACC-00011974,NORMAL,PNB-Sim,0.084,2023-12-14T00:00:00+00:00,8861892ecbfffff
ACC-00011975,NORMAL,PNB-Sim,0.136,2024-07-27T00:00:00+00:00,8860a259bbfffff
ACC-00011976,NORMAL,ICICI-Sim,0.007,2022-09-29T00:00:00+00:00,8861892ecbfffff
ACC-00011977,NORMAL,ICICI-Sim,0.225,2026-03-28T00:00:00+00:00,88618c4f2bfffff
ACC-00011978,NORMAL,HDFC-Sim,0.077,2024-09-05T00:00:00+00:00,88608b0a6bfffff
ACC-00011979,NORMAL,Axis-Sim,0.137,2022-10-01T00:00:00+00:00,8860b19695fffff
ACC-00011980,NORMAL,HDFC-Sim,0.046,2021-11-14T00:00:00+00:00,8842ceb5d9fffff
ACC-00011981,NORMAL,ICICI-Sim,0.176,2024-02-29T00:00:00+00:00,8861892ecbfffff
ACC-00011982,NORMAL,Axis-Sim,0.123,2025-06-21T00:00:00+00:00,883da11623fffff
ACC-00011983,NORMAL,ICICI-Sim,0.163,2024-05-09T00:00:00+00:00,88618925c5fffff
ACC-00011984,NORMAL,SBI-Sim,0.059,2024-05-15T00:00:00+00:00,88618925c5fffff
ACC-00011985,NORMAL,PNB-Sim,0.205,2025-04-21T00:00:00+00:00,883da11623fffff
ACC-00011986,NORMAL,SBI-Sim,0.061,2022-09-08T00:00:00+00:00,8861892ecbfffff
ACC-00011987,NORMAL,PNB-Sim,0.216,2023-08-28T00:00:00+00:00,88618c4f2bfffff
ACC-00011988,NORMAL,PNB-Sim,0.024,2024-07-29T00:00:00+00:00,883da11623fffff
ACC-00011989,NORMAL,PNB-Sim,0.003,2022-05-08T00:00:00+00:00,88618921d1fffff
ACC-00011990,NORMAL,Axis-Sim,0.098,2022-06-17T00:00:00+00:00,8860a259bbfffff
ACC-00011991,NORMAL,HDFC-Sim,0.119,2023-05-23T00:00:00+00:00,8861892ecbfffff
ACC-00011992,NORMAL,BOI-Sim,0.049,2026-02-13T00:00:00+00:00,8860b19695fffff
ACC-00011993,NORMAL,Axis-Sim,0.124,2023-06-02T00:00:00+00:00,88608b0961fffff
ACC-00011994,NORMAL,HDFC-Sim,0.107,2021-07-02T00:00:00+00:00,8842ceb559fffff
ACC-00011995,NORMAL,PNB-Sim,0.244,2025-12-28T00:00:00+00:00,88608b56d7fffff
ACC-00011996,NORMAL,SBI-Sim,0.128,2025-03-15T00:00:00+00:00,883d8dcdd5fffff
ACC-00011997,NORMAL,ICICI-Sim,0.004,2025-03-11T00:00:00+00:00,88608b56d7fffff
ACC-00011998,NORMAL,BOI-Sim,0.173,2023-01-16T00:00:00+00:00,88608b0a6bfffff
ACC-00011999,NORMAL,SBI-Sim,0.136,2024-06-24T00:00:00+00:00,8860b52c97fffff
ACC-00012000,NORMAL,BOI-Sim,0.1,2022-01-04T00:00:00+00:00,8860b19695fffff
