withdrawalId,accountId,atmId,complaintId,amountPaise,timestamp,h3R8
WD-00000001,ACC-00000524,ATM-300,C-00001,3044071,2026-08-06T01:38:49.775388+00:00,88618c4d03fffff
WD-00000002,ACC-00000524,ATM-300,C-00001,3044071,2026-08-06T02:53:48.140611+00:00,88618c4d03fffff
WD-00000003,ACC-00000548,ATM-299,C-00002,4585124,2026-07-25T05:15:11.974827+00:00,88618c4f29fffff
WD-00000004,ACC-00000548,ATM-299,C-00002,4585124,2026-07-25T05:49:56.350903+00:00,88618c4f29fffff
WD-00000005,ACC-00000543,ATM-299,C-00003,92988175,2026-07-10T16:25:35.805923+00:00,88618c4f29fffff
WD-00000006,ACC-00000614,ATM-373,C-00004,36419616,2026-06-20T12:13:32.546745+00:00,8842ceb4a7fffff
WD-00000007,ACC-00000614,ATM-373,C-00004,36419616,2026-06-20T13:23:28.278039+00:00,8842ceb4a7fffff
WD-00000008,ACC-00000546,ATM-151,C-00005,3180976,2026-08-18T10:43:17.732725+00:00,8860a259bbfffff
WD-00000009,ACC-00000568,ATM-001,C-00006,3363075,2026-07-08T07:35:51.048043+00:00,883da11455fffff
WD-00000010,ACC-00003583,ATM-335,C-00007,8327231,2026-08-14T19:51:46.975743+00:00,88618c4f21fffff
WD-00000011,ACC-00003583,ATM-335,C-00007,8327231,2026-08-14T21:10:58.346509+00:00,88618c4f21fffff
WD-00000012,ACC-00000593,ATM-001,C-00008,7266994,2026-07-23T20:06:13.943647+00:00,883da11455fffff
WD-00000013,ACC-00000516,ATM-001,C-00009,2550172,2026-08-24T17:33:26.344711+00:00,883da11455fffff
WD-00000014,ACC-00000762,ATM-225,C-00010,4303064,2026-07-28T15:37:13.871090+00:00,8861892517fffff
WD-00000015,ACC-00004799,ATM-299,C-00011,2585021966,2026-08-05T06:04:26.389647+00:00,88618c4f29fffff
WD-00000016,ACC-00000653,ATM-001,C-00012,24571146,2026-07-13T15:19:03.785379+00:00,883da11455fffff
WD-00000017,ACC-00000653,ATM-001,C-00012,24571146,2026-07-13T15:31:16.746116+00:00,883da11455fffff
WD-00000018,ACC-00001324,ATM-151,C-00013,37686561,2026-06-12T22:36:48.739111+00:00,8860a259bbfffff
WD-00000019,ACC-00000612,ATM-299,C-00014,4786978,2026-09-07T19:00:33.950444+00:00,88618c4f29fffff
WD-00000020,ACC-00000612,ATM-299,C-00014,4786978,2026-09-07T20:26:36.908473+00:00,88618c4f29fffff
WD-00000021,ACC-00000668,ATM-299,C-00015,4578107,2026-07-27T21:49:42.922716+00:00,88618c4f29fffff
WD-00000022,ACC-00000668,ATM-299,C-00015,4578107,2026-07-27T22:58:46.034449+00:00,88618c4f29fffff
WD-00000023,ACC-00000694,ATM-151,C-00016,200465529,2026-06-08T23:57:30.571662+00:00,8860a259bbfffff
WD-00000024,ACC-00000762,ATM-002,C-00017,17071258,2026-09-08T03:47:19.178170+00:00,883da11627fffff
WD-00000025,ACC-00000730,ATM-299,C-00018,4095406,2026-06-08T04:20:55.850166+00:00,88618c4f29fffff
WD-00000026,ACC-00000643,ATM-447,C-00019,5182264,2026-09-02T14:31:31.959174+00:00,883d8dcf37fffff
WD-00000027,ACC-00000643,ATM-447,C-00019,5182264,2026-09-02T15:14:04.207772+00:00,883d8dcf37fffff
WD-00000028,ACC-00000736,ATM-373,C-00020,35144154,2026-08-02T19:28:02.074672+00:00,8842ceb4a7fffff
WD-00000029,ACC-00000629,ATM-447,C-00021,476092531,2026-09-08T15:15:24.040188+00:00,883d8dcf37fffff
WD-00000030,ACC-00000712,ATM-299,C-00022,23124951,2026-07-31T19:23:46.378167+00:00,88618c4f29fffff
WD-00000031,ACC-00000643,ATM-076,C-00023,101092266,2026-06-17T06:46:29.476749+00:00,88608b0945fffff
WD-00000032,ACC-00000672,ATM-373,C-00024,198493924,2026-06-16T15:09:15.118448+00:00,8842ceb4a7fffff
WD-00000033,ACC-00001254,ATM-076,C-00025,18318140,2026-06-03T02:55:16.293544+00:00,88608b0945fffff
WD-00000034,ACC-00000601,ATM-151,C-00026,47584656,2026-08-26T05:05:34.629676+00:00,8860a259bbfffff
WD-00000035,ACC-00000584,ATM-076,C-00027,7892344,2026-08-10T21:04:48.186546+00:00,88608b0945fffff
WD-00000036,ACC-00000584,ATM-076,C-00027,7892344,2026-08-10T22:28:46.310755+00:00,88608b0945fffff
WD-00000037,ACC-00000568,ATM-225,C-00028,1376441889,2026-06-18T07:27:35.189646+00:00,8861892517fffff
WD-00000038,ACC-00000584,ATM-293,C-00029,28996270,2026-06-26T17:33:20.405239+00:00,88618925e1fffff
WD-00000039,ACC-00000704,ATM-225,C-00030,87917511,2026-07-09T04:50:26.043569+00:00,8861892517fffff
WD-00000040,ACC-00000704,ATM-225,C-00030,87917511,2026-07-09T05:14:24.753655+00:00,8861892517fffff
WD-00000041,ACC-00000638,ATM-225,C-00031,17775132,2026-09-11T01:11:04.542633+00:00,8861892517fffff
WD-00000042,ACC-00000638,ATM-225,C-00032,1699818,2026-08-07T03:15:52.739606+00:00,8861892517fffff
WD-00000043,ACC-00000638,ATM-225,C-00032,1699818,2026-08-07T04:29:27.255433+00:00,8861892517fffff
WD-00000044,ACC-00000544,ATM-447,C-00033,22590990,2026-06-05T20:06:58.544296+00:00,883d8dcf37fffff
WD-00000045,ACC-00000747,ATM-003,C-00034,9078224,2026-06-06T12:11:54.261307+00:00,883da1029dfffff
WD-00000046,ACC-00000747,ATM-003,C-00034,9078224,2026-06-06T12:35:28.399539+00:00,883da1029dfffff
WD-00000047,ACC-00000583,ATM-409,C-00035,11745817,2026-07-26T13:41:01.489734+00:00,8842ceb59bfffff
WD-00000048,ACC-00000642,ATM-076,C-00036,11078264,2026-08-26T20:45:20.055623+00:00,88608b0945fffff
WD-00000049,ACC-00000501,ATM-076,C-00037,10399830,2026-09-03T12:28:07.240689+00:00,88608b0945fffff
WD-00000050,ACC-00002003,ATM-436,C-00038,211844016,2026-07-30T15:59:00.947907+00:00,8842ceb5d9fffff
WD-00000051,ACC-00000513,ATM-076,C-00039,36269698,2026-07-28T07:38:44.497296+00:00,88608b0945fffff
WD-00000052,ACC-00000540,ATM-299,C-00040,13215001,2026-09-04T00:18:13.241542+00:00,88618c4f29fffff
WD-00000053,ACC-00000719,ATM-001,C-00041,19420522,2026-07-10T11:00:24.647129+00:00,883da11455fffff
WD-00000054,ACC-00000578,ATM-001,C-00042,32772232,2026-09-10T11:28:10.006214+00:00,883da11455fffff
WD-00000055,ACC-00000737,ATM-375,C-00043,314471720,2026-06-03T00:16:32.792092+00:00,8842ceb559fffff
WD-00000056,ACC-00000672,ATM-373,C-00044,31395884,2026-06-12T18:45:15.967182+00:00,8842ceb4a7fffff
WD-00000057,ACC-00000672,ATM-373,C-00044,31395884,2026-06-12T19:33:34.548463+00:00,8842ceb4a7fffff
WD-00000058,ACC-00000652,ATM-449,C-00045,9822220,2026-08-21T00:25:52.361383+00:00,883d8dcf3bfffff
WD-00000059,ACC-00000659,ATM-151,C-00046,8050908,2026-09-10T02:39:35.879985+00:00,8860a259bbfffff
WD-00000060,ACC-00000659,ATM-151,C-00046,8050908,2026-09-10T04:02:33.743455+00:00,8860a259bbfffff
WD-00000061,ACC-00000638,ATM-076,C-00047,8000171,2026-06-30T20:55:45.964058+00:00,88608b0945fffff
WD-00000062,ACC-00000749,ATM-001,C-00048,6496966,2026-06-24T01:18:50.661912+00:00,883da11455fffff
WD-00000063,ACC-00000708,ATM-447,C-00049,10559183030,2026-07-07T13:19:19.133363+00:00,883d8dcf37fffff
WD-00000064,ACC-00000638,ATM-001,C-00050,3047440,2026-07-21T01:17:08.649013+00:00,883da11455fffff
WD-00000065,ACC-00000638,ATM-001,C-00050,3047440,2026-07-21T01:46:59.871892+00:00,883da11455fffff
WD-00000066,ACC-00000615,ATM-447,C-00051,345420068,2026-08-20T09:44:20.379888+00:00,883d8dcf37fffff
WD-00000067,ACC-00000702,ATM-076,C-00052,342580647,2026-09-01T03:40:32.475707+00:00,88608b0945fffff
WD-00000068,ACC-00000671,ATM-076,C-00053,10266173,2026-07-03T14:16:11.280354+00:00,88608b0945fffff
WD-00000069,ACC-00004509,ATM-001,C-00054,8151305,2026-09-14T00:20:10.443330+00:00,883da11455fffff
WD-00000070,ACC-00004509,ATM-001,C-00054,8151305,2026-09-14T01:14:21.093463+00:00,883da11455fffff
WD-00000071,ACC-00000560,ATM-226,C-00055,36860496,2026-08-18T05:50:35.659146+00:00,8861892033fffff
WD-00000072,ACC-00000568,ATM-225,C-00056,3623844,2026-07-27T20:56:54.550060+00:00,8861892517fffff
WD-00000073,ACC-00000583,ATM-300,C-00057,57189084,2026-08-28T05:28:14.984729+00:00,88618c4d03fffff
WD-00000074,ACC-00000729,ATM-225,C-00058,49231939,2026-07-31T17:17:55.471435+00:00,8861892517fffff
WD-00000075,ACC-00000523,ATM-225,C-00059,4796825,2026-06-02T15:38:19.239779+00:00,8861892517fffff
WD-00000076,ACC-00000515,ATM-001,C-00060,4192159,2026-07-10T07:04:16.325285+00:00,883da11455fffff
WD-00000077,ACC-00000515,ATM-001,C-00060,4192159,2026-07-10T07:22:17.920126+00:00,883da11455fffff
WD-00000078,ACC-00000590,ATM-373,C-00061,44030178,2026-07-24T21:08:32.765352+00:00,8842ceb4a7fffff
WD-00000079,ACC-00000691,ATM-076,C-00062,5743054,2026-08-20T19:50:59.090041+00:00,88608b0945fffff
WD-00000080,ACC-00000691,ATM-076,C-00062,5743054,2026-08-20T20:38:35.940494+00:00,88608b0945fffff
WD-00000081,ACC-00000626,ATM-373,C-00063,2608879,2026-07-06T16:40:23.151265+00:00,8842ceb4a7fffff
WD-00000082,ACC-00000732,ATM-447,C-00064,5720701,2026-09-05T02:17:45.915546+00:00,883d8dcf37fffff
WD-00000083,ACC-00000732,ATM-447,C-00064,5720701,2026-09-05T02:36:06.092541+00:00,883d8dcf37fffff
WD-00000084,ACC-00000539,ATM-151,C-00065,207186108,2026-08-05T15:27:44.495536+00:00,8860a259bbfffff
WD-00000085,ACC-00000502,ATM-001,C-00066,29770246,2026-09-02T13:47:57.113841+00:00,883da11455fffff
WD-00000086,ACC-00000663,ATM-447,C-00067,17936596,2026-06-23T17:29:28.010110+00:00,883d8dcf37fffff
WD-00000087,ACC-00000663,ATM-447,C-00067,17936596,2026-06-23T18:07:44.434407+00:00,883d8dcf37fffff
WD-00000088,ACC-00000548,ATM-447,C-00068,12385019,2026-07-17T14:30:49.658482+00:00,883d8dcf37fffff
WD-00000089,ACC-00000571,ATM-076,C-00069,49994206,2026-07-03T05:17:08.637680+00:00,88608b0945fffff
WD-00000090,ACC-00000571,ATM-076,C-00069,49994206,2026-07-03T06:27:23.269915+00:00,88608b0945fffff
WD-00000091,ACC-00000600,ATM-151,C-00070,39167692,2026-06-10T19:26:38.413408+00:00,8860a259bbfffff
WD-00000092,ACC-00000674,ATM-496,C-00071,7840399,2026-07-18T20:08:51.954996+00:00,883d8dcdddfffff
WD-00000093,ACC-00002253,ATM-001,C-00072,5743735,2026-06-02T10:12:48.313614+00:00,883da11455fffff
WD-00000094,ACC-00000580,ATM-076,C-00073,137264930,2026-07-20T18:52:32.314655+00:00,88608b0945fffff
WD-00000095,ACC-00000560,ATM-373,C-00074,17582817,2026-06-16T11:09:46.324371+00:00,8842ceb4a7fffff
WD-00000096,ACC-00000664,ATM-225,C-00075,11455456,2026-06-15T18:11:06.279223+00:00,8861892517fffff
WD-00000097,ACC-00000749,ATM-373,C-00076,2743674,2026-08-05T13:58:54.954725+00:00,8842ceb4a7fffff
WD-00000098,ACC-00000749,ATM-373,C-00076,2743674,2026-08-05T14:50:09.161316+00:00,8842ceb4a7fffff
WD-00000099,ACC-00004752,ATM-447,C-00077,15309884,2026-06-22T16:44:52.493832+00:00,883d8dcf37fffff
WD-00000100,ACC-00000575,ATM-076,C-00078,45456217,2026-09-04T15:02:54.797525+00:00,88608b0945fffff
WD-00000101,ACC-00000541,ATM-447,C-00079,31853204,2026-06-05T10:35:43.157107+00:00,883d8dcf37fffff
WD-00000102,ACC-00000583,ATM-299,C-00080,14322726,2026-06-30T15:54:26.845795+00:00,88618c4f29fffff
WD-00000103,ACC-00000631,ATM-004,C-00081,42274625,2026-06-06T17:37:30.987620+00:00,883da11239fffff
WD-00000104,ACC-00000568,ATM-447,C-00082,52329604,2026-08-25T01:39:27.589420+00:00,883d8dcf37fffff
WD-00000105,ACC-00000662,ATM-225,C-00083,128958151,2026-06-28T13:34:59.435005+00:00,8861892517fffff
WD-00000106,ACC-00000662,ATM-225,C-00083,128958151,2026-06-28T14:01:10.413375+00:00,8861892517fffff
WD-00000107,ACC-00000638,ATM-373,C-00084,8121571,2026-06-10T05:22:16.636745+00:00,8842ceb4a7fffff
WD-00000108,ACC-00000638,ATM-373,C-00084,8121571,2026-06-10T06:42:58.722032+00:00,8842ceb4a7fffff
WD-00000109,ACC-00000778,ATM-076,C-00085,29312951,2026-06-29T19:49:51.796084+00:00,88608b0945fffff
WD-00000110,ACC-00000749,ATM-001,C-00086,62899349,2026-06-22T23:42:01.885094+00:00,883da11455fffff
WD-00000111,ACC-00000611,ATM-299,C-00087,19034457,2026-06-06T02:50:53.779397+00:00,88618c4f29fffff
WD-00000112,ACC-00000611,ATM-299,C-00087,19034457,2026-06-06T03:48:07.026515+00:00,88618c4f29fffff
WD-00000113,ACC-00000674,ATM-225,C-00088,1570962,2026-07-21T12:25:15.381637+00:00,8861892517fffff
WD-00000114,ACC-00000674,ATM-225,C-00088,1570962,2026-07-21T12:36:30.402894+00:00,8861892517fffff
WD-00000115,ACC-00000616,ATM-002,C-00089,4221105,2026-09-09T02:41:26.004919+00:00,883da11627fffff
WD-00000116,ACC-00000616,ATM-002,C-00089,4221105,2026-09-09T03:34:36.543350+00:00,883da11627fffff
WD-00000117,ACC-00000682,ATM-367,C-00090,68878480,2026-06-24T18:00:36.166267+00:00,88618c4f31fffff
WD-00000118,ACC-00000714,ATM-076,C-00091,6315651,2026-08-28T16:25:39.514186+00:00,88608b0945fffff
WD-00000119,ACC-00000742,ATM-151,C-00092,69717823,2026-06-12T17:11:16.720956+00:00,8860a259bbfffff
WD-00000120,ACC-00000729,ATM-151,C-00093,164096150,2026-07-21T11:32:02.915675+00:00,8860a259bbfffff
WD-00000121,ACC-00000704,ATM-001,C-00094,17285092,2026-08-03T17:09:58.887931+00:00,883da11455fffff
WD-00000122,ACC-00000704,ATM-001,C-00094,17285092,2026-08-03T18:08:55.727690+00:00,883da11455fffff
WD-00000123,ACC-00000645,ATM-225,C-00095,448523381,2026-08-21T22:08:14.645453+00:00,8861892517fffff
WD-00000124,ACC-00000766,ATM-153,C-00096,144612687,2026-06-22T16:04:25.463835+00:00,8860b525a1fffff
WD-00000125,ACC-00000569,ATM-001,C-00097,1817333,2026-07-31T17:02:13.940906+00:00,883da11455fffff
WD-00000126,ACC-00000569,ATM-001,C-00097,1817333,2026-07-31T18:22:49.429106+00:00,883da11455fffff
WD-00000127,ACC-00000662,ATM-225,C-00098,8341749,2026-09-11T15:54:58.405958+00:00,8861892517fffff
WD-00000128,ACC-00000662,ATM-225,C-00098,8341749,2026-09-11T17:06:10.473301+00:00,8861892517fffff
WD-00000129,ACC-00000578,ATM-299,C-00099,12349155,2026-07-10T15:20:56.517995+00:00,88618c4f29fffff
WD-00000130,ACC-00000578,ATM-299,C-00099,12349155,2026-07-10T16:13:36.269205+00:00,88618c4f29fffff
WD-00000131,ACC-00000633,ATM-299,C-00100,7825474,2026-06-21T11:40:38.025201+00:00,88618c4f29fffff
WD-00000132,ACC-00000737,ATM-374,C-00101,190715646,2026-06-24T19:28:47.801258+00:00,8842cea44dfffff
WD-00000133,ACC-00000716,ATM-447,C-00102,749301615,2026-09-12T18:38:45.464881+00:00,883d8dcf37fffff
WD-00000134,ACC-00004210,ATM-447,C-00103,39553951,2026-08-07T23:08:40.605025+00:00,883d8dcf37fffff
WD-00000135,ACC-00002113,ATM-151,C-00104,15223950,2026-08-19T05:56:03.940829+00:00,8860a259bbfffff
WD-00000136,ACC-00000574,ATM-073,C-00105,3976948,2026-07-28T12:24:12.590165+00:00,883da11403fffff
WD-00000137,ACC-00000724,ATM-001,C-00106,50063242,2026-06-03T07:32:12.130548+00:00,883da11455fffff
WD-00000138,ACC-00000737,ATM-001,C-00107,3618999,2026-08-01T04:48:05.874264+00:00,883da11455fffff
WD-00000139,ACC-00001769,ATM-225,C-00108,114946555,2026-06-02T05:15:58.053209+00:00,8861892517fffff
WD-00000140,ACC-00004824,ATM-225,C-00109,3371834,2026-06-02T06:22:34.423677+00:00,8861892517fffff
WD-00000141,ACC-00000634,ATM-225,C-00110,1964468,2026-08-28T11:09:45.207649+00:00,8861892517fffff
WD-00000142,ACC-00000583,ATM-447,C-00111,10295518,2026-08-08T03:03:34.446772+00:00,883d8dcf37fffff
WD-00000143,ACC-00000621,ATM-076,C-00112,291968651,2026-08-14T06:17:30.674485+00:00,88608b0945fffff
WD-00000144,ACC-00000720,ATM-001,C-00113,12284175,2026-08-14T07:29:10.228615+00:00,883da11455fffff
WD-00000145,ACC-00000676,ATM-151,C-00114,15897010,2026-08-12T13:03:28.069318+00:00,8860a259bbfffff
WD-00000146,ACC-00000705,ATM-225,C-00115,13113429,2026-06-18T07:56:06.450491+00:00,8861892517fffff
WD-00000147,ACC-00000705,ATM-225,C-00115,13113429,2026-06-18T09:09:04.153441+00:00,8861892517fffff
WD-00000148,ACC-00000748,ATM-373,C-00116,26190458,2026-06-12T09:17:16.668705+00:00,8842ceb4a7fffff
WD-00000149,ACC-00000568,ATM-373,C-00117,5453592,2026-07-19T20:06:39.509848+00:00,8842ceb4a7fffff
WD-00000150,ACC-00000674,ATM-374,C-00118,431639237,2026-08-28T22:20:08.994390+00:00,8842cea44dfffff
WD-00000151,ACC-00000697,ATM-299,C-00119,10975715,2026-08-28T08:58:48.565836+00:00,88618c4f29fffff
WD-00000152,ACC-00000697,ATM-299,C-00119,10975715,2026-08-28T10:05:24.978038+00:00,88618c4f29fffff
WD-00000153,ACC-00001563,ATM-132,C-00120,167128280,2026-07-30T08:39:18.891817+00:00,88608b4659fffff
WD-00000154,ACC-00001563,ATM-132,C-00120,167128280,2026-07-30T09:38:49.487654+00:00,88608b4659fffff
WD-00000155,ACC-00000599,ATM-225,C-00121,15002000,2026-07-15T12:38:23.082249+00:00,8861892517fffff
WD-00000156,ACC-00000719,ATM-153,C-00122,50324088,2026-07-30T20:38:36.701121+00:00,8860b525a1fffff
WD-00000157,ACC-00000501,ATM-226,C-00123,13800790,2026-06-15T21:37:59.156387+00:00,8861892033fffff
WD-00000158,ACC-00000525,ATM-447,C-00124,156364884,2026-08-06T05:54:36.765408+00:00,883d8dcf37fffff
WD-00000159,ACC-00000525,ATM-447,C-00124,156364884,2026-08-06T06:36:13.101844+00:00,883d8dcf37fffff
WD-00000160,ACC-00003229,ATM-151,C-00125,19746760,2026-08-25T04:47:23.952494+00:00,8860a259bbfffff
WD-00000161,ACC-00000525,ATM-376,C-00126,1819984,2026-09-05T16:13:34.035361+00:00,8842ceb4edfffff
WD-00000162,ACC-00000639,ATM-225,C-00127,4346510,2026-07-17T20:41:45.901655+00:00,8861892517fffff
WD-00000163,ACC-00000639,ATM-225,C-00127,4346510,2026-07-17T21:20:07.748635+00:00,8861892517fffff
WD-00000164,ACC-00000700,ATM-156,C-00128,178525248,2026-07-06T12:08:44.572132+00:00,8860b52cb9fffff
WD-00000165,ACC-00000604,ATM-447,C-00129,183612136,2026-08-27T16:38:26.394151+00:00,883d8dcf37fffff
WD-00000166,ACC-00000749,ATM-151,C-00130,10179331,2026-08-18T05:07:21.001306+00:00,8860a259bbfffff
WD-00000167,ACC-00000670,ATM-225,C-00131,7727138,2026-09-01T04:14:35.549428+00:00,8861892517fffff
WD-00000168,ACC-00000723,ATM-225,C-00132,20183313,2026-09-02T08:13:31.659722+00:00,8861892517fffff
WD-00000169,ACC-00000723,ATM-225,C-00132,20183313,2026-09-02T08:31:56.178239+00:00,8861892517fffff
WD-00000170,ACC-00000521,ATM-447,C-00133,6971716,2026-06-16T22:24:52.973253+00:00,883d8dcf37fffff
WD-00000171,ACC-00000522,ATM-001,C-00134,72270444,2026-06-17T00:47:35.071680+00:00,883da11455fffff
WD-00000172,ACC-00000666,ATM-163,C-00135,9382811,2026-08-19T03:44:34.912332+00:00,8860a259b7fffff
WD-00000173,ACC-00000568,ATM-447,C-00136,26507005,2026-09-08T19:56:05.470266+00:00,883d8dcf37fffff
WD-00000174,ACC-00000638,ATM-373,C-00137,136341306,2026-07-14T00:31:06.768710+00:00,8842ceb4a7fffff
WD-00000175,ACC-00000532,ATM-327,C-00138,4522286,2026-06-04T03:44:33.484167+00:00,88618c4f3dfffff
WD-00000176,ACC-00000532,ATM-327,C-00138,4522286,2026-06-04T04:08:09.351959+00:00,88618c4f3dfffff
WD-00000177,ACC-00000652,ATM-155,C-00139,100113888,2026-08-14T18:27:44.322302+00:00,8860a25983fffff
WD-00000178,ACC-00000652,ATM-155,C-00139,100113888,2026-08-14T18:40:17.197935+00:00,8860a25983fffff
WD-00000179,ACC-00000726,ATM-001,C-00140,58434614,2026-07-15T01:07:44.594863+00:00,883da11455fffff
WD-00000180,ACC-00000695,ATM-447,C-00141,17405222,2026-07-05T14:24:42.384578+00:00,883d8dcf37fffff
WD-00000181,ACC-00000578,ATM-154,C-00142,105432640,2026-08-17T13:05:53.424689+00:00,8860a24b6dfffff
WD-00000182,ACC-00000578,ATM-154,C-00142,105432640,2026-08-17T14:30:07.853774+00:00,8860a24b6dfffff
WD-00000183,ACC-00000676,ATM-447,C-00143,56054637,2026-08-25T18:48:45.721494+00:00,883d8dcf37fffff
WD-00000184,ACC-00000591,ATM-373,C-00144,19538910,2026-08-06T22:06:14.951232+00:00,8842ceb4a7fffff
WD-00000185,ACC-00000660,ATM-299,C-00145,8180526,2026-08-30T01:53:51.321752+00:00,88618c4f29fffff
WD-00000186,ACC-00000723,ATM-225,C-00146,750855244,2026-06-23T01:10:22.499247+00:00,8861892517fffff
WD-00000187,ACC-00000690,ATM-299,C-00147,3270267,2026-07-02T01:32:12.288502+00:00,88618c4f29fffff
WD-00000188,ACC-00000737,ATM-076,C-00148,73187201,2026-07-31T05:43:33.897930+00:00,88608b0945fffff
WD-00000189,ACC-00000589,ATM-076,C-00149,702227001,2026-08-26T13:06:55.951234+00:00,88608b0945fffff
WD-00000190,ACC-00000631,ATM-033,C-00150,188464994,2026-06-24T09:19:16.587894+00:00,883da1140dfffff
WD-00000191,ACC-00000645,ATM-373,C-00151,157000800,2026-08-14T07:53:26.667626+00:00,8842ceb4a7fffff
WD-00000192,ACC-00000574,ATM-225,C-00152,7141842,2026-06-10T13:33:44.956353+00:00,8861892517fffff
WD-00000193,ACC-00000710,ATM-001,C-00153,16985913,2026-09-01T05:05:20.984479+00:00,883da11455fffff
WD-00000194,ACC-00000714,ATM-373,C-00154,19154620,2026-08-27T04:17:36.702986+00:00,8842ceb4a7fffff
WD-00000195,ACC-00000729,ATM-151,C-00155,3587862,2026-08-25T14:28:41.207693+00:00,8860a259bbfffff
WD-00000196,ACC-00000613,ATM-373,C-00156,23586851,2026-06-10T02:54:45.098543+00:00,8842ceb4a7fffff
WD-00000197,ACC-00001016,ATM-151,C-00157,41432085,2026-08-18T08:27:05.777866+00:00,8860a259bbfffff
WD-00000198,ACC-00000527,ATM-447,C-00158,6155328,2026-06-03T03:46:05.927631+00:00,883d8dcf37fffff
WD-00000199,ACC-00000623,ATM-373,C-00159,912581195,2026-07-23T13:40:22.918095+00:00,8842ceb4a7fffff
WD-00000200,ACC-00000704,ATM-373,C-00160,265988474,2026-07-24T09:41:43.603238+00:00,8842ceb4a7fffff
WD-00000201,ACC-00000742,ATM-373,C-00161,50698073,2026-09-09T01:22:13.132393+00:00,8842ceb4a7fffff
WD-00000202,ACC-00000742,ATM-373,C-00161,50698073,2026-09-09T02:35:46.353757+00:00,8842ceb4a7fffff
WD-00000203,ACC-00001488,ATM-049,C-00162,2727889,2026-09-09T04:46:10.446119+00:00,883da11463fffff
WD-00000204,ACC-00000704,ATM-151,C-00163,11936975,2026-07-07T12:26:36.231104+00:00,8860a259bbfffff
WD-00000205,ACC-00002534,ATM-076,C-00164,61995918,2026-09-11T13:35:24.929736+00:00,88608b0945fffff
WD-00000206,ACC-00000737,ATM-331,C-00165,121487926,2026-07-03T12:52:26.638677+00:00,88618c4f21fffff
WD-00000207,ACC-00000721,ATM-401,C-00166,2414932,2026-08-14T12:12:50.758310+00:00,8842cea64dfffff
WD-00000208,ACC-00000527,ATM-001,C-00167,5853734,2026-06-14T02:36:12.028376+00:00,883da11455fffff
WD-00000209,ACC-00000570,ATM-001,C-00168,8174909,2026-06-18T05:54:15.701987+00:00,883da11455fffff
WD-00000210,ACC-00000730,ATM-447,C-00169,42157749,2026-06-19T09:01:58.587035+00:00,883d8dcf37fffff
WD-00000211,ACC-00000623,ATM-299,C-00170,18557432,2026-06-15T10:57:29.308565+00:00,88618c4f29fffff
WD-00000212,ACC-00000623,ATM-299,C-00170,18557432,2026-06-15T11:24:22.150907+00:00,88618c4f29fffff
WD-00000213,ACC-00000683,ATM-151,C-00171,66113418,2026-08-04T23:46:13.707445+00:00,8860a259bbfffff
WD-00000214,ACC-00001051,ATM-001,C-00172,5112594,2026-09-10T22:33:38.937863+00:00,883da11455fffff
WD-00000215,ACC-00000728,ATM-001,C-00173,25718280,2026-06-22T05:51:23.052234+00:00,883da11455fffff
WD-00000216,ACC-00000501,ATM-076,C-00174,2681191,2026-06-08T21:22:02.049961+00:00,88608b0945fffff
WD-00000217,ACC-00000501,ATM-076,C-00174,2681191,2026-06-08T21:37:07.811178+00:00,88608b0945fffff
WD-00000218,ACC-00000741,ATM-001,C-00175,20234705,2026-09-02T10:37:41.106277+00:00,883da11455fffff
WD-00000219,ACC-00000587,ATM-151,C-00176,17248642,2026-07-14T16:35:54.476308+00:00,8860a259bbfffff
WD-00000220,ACC-00000576,ATM-001,C-00177,6679852,2026-08-08T18:47:00.122986+00:00,883da11455fffff
WD-00000221,ACC-00000677,ATM-300,C-00178,734128847,2026-08-30T20:15:56.123424+00:00,88618c4d03fffff
WD-00000222,ACC-00000677,ATM-300,C-00178,734128847,2026-08-30T20:36:22.827947+00:00,88618c4d03fffff
WD-00000223,ACC-00000526,ATM-225,C-00179,5832338,2026-07-21T15:00:18.839607+00:00,8861892517fffff
WD-00000224,ACC-00000623,ATM-373,C-00180,1734683,2026-09-09T20:05:49.709732+00:00,8842ceb4a7fffff
WD-00000225,ACC-00000623,ATM-373,C-00180,1734683,2026-09-09T20:56:03.245126+00:00,8842ceb4a7fffff
WD-00000226,ACC-00000568,ATM-225,C-00181,823789139,2026-07-26T05:54:30.081882+00:00,8861892517fffff
WD-00000227,ACC-00000544,ATM-299,C-00182,27924886,2026-06-26T16:53:04.157720+00:00,88618c4f29fffff
WD-00000228,ACC-00000707,ATM-373,C-00183,8558604,2026-06-27T11:12:21.378809+00:00,8842ceb4a7fffff
WD-00000229,ACC-00000570,ATM-076,C-00184,9798074,2026-09-07T21:48:53.714027+00:00,88608b0945fffff
WD-00000230,ACC-00000584,ATM-299,C-00185,118436806,2026-08-20T02:26:42.370813+00:00,88618c4f29fffff
WD-00000231,ACC-00000631,ATM-151,C-00186,28114586,2026-06-03T11:01:21.479418+00:00,8860a259bbfffff
WD-00000232,ACC-00000631,ATM-151,C-00186,28114586,2026-06-03T12:17:49.146721+00:00,8860a259bbfffff
WD-00000233,ACC-00000669,ATM-001,C-00187,18265699,2026-06-30T07:26:28.692158+00:00,883da11455fffff
WD-00000234,ACC-00000573,ATM-151,C-00188,6678017,2026-07-27T17:49:38.582287+00:00,8860a259bbfffff
WD-00000235,ACC-00000673,ATM-001,C-00189,8049327,2026-08-22T20:13:16.985539+00:00,883da11455fffff
WD-00000236,ACC-00000714,ATM-226,C-00190,10545120,2026-07-19T12:44:36.988201+00:00,8861892033fffff
WD-00000237,ACC-00001794,ATM-299,C-00191,4726680,2026-07-21T01:50:17.333620+00:00,88618c4f29fffff
WD-00000238,ACC-00000540,ATM-447,C-00192,156885125,2026-08-18T05:04:49.079550+00:00,883d8dcf37fffff
WD-00000239,ACC-00000757,ATM-373,C-00193,15829843,2026-07-17T04:20:58.866150+00:00,8842ceb4a7fffff
WD-00000240,ACC-00000553,ATM-151,C-00194,848567214,2026-07-07T15:58:35.320179+00:00,8860a259bbfffff
WD-00000241,ACC-00000722,ATM-373,C-00195,16820360,2026-06-02T03:31:50.944145+00:00,8842ceb4a7fffff
WD-00000242,ACC-00000525,ATM-471,C-00196,22795273,2026-07-10T13:26:28.091189+00:00,883d8dcd09fffff
WD-00000243,ACC-00000563,ATM-299,C-00197,9782339,2026-09-11T03:29:14.525188+00:00,88618c4f29fffff
WD-00000244,ACC-00000563,ATM-299,C-00197,9782339,2026-09-11T04:30:40.089777+00:00,88618c4f29fffff
WD-00000245,ACC-00000606,ATM-001,C-00198,158763898,2026-06-03T10:53:45.582565+00:00,883da11455fffff
WD-00000246,ACC-00000606,ATM-001,C-00198,158763898,2026-06-03T11:49:46.898975+00:00,883da11455fffff
WD-00000247,ACC-00000548,ATM-373,C-00199,9105252,2026-09-02T17:48:19.859190+00:00,8842ceb4a7fffff
WD-00000248,ACC-00000693,ATM-076,C-00200,1606316491,2026-08-25T16:01:22.963507+00:00,88608b0945fffff
WD-00000249,ACC-00000737,ATM-299,C-00201,15204396,2026-07-07T07:22:45.628201+00:00,88618c4f29fffff
WD-00000250,ACC-00000637,ATM-299,C-00202,9187861,2026-08-12T00:09:44.704338+00:00,88618c4f29fffff
WD-00000251,ACC-00000598,ATM-001,C-00203,42209566,2026-07-22T23:10:02.043918+00:00,883da11455fffff
WD-00000252,ACC-00000598,ATM-001,C-00203,42209566,2026-07-22T23:21:45.546215+00:00,883da11455fffff
WD-00000253,ACC-00000590,ATM-151,C-00204,3633509,2026-07-01T11:37:03.019648+00:00,8860a259bbfffff
WD-00000254,ACC-00000710,ATM-228,C-00205,3072519,2026-07-21T14:47:21.392953+00:00,886014594bfffff
WD-00000255,ACC-00000590,ATM-076,C-00206,2563629,2026-07-18T12:01:41.736087+00:00,88608b0945fffff
WD-00000256,ACC-00000590,ATM-076,C-00206,2563629,2026-07-18T12:31:44.553725+00:00,88608b0945fffff
WD-00000257,ACC-00000529,ATM-447,C-00207,4775266,2026-07-15T05:04:22.405710+00:00,883d8dcf37fffff
WD-00000258,ACC-00000529,ATM-447,C-00207,4775266,2026-07-15T05:49:47.843135+00:00,883d8dcf37fffff
WD-00000259,ACC-00000574,ATM-151,C-00208,6230911,2026-07-08T14:29:27.399098+00:00,8860a259bbfffff
WD-00000260,ACC-00001395,ATM-151,C-00209,246766507,2026-07-21T23:35:19.478113+00:00,8860a259bbfffff
WD-00000261,ACC-00001395,ATM-151,C-00209,246766507,2026-07-21T23:49:38.190596+00:00,8860a259bbfffff
WD-00000262,ACC-00000501,ATM-373,C-00210,1859643191,2026-08-03T07:34:38.433951+00:00,8842ceb4a7fffff
WD-00000263,ACC-00000546,ATM-001,C-00211,5326664,2026-06-26T06:00:56.819395+00:00,883da11455fffff
WD-00000264,ACC-00000528,ATM-225,C-00212,578157481,2026-06-26T21:15:20.717344+00:00,8861892517fffff
WD-00000265,ACC-00000528,ATM-225,C-00212,578157481,2026-06-26T22:35:31.264952+00:00,8861892517fffff
WD-00000266,ACC-00002461,ATM-447,C-00213,12720450,2026-06-07T01:29:19.244268+00:00,883d8dcf37fffff
WD-00000267,ACC-00000748,ATM-001,C-00214,197472363,2026-06-06T01:05:53.484943+00:00,883da11455fffff
WD-00000268,ACC-00000682,ATM-447,C-00215,27508012,2026-08-31T07:57:14.902787+00:00,883d8dcf37fffff
WD-00000269,ACC-00000682,ATM-447,C-00215,27508012,2026-08-31T08:08:20.263032+00:00,883d8dcf37fffff
WD-00000270,ACC-00000763,ATM-001,C-00216,23899424,2026-06-23T21:02:24.478056+00:00,883da11455fffff
WD-00000271,ACC-00000688,ATM-447,C-00217,197477457,2026-07-14T05:18:56.581687+00:00,883d8dcf37fffff
WD-00000272,ACC-00000688,ATM-447,C-00217,197477457,2026-07-14T06:15:29.640923+00:00,883d8dcf37fffff
WD-00000273,ACC-00000582,ATM-225,C-00218,96356335,2026-07-29T15:44:49.334855+00:00,8861892517fffff
WD-00000274,ACC-00000751,ATM-448,C-00219,4956544,2026-09-01T02:20:38.946503+00:00,883d8dcd8bfffff
WD-00000275,ACC-00000540,ATM-151,C-00220,3617941,2026-06-30T12:19:18.585292+00:00,8860a259bbfffff
WD-00000276,ACC-00000742,ATM-001,C-00221,9160999,2026-08-05T15:38:17.457372+00:00,883da11455fffff
WD-00000277,ACC-00000675,ATM-277,C-00222,104013304,2026-08-21T01:00:00.297804+00:00,8861892517fffff
WD-00000278,ACC-00000598,ATM-373,C-00223,2989571,2026-07-29T08:59:15.962290+00:00,8842ceb4a7fffff
WD-00000279,ACC-00000598,ATM-373,C-00223,2989571,2026-07-29T10:16:27.135059+00:00,8842ceb4a7fffff
WD-00000280,ACC-00000610,ATM-299,C-00224,5552665,2026-06-03T23:33:38.983186+00:00,88618c4f29fffff
WD-00000281,ACC-00000539,ATM-299,C-00225,6293657,2026-07-10T09:20:12.184358+00:00,88618c4f29fffff
WD-00000282,ACC-00000561,ATM-003,C-00226,12628481,2026-07-15T13:12:59.265888+00:00,883da1029dfffff
WD-00000283,ACC-00000561,ATM-003,C-00226,12628481,2026-07-15T14:30:17.851477+00:00,883da1029dfffff
WD-00000284,ACC-00000714,ATM-076,C-00227,96732007,2026-08-11T05:13:12.378247+00:00,88608b0945fffff
WD-00000285,ACC-00000643,ATM-447,C-00228,9120061,2026-07-10T11:26:15.952186+00:00,883d8dcf37fffff
WD-00000286,ACC-00000565,ATM-373,C-00229,13792891,2026-07-31T06:43:43.345112+00:00,8842ceb4a7fffff
WD-00000287,ACC-00003866,ATM-151,C-00230,10181404,2026-06-01T20:12:34.824045+00:00,8860a259bbfffff
WD-00000288,ACC-00002680,ATM-374,C-00231,12733846,2026-06-23T11:55:02.116859+00:00,8842cea44dfffff
WD-00000289,ACC-00000619,ATM-301,C-00232,2596139,2026-06-17T07:43:57.458930+00:00,88618c4e63fffff
WD-00000290,ACC-00000619,ATM-301,C-00232,2596139,2026-06-17T08:09:21.606305+00:00,88618c4e63fffff
WD-00000291,ACC-00000737,ATM-076,C-00233,58727536,2026-06-03T01:59:02.122137+00:00,88608b0945fffff
WD-00000292,ACC-00000743,ATM-225,C-00234,7700756,2026-08-07T22:44:25.401312+00:00,8861892517fffff
WD-00000293,ACC-00000679,ATM-351,C-00235,441696435,2026-06-11T13:00:15.294523+00:00,88618c4f25fffff
WD-00000294,ACC-00000762,ATM-373,C-00236,216273067,2026-07-21T03:34:15.815881+00:00,8842ceb4a7fffff
WD-00000295,ACC-00000590,ATM-151,C-00237,12469487,2026-08-10T17:23:12.395851+00:00,8860a259bbfffff
WD-00000296,ACC-00000634,ATM-152,C-00238,199095930,2026-08-23T12:40:00.647727+00:00,8860b52c91fffff
WD-00000297,ACC-00000600,ATM-151,C-00239,1395894069,2026-07-02T12:29:37.755351+00:00,8860a259bbfffff
WD-00000298,ACC-00000547,ATM-225,C-00240,4709483,2026-09-05T12:37:59.420802+00:00,8861892517fffff
WD-00000299,ACC-00000547,ATM-225,C-00240,4709483,2026-09-05T12:51:52.050245+00:00,8861892517fffff
WD-00000300,ACC-00002021,ATM-299,C-00241,33846153,2026-06-27T17:02:01.599126+00:00,88618c4f29fffff
WD-00000301,ACC-00002021,ATM-299,C-00241,33846153,2026-06-27T18:29:51.652855+00:00,88618c4f29fffff
WD-00000302,ACC-00000584,ATM-152,C-00242,12544535,2026-08-20T15:29:16.395862+00:00,8860b52c91fffff
WD-00000303,ACC-00000584,ATM-152,C-00242,12544535,2026-08-20T15:48:47.617544+00:00,8860b52c91fffff
WD-00000304,ACC-00000586,ATM-076,C-00243,6901796,2026-08-20T18:31:49.163765+00:00,88608b0945fffff
WD-00000305,ACC-00000767,ATM-447,C-00244,27759047,2026-08-14T15:30:12.038084+00:00,883d8dcf37fffff
WD-00000306,ACC-00003331,ATM-299,C-00245,10219539,2026-08-11T04:33:44.691475+00:00,88618c4f29fffff
WD-00000307,ACC-00003331,ATM-299,C-00245,10219539,2026-08-11T05:48:55.800554+00:00,88618c4f29fffff
WD-00000308,ACC-00000524,ATM-225,C-00246,20150136,2026-06-23T10:29:39.977806+00:00,8861892517fffff
WD-00000309,ACC-00000680,ATM-076,C-00247,1673813,2026-08-13T01:55:44.406050+00:00,88608b0945fffff
WD-00000310,ACC-00000680,ATM-076,C-00247,1673813,2026-08-13T02:45:43.569335+00:00,88608b0945fffff
WD-00000311,ACC-00000595,ATM-151,C-00248,54776500,2026-06-11T02:45:06.824579+00:00,8860a259bbfffff
WD-00000312,ACC-00001233,ATM-053,C-00249,27113978,2026-08-05T07:23:30.845973+00:00,883da1140bfffff
WD-00000313,ACC-00000630,ATM-151,C-00250,91302479,2026-08-10T20:48:29.471160+00:00,8860a259bbfffff
WD-00000314,ACC-00000742,ATM-076,C-00251,676389495,2026-06-29T21:16:32.331535+00:00,88608b0945fffff
WD-00000315,ACC-00000748,ATM-449,C-00252,3510985,2026-07-30T01:16:46.213225+00:00,883d8dcf3bfffff
WD-00000316,ACC-00000610,ATM-375,C-00253,14986981,2026-09-11T01:12:53.706274+00:00,8842ceb559fffff
WD-00000317,ACC-00000623,ATM-151,C-00254,3833493,2026-09-05T08:00:42.661168+00:00,8860a259bbfffff
WD-00000318,ACC-00000598,ATM-225,C-00255,29345058,2026-09-07T06:28:45.449428+00:00,8861892517fffff
WD-00000319,ACC-00001420,ATM-112,C-00256,4490912,2026-08-27T10:53:31.050302+00:00,88608b5493fffff
WD-00000320,ACC-00001420,ATM-112,C-00256,4490912,2026-08-27T11:06:57.061124+00:00,88608b5493fffff
WD-00000321,ACC-00000643,ATM-447,C-00257,50200320,2026-08-26T10:26:20.161375+00:00,883d8dcf37fffff
WD-00000322,ACC-00000590,ATM-151,C-00258,11714049,2026-08-31T19:43:39.818336+00:00,8860a259bbfffff
WD-00000323,ACC-00001375,ATM-373,C-00259,16754469,2026-06-09T15:05:14.205302+00:00,8842ceb4a7fffff
WD-00000324,ACC-00001375,ATM-373,C-00259,16754469,2026-06-09T15:15:21.659656+00:00,8842ceb4a7fffff
WD-00000325,ACC-00000625,ATM-001,C-00260,62467424,2026-07-18T14:50:02.651037+00:00,883da11455fffff
WD-00000326,ACC-00000625,ATM-001,C-00260,62467424,2026-07-18T15:40:15.466643+00:00,883da11455fffff
WD-00000327,ACC-00000624,ATM-373,C-00261,7302849,2026-08-31T05:23:17.776510+00:00,8842ceb4a7fffff
WD-00000328,ACC-00000693,ATM-151,C-00262,655227580,2026-06-18T19:49:26.414291+00:00,8860a259bbfffff
WD-00000329,ACC-00000745,ATM-076,C-00263,18481020,2026-07-01T00:19:14.741260+00:00,88608b0945fffff
WD-00000330,ACC-00002546,ATM-076,C-00264,6014349,2026-07-22T00:29:09.635638+00:00,88608b0945fffff
WD-00000331,ACC-00000601,ATM-076,C-00265,4153422,2026-07-31T01:03:11.797588+00:00,88608b0945fffff
WD-00000332,ACC-00000601,ATM-076,C-00265,4153422,2026-07-31T02:03:00.220791+00:00,88608b0945fffff
WD-00000333,ACC-00000546,ATM-373,C-00266,4935233,2026-07-20T19:47:05.679093+00:00,8842ceb4a7fffff
WD-00000334,ACC-00000623,ATM-373,C-00267,12732173,2026-06-23T18:48:17.278863+00:00,8842ceb4a7fffff
WD-00000335,ACC-00000623,ATM-373,C-00267,12732173,2026-06-23T19:34:39.972985+00:00,8842ceb4a7fffff
WD-00000336,ACC-00000699,ATM-151,C-00268,6151625,2026-06-19T11:14:42.643837+00:00,8860a259bbfffff
WD-00000337,ACC-00000606,ATM-001,C-00269,119277428,2026-07-23T18:58:51.181425+00:00,883da11455fffff
WD-00000338,ACC-00000728,ATM-299,C-00270,7987120,2026-08-21T04:26:21.924407+00:00,88618c4f29fffff
WD-00000339,ACC-00000560,ATM-299,C-00271,8901023,2026-07-07T07:40:36.936702+00:00,88618c4f29fffff
WD-00000340,ACC-00000721,ATM-447,C-00272,70833873,2026-06-23T06:35:10.918823+00:00,883d8dcf37fffff
WD-00000341,ACC-00000564,ATM-463,C-00273,69140815,2026-07-30T15:27:27.468361+00:00,883d8dcd51fffff
WD-00000342,ACC-00000523,ATM-373,C-00274,19588495,2026-07-03T03:57:07.326508+00:00,8842ceb4a7fffff
WD-00000343,ACC-00000737,ATM-151,C-00275,41054820,2026-09-07T18:43:23.109652+00:00,8860a259bbfffff
WD-00000344,ACC-00000714,ATM-225,C-00276,840766307,2026-07-10T03:54:41.694133+00:00,8861892517fffff
WD-00000345,ACC-00000732,ATM-076,C-00277,7327058,2026-06-05T06:14:50.606561+00:00,88608b0945fffff
WD-00000346,ACC-00000732,ATM-076,C-00277,7327058,2026-06-05T07:16:38.222935+00:00,88608b0945fffff
WD-00000347,ACC-00000655,ATM-151,C-00278,16406938,2026-08-20T17:14:43.307196+00:00,8860a259bbfffff
WD-00000348,ACC-00000655,ATM-151,C-00278,16406938,2026-08-20T17:26:35.169101+00:00,8860a259bbfffff
WD-00000349,ACC-00000584,ATM-076,C-00279,2589148,2026-07-21T09:09:34.404078+00:00,88608b0945fffff
WD-00000350,ACC-00000688,ATM-001,C-00280,27713840,2026-06-09T00:25:05.971321+00:00,883da11455fffff
WD-00000351,ACC-00000737,ATM-225,C-00281,3284095,2026-07-15T05:23:58.470480+00:00,8861892517fffff
WD-00000352,ACC-00000613,ATM-003,C-00282,56670886,2026-06-23T14:22:08.873182+00:00,883da1029dfffff
WD-00000353,ACC-00001294,ATM-076,C-00283,6780937,2026-08-12T20:27:49.962774+00:00,88608b0945fffff
WD-00000354,ACC-00000667,ATM-373,C-00284,270718573,2026-07-25T13:24:49.049520+00:00,8842ceb4a7fffff
WD-00000355,ACC-00000667,ATM-373,C-00284,270718573,2026-07-25T13:44:27.288347+00:00,8842ceb4a7fffff
WD-00000356,ACC-00000533,ATM-373,C-00285,6699823,2026-07-06T14:21:00.093061+00:00,8842ceb4a7fffff
WD-00000357,ACC-00000636,ATM-447,C-00286,194169181,2026-08-13T20:58:03.901434+00:00,883d8dcf37fffff
WD-00000358,ACC-00000619,ATM-449,C-00287,35435230,2026-07-20T00:39:39.578567+00:00,883d8dcf3bfffff
WD-00000359,ACC-00000737,ATM-373,C-00288,5774166,2026-06-03T21:23:44.431950+00:00,8842ceb4a7fffff
WD-00000360,ACC-00000594,ATM-373,C-00289,3601666,2026-08-11T13:19:54.012191+00:00,8842ceb4a7fffff
WD-00000361,ACC-00000618,ATM-001,C-00290,42891126,2026-07-03T02:56:37.073755+00:00,883da11455fffff
WD-00000362,ACC-00000578,ATM-145,C-00291,19436511,2026-09-02T08:48:54.096922+00:00,88608b0a47fffff
WD-00000363,ACC-00000540,ATM-449,C-00292,12734764,2026-07-22T11:44:03.377454+00:00,883d8dcf3bfffff
WD-00000364,ACC-00000547,ATM-447,C-00293,4011838,2026-08-10T12:34:36.626831+00:00,883d8dcf37fffff
WD-00000365,ACC-00000589,ATM-076,C-00294,3232749,2026-08-13T02:16:24.306473+00:00,88608b0945fffff
WD-00000366,ACC-00000685,ATM-447,C-00295,6739532,2026-07-22T19:57:20.301422+00:00,883d8dcf37fffff
WD-00000367,ACC-00000578,ATM-151,C-00296,280893895,2026-07-22T04:13:33.838767+00:00,8860a259bbfffff
WD-00000368,ACC-00000578,ATM-151,C-00296,280893895,2026-07-22T05:34:59.921444+00:00,8860a259bbfffff
WD-00000369,ACC-00000564,ATM-225,C-00297,21561154,2026-06-12T07:47:32.858060+00:00,8861892517fffff
WD-00000370,ACC-00000654,ATM-002,C-00298,50360186,2026-06-23T22:20:40.230415+00:00,883da11627fffff
WD-00000371,ACC-00000654,ATM-002,C-00298,50360186,2026-06-23T23:39:27.106353+00:00,883da11627fffff
WD-00000372,ACC-00000557,ATM-076,C-00299,41786320,2026-06-12T03:05:51.979487+00:00,88608b0945fffff
WD-00000373,ACC-00000730,ATM-301,C-00300,30166648,2026-08-29T04:58:15.075951+00:00,88618c4e63fffff
WD-00000374,ACC-00002889,ATM-225,C-00301,10968292,2026-09-12T15:15:19.652511+00:00,8861892517fffff
WD-00000375,ACC-00000701,ATM-001,C-00302,31031153,2026-07-18T08:10:31.581302+00:00,883da11455fffff
WD-00000376,ACC-00000611,ATM-299,C-00303,17954816,2026-09-12T15:11:28.805094+00:00,88618c4f29fffff
WD-00000377,ACC-00000694,ATM-226,C-00304,8255843,2026-09-03T19:05:52.875826+00:00,8861892033fffff
WD-00000378,ACC-00000751,ATM-401,C-00305,13141356,2026-07-02T07:08:29.628625+00:00,8842cea64dfffff
WD-00000379,ACC-00000587,ATM-449,C-00306,3527996,2026-08-26T19:24:03.620338+00:00,883d8dcf3bfffff
WD-00000380,ACC-00000756,ATM-447,C-00307,3864200,2026-07-22T20:54:17.157776+00:00,883d8dcf37fffff
WD-00000381,ACC-00000756,ATM-447,C-00307,3864200,2026-07-22T21:43:26.455173+00:00,883d8dcf37fffff
WD-00000382,ACC-00000540,ATM-001,C-00308,82615037,2026-06-10T00:08:06.313207+00:00,883da11455fffff
WD-00000383,ACC-00000770,ATM-076,C-00309,131155052,2026-08-03T12:58:09.499958+00:00,88608b0945fffff
WD-00000384,ACC-00000770,ATM-076,C-00309,131155052,2026-08-03T14:23:58.263796+00:00,88608b0945fffff
WD-00000385,ACC-00000769,ATM-076,C-00310,4664912,2026-07-05T23:25:59.724805+00:00,88608b0945fffff
WD-00000386,ACC-00000769,ATM-076,C-00310,4664912,2026-07-06T00:13:59.600487+00:00,88608b0945fffff
WD-00000387,ACC-00000598,ATM-152,C-00311,2378363,2026-06-03T06:26:18.802441+00:00,8860b52c91fffff
WD-00000388,ACC-00000598,ATM-152,C-00311,2378363,2026-06-03T07:17:42.901895+00:00,8860b52c91fffff
WD-00000389,ACC-00000710,ATM-373,C-00312,965903,2026-07-22T23:43:23.280751+00:00,8842ceb4a7fffff
WD-00000390,ACC-00000710,ATM-373,C-00312,965903,2026-07-22T23:53:28.930858+00:00,8842ceb4a7fffff
WD-00000391,ACC-00000662,ATM-299,C-00313,206996708,2026-09-06T14:51:15.535686+00:00,88618c4f29fffff
WD-00000392,ACC-00000662,ATM-299,C-00313,206996708,2026-09-06T16:14:07.760436+00:00,88618c4f29fffff
WD-00000393,ACC-00000570,ATM-076,C-00314,44062596,2026-07-09T07:46:05.364513+00:00,88608b0945fffff
WD-00000394,ACC-00000570,ATM-076,C-00314,44062596,2026-07-09T08:32:33.436638+00:00,88608b0945fffff
WD-00000395,ACC-00000634,ATM-299,C-00315,8663967,2026-06-17T12:26:39.893413+00:00,88618c4f29fffff
WD-00000396,ACC-00000755,ATM-373,C-00316,24345009,2026-07-09T13:16:55.744183+00:00,8842ceb4a7fffff
WD-00000397,ACC-00000595,ATM-076,C-00317,5121653,2026-09-07T07:21:22.139182+00:00,88608b0945fffff
WD-00000398,ACC-00000595,ATM-076,C-00317,5121653,2026-09-07T07:33:32.927968+00:00,88608b0945fffff
WD-00000399,ACC-00000603,ATM-299,C-00318,42435850,2026-06-03T02:34:48.003161+00:00,88618c4f29fffff
WD-00000400,ACC-00000765,ATM-393,C-00319,12523501,2026-07-10T18:42:40.596195+00:00,8842ceb59bfffff
WD-00000401,ACC-00000718,ATM-299,C-00320,17737117,2026-09-10T07:40:20.969433+00:00,88618c4f29fffff
WD-00000402,ACC-00000704,ATM-151,C-00321,8080682,2026-09-13T20:46:58.643059+00:00,8860a259bbfffff
WD-00000403,ACC-00000950,ATM-001,C-00322,8449289,2026-08-27T13:10:35.715771+00:00,883da11455fffff
WD-00000404,ACC-00000502,ATM-447,C-00323,11412092,2026-06-23T12:40:18.969677+00:00,883d8dcf37fffff
WD-00000405,ACC-00000502,ATM-447,C-00323,11412092,2026-06-23T13:13:03.288062+00:00,883d8dcf37fffff
WD-00000406,ACC-00000749,ATM-104,C-00324,47369333,2026-06-18T02:50:42.150195+00:00,88608b0905fffff
WD-00000407,ACC-00000762,ATM-515,C-00325,11653814,2026-07-04T00:59:26.411949+00:00,883d8dcd43fffff
WD-00000408,ACC-00000725,ATM-076,C-00326,291352547,2026-06-22T18:42:19.978726+00:00,88608b0945fffff
WD-00000409,ACC-00000576,ATM-009,C-00327,60077989,2026-06-10T07:48:23.191957+00:00,883da11441fffff
WD-00000410,ACC-00000633,ATM-299,C-00328,99707512,2026-08-20T00:23:04.149783+00:00,88618c4f29fffff
WD-00000411,ACC-00000618,ATM-373,C-00329,212019855,2026-08-12T14:44:07.356172+00:00,8842ceb4a7fffff
WD-00000412,ACC-00000720,ATM-315,C-00330,14850124,2026-08-26T18:03:39.110047+00:00,88618c4f23fffff
WD-00000413,ACC-00000727,ATM-447,C-00331,276802152,2026-09-03T22:20:20.216423+00:00,883d8dcf37fffff
WD-00000414,ACC-00000527,ATM-151,C-00332,1536280,2026-09-06T03:05:42.318057+00:00,8860a259bbfffff
WD-00000415,ACC-00000527,ATM-151,C-00332,1536280,2026-09-06T03:43:52.587256+00:00,8860a259bbfffff
WD-00000416,ACC-00000690,ATM-076,C-00333,178596824,2026-06-03T07:56:44.245118+00:00,88608b0945fffff
WD-00000417,ACC-00001720,ATM-076,C-00334,13741613,2026-06-17T18:20:14.519686+00:00,88608b0945fffff
WD-00000418,ACC-00000733,ATM-299,C-00335,9056788,2026-06-03T23:05:25.973765+00:00,88618c4f29fffff
WD-00000419,ACC-00000714,ATM-151,C-00336,16961903,2026-08-26T04:33:34.725922+00:00,8860a259bbfffff
WD-00000420,ACC-00000688,ATM-225,C-00337,6983898,2026-07-13T18:45:02.870874+00:00,8861892517fffff
WD-00000421,ACC-00000504,ATM-225,C-00338,2325650,2026-06-27T14:20:16.453317+00:00,8861892517fffff
WD-00000422,ACC-00000504,ATM-225,C-00338,2325650,2026-06-27T15:16:40.247161+00:00,8861892517fffff
WD-00000423,ACC-00000654,ATM-076,C-00339,1010083989,2026-06-04T09:33:53.204644+00:00,88608b0945fffff
WD-00000424,ACC-00000638,ATM-001,C-00340,14959861,2026-07-23T14:07:32.882810+00:00,883da11455fffff
WD-00000425,ACC-00000638,ATM-001,C-00340,14959861,2026-07-23T14:43:34.340643+00:00,883da11455fffff
WD-00000426,ACC-00000533,ATM-001,C-00341,112518964,2026-07-26T01:35:02.302354+00:00,883da11455fffff
WD-00000427,ACC-00000533,ATM-001,C-00341,112518964,2026-07-26T02:11:23.416922+00:00,883da11455fffff
WD-00000428,ACC-00000677,ATM-225,C-00342,1164159013,2026-08-10T16:15:32.857797+00:00,8861892517fffff
WD-00000429,ACC-00000677,ATM-225,C-00342,1164159013,2026-08-10T16:47:13.560548+00:00,8861892517fffff
WD-00000430,ACC-00000762,ATM-447,C-00343,24749541,2026-06-26T02:51:13.678497+00:00,883d8dcf37fffff
WD-00000431,ACC-00000728,ATM-077,C-00344,49151150,2026-08-19T06:12:03.137451+00:00,88608b0a29fffff
WD-00000432,ACC-00000568,ATM-299,C-00345,59425177,2026-08-30T20:39:30.633706+00:00,88618c4f29fffff
WD-00000433,ACC-00000568,ATM-299,C-00345,59425177,2026-08-30T21:06:44.411672+00:00,88618c4f29fffff
WD-00000434,ACC-00000638,ATM-302,C-00346,5490103,2026-06-05T16:09:44.525928+00:00,88618c459dfffff
WD-00000435,ACC-00000561,ATM-423,C-00347,7453960,2026-06-11T16:57:05.083034+00:00,8842ceb55dfffff
WD-00000436,ACC-00000561,ATM-423,C-00347,7453960,2026-06-11T17:58:40.566217+00:00,8842ceb55dfffff
WD-00000437,ACC-00000584,ATM-397,C-00348,93914551,2026-07-08T22:54:26.049216+00:00,8842ceb4a9fffff
WD-00000438,ACC-00000757,ATM-225,C-00349,15755708,2026-06-29T10:10:12.232897+00:00,8861892517fffff
WD-00000439,ACC-00000669,ATM-373,C-00350,22572273,2026-09-05T14:32:03.266930+00:00,8842ceb4a7fffff
WD-00000440,ACC-00000728,ATM-001,C-00351,18106431,2026-08-02T21:29:00.134074+00:00,883da11455fffff
WD-00000441,ACC-00000728,ATM-001,C-00351,18106431,2026-08-02T21:48:01.723558+00:00,883da11455fffff
WD-00000442,ACC-00000600,ATM-447,C-00352,33367073,2026-06-29T09:54:57.755824+00:00,883d8dcf37fffff
WD-00000443,ACC-00000657,ATM-376,C-00353,123121822,2026-08-03T09:14:37.493352+00:00,8842ceb4edfffff
WD-00000444,ACC-00000590,ATM-299,C-00354,114220046,2026-08-25T17:22:17.390644+00:00,88618c4f29fffff
WD-00000445,ACC-00000694,ATM-299,C-00355,11015781,2026-08-29T06:30:47.513562+00:00,88618c4f29fffff
WD-00000446,ACC-00000669,ATM-225,C-00356,2021825554,2026-07-06T12:39:30.245615+00:00,8861892517fffff
WD-00000447,ACC-00000731,ATM-001,C-00357,12313022,2026-08-18T04:50:52.484969+00:00,883da11455fffff
WD-00000448,ACC-00000548,ATM-374,C-00358,21541436,2026-06-11T13:37:56.429539+00:00,8842cea44dfffff
WD-00000449,ACC-00000670,ATM-009,C-00359,525309898,2026-07-30T00:20:17.442428+00:00,883da11441fffff
WD-00000450,ACC-00000670,ATM-009,C-00359,525309898,2026-07-30T00:34:23.952284+00:00,883da11441fffff
WD-00000451,ACC-00000747,ATM-001,C-00360,271923123,2026-08-10T14:45:27.583500+00:00,883da11455fffff
WD-00000452,ACC-00000758,ATM-447,C-00361,34795073,2026-06-22T09:59:20.121885+00:00,883d8dcf37fffff
WD-00000453,ACC-00000742,ATM-001,C-00362,10875789,2026-07-16T09:15:08.819970+00:00,883da11455fffff
WD-00000454,ACC-00000584,ATM-076,C-00363,18698523,2026-08-19T17:57:27.454105+00:00,88608b0945fffff
WD-00000455,ACC-00000664,ATM-076,C-00364,118336383,2026-09-02T18:28:04.395322+00:00,88608b0945fffff
WD-00000456,ACC-00000747,ATM-373,C-00365,23969069,2026-07-29T20:52:06.120937+00:00,8842ceb4a7fffff
WD-00000457,ACC-00000704,ATM-076,C-00366,22895804,2026-08-25T13:15:12.131291+00:00,88608b0945fffff
WD-00000458,ACC-00000730,ATM-447,C-00367,156952311,2026-06-26T14:24:40.270680+00:00,883d8dcf37fffff
WD-00000459,ACC-00000730,ATM-447,C-00367,156952311,2026-06-26T15:23:03.603098+00:00,883d8dcf37fffff
WD-00000460,ACC-00000556,ATM-373,C-00368,2787852,2026-06-18T05:21:50.280494+00:00,8842ceb4a7fffff
WD-00000461,ACC-00000556,ATM-373,C-00368,2787852,2026-06-18T06:18:15.131752+00:00,8842ceb4a7fffff
WD-00000462,ACC-00003341,ATM-375,C-00369,2437378,2026-07-20T19:22:04.301282+00:00,8842ceb559fffff
WD-00000463,ACC-00003341,ATM-375,C-00369,2437378,2026-07-20T19:47:48.105570+00:00,8842ceb559fffff
WD-00000464,ACC-00000526,ATM-077,C-00370,5375784,2026-06-26T23:09:21.504722+00:00,88608b0a29fffff
WD-00000465,ACC-00000754,ATM-076,C-00371,2389842,2026-08-06T09:03:43.781554+00:00,88608b0945fffff
WD-00000466,ACC-00000595,ATM-151,C-00372,3612096,2026-08-24T09:25:32.279229+00:00,8860a259bbfffff
WD-00000467,ACC-00000762,ATM-299,C-00373,22581325,2026-08-27T19:35:18.897695+00:00,88618c4f29fffff
WD-00000468,ACC-00001988,ATM-151,C-00374,212945479,2026-08-15T20:41:33.741172+00:00,8860a259bbfffff
WD-00000469,ACC-00000543,ATM-151,C-00375,2722908,2026-06-16T02:06:58.099059+00:00,8860a259bbfffff
WD-00000470,ACC-00000690,ATM-001,C-00376,14214708,2026-07-18T04:26:50.214623+00:00,883da11455fffff
WD-00000471,ACC-00000501,ATM-025,C-00377,1857970,2026-07-20T17:50:31.077496+00:00,883da11401fffff
WD-00000472,ACC-00000637,ATM-076,C-00378,8667988,2026-07-23T12:06:06.131980+00:00,88608b0945fffff
WD-00000473,ACC-00000541,ATM-447,C-00379,71181870,2026-09-01T18:59:37.459221+00:00,883d8dcf37fffff
WD-00000474,ACC-00000688,ATM-447,C-00380,14907430,2026-09-09T01:32:39.176299+00:00,883d8dcf37fffff
WD-00000475,ACC-00002899,ATM-373,C-00381,6838171,2026-06-11T12:01:04.705927+00:00,8842ceb4a7fffff
WD-00000476,ACC-00000606,ATM-447,C-00382,18694945,2026-08-11T08:10:29.609243+00:00,883d8dcf37fffff
WD-00000477,ACC-00000722,ATM-447,C-00383,47088393,2026-08-23T17:45:14.395982+00:00,883d8dcf37fffff
WD-00000478,ACC-00000751,ATM-001,C-00384,31807800,2026-06-17T10:47:39.678047+00:00,883da11455fffff
WD-00000479,ACC-00000595,ATM-154,C-00385,17941300,2026-06-06T20:50:18.833113+00:00,8860a24b6dfffff
WD-00000480,ACC-00001376,ATM-299,C-00386,8432951,2026-07-20T20:30:35.576923+00:00,88618c4f29fffff
WD-00000481,ACC-00000754,ATM-225,C-00387,86998838,2026-07-27T19:24:09.820508+00:00,8861892517fffff
WD-00000482,ACC-00000613,ATM-299,C-00388,9875240,2026-06-24T15:43:20.432379+00:00,88618c4f29fffff
WD-00000483,ACC-00004608,ATM-373,C-00389,5852592,2026-07-21T13:27:48.559902+00:00,8842ceb4a7fffff
WD-00000484,ACC-00004608,ATM-373,C-00389,5852592,2026-07-21T14:42:00.876441+00:00,8842ceb4a7fffff
WD-00000485,ACC-00000578,ATM-373,C-00390,32653634,2026-06-21T12:13:38.894674+00:00,8842ceb4a7fffff
WD-00000486,ACC-00000721,ATM-151,C-00391,2925669,2026-06-29T18:40:08.003917+00:00,8860a259bbfffff
WD-00000487,ACC-00000721,ATM-151,C-00391,2925669,2026-06-29T19:37:21.653496+00:00,8860a259bbfffff
WD-00000488,ACC-00000686,ATM-373,C-00392,1541534385,2026-06-05T13:49:40.349328+00:00,8842ceb4a7fffff
WD-00000489,ACC-00000557,ATM-079,C-00393,35477871,2026-07-16T10:39:41.578280+00:00,88608b5691fffff
WD-00000490,ACC-00000568,ATM-151,C-00394,4284262,2026-06-16T15:23:44.322691+00:00,8860a259bbfffff
WD-00000491,ACC-00000568,ATM-151,C-00394,4284262,2026-06-16T15:48:52.374122+00:00,8860a259bbfffff
WD-00000492,ACC-00000665,ATM-373,C-00395,55096826,2026-09-07T17:40:54.837969+00:00,8842ceb4a7fffff
WD-00000493,ACC-00000636,ATM-299,C-00396,1058461,2026-06-09T10:54:58.666650+00:00,88618c4f29fffff
WD-00000494,ACC-00000694,ATM-299,C-00397,8900368,2026-07-07T22:35:10.984612+00:00,88618c4f29fffff
WD-00000495,ACC-00000694,ATM-299,C-00397,8900368,2026-07-07T23:44:40.776051+00:00,88618c4f29fffff
WD-00000496,ACC-00000710,ATM-373,C-00398,140785850,2026-08-14T14:53:53.116653+00:00,8842ceb4a7fffff
WD-00000497,ACC-00000649,ATM-299,C-00399,190917974,2026-08-26T19:08:15.107191+00:00,88618c4f29fffff
WD-00000498,ACC-00000525,ATM-374,C-00400,70663813,2026-06-11T14:59:39.502838+00:00,8842cea44dfffff
WD-00000499,ACC-00000525,ATM-374,C-00400,70663813,2026-06-11T15:27:23.832240+00:00,8842cea44dfffff
WD-00000500,ACC-00000688,ATM-001,C-00401,5064245,2026-08-26T19:40:43.536213+00:00,883da11455fffff
WD-00000501,ACC-00000688,ATM-001,C-00401,5064245,2026-08-26T20:00:21.808654+00:00,883da11455fffff
WD-00000502,ACC-00000576,ATM-076,C-00402,5048228,2026-08-02T08:06:11.170982+00:00,88608b0945fffff
WD-00000503,ACC-00000633,ATM-151,C-00403,27674293,2026-07-14T05:43:28.587794+00:00,8860a259bbfffff
WD-00000504,ACC-00000653,ATM-151,C-00404,14957859,2026-07-17T04:37:11.525991+00:00,8860a259bbfffff
WD-00000505,ACC-00000584,ATM-076,C-00405,12131013,2026-07-21T05:57:37.329786+00:00,88608b0945fffff
WD-00000506,ACC-00000548,ATM-299,C-00406,16601296,2026-06-25T16:48:07.090111+00:00,88618c4f29fffff
WD-00000507,ACC-00000768,ATM-373,C-00407,4678094,2026-07-29T19:04:47.975417+00:00,8842ceb4a7fffff
WD-00000508,ACC-00000768,ATM-373,C-00407,4678094,2026-07-29T19:21:13.497945+00:00,8842ceb4a7fffff
WD-00000509,ACC-00000633,ATM-225,C-00408,16587337,2026-07-03T02:26:21.491381+00:00,8861892517fffff
WD-00000510,ACC-00000598,ATM-228,C-00409,8472238,2026-07-09T17:42:37.795234+00:00,886014594bfffff
WD-00000511,ACC-00000628,ATM-301,C-00410,20406617,2026-06-09T01:36:02.155462+00:00,88618c4e63fffff
WD-00000512,ACC-00000762,ATM-076,C-00411,59139685,2026-08-24T00:50:50.219655+00:00,88608b0945fffff
WD-00000513,ACC-00000613,ATM-373,C-00412,20301029,2026-08-31T20:46:05.251189+00:00,8842ceb4a7fffff
WD-00000514,ACC-00000641,ATM-076,C-00413,72295075,2026-06-29T07:28:05.249833+00:00,88608b0945fffff
WD-00000515,ACC-00000576,ATM-447,C-00414,6453684,2026-06-02T19:52:50.707628+00:00,883d8dcf37fffff
WD-00000516,ACC-00000742,ATM-237,C-00415,40848646,2026-08-08T11:52:46.729124+00:00,886189251bfffff
WD-00000517,ACC-00000728,ATM-226,C-00416,13222483,2026-08-08T08:59:38.917547+00:00,8861892033fffff
WD-00000518,ACC-00000728,ATM-226,C-00416,13222483,2026-08-08T09:25:14.452040+00:00,8861892033fffff
WD-00000519,ACC-00000633,ATM-373,C-00417,26414572,2026-07-14T09:53:57.489305+00:00,8842ceb4a7fffff
WD-00000520,ACC-00000584,ATM-065,C-00418,12685661,2026-06-19T03:09:40.151255+00:00,883da1144bfffff
WD-00000521,ACC-00000584,ATM-065,C-00418,12685661,2026-06-19T03:38:58.792179+00:00,883da1144bfffff
WD-00000522,ACC-00002381,ATM-447,C-00419,15654002,2026-06-23T15:49:05.425869+00:00,883d8dcf37fffff
WD-00000523,ACC-00002381,ATM-447,C-00419,15654002,2026-06-23T17:02:30.033989+00:00,883d8dcf37fffff
WD-00000524,ACC-00000610,ATM-151,C-00420,3031480,2026-07-20T07:24:37.501154+00:00,8860a259bbfffff
WD-00000525,ACC-00000578,ATM-151,C-00421,15827224,2026-09-08T07:41:10.554375+00:00,8860a259bbfffff
WD-00000526,ACC-00000550,ATM-001,C-00422,16325391,2026-08-22T14:39:07.761105+00:00,883da11455fffff
WD-00000527,ACC-00000714,ATM-076,C-00423,100255306,2026-08-12T17:54:19.817403+00:00,88608b0945fffff
WD-00000528,ACC-00000714,ATM-076,C-00423,100255306,2026-08-12T19:01:58.000301+00:00,88608b0945fffff
WD-00000529,ACC-00000560,ATM-447,C-00424,193328258,2026-09-04T06:48:46.467043+00:00,883d8dcf37fffff
WD-00000530,ACC-00000582,ATM-447,C-00425,77942109,2026-08-09T08:02:45.704719+00:00,883d8dcf37fffff
WD-00000531,ACC-00000582,ATM-447,C-00425,77942109,2026-08-09T09:28:09.412926+00:00,883d8dcf37fffff
WD-00000532,ACC-00000730,ATM-299,C-00426,6658012,2026-07-12T18:32:36.608843+00:00,88618c4f29fffff
WD-00000533,ACC-00000556,ATM-076,C-00427,7439958,2026-07-27T06:14:46.391841+00:00,88608b0945fffff
WD-00000534,ACC-00000638,ATM-151,C-00428,7451049,2026-06-16T04:12:35.404074+00:00,8860a259bbfffff
WD-00000535,ACC-00000638,ATM-151,C-00428,7451049,2026-06-16T04:30:03.208824+00:00,8860a259bbfffff
WD-00000536,ACC-00000590,ATM-225,C-00429,7988969,2026-09-09T04:49:34.893876+00:00,8861892517fffff
WD-00000537,ACC-00000590,ATM-225,C-00429,7988969,2026-09-09T05:09:12.541962+00:00,8861892517fffff
WD-00000538,ACC-00000568,ATM-371,C-00430,6345101,2026-09-11T05:27:56.850830+00:00,88618c4f2dfffff
WD-00000539,ACC-00003188,ATM-151,C-00431,10245048,2026-08-19T21:06:09.204250+00:00,8860a259bbfffff
WD-00000540,ACC-00003188,ATM-151,C-00431,10245048,2026-08-19T21:44:46.310399+00:00,8860a259bbfffff
WD-00000541,ACC-00000631,ATM-151,C-00432,299288687,2026-06-11T07:36:23.507701+00:00,8860a259bbfffff
WD-00000542,ACC-00000542,ATM-187,C-00433,6693847,2026-09-02T12:52:45.619275+00:00,8860a25995fffff
WD-00000543,ACC-00000633,ATM-299,C-00434,8220829,2026-06-30T13:49:58.457132+00:00,88618c4f29fffff
WD-00000544,ACC-00000536,ATM-076,C-00435,10587018,2026-07-10T20:07:18.862739+00:00,88608b0945fffff
WD-00000545,ACC-00000669,ATM-228,C-00436,523108935,2026-06-20T04:46:23.771501+00:00,886014594bfffff
WD-00000546,ACC-00000743,ATM-373,C-00437,295191599,2026-08-08T19:09:30.938696+00:00,8842ceb4a7fffff
WD-00000547,ACC-00000662,ATM-299,C-00438,6008749,2026-08-21T22:43:22.535203+00:00,88618c4f29fffff
WD-00000548,ACC-00000662,ATM-299,C-00438,6008749,2026-08-21T23:14:01.952835+00:00,88618c4f29fffff
WD-00000549,ACC-00000742,ATM-447,C-00439,50380078,2026-08-25T22:18:47.542208+00:00,883d8dcf37fffff
WD-00000550,ACC-00000742,ATM-447,C-00439,50380078,2026-08-25T23:45:27.624193+00:00,883d8dcf37fffff
WD-00000551,ACC-00000540,ATM-225,C-00440,47750708,2026-06-05T03:12:51.965488+00:00,8861892517fffff
WD-00000552,ACC-00000540,ATM-225,C-00440,47750708,2026-06-05T04:07:10.778645+00:00,8861892517fffff
WD-00000553,ACC-00000742,ATM-374,C-00441,11182836,2026-06-21T20:00:37.888618+00:00,8842cea44dfffff
WD-00000554,ACC-00000633,ATM-373,C-00442,11318666,2026-08-11T11:27:21.829485+00:00,8842ceb4a7fffff
WD-00000555,ACC-00000588,ATM-374,C-00443,72362404,2026-06-23T06:33:02.778661+00:00,8842cea44dfffff
WD-00000556,ACC-00000639,ATM-515,C-00444,2873538,2026-08-22T23:26:19.650911+00:00,883d8dcd43fffff
WD-00000557,ACC-00000639,ATM-515,C-00444,2873538,2026-08-23T00:43:00.759763+00:00,883d8dcd43fffff
WD-00000558,ACC-00000568,ATM-225,C-00445,13704773,2026-07-22T03:05:46.533358+00:00,8861892517fffff
WD-00000559,ACC-00000762,ATM-076,C-00446,12292279,2026-07-08T06:21:20.647353+00:00,88608b0945fffff
WD-00000560,ACC-00003555,ATM-447,C-00447,18490740,2026-08-28T10:15:18.513275+00:00,883d8dcf37fffff
WD-00000561,ACC-00003555,ATM-447,C-00447,18490740,2026-08-28T11:43:31.844833+00:00,883d8dcf37fffff
WD-00000562,ACC-00000651,ATM-447,C-00448,3070915,2026-07-29T12:22:49.182569+00:00,883d8dcf37fffff
WD-00000563,ACC-00000650,ATM-225,C-00449,7032372,2026-07-16T04:27:55.097136+00:00,8861892517fffff
WD-00000564,ACC-00002508,ATM-373,C-00450,12497294,2026-06-20T06:59:37.207127+00:00,8842ceb4a7fffff
WD-00000565,ACC-00000680,ATM-003,C-00451,1678821,2026-07-30T09:52:02.451136+00:00,883da1029dfffff
WD-00000566,ACC-00000680,ATM-003,C-00451,1678821,2026-07-30T11:05:20.331900+00:00,883da1029dfffff
WD-00000567,ACC-00000590,ATM-225,C-00452,26959082,2026-06-22T19:34:53.326972+00:00,8861892517fffff
WD-00000568,ACC-00000623,ATM-076,C-00453,1301790,2026-08-31T02:47:59.360775+00:00,88608b0945fffff
WD-00000569,ACC-00000623,ATM-076,C-00453,1301790,2026-08-31T04:04:23.408311+00:00,88608b0945fffff
WD-00000570,ACC-00000540,ATM-299,C-00454,66991247,2026-06-18T14:58:40.378130+00:00,88618c4f29fffff
WD-00000571,ACC-00000547,ATM-225,C-00455,13227795,2026-06-06T16:50:29.568962+00:00,8861892517fffff
WD-00000572,ACC-00000547,ATM-225,C-00455,13227795,2026-06-06T17:41:07.699594+00:00,8861892517fffff
WD-00000573,ACC-00000704,ATM-373,C-00456,389694405,2026-09-04T18:08:12.935294+00:00,8842ceb4a7fffff
WD-00000574,ACC-00000742,ATM-299,C-00457,24385231,2026-07-02T21:48:24.012192+00:00,88618c4f29fffff
WD-00000575,ACC-00000742,ATM-299,C-00457,24385231,2026-07-02T22:07:28.024212+00:00,88618c4f29fffff
WD-00000576,ACC-00000576,ATM-225,C-00458,3670843,2026-07-29T17:00:16.106506+00:00,8861892517fffff
WD-00000577,ACC-00000757,ATM-447,C-00459,9067426,2026-08-04T08:41:06.201008+00:00,883d8dcf37fffff
WD-00000578,ACC-00000737,ATM-299,C-00460,44703505,2026-08-24T15:31:32.734023+00:00,88618c4f29fffff
WD-00000579,ACC-00000737,ATM-373,C-00461,13652327,2026-09-04T18:47:32.190315+00:00,8842ceb4a7fffff
WD-00000580,ACC-00000563,ATM-447,C-00462,49957447,2026-06-03T14:06:26.247752+00:00,883d8dcf37fffff
WD-00000581,ACC-00000671,ATM-299,C-00463,222555921,2026-07-16T03:32:46.480477+00:00,88618c4f29fffff
WD-00000582,ACC-00000756,ATM-300,C-00464,42305410,2026-08-31T01:40:34.557784+00:00,88618c4d03fffff
WD-00000583,ACC-00000742,ATM-225,C-00465,81344741,2026-08-13T15:15:33.557234+00:00,8861892517fffff
WD-00000584,ACC-00000742,ATM-225,C-00465,81344741,2026-08-13T15:53:30.440612+00:00,8861892517fffff
WD-00000585,ACC-00000646,ATM-373,C-00466,24634152,2026-06-03T08:04:18.373448+00:00,8842ceb4a7fffff
WD-00000586,ACC-00000646,ATM-373,C-00466,24634152,2026-06-03T08:56:10.713596+00:00,8842ceb4a7fffff
WD-00000587,ACC-00000579,ATM-447,C-00467,22752483,2026-09-07T05:44:18.298314+00:00,883d8dcf37fffff
WD-00000588,ACC-00000715,ATM-001,C-00468,11648739,2026-06-05T16:12:07.261752+00:00,883da11455fffff
WD-00000589,ACC-00000638,ATM-151,C-00469,31283654,2026-09-02T22:40:07.383569+00:00,8860a259bbfffff
WD-00000590,ACC-00000844,ATM-373,C-00470,62564584,2026-09-12T11:09:59.078739+00:00,8842ceb4a7fffff
WD-00000591,ACC-00000713,ATM-225,C-00471,36833240,2026-08-06T06:36:59.969867+00:00,8861892517fffff
WD-00000592,ACC-00000623,ATM-151,C-00472,68219247,2026-06-24T15:10:19.444409+00:00,8860a259bbfffff
WD-00000593,ACC-00000578,ATM-299,C-00473,4821907,2026-09-03T04:27:17.849162+00:00,88618c4f29fffff
WD-00000594,ACC-00000541,ATM-151,C-00474,359819113,2026-06-20T19:08:42.053529+00:00,8860a259bbfffff
WD-00000595,ACC-00000718,ATM-225,C-00475,17692133,2026-06-24T19:18:57.484838+00:00,8861892517fffff
WD-00000596,ACC-00000762,ATM-076,C-00476,14999178,2026-06-09T08:48:36.161472+00:00,88608b0945fffff
WD-00000597,ACC-00000748,ATM-076,C-00477,10945176,2026-08-21T20:34:59.755994+00:00,88608b0945fffff
WD-00000598,ACC-00000576,ATM-397,C-00478,9413302,2026-08-18T12:55:54.028253+00:00,8842ceb4a9fffff
WD-00000599,ACC-00000590,ATM-373,C-00479,4369878,2026-08-17T14:24:50.449039+00:00,8842ceb4a7fffff
WD-00000600,ACC-00000669,ATM-225,C-00480,2000814,2026-06-27T03:51:16.385615+00:00,8861892517fffff
WD-00000601,ACC-00000669,ATM-225,C-00480,2000814,2026-06-27T04:13:29.983681+00:00,8861892517fffff
WD-00000602,ACC-00003693,ATM-373,C-00481,11334663,2026-09-04T10:24:58.476744+00:00,8842ceb4a7fffff
WD-00000603,ACC-00000735,ATM-225,C-00482,424687547,2026-06-30T05:58:31.852570+00:00,8861892517fffff
WD-00000604,ACC-00000619,ATM-373,C-00483,3886181,2026-08-04T19:05:07.229568+00:00,8842ceb4a7fffff
WD-00000605,ACC-00003048,ATM-373,C-00484,3614160,2026-09-03T17:48:00.670888+00:00,8842ceb4a7fffff
WD-00000606,ACC-00000633,ATM-299,C-00485,6706048,2026-07-11T12:36:53.388156+00:00,88618c4f29fffff
WD-00000607,ACC-00000525,ATM-299,C-00486,10264335,2026-09-09T10:56:27.451358+00:00,88618c4f29fffff
WD-00000608,ACC-00000703,ATM-299,C-00487,8849303,2026-06-11T21:01:10.175728+00:00,88618c4f29fffff
WD-00000609,ACC-00000694,ATM-447,C-00488,12585042,2026-09-07T07:12:59.390845+00:00,883d8dcf37fffff
WD-00000610,ACC-00000885,ATM-076,C-00489,9681909,2026-08-08T08:16:54.140998+00:00,88608b0945fffff
WD-00000611,ACC-00000549,ATM-225,C-00490,10698487,2026-08-26T04:57:18.443734+00:00,8861892517fffff
WD-00000612,ACC-00000647,ATM-299,C-00491,6332429,2026-07-28T02:58:12.711711+00:00,88618c4f29fffff
WD-00000613,ACC-00000647,ATM-299,C-00491,6332429,2026-07-28T03:32:28.607803+00:00,88618c4f29fffff
WD-00000614,ACC-00000613,ATM-299,C-00492,665234,2026-07-04T03:26:20.819244+00:00,88618c4f29fffff
WD-00000615,ACC-00000613,ATM-299,C-00492,665234,2026-07-04T03:41:19.706555+00:00,88618c4f29fffff
WD-00000616,ACC-00000661,ATM-225,C-00493,11032990,2026-06-21T11:34:51.920261+00:00,8861892517fffff
WD-00000617,ACC-00000661,ATM-225,C-00493,11032990,2026-06-21T12:21:10.365791+00:00,8861892517fffff
WD-00000618,ACC-00000720,ATM-447,C-00494,25276609,2026-07-10T16:49:28.507932+00:00,883d8dcf37fffff
WD-00000619,ACC-00000737,ATM-069,C-00495,64810744,2026-07-01T00:09:12.619936+00:00,883da11407fffff
WD-00000620,ACC-00000635,ATM-299,C-00496,12617817,2026-06-17T05:05:33.079715+00:00,88618c4f29fffff
WD-00000621,ACC-00000714,ATM-001,C-00497,197592786,2026-07-31T07:39:22.567941+00:00,883da11455fffff
WD-00000622,ACC-00000686,ATM-373,C-00498,2794592,2026-07-15T18:46:43.143960+00:00,8842ceb4a7fffff
WD-00000623,ACC-00000748,ATM-447,C-00499,156956910,2026-06-10T03:37:58.114515+00:00,883d8dcf37fffff
WD-00000624,ACC-00000719,ATM-225,C-00500,12154619,2026-07-10T09:39:58.360465+00:00,8861892517fffff
WD-00000625,ACC-00010768,ATM-076,,10713,2026-07-17T10:27:00+00:00,88608b0945fffff
WD-00000626,ACC-00010498,ATM-373,,10000,2026-07-01T16:36:00+00:00,8842ceb4a7fffff
WD-00000627,ACC-00011931,ATM-311,,41927,2026-07-02T01:24:00+00:00,88618c4f39fffff
WD-00000628,ACC-00009219,ATM-373,,33116,2026-06-08T14:42:00+00:00,8842ceb4a7fffff
WD-00000629,ACC-00003121,ATM-151,,11688,2026-06-09T15:46:00+00:00,8860a259bbfffff
WD-00000630,ACC-00011591,ATM-077,,10000,2026-08-13T08:32:00+00:00,88608b0a29fffff
WD-00000631,ACC-00001321,ATM-078,,10000,2026-06-29T21:41:00+00:00,88608b4731fffff
WD-00000632,ACC-00008533,ATM-447,,22123,2026-06-07T02:22:00+00:00,883d8dcf37fffff
WD-00000633,ACC-00011288,ATM-447,,11050,2026-08-24T18:18:00+00:00,883d8dcf37fffff
WD-00000634,ACC-00007961,ATM-076,,21303,2026-08-04T06:24:00+00:00,88608b0945fffff
WD-00000635,ACC-00004673,ATM-001,,10000,2026-06-19T10:11:00+00:00,883da11455fffff
WD-00000636,ACC-00004354,ATM-299,,24333,2026-07-20T23:07:00+00:00,88618c4f29fffff
WD-00000637,ACC-00008664,ATM-299,,19088,2026-07-04T09:41:00+00:00,88618c4f29fffff
WD-00000638,ACC-00007863,ATM-001,,10000,2026-06-12T04:38:00+00:00,883da11455fffff
WD-00000639,ACC-00006627,ATM-076,,13618,2026-08-22T03:02:00+00:00,88608b0945fffff
WD-00000640,ACC-00007203,ATM-076,,23922,2026-06-28T07:12:00+00:00,88608b0945fffff
WD-00000641,ACC-00009342,ATM-299,,10000,2026-07-01T18:00:00+00:00,88618c4f29fffff
WD-00000642,ACC-00002972,ATM-299,,27027,2026-06-28T06:09:00+00:00,88618c4f29fffff
WD-00000643,ACC-00010480,ATM-225,,15385,2026-06-02T01:31:00+00:00,8861892517fffff
WD-00000644,ACC-00010571,ATM-076,,10324,2026-07-17T01:05:00+00:00,88608b0945fffff
WD-00000645,ACC-00009950,ATM-076,,10000,2026-06-30T14:53:00+00:00,88608b0945fffff
WD-00000646,ACC-00001889,ATM-225,,26988,2026-06-15T03:10:00+00:00,8861892517fffff
WD-00000647,ACC-00000696,ATM-076,,14503,2026-07-10T21:30:00+00:00,88608b0945fffff
WD-00000648,ACC-00002445,ATM-151,,10000,2026-09-06T21:17:00+00:00,8860a259bbfffff
WD-00000649,ACC-00010290,ATM-225,,10000,2026-08-14T21:51:00+00:00,8861892517fffff
WD-00000650,ACC-00001892,ATM-373,,21400,2026-06-19T06:46:00+00:00,8842ceb4a7fffff
WD-00000651,ACC-00010874,ATM-447,,11061,2026-06-23T15:59:00+00:00,883d8dcf37fffff
WD-00000652,ACC-00005877,ATM-225,,14896,2026-08-02T20:19:00+00:00,8861892517fffff
WD-00000653,ACC-00011548,ATM-151,,18988,2026-06-03T15:17:00+00:00,8860a259bbfffff
WD-00000654,ACC-00003187,ATM-225,,19891,2026-08-14T19:57:00+00:00,8861892517fffff
WD-00000655,ACC-00005720,ATM-225,,25970,2026-08-02T15:05:00+00:00,8861892517fffff
WD-00000656,ACC-00002504,ATM-076,,10000,2026-06-13T15:05:00+00:00,88608b0945fffff
WD-00000657,ACC-00006130,ATM-447,,10000,2026-07-12T02:25:00+00:00,883d8dcf37fffff
WD-00000658,ACC-00002479,ATM-001,,10000,2026-07-20T02:55:00+00:00,883da11455fffff
WD-00000659,ACC-00007237,ATM-299,,10000,2026-07-08T12:15:00+00:00,88618c4f29fffff
WD-00000660,ACC-00008123,ATM-151,,10000,2026-06-21T09:16:00+00:00,8860a259bbfffff
WD-00000661,ACC-00009096,ATM-447,,26261,2026-06-05T13:20:00+00:00,883d8dcf37fffff
WD-00000662,ACC-00001282,ATM-299,,69255,2026-06-04T05:41:00+00:00,88618c4f29fffff
WD-00000663,ACC-00010310,ATM-151,,26415,2026-06-14T11:01:00+00:00,8860a259bbfffff
WD-00000664,ACC-00006981,ATM-447,,10000,2026-09-04T10:57:00+00:00,883d8dcf37fffff
WD-00000665,ACC-00003982,ATM-001,,10576,2026-08-05T02:17:00+00:00,883da11455fffff
WD-00000666,ACC-00009488,ATM-225,,13655,2026-06-30T10:01:00+00:00,8861892517fffff
WD-00000667,ACC-00010127,ATM-001,,29354,2026-08-22T00:13:00+00:00,883da11455fffff
WD-00000668,ACC-00010072,ATM-151,,22171,2026-06-22T12:52:00+00:00,8860a259bbfffff
WD-00000669,ACC-00010771,ATM-225,,39029,2026-07-17T00:43:00+00:00,8861892517fffff
WD-00000670,ACC-00004946,ATM-299,,38015,2026-08-16T15:35:00+00:00,88618c4f29fffff
WD-00000671,ACC-00001841,ATM-225,,10000,2026-07-02T05:06:00+00:00,8861892517fffff
WD-00000672,ACC-00000967,ATM-076,,16777,2026-07-22T04:06:00+00:00,88608b0945fffff
WD-00000673,ACC-00003902,ATM-447,,10000,2026-06-11T21:15:00+00:00,883d8dcf37fffff
WD-00000674,ACC-00000999,ATM-257,,19306,2026-08-11T01:14:00+00:00,88618925e9fffff
WD-00000675,ACC-00002148,ATM-151,,32024,2026-08-13T08:33:00+00:00,8860a259bbfffff
WD-00000676,ACC-00003053,ATM-225,,10000,2026-06-26T02:13:00+00:00,8861892517fffff
WD-00000677,ACC-00008469,ATM-077,,20365,2026-08-13T09:51:00+00:00,88608b0a29fffff
WD-00000678,ACC-00006766,ATM-001,,10000,2026-06-29T04:27:00+00:00,883da11455fffff
WD-00000679,ACC-00003547,ATM-076,,12795,2026-06-12T10:04:00+00:00,88608b0945fffff
WD-00000680,ACC-00006012,ATM-151,,11688,2026-06-07T15:40:00+00:00,8860a259bbfffff
WD-00000681,ACC-00001576,ATM-151,,66265,2026-07-26T00:10:00+00:00,8860a259bbfffff
WD-00000682,ACC-00002912,ATM-373,,11393,2026-06-18T01:04:00+00:00,8842ceb4a7fffff
WD-00000683,ACC-00005571,ATM-373,,10000,2026-07-20T14:51:00+00:00,8842ceb4a7fffff
WD-00000684,ACC-00010516,ATM-076,,39813,2026-06-03T00:45:00+00:00,88608b0945fffff
WD-00000685,ACC-00005315,ATM-151,,17351,2026-08-29T07:37:00+00:00,8860a259bbfffff
WD-00000686,ACC-00001893,ATM-076,,10000,2026-06-11T16:51:00+00:00,88608b0945fffff
WD-00000687,ACC-00009520,ATM-299,,21525,2026-09-08T07:59:00+00:00,88618c4f29fffff
WD-00000688,ACC-00000570,ATM-076,,10000,2026-09-06T02:07:00+00:00,88608b0945fffff
WD-00000689,ACC-00006031,ATM-373,,15315,2026-08-04T10:24:00+00:00,8842ceb4a7fffff
WD-00000690,ACC-00009892,ATM-447,,15774,2026-07-26T21:16:00+00:00,883d8dcf37fffff
WD-00000691,ACC-00002851,ATM-229,,27448,2026-07-15T00:57:00+00:00,88618925c5fffff
WD-00000692,ACC-00003379,ATM-076,,32187,2026-06-08T07:11:00+00:00,88608b0945fffff
WD-00000693,ACC-00000635,ATM-002,,22407,2026-08-21T17:30:00+00:00,883da11627fffff
WD-00000694,ACC-00006986,ATM-373,,10000,2026-06-02T15:19:00+00:00,8842ceb4a7fffff
WD-00000695,ACC-00011961,ATM-001,,10000,2026-07-02T22:21:00+00:00,883da11455fffff
WD-00000696,ACC-00004825,ATM-076,,10000,2026-06-02T18:28:00+00:00,88608b0945fffff
WD-00000697,ACC-00009300,ATM-215,,13734,2026-07-15T11:56:00+00:00,8860a24a65fffff
WD-00000698,ACC-00009297,ATM-001,,10000,2026-06-02T23:30:00+00:00,883da11455fffff
WD-00000699,ACC-00009234,ATM-076,,49466,2026-06-03T18:38:00+00:00,88608b0945fffff
WD-00000700,ACC-00002542,ATM-001,,18435,2026-09-08T05:42:00+00:00,883da11455fffff
WD-00000701,ACC-00002359,ATM-447,,28051,2026-08-08T16:35:00+00:00,883d8dcf37fffff
WD-00000702,ACC-00006559,ATM-001,,37572,2026-07-01T20:56:00+00:00,883da11455fffff
WD-00000703,ACC-00001548,ATM-001,,10000,2026-08-29T20:47:00+00:00,883da11455fffff
WD-00000704,ACC-00005039,ATM-447,,10000,2026-07-16T04:18:00+00:00,883d8dcf37fffff
WD-00000705,ACC-00002499,ATM-299,,18063,2026-08-08T16:29:00+00:00,88618c4f29fffff
WD-00000706,ACC-00002969,ATM-151,,42454,2026-07-05T17:38:00+00:00,8860a259bbfffff
WD-00000707,ACC-00007383,ATM-373,,31141,2026-09-01T21:12:00+00:00,8842ceb4a7fffff
WD-00000708,ACC-00002572,ATM-241,,19478,2026-08-24T00:56:00+00:00,88618925c1fffff
WD-00000709,ACC-00008786,ATM-151,,35324,2026-06-11T18:49:00+00:00,8860a259bbfffff
WD-00000710,ACC-00002796,ATM-373,,10000,2026-07-30T17:31:00+00:00,8842ceb4a7fffff
WD-00000711,ACC-00007143,ATM-151,,11534,2026-08-20T13:29:00+00:00,8860a259bbfffff
WD-00000712,ACC-00002382,ATM-373,,20064,2026-08-26T09:48:00+00:00,8842ceb4a7fffff
WD-00000713,ACC-00009163,ATM-151,,12064,2026-06-22T01:05:00+00:00,8860a259bbfffff
WD-00000714,ACC-00000997,ATM-225,,11847,2026-06-08T07:23:00+00:00,8861892517fffff
WD-00000715,ACC-00009314,ATM-299,,10000,2026-07-25T01:41:00+00:00,88618c4f29fffff
WD-00000716,ACC-00002121,ATM-151,,16092,2026-08-26T20:06:00+00:00,8860a259bbfffff
WD-00000717,ACC-00007668,ATM-076,,24215,2026-07-01T01:05:00+00:00,88608b0945fffff
WD-00000718,ACC-00008369,ATM-373,,10000,2026-07-21T20:03:00+00:00,8842ceb4a7fffff
WD-00000719,ACC-00008551,ATM-076,,10000,2026-07-28T19:35:00+00:00,88608b0945fffff
WD-00000720,ACC-00009277,ATM-373,,31546,2026-06-29T04:30:00+00:00,8842ceb4a7fffff
WD-00000721,ACC-00006735,ATM-151,,17863,2026-07-26T09:30:00+00:00,8860a259bbfffff
WD-00000722,ACC-00010170,ATM-076,,43249,2026-08-19T05:43:00+00:00,88608b0945fffff
WD-00000723,ACC-00007171,ATM-151,,10000,2026-06-26T21:14:00+00:00,8860a259bbfffff
WD-00000724,ACC-00000906,ATM-225,,10000,2026-08-02T14:31:00+00:00,8861892517fffff
WD-00000725,ACC-00009107,ATM-449,,10000,2026-06-05T08:27:00+00:00,883d8dcf3bfffff
WD-00000726,ACC-00004595,ATM-076,,13592,2026-08-28T11:22:00+00:00,88608b0945fffff
WD-00000727,ACC-00009370,ATM-373,,26494,2026-07-30T06:12:00+00:00,8842ceb4a7fffff
WD-00000728,ACC-00005624,ATM-447,,17214,2026-07-26T08:39:00+00:00,883d8dcf37fffff
WD-00000729,ACC-00000527,ATM-373,,38615,2026-08-23T14:14:00+00:00,8842ceb4a7fffff
WD-00000730,ACC-00005070,ATM-447,,10000,2026-07-04T20:32:00+00:00,883d8dcf37fffff
WD-00000731,ACC-00005108,ATM-001,,10000,2026-08-01T13:27:00+00:00,883da11455fffff
WD-00000732,ACC-00008192,ATM-447,,10000,2026-06-07T10:22:00+00:00,883d8dcf37fffff
WD-00000733,ACC-00005124,ATM-519,,15803,2026-06-26T20:53:00+00:00,883d8dcd01fffff
WD-00000734,ACC-00010035,ATM-299,,12763,2026-07-01T06:04:00+00:00,88618c4f29fffff
WD-00000735,ACC-00010892,ATM-076,,16451,2026-09-06T22:54:00+00:00,88608b0945fffff
WD-00000736,ACC-00001779,ATM-299,,29061,2026-06-01T05:29:00+00:00,88618c4f29fffff
WD-00000737,ACC-00000648,ATM-151,,21127,2026-07-06T21:42:00+00:00,8860a259bbfffff
WD-00000738,ACC-00005060,ATM-002,,31914,2026-06-23T02:47:00+00:00,883da11627fffff
WD-00000739,ACC-00005281,ATM-225,,10000,2026-06-17T15:38:00+00:00,8861892517fffff
WD-00000740,ACC-00004630,ATM-001,,22237,2026-06-04T16:36:00+00:00,883da11455fffff
WD-00000741,ACC-00003682,ATM-001,,10000,2026-07-27T06:55:00+00:00,883da11455fffff
WD-00000742,ACC-00009279,ATM-225,,10217,2026-06-01T21:57:00+00:00,8861892517fffff
WD-00000743,ACC-00006328,ATM-228,,33613,2026-06-25T04:23:00+00:00,886014594bfffff
WD-00000744,ACC-00004422,ATM-447,,58898,2026-07-23T20:53:00+00:00,883d8dcf37fffff
WD-00000745,ACC-00003374,ATM-076,,10000,2026-06-06T00:32:00+00:00,88608b0945fffff
WD-00000746,ACC-00002979,ATM-373,,13368,2026-07-29T04:15:00+00:00,8842ceb4a7fffff
WD-00000747,ACC-00010742,ATM-001,,19523,2026-08-22T00:52:00+00:00,883da11455fffff
WD-00000748,ACC-00007241,ATM-447,,43594,2026-09-04T00:33:00+00:00,883d8dcf37fffff
WD-00000749,ACC-00007578,ATM-299,,60893,2026-06-28T02:24:00+00:00,88618c4f29fffff
WD-00000750,ACC-00002892,ATM-299,,10000,2026-08-16T04:52:00+00:00,88618c4f29fffff
WD-00000751,ACC-00000536,ATM-076,,10000,2026-09-09T19:17:00+00:00,88608b0945fffff
WD-00000752,ACC-00002975,ATM-151,,17710,2026-07-08T11:15:00+00:00,8860a259bbfffff
WD-00000753,ACC-00009464,ATM-151,,10000,2026-09-05T00:08:00+00:00,8860a259bbfffff
WD-00000754,ACC-00005958,ATM-001,,10000,2026-06-15T05:23:00+00:00,883da11455fffff
WD-00000755,ACC-00002849,ATM-001,,22145,2026-09-05T06:54:00+00:00,883da11455fffff
WD-00000756,ACC-00004582,ATM-151,,10000,2026-06-18T15:59:00+00:00,8860a259bbfffff
WD-00000757,ACC-00010187,ATM-225,,107553,2026-07-13T16:29:00+00:00,8861892517fffff
WD-00000758,ACC-00010645,ATM-225,,13885,2026-07-09T18:47:00+00:00,8861892517fffff
WD-00000759,ACC-00009917,ATM-449,,21054,2026-06-16T19:50:00+00:00,883d8dcf3bfffff
WD-00000760,ACC-00011264,ATM-076,,20868,2026-07-01T16:03:00+00:00,88608b0945fffff
WD-00000761,ACC-00006232,ATM-373,,25965,2026-07-19T23:26:00+00:00,8842ceb4a7fffff
WD-00000762,ACC-00005227,ATM-001,,11833,2026-08-16T17:28:00+00:00,883da11455fffff
WD-00000763,ACC-00011008,ATM-076,,18084,2026-06-28T21:36:00+00:00,88608b0945fffff
WD-00000764,ACC-00006462,ATM-373,,37018,2026-08-26T11:03:00+00:00,8842ceb4a7fffff
WD-00000765,ACC-00010547,ATM-375,,22975,2026-09-01T09:30:00+00:00,8842ceb559fffff
WD-00000766,ACC-00007147,ATM-076,,20112,2026-08-04T14:51:00+00:00,88608b0945fffff
WD-00000767,ACC-00003887,ATM-373,,10000,2026-08-01T19:59:00+00:00,8842ceb4a7fffff
WD-00000768,ACC-00006928,ATM-076,,14050,2026-06-17T03:25:00+00:00,88608b0945fffff
WD-00000769,ACC-00003231,ATM-438,,15838,2026-08-23T02:23:00+00:00,8842cea635fffff
WD-00000770,ACC-00004061,ATM-151,,14687,2026-08-15T00:31:00+00:00,8860a259bbfffff
WD-00000771,ACC-00001323,ATM-225,,14941,2026-08-23T20:02:00+00:00,8861892517fffff
WD-00000772,ACC-00009707,ATM-447,,79652,2026-08-15T06:30:00+00:00,883d8dcf37fffff
WD-00000773,ACC-00004060,ATM-225,,24640,2026-07-05T15:35:00+00:00,8861892517fffff
WD-00000774,ACC-00011141,ATM-223,,16540,2026-08-07T16:12:00+00:00,8860a25995fffff
WD-00000775,ACC-00002583,ATM-237,,48334,2026-06-08T21:39:00+00:00,886189251bfffff
WD-00000776,ACC-00006783,ATM-299,,10000,2026-07-14T18:30:00+00:00,88618c4f29fffff
WD-00000777,ACC-00002530,ATM-393,,16814,2026-06-30T00:22:00+00:00,8842ceb59bfffff
WD-00000778,ACC-00002255,ATM-001,,10000,2026-06-06T04:17:00+00:00,883da11455fffff
WD-00000779,ACC-00010629,ATM-001,,10000,2026-09-04T23:35:00+00:00,883da11455fffff
WD-00000780,ACC-00003623,ATM-447,,18246,2026-08-01T18:03:00+00:00,883d8dcf37fffff
WD-00000781,ACC-00002757,ATM-447,,10000,2026-07-27T20:10:00+00:00,883d8dcf37fffff
WD-00000782,ACC-00008266,ATM-299,,34928,2026-09-09T11:39:00+00:00,88618c4f29fffff
WD-00000783,ACC-00003691,ATM-373,,23002,2026-06-14T22:25:00+00:00,8842ceb4a7fffff
WD-00000784,ACC-00006991,ATM-299,,10000,2026-08-04T10:42:00+00:00,88618c4f29fffff
WD-00000785,ACC-00007783,ATM-373,,10000,2026-07-03T15:59:00+00:00,8842ceb4a7fffff
WD-00000786,ACC-00010110,ATM-001,,14515,2026-08-08T08:12:00+00:00,883da11455fffff
WD-00000787,ACC-00001357,ATM-001,,10000,2026-06-14T18:42:00+00:00,883da11455fffff
WD-00000788,ACC-00005694,ATM-451,,11979,2026-07-23T00:27:00+00:00,883d8dcd55fffff
WD-00000789,ACC-00006585,ATM-447,,20814,2026-08-21T23:26:00+00:00,883d8dcf37fffff
WD-00000790,ACC-00001657,ATM-151,,10000,2026-08-06T07:20:00+00:00,8860a259bbfffff
WD-00000791,ACC-00011699,ATM-153,,10000,2026-07-29T10:50:00+00:00,8860b525a1fffff
WD-00000792,ACC-00009253,ATM-079,,10000,2026-07-03T17:40:00+00:00,88608b5691fffff
WD-00000793,ACC-00005050,ATM-299,,10000,2026-07-14T21:52:00+00:00,88618c4f29fffff
WD-00000794,ACC-00009239,ATM-447,,10000,2026-07-12T11:02:00+00:00,883d8dcf37fffff
WD-00000795,ACC-00003913,ATM-001,,36104,2026-07-16T15:07:00+00:00,883da11455fffff
WD-00000796,ACC-00004799,ATM-001,,10000,2026-06-26T03:03:00+00:00,883da11455fffff
WD-00000797,ACC-00002023,ATM-001,,35734,2026-08-26T02:27:00+00:00,883da11455fffff
WD-00000798,ACC-00002512,ATM-483,,40200,2026-09-05T14:08:00+00:00,883d8dcd59fffff
WD-00000799,ACC-00007340,ATM-299,,19633,2026-06-04T21:59:00+00:00,88618c4f29fffff
WD-00000800,ACC-00002472,ATM-447,,18759,2026-08-30T01:29:00+00:00,883d8dcf37fffff
WD-00000801,ACC-00005205,ATM-076,,41113,2026-07-09T11:46:00+00:00,88608b0945fffff
WD-00000802,ACC-00006069,ATM-225,,41284,2026-06-17T15:01:00+00:00,8861892517fffff
WD-00000803,ACC-00005052,ATM-151,,10000,2026-06-30T22:35:00+00:00,8860a259bbfffff
WD-00000804,ACC-00004085,ATM-299,,10000,2026-08-29T00:20:00+00:00,88618c4f29fffff
WD-00000805,ACC-00007775,ATM-076,,20433,2026-09-01T11:23:00+00:00,88608b0945fffff
WD-00000806,ACC-00008939,ATM-276,,18353,2026-09-08T23:12:00+00:00,8860145b23fffff
WD-00000807,ACC-00001452,ATM-225,,38174,2026-08-05T13:56:00+00:00,8861892517fffff
WD-00000808,ACC-00004595,ATM-001,,22414,2026-06-03T06:57:00+00:00,883da11455fffff
WD-00000809,ACC-00001846,ATM-299,,49788,2026-06-23T21:05:00+00:00,88618c4f29fffff
WD-00000810,ACC-00010005,ATM-299,,133114,2026-06-18T22:53:00+00:00,88618c4f29fffff
WD-00000811,ACC-00004299,ATM-219,,11316,2026-07-02T09:50:00+00:00,8860a24a65fffff
WD-00000812,ACC-00003658,ATM-225,,10000,2026-09-05T01:59:00+00:00,8861892517fffff
WD-00000813,ACC-00007768,ATM-153,,11481,2026-06-18T06:10:00+00:00,8860b525a1fffff
WD-00000814,ACC-00010084,ATM-373,,13587,2026-07-03T07:12:00+00:00,8842ceb4a7fffff
WD-00000815,ACC-00003984,ATM-151,,10000,2026-06-25T16:05:00+00:00,8860a259bbfffff
WD-00000816,ACC-00005933,ATM-151,,10000,2026-07-14T05:48:00+00:00,8860a259bbfffff
WD-00000817,ACC-00010524,ATM-373,,41483,2026-08-25T22:00:00+00:00,8842ceb4a7fffff
WD-00000818,ACC-00007068,ATM-076,,10000,2026-08-23T03:53:00+00:00,88608b0945fffff
WD-00000819,ACC-00010549,ATM-225,,10000,2026-06-18T11:00:00+00:00,8861892517fffff
WD-00000820,ACC-00006233,ATM-195,,27444,2026-06-12T05:30:00+00:00,8860a25983fffff
WD-00000821,ACC-00002097,ATM-001,,10357,2026-06-23T21:29:00+00:00,883da11455fffff
WD-00000822,ACC-00010460,ATM-299,,10000,2026-06-08T15:36:00+00:00,88618c4f29fffff
WD-00000823,ACC-00003306,ATM-076,,12155,2026-07-26T11:16:00+00:00,88608b0945fffff
WD-00000824,ACC-00005915,ATM-076,,25367,2026-06-03T13:45:00+00:00,88608b0945fffff
WD-00000825,ACC-00008867,ATM-299,,17162,2026-08-29T16:10:00+00:00,88618c4f29fffff
WD-00000826,ACC-00003417,ATM-373,,48731,2026-06-11T18:04:00+00:00,8842ceb4a7fffff
WD-00000827,ACC-00006361,ATM-299,,13609,2026-08-02T15:19:00+00:00,88618c4f29fffff
WD-00000828,ACC-00007541,ATM-151,,15484,2026-06-27T12:36:00+00:00,8860a259bbfffff
WD-00000829,ACC-00004972,ATM-373,,16227,2026-07-07T00:05:00+00:00,8842ceb4a7fffff
WD-00000830,ACC-00000865,ATM-076,,40321,2026-08-18T19:12:00+00:00,88608b0945fffff
WD-00000831,ACC-00000559,ATM-373,,10000,2026-07-04T09:40:00+00:00,8842ceb4a7fffff
WD-00000832,ACC-00007795,ATM-001,,11392,2026-08-09T08:37:00+00:00,883da11455fffff
WD-00000833,ACC-00003376,ATM-151,,10000,2026-07-21T09:55:00+00:00,8860a259bbfffff
WD-00000834,ACC-00001044,ATM-373,,11711,2026-07-22T17:38:00+00:00,8842ceb4a7fffff
WD-00000835,ACC-00005489,ATM-151,,35249,2026-08-12T11:08:00+00:00,8860a259bbfffff
WD-00000836,ACC-00004661,ATM-447,,20014,2026-06-24T21:53:00+00:00,883d8dcf37fffff
WD-00000837,ACC-00005169,ATM-225,,22450,2026-06-12T17:54:00+00:00,8861892517fffff
WD-00000838,ACC-00003764,ATM-225,,24792,2026-09-06T20:01:00+00:00,8861892517fffff
WD-00000839,ACC-00004238,ATM-002,,10000,2026-06-08T18:19:00+00:00,883da11627fffff
WD-00000840,ACC-00003575,ATM-078,,15222,2026-08-23T02:16:00+00:00,88608b4731fffff
WD-00000841,ACC-00008541,ATM-001,,26025,2026-07-19T08:27:00+00:00,883da11455fffff
WD-00000842,ACC-00008012,ATM-151,,10000,2026-07-31T13:08:00+00:00,8860a259bbfffff
WD-00000843,ACC-00011796,ATM-151,,10000,2026-08-09T17:30:00+00:00,8860a259bbfffff
WD-00000844,ACC-00005154,ATM-225,,10615,2026-06-15T18:01:00+00:00,8861892517fffff
WD-00000845,ACC-00009008,ATM-299,,12034,2026-08-21T16:40:00+00:00,88618c4f29fffff
WD-00000846,ACC-00010132,ATM-078,,10000,2026-06-24T05:18:00+00:00,88608b4731fffff
WD-00000847,ACC-00003878,ATM-447,,10000,2026-06-11T18:20:00+00:00,883d8dcf37fffff
WD-00000848,ACC-00005074,ATM-447,,13162,2026-06-30T23:40:00+00:00,883d8dcf37fffff
WD-00000849,ACC-00006091,ATM-299,,10000,2026-07-16T06:30:00+00:00,88618c4f29fffff
WD-00000850,ACC-00011008,ATM-299,,21224,2026-07-30T00:08:00+00:00,88618c4f29fffff
WD-00000851,ACC-00004179,ATM-375,,10000,2026-07-04T19:38:00+00:00,8842ceb559fffff
WD-00000852,ACC-00001335,ATM-153,,22557,2026-07-03T21:08:00+00:00,8860b525a1fffff
WD-00000853,ACC-00007904,ATM-076,,10000,2026-08-16T16:49:00+00:00,88608b0945fffff
WD-00000854,ACC-00008693,ATM-001,,26789,2026-07-21T12:54:00+00:00,883da11455fffff
WD-00000855,ACC-00009959,ATM-241,,62913,2026-06-16T12:19:00+00:00,88618925c1fffff
WD-00000856,ACC-00005436,ATM-045,,52519,2026-06-20T19:37:00+00:00,883da1144bfffff
WD-00000857,ACC-00008878,ATM-001,,10000,2026-08-29T00:31:00+00:00,883da11455fffff
WD-00000858,ACC-00004675,ATM-104,,13052,2026-08-09T08:39:00+00:00,88608b0905fffff
WD-00000859,ACC-00006777,ATM-001,,10000,2026-07-29T19:40:00+00:00,883da11455fffff
WD-00000860,ACC-00004962,ATM-373,,13831,2026-07-15T10:10:00+00:00,8842ceb4a7fffff
WD-00000861,ACC-00004683,ATM-447,,24592,2026-06-10T04:47:00+00:00,883d8dcf37fffff
WD-00000862,ACC-00000806,ATM-300,,65394,2026-09-06T19:46:00+00:00,88618c4d03fffff
WD-00000863,ACC-00008280,ATM-299,,10000,2026-07-03T11:45:00+00:00,88618c4f29fffff
WD-00000864,ACC-00000977,ATM-373,,19003,2026-07-17T13:31:00+00:00,8842ceb4a7fffff
WD-00000865,ACC-00001977,ATM-076,,10000,2026-06-27T21:05:00+00:00,88608b0945fffff
WD-00000866,ACC-00001421,ATM-447,,13458,2026-07-30T02:32:00+00:00,883d8dcf37fffff
WD-00000867,ACC-00011088,ATM-299,,25874,2026-09-01T15:03:00+00:00,88618c4f29fffff
WD-00000868,ACC-00002012,ATM-148,,23751,2026-07-11T08:31:00+00:00,88608b0961fffff
WD-00000869,ACC-00002009,ATM-001,,10066,2026-06-21T08:43:00+00:00,883da11455fffff
WD-00000870,ACC-00008890,ATM-447,,10000,2026-07-23T16:30:00+00:00,883d8dcf37fffff
WD-00000871,ACC-00011795,ATM-447,,23403,2026-06-14T06:10:00+00:00,883d8dcf37fffff
WD-00000872,ACC-00008465,ATM-299,,14732,2026-07-10T13:07:00+00:00,88618c4f29fffff
WD-00000873,ACC-00009752,ATM-447,,10354,2026-08-09T00:45:00+00:00,883d8dcf37fffff
WD-00000874,ACC-00009545,ATM-001,,10687,2026-07-17T01:10:00+00:00,883da11455fffff
WD-00000875,ACC-00007785,ATM-228,,13258,2026-06-18T05:42:00+00:00,886014594bfffff
WD-00000876,ACC-00000516,ATM-299,,10000,2026-07-17T11:13:00+00:00,88618c4f29fffff
WD-00000877,ACC-00001062,ATM-076,,10000,2026-07-26T02:37:00+00:00,88608b0945fffff
WD-00000878,ACC-00005813,ATM-299,,19643,2026-06-30T11:09:00+00:00,88618c4f29fffff
WD-00000879,ACC-00010525,ATM-447,,16271,2026-07-23T04:29:00+00:00,883d8dcf37fffff
WD-00000880,ACC-00004354,ATM-225,,235371,2026-06-21T17:34:00+00:00,8861892517fffff
WD-00000881,ACC-00001557,ATM-447,,12373,2026-09-06T10:49:00+00:00,883d8dcf37fffff
WD-00000882,ACC-00004136,ATM-225,,10887,2026-06-24T20:39:00+00:00,8861892517fffff
WD-00000883,ACC-00005496,ATM-447,,10000,2026-09-09T03:06:00+00:00,883d8dcf37fffff
WD-00000884,ACC-00002714,ATM-151,,79433,2026-08-07T20:38:00+00:00,8860a259bbfffff
WD-00000885,ACC-00001749,ATM-373,,10712,2026-09-04T17:03:00+00:00,8842ceb4a7fffff
WD-00000886,ACC-00000580,ATM-299,,29090,2026-06-28T21:25:00+00:00,88618c4f29fffff
WD-00000887,ACC-00002422,ATM-065,,10000,2026-08-14T19:27:00+00:00,883da1144bfffff
WD-00000888,ACC-00009517,ATM-373,,11652,2026-08-16T07:40:00+00:00,8842ceb4a7fffff
WD-00000889,ACC-00007053,ATM-001,,10000,2026-07-28T13:54:00+00:00,883da11455fffff
WD-00000890,ACC-00006843,ATM-299,,10580,2026-06-11T02:53:00+00:00,88618c4f29fffff
WD-00000891,ACC-00003251,ATM-447,,22031,2026-06-22T05:59:00+00:00,883d8dcf37fffff
WD-00000892,ACC-00003808,ATM-299,,10274,2026-06-03T20:11:00+00:00,88618c4f29fffff
WD-00000893,ACC-00001623,ATM-373,,13123,2026-08-02T19:17:00+00:00,8842ceb4a7fffff
WD-00000894,ACC-00002399,ATM-447,,10000,2026-06-08T19:40:00+00:00,883d8dcf37fffff
WD-00000895,ACC-00007110,ATM-448,,23691,2026-06-30T18:16:00+00:00,883d8dcd8bfffff
WD-00000896,ACC-00003474,ATM-225,,35621,2026-06-12T10:50:00+00:00,8861892517fffff
WD-00000897,ACC-00009398,ATM-076,,10000,2026-06-11T10:15:00+00:00,88608b0945fffff
WD-00000898,ACC-00006807,ATM-076,,28195,2026-07-30T07:45:00+00:00,88608b0945fffff
WD-00000899,ACC-00003237,ATM-447,,20645,2026-08-26T19:36:00+00:00,883d8dcf37fffff
WD-00000900,ACC-00001749,ATM-225,,10000,2026-07-27T08:05:00+00:00,8861892517fffff
WD-00000901,ACC-00008979,ATM-151,,17184,2026-07-06T11:53:00+00:00,8860a259bbfffff
WD-00000902,ACC-00004192,ATM-001,,20299,2026-06-15T06:37:00+00:00,883da11455fffff
WD-00000903,ACC-00003311,ATM-001,,25115,2026-08-24T00:19:00+00:00,883da11455fffff
WD-00000904,ACC-00003312,ATM-299,,10000,2026-06-23T18:55:00+00:00,88618c4f29fffff
WD-00000905,ACC-00001843,ATM-299,,34182,2026-08-26T07:25:00+00:00,88618c4f29fffff
WD-00000906,ACC-00003858,ATM-076,,11819,2026-08-21T06:42:00+00:00,88608b0945fffff
WD-00000907,ACC-00001999,ATM-373,,25813,2026-08-29T13:58:00+00:00,8842ceb4a7fffff
WD-00000908,ACC-00002792,ATM-001,,10660,2026-09-01T17:36:00+00:00,883da11455fffff
WD-00000909,ACC-00003369,ATM-151,,10000,2026-07-28T03:35:00+00:00,8860a259bbfffff
WD-00000910,ACC-00010278,ATM-299,,10000,2026-07-26T14:47:00+00:00,88618c4f29fffff
WD-00000911,ACC-00008214,ATM-225,,30076,2026-07-05T20:54:00+00:00,8861892517fffff
WD-00000912,ACC-00009930,ATM-226,,14930,2026-07-28T07:37:00+00:00,8861892033fffff
WD-00000913,ACC-00005606,ATM-076,,10000,2026-06-01T04:50:00+00:00,88608b0945fffff
WD-00000914,ACC-00003698,ATM-373,,15809,2026-08-10T07:45:00+00:00,8842ceb4a7fffff
WD-00000915,ACC-00004578,ATM-447,,10000,2026-07-30T23:59:00+00:00,883d8dcf37fffff
WD-00000916,ACC-00000948,ATM-151,,22892,2026-07-20T12:31:00+00:00,8860a259bbfffff
WD-00000917,ACC-00005749,ATM-225,,28300,2026-08-24T23:27:00+00:00,8861892517fffff
WD-00000918,ACC-00008365,ATM-315,,20530,2026-07-29T00:09:00+00:00,88618c4f23fffff
WD-00000919,ACC-00011482,ATM-078,,10000,2026-08-26T06:05:00+00:00,88608b4731fffff
WD-00000920,ACC-00002470,ATM-447,,89247,2026-07-31T03:52:00+00:00,883d8dcf37fffff
WD-00000921,ACC-00001621,ATM-151,,18139,2026-09-08T11:36:00+00:00,8860a259bbfffff
WD-00000922,ACC-00003977,ATM-373,,13507,2026-06-09T00:46:00+00:00,8842ceb4a7fffff
WD-00000923,ACC-00010812,ATM-076,,12449,2026-07-04T08:18:00+00:00,88608b0945fffff
WD-00000924,ACC-00011265,ATM-151,,10000,2026-06-29T13:45:00+00:00,8860a259bbfffff
WD-00000925,ACC-00009703,ATM-299,,19565,2026-06-12T16:33:00+00:00,88618c4f29fffff
WD-00000926,ACC-00011934,ATM-151,,41540,2026-07-26T08:49:00+00:00,8860a259bbfffff
WD-00000927,ACC-00010621,ATM-225,,28599,2026-07-10T19:52:00+00:00,8861892517fffff
WD-00000928,ACC-00011405,ATM-151,,28616,2026-09-09T01:50:00+00:00,8860a259bbfffff
WD-00000929,ACC-00007035,ATM-373,,10000,2026-06-29T22:17:00+00:00,8842ceb4a7fffff
WD-00000930,ACC-00001958,ATM-151,,10000,2026-06-03T05:04:00+00:00,8860a259bbfffff
WD-00000931,ACC-00005601,ATM-447,,10000,2026-06-03T09:02:00+00:00,883d8dcf37fffff
WD-00000932,ACC-00004691,ATM-299,,15233,2026-06-23T22:42:00+00:00,88618c4f29fffff
WD-00000933,ACC-00004351,ATM-151,,20242,2026-08-10T18:23:00+00:00,8860a259bbfffff
WD-00000934,ACC-00001999,ATM-151,,22631,2026-07-26T13:05:00+00:00,8860a259bbfffff
WD-00000935,ACC-00003237,ATM-076,,10000,2026-09-07T02:28:00+00:00,88608b0945fffff
WD-00000936,ACC-00006792,ATM-151,,73127,2026-08-28T22:15:00+00:00,8860a259bbfffff
WD-00000937,ACC-00004454,ATM-225,,10000,2026-07-08T02:41:00+00:00,8861892517fffff
WD-00000938,ACC-00005429,ATM-479,,10000,2026-06-13T15:53:00+00:00,883d8dcd5dfffff
WD-00000939,ACC-00007422,ATM-227,,10000,2026-09-08T18:34:00+00:00,8861892537fffff
WD-00000940,ACC-00011201,ATM-076,,10000,2026-08-13T11:02:00+00:00,88608b0945fffff
WD-00000941,ACC-00009193,ATM-228,,10000,2026-06-08T18:56:00+00:00,886014594bfffff
WD-00000942,ACC-00005744,ATM-225,,10000,2026-07-06T00:23:00+00:00,8861892517fffff
WD-00000943,ACC-00011322,ATM-001,,10000,2026-06-08T05:14:00+00:00,883da11455fffff
WD-00000944,ACC-00004757,ATM-373,,10000,2026-07-22T07:57:00+00:00,8842ceb4a7fffff
WD-00000945,ACC-00010937,ATM-021,,13691,2026-06-28T22:11:00+00:00,883da11405fffff
WD-00000946,ACC-00002650,ATM-151,,36402,2026-08-18T15:14:00+00:00,8860a259bbfffff
WD-00000947,ACC-00011168,ATM-225,,10000,2026-08-01T08:28:00+00:00,8861892517fffff
WD-00000948,ACC-00002151,ATM-159,,108542,2026-08-25T15:22:00+00:00,8860a259b7fffff
WD-00000949,ACC-00009341,ATM-447,,17065,2026-09-03T15:24:00+00:00,883d8dcf37fffff
WD-00000950,ACC-00004946,ATM-151,,12346,2026-07-29T21:49:00+00:00,8860a259bbfffff
WD-00000951,ACC-00006044,ATM-079,,10528,2026-07-20T12:20:00+00:00,88608b5691fffff
WD-00000952,ACC-00011972,ATM-151,,10000,2026-06-09T06:58:00+00:00,8860a259bbfffff
WD-00000953,ACC-00007095,ATM-447,,10000,2026-07-30T03:59:00+00:00,883d8dcf37fffff
WD-00000954,ACC-00001201,ATM-076,,10000,2026-08-24T23:28:00+00:00,88608b0945fffff
WD-00000955,ACC-00009649,ATM-373,,16442,2026-06-11T00:03:00+00:00,8842ceb4a7fffff
WD-00000956,ACC-00005799,ATM-373,,10000,2026-07-15T20:59:00+00:00,8842ceb4a7fffff
WD-00000957,ACC-00009991,ATM-076,,10000,2026-06-17T14:10:00+00:00,88608b0945fffff
WD-00000958,ACC-00006848,ATM-225,,13964,2026-06-12T07:02:00+00:00,8861892517fffff
WD-00000959,ACC-00011473,ATM-001,,10000,2026-09-08T07:04:00+00:00,883da11455fffff
WD-00000960,ACC-00005707,ATM-447,,39029,2026-07-05T05:21:00+00:00,883d8dcf37fffff
WD-00000961,ACC-00004049,ATM-076,,103710,2026-06-04T14:31:00+00:00,88608b0945fffff
WD-00000962,ACC-00011849,ATM-076,,14987,2026-09-08T04:06:00+00:00,88608b0945fffff
WD-00000963,ACC-00011010,ATM-451,,10000,2026-08-13T13:21:00+00:00,883d8dcd55fffff
WD-00000964,ACC-00001216,ATM-373,,32300,2026-07-31T10:46:00+00:00,8842ceb4a7fffff
WD-00000965,ACC-00006685,ATM-076,,11666,2026-06-07T19:03:00+00:00,88608b0945fffff
WD-00000966,ACC-00011195,ATM-076,,10000,2026-06-14T00:00:00+00:00,88608b0945fffff
WD-00000967,ACC-00004836,ATM-001,,10251,2026-07-05T05:46:00+00:00,883da11455fffff
WD-00000968,ACC-00009862,ATM-029,,11699,2026-07-30T17:44:00+00:00,883da1140bfffff
WD-00000969,ACC-00009719,ATM-001,,10000,2026-09-05T04:09:00+00:00,883da11455fffff
WD-00000970,ACC-00007194,ATM-151,,10000,2026-06-29T02:06:00+00:00,8860a259bbfffff
WD-00000971,ACC-00003087,ATM-447,,19761,2026-08-04T06:25:00+00:00,883d8dcf37fffff
WD-00000972,ACC-00003504,ATM-447,,35301,2026-06-26T23:26:00+00:00,883d8dcf37fffff
WD-00000973,ACC-00008352,ATM-076,,10000,2026-07-03T16:39:00+00:00,88608b0945fffff
WD-00000974,ACC-00010268,ATM-151,,10000,2026-06-28T22:15:00+00:00,8860a259bbfffff
WD-00000975,ACC-00002419,ATM-373,,20104,2026-06-04T07:00:00+00:00,8842ceb4a7fffff
WD-00000976,ACC-00003900,ATM-299,,40848,2026-06-26T09:39:00+00:00,88618c4f29fffff
WD-00000977,ACC-00000653,ATM-373,,26412,2026-07-08T19:38:00+00:00,8842ceb4a7fffff
WD-00000978,ACC-00002863,ATM-225,,26930,2026-08-18T07:39:00+00:00,8861892517fffff
WD-00000979,ACC-00005000,ATM-076,,17854,2026-09-01T00:13:00+00:00,88608b0945fffff
WD-00000980,ACC-00009307,ATM-373,,18258,2026-07-31T18:13:00+00:00,8842ceb4a7fffff
WD-00000981,ACC-00001154,ATM-228,,34039,2026-08-25T09:02:00+00:00,886014594bfffff
WD-00000982,ACC-00002438,ATM-151,,19907,2026-06-22T19:38:00+00:00,8860a259bbfffff
WD-00000983,ACC-00005362,ATM-001,,10000,2026-06-02T22:14:00+00:00,883da11455fffff
WD-00000984,ACC-00002626,ATM-001,,10000,2026-06-27T07:27:00+00:00,883da11455fffff
WD-00000985,ACC-00002600,ATM-299,,10000,2026-07-11T13:20:00+00:00,88618c4f29fffff
WD-00000986,ACC-00001929,ATM-373,,17142,2026-07-17T02:43:00+00:00,8842ceb4a7fffff
WD-00000987,ACC-00007279,ATM-299,,10000,2026-08-14T11:55:00+00:00,88618c4f29fffff
WD-00000988,ACC-00002780,ATM-225,,207124,2026-06-24T08:17:00+00:00,8861892517fffff
WD-00000989,ACC-00011058,ATM-299,,12294,2026-09-02T19:04:00+00:00,88618c4f29fffff
WD-00000990,ACC-00001467,ATM-001,,10000,2026-07-13T18:40:00+00:00,883da11455fffff
WD-00000991,ACC-00004205,ATM-225,,16896,2026-06-26T16:54:00+00:00,8861892517fffff
WD-00000992,ACC-00011545,ATM-447,,33101,2026-08-07T03:22:00+00:00,883d8dcf37fffff
WD-00000993,ACC-00003775,ATM-151,,22108,2026-06-28T07:14:00+00:00,8860a259bbfffff
WD-00000994,ACC-00001173,ATM-225,,10000,2026-07-07T20:14:00+00:00,8861892517fffff
WD-00000995,ACC-00011973,ATM-447,,10000,2026-06-09T22:04:00+00:00,883d8dcf37fffff
WD-00000996,ACC-00009991,ATM-299,,10613,2026-08-20T20:23:00+00:00,88618c4f29fffff
WD-00000997,ACC-00005479,ATM-447,,42937,2026-07-14T23:32:00+00:00,883d8dcf37fffff
WD-00000998,ACC-00010097,ATM-076,,10000,2026-08-25T01:35:00+00:00,88608b0945fffff
WD-00000999,ACC-00003731,ATM-373,,29476,2026-06-15T06:26:00+00:00,8842ceb4a7fffff
WD-00001000,ACC-00001613,ATM-447,,68217,2026-07-19T16:27:00+00:00,883d8dcf37fffff
WD-00001001,ACC-00005257,ATM-299,,32013,2026-07-04T12:54:00+00:00,88618c4f29fffff
WD-00001002,ACC-00011310,ATM-373,,51824,2026-06-18T12:35:00+00:00,8842ceb4a7fffff
WD-00001003,ACC-00002616,ATM-339,,10000,2026-07-08T09:14:00+00:00,88618c4d49fffff
WD-00001004,ACC-00003941,ATM-447,,10000,2026-09-02T02:06:00+00:00,883d8dcf37fffff
WD-00001005,ACC-00010152,ATM-475,,10026,2026-08-23T01:20:00+00:00,883d8dcf37fffff
WD-00001006,ACC-00006862,ATM-077,,10000,2026-07-28T06:30:00+00:00,88608b0a29fffff
WD-00001007,ACC-00009402,ATM-225,,14367,2026-08-30T00:33:00+00:00,8861892517fffff
WD-00001008,ACC-00007329,ATM-001,,10000,2026-06-01T14:38:00+00:00,883da11455fffff
WD-00001009,ACC-00011295,ATM-167,,42934,2026-09-02T16:04:00+00:00,8860a24a65fffff
WD-00001010,ACC-00008996,ATM-151,,10000,2026-06-02T09:01:00+00:00,8860a259bbfffff
WD-00001011,ACC-00004071,ATM-151,,11390,2026-07-29T07:22:00+00:00,8860a259bbfffff
WD-00001012,ACC-00008157,ATM-373,,16926,2026-07-12T04:15:00+00:00,8842ceb4a7fffff
WD-00001013,ACC-00008365,ATM-001,,17557,2026-08-24T23:25:00+00:00,883da11455fffff
WD-00001014,ACC-00000961,ATM-447,,10000,2026-06-29T04:29:00+00:00,883d8dcf37fffff
WD-00001015,ACC-00010397,ATM-151,,10000,2026-08-11T01:30:00+00:00,8860a259bbfffff
WD-00001016,ACC-00001783,ATM-076,,38597,2026-08-01T03:20:00+00:00,88608b0945fffff
WD-00001017,ACC-00001137,ATM-001,,21296,2026-06-14T07:14:00+00:00,883da11455fffff
WD-00001018,ACC-00003437,ATM-005,,13970,2026-07-17T17:50:00+00:00,883da11451fffff
WD-00001019,ACC-00002573,ATM-001,,37022,2026-06-11T04:36:00+00:00,883da11455fffff
WD-00001020,ACC-00008995,ATM-302,,30376,2026-06-10T15:32:00+00:00,88618c459dfffff
WD-00001021,ACC-00008394,ATM-001,,10000,2026-06-08T06:31:00+00:00,883da11455fffff
WD-00001022,ACC-00003573,ATM-479,,10000,2026-07-02T03:15:00+00:00,883d8dcd5dfffff
WD-00001023,ACC-00009379,ATM-151,,13562,2026-07-20T08:09:00+00:00,8860a259bbfffff
WD-00001024,ACC-00010568,ATM-225,,32671,2026-06-20T12:14:00+00:00,8861892517fffff
WD-00001025,ACC-00002510,ATM-151,,40082,2026-07-22T01:46:00+00:00,8860a259bbfffff
WD-00001026,ACC-00005375,ATM-151,,25925,2026-08-20T14:42:00+00:00,8860a259bbfffff
WD-00001027,ACC-00002537,ATM-225,,19509,2026-08-30T13:42:00+00:00,8861892517fffff
WD-00001028,ACC-00005151,ATM-463,,10000,2026-09-07T03:05:00+00:00,883d8dcd51fffff
WD-00001029,ACC-00009655,ATM-299,,10000,2026-06-20T16:48:00+00:00,88618c4f29fffff
WD-00001030,ACC-00008220,ATM-002,,11471,2026-07-17T10:02:00+00:00,883da11627fffff
WD-00001031,ACC-00001145,ATM-373,,61552,2026-08-08T07:32:00+00:00,8842ceb4a7fffff
WD-00001032,ACC-00006800,ATM-076,,10000,2026-06-27T09:39:00+00:00,88608b0945fffff
WD-00001033,ACC-00008481,ATM-299,,22674,2026-07-23T05:00:00+00:00,88618c4f29fffff
WD-00001034,ACC-00005062,ATM-225,,10000,2026-07-26T06:54:00+00:00,8861892517fffff
WD-00001035,ACC-00007892,ATM-225,,10000,2026-07-21T12:24:00+00:00,8861892517fffff
WD-00001036,ACC-00009662,ATM-153,,23881,2026-06-29T09:04:00+00:00,8860b525a1fffff
WD-00001037,ACC-00009402,ATM-299,,33626,2026-08-19T17:50:00+00:00,88618c4f29fffff
WD-00001038,ACC-00011354,ATM-299,,56692,2026-06-03T21:13:00+00:00,88618c4f29fffff
WD-00001039,ACC-00007365,ATM-447,,14003,2026-06-24T02:20:00+00:00,883d8dcf37fffff
WD-00001040,ACC-00009492,ATM-001,,10000,2026-07-26T04:42:00+00:00,883da11455fffff
WD-00001041,ACC-00011761,ATM-447,,72899,2026-08-02T04:10:00+00:00,883d8dcf37fffff
WD-00001042,ACC-00005213,ATM-151,,10000,2026-07-15T11:46:00+00:00,8860a259bbfffff
WD-00001043,ACC-00004601,ATM-076,,10000,2026-06-28T10:04:00+00:00,88608b0945fffff
WD-00001044,ACC-00003846,ATM-003,,10000,2026-06-27T20:52:00+00:00,883da1029dfffff
WD-00001045,ACC-00004463,ATM-001,,50311,2026-09-07T09:27:00+00:00,883da11455fffff
WD-00001046,ACC-00005213,ATM-507,,23386,2026-06-13T03:30:00+00:00,883d8dcd59fffff
WD-00001047,ACC-00005467,ATM-447,,16087,2026-07-15T22:24:00+00:00,883d8dcf37fffff
WD-00001048,ACC-00003210,ATM-002,,10000,2026-07-12T07:42:00+00:00,883da11627fffff
WD-00001049,ACC-00011756,ATM-447,,13423,2026-06-20T04:57:00+00:00,883d8dcf37fffff
WD-00001050,ACC-00001962,ATM-151,,10000,2026-07-03T21:56:00+00:00,8860a259bbfffff
WD-00001051,ACC-00008057,ATM-076,,36101,2026-07-13T16:03:00+00:00,88608b0945fffff
WD-00001052,ACC-00002330,ATM-335,,11382,2026-07-12T07:32:00+00:00,88618c4f21fffff
WD-00001053,ACC-00007558,ATM-225,,17613,2026-08-27T07:38:00+00:00,8861892517fffff
WD-00001054,ACC-00004724,ATM-076,,10000,2026-06-01T03:43:00+00:00,88608b0945fffff
WD-00001055,ACC-00009772,ATM-225,,12949,2026-06-18T12:27:00+00:00,8861892517fffff
WD-00001056,ACC-00000990,ATM-001,,10000,2026-06-20T15:09:00+00:00,883da11455fffff
WD-00001057,ACC-00001811,ATM-199,,19044,2026-06-21T02:53:00+00:00,8860a25997fffff
WD-00001058,ACC-00000919,ATM-175,,10000,2026-07-28T23:21:00+00:00,8860a259b7fffff
WD-00001059,ACC-00002001,ATM-001,,14820,2026-08-21T08:58:00+00:00,883da11455fffff
WD-00001060,ACC-00010693,ATM-151,,17519,2026-08-07T00:44:00+00:00,8860a259bbfffff
WD-00001061,ACC-00011452,ATM-373,,15053,2026-09-05T03:43:00+00:00,8842ceb4a7fffff
WD-00001062,ACC-00004317,ATM-065,,12111,2026-09-08T06:21:00+00:00,883da1144bfffff
WD-00001063,ACC-00004089,ATM-078,,83151,2026-07-07T15:09:00+00:00,88608b4731fffff
WD-00001064,ACC-00004599,ATM-373,,10000,2026-06-19T16:45:00+00:00,8842ceb4a7fffff
WD-00001065,ACC-00007802,ATM-001,,15834,2026-07-26T11:18:00+00:00,883da11455fffff
WD-00001066,ACC-00009374,ATM-076,,18068,2026-07-04T01:38:00+00:00,88608b0945fffff
WD-00001067,ACC-00010351,ATM-001,,29668,2026-06-26T18:57:00+00:00,883da11455fffff
WD-00001068,ACC-00009972,ATM-447,,13036,2026-09-04T23:22:00+00:00,883d8dcf37fffff
WD-00001069,ACC-00007628,ATM-447,,27899,2026-09-09T03:04:00+00:00,883d8dcf37fffff
WD-00001070,ACC-00009315,ATM-151,,10000,2026-08-01T21:18:00+00:00,8860a259bbfffff
WD-00001071,ACC-00011905,ATM-447,,40885,2026-06-24T23:33:00+00:00,883d8dcf37fffff
WD-00001072,ACC-00010106,ATM-151,,10000,2026-07-10T22:23:00+00:00,8860a259bbfffff
WD-00001073,ACC-00005675,ATM-447,,10000,2026-08-26T20:55:00+00:00,883d8dcf37fffff
WD-00001074,ACC-00005187,ATM-373,,17595,2026-08-27T19:06:00+00:00,8842ceb4a7fffff
WD-00001075,ACC-00007044,ATM-367,,10000,2026-06-21T12:48:00+00:00,88618c4f31fffff
WD-00001076,ACC-00003295,ATM-151,,19645,2026-07-04T04:17:00+00:00,8860a259bbfffff
WD-00001077,ACC-00004314,ATM-225,,10000,2026-08-12T14:38:00+00:00,8861892517fffff
WD-00001078,ACC-00000579,ATM-001,,10000,2026-06-01T04:02:00+00:00,883da11455fffff
WD-00001079,ACC-00009140,ATM-447,,10000,2026-08-02T08:36:00+00:00,883d8dcf37fffff
WD-00001080,ACC-00010897,ATM-301,,55850,2026-07-20T17:00:00+00:00,88618c4e63fffff
WD-00001081,ACC-00005919,ATM-299,,10000,2026-06-19T00:45:00+00:00,88618c4f29fffff
WD-00001082,ACC-00011571,ATM-151,,33840,2026-06-09T17:00:00+00:00,8860a259bbfffff
WD-00001083,ACC-00008346,ATM-076,,20829,2026-07-12T13:46:00+00:00,88608b0945fffff
WD-00001084,ACC-00010602,ATM-076,,68681,2026-07-29T11:45:00+00:00,88608b0945fffff
WD-00001085,ACC-00009153,ATM-225,,10000,2026-06-26T20:33:00+00:00,8861892517fffff
WD-00001086,ACC-00010489,ATM-447,,22313,2026-07-15T21:48:00+00:00,883d8dcf37fffff
WD-00001087,ACC-00009359,ATM-367,,10000,2026-06-01T15:36:00+00:00,88618c4f31fffff
WD-00001088,ACC-00011354,ATM-001,,30163,2026-07-21T11:48:00+00:00,883da11455fffff
WD-00001089,ACC-00001744,ATM-225,,13851,2026-06-22T15:32:00+00:00,8861892517fffff
WD-00001090,ACC-00010118,ATM-151,,11320,2026-07-02T06:45:00+00:00,8860a259bbfffff
WD-00001091,ACC-00006450,ATM-151,,26768,2026-08-27T18:30:00+00:00,8860a259bbfffff
WD-00001092,ACC-00004757,ATM-151,,14407,2026-08-24T00:18:00+00:00,8860a259bbfffff
WD-00001093,ACC-00001683,ATM-373,,12473,2026-08-06T18:15:00+00:00,8842ceb4a7fffff
WD-00001094,ACC-00008879,ATM-001,,10000,2026-06-30T19:44:00+00:00,883da11455fffff
WD-00001095,ACC-00006726,ATM-447,,26499,2026-07-22T05:37:00+00:00,883d8dcf37fffff
WD-00001096,ACC-00001020,ATM-053,,10000,2026-07-19T20:32:00+00:00,883da1140bfffff
WD-00001097,ACC-00001499,ATM-299,,11402,2026-07-06T23:03:00+00:00,88618c4f29fffff
WD-00001098,ACC-00007311,ATM-225,,22327,2026-08-31T01:25:00+00:00,8861892517fffff
WD-00001099,ACC-00005933,ATM-373,,34836,2026-06-06T03:39:00+00:00,8842ceb4a7fffff
WD-00001100,ACC-00002648,ATM-151,,18332,2026-07-16T00:21:00+00:00,8860a259bbfffff
WD-00001101,ACC-00006546,ATM-079,,10000,2026-06-15T15:57:00+00:00,88608b5691fffff
WD-00001102,ACC-00001820,ATM-373,,16311,2026-07-11T00:30:00+00:00,8842ceb4a7fffff
WD-00001103,ACC-00003916,ATM-151,,10000,2026-09-09T19:53:00+00:00,8860a259bbfffff
WD-00001104,ACC-00006966,ATM-373,,10000,2026-09-02T02:45:00+00:00,8842ceb4a7fffff
WD-00001105,ACC-00006104,ATM-447,,23500,2026-07-24T13:35:00+00:00,883d8dcf37fffff
WD-00001106,ACC-00002183,ATM-001,,16120,2026-06-22T12:47:00+00:00,883da11455fffff
WD-00001107,ACC-00003496,ATM-076,,20585,2026-06-25T02:26:00+00:00,88608b0945fffff
WD-00001108,ACC-00008515,ATM-225,,10000,2026-07-08T15:07:00+00:00,8861892517fffff
WD-00001109,ACC-00002577,ATM-225,,43797,2026-07-18T22:15:00+00:00,8861892517fffff
WD-00001110,ACC-00002186,ATM-076,,10000,2026-08-06T07:43:00+00:00,88608b0945fffff
WD-00001111,ACC-00007268,ATM-299,,10000,2026-06-15T03:26:00+00:00,88618c4f29fffff
WD-00001112,ACC-00000734,ATM-225,,17606,2026-06-29T17:01:00+00:00,8861892517fffff
WD-00001113,ACC-00005723,ATM-373,,14325,2026-08-25T22:22:00+00:00,8842ceb4a7fffff
WD-00001114,ACC-00004773,ATM-001,,50863,2026-07-28T14:45:00+00:00,883da11455fffff
WD-00001115,ACC-00009483,ATM-447,,11204,2026-09-02T18:59:00+00:00,883d8dcf37fffff
WD-00001116,ACC-00008643,ATM-355,,10000,2026-06-25T10:05:00+00:00,88618c4f25fffff
WD-00001117,ACC-00001301,ATM-088,,10000,2026-08-07T18:33:00+00:00,88608b0961fffff
WD-00001118,ACC-00003017,ATM-225,,90902,2026-07-14T18:59:00+00:00,8861892517fffff
WD-00001119,ACC-00010038,ATM-225,,14230,2026-07-27T19:39:00+00:00,8861892517fffff
WD-00001120,ACC-00008410,ATM-225,,13275,2026-08-26T08:21:00+00:00,8861892517fffff
WD-00001121,ACC-00001242,ATM-299,,16174,2026-06-18T10:56:00+00:00,88618c4f29fffff
WD-00001122,ACC-00001162,ATM-299,,15266,2026-09-01T16:52:00+00:00,88618c4f29fffff
WD-00001123,ACC-00008534,ATM-373,,10000,2026-07-10T06:36:00+00:00,8842ceb4a7fffff
WD-00001124,ACC-00003535,ATM-225,,39301,2026-06-03T09:03:00+00:00,8861892517fffff
WD-00001125,ACC-00008503,ATM-373,,10000,2026-06-03T18:42:00+00:00,8842ceb4a7fffff
WD-00001126,ACC-00009999,ATM-002,,41815,2026-08-27T01:08:00+00:00,883da11627fffff
WD-00001127,ACC-00008090,ATM-225,,10000,2026-08-13T17:19:00+00:00,8861892517fffff
WD-00001128,ACC-00003646,ATM-151,,42593,2026-09-09T18:20:00+00:00,8860a259bbfffff
WD-00001129,ACC-00008136,ATM-299,,10000,2026-07-24T03:33:00+00:00,88618c4f29fffff
WD-00001130,ACC-00001273,ATM-151,,29730,2026-06-21T11:06:00+00:00,8860a259bbfffff
WD-00001131,ACC-00010337,ATM-151,,10000,2026-06-17T12:53:00+00:00,8860a259bbfffff
WD-00001132,ACC-00006861,ATM-151,,14034,2026-09-01T07:19:00+00:00,8860a259bbfffff
WD-00001133,ACC-00001692,ATM-225,,58121,2026-08-20T05:39:00+00:00,8861892517fffff
WD-00001134,ACC-00002301,ATM-191,,47781,2026-06-27T00:54:00+00:00,8860a2599dfffff
WD-00001135,ACC-00002453,ATM-299,,14730,2026-07-25T18:47:00+00:00,88618c4f29fffff
WD-00001136,ACC-00004597,ATM-151,,18981,2026-09-06T10:55:00+00:00,8860a259bbfffff
WD-00001137,ACC-00003957,ATM-225,,25027,2026-08-29T23:15:00+00:00,8861892517fffff
WD-00001138,ACC-00004353,ATM-151,,15051,2026-07-18T21:00:00+00:00,8860a259bbfffff
WD-00001139,ACC-00009933,ATM-151,,28916,2026-08-18T23:23:00+00:00,8860a259bbfffff
WD-00001140,ACC-00006385,ATM-151,,10000,2026-08-31T04:31:00+00:00,8860a259bbfffff
WD-00001141,ACC-00003331,ATM-237,,21946,2026-06-26T21:46:00+00:00,886189251bfffff
WD-00001142,ACC-00011881,ATM-076,,27655,2026-07-27T16:21:00+00:00,88608b0945fffff
WD-00001143,ACC-00006130,ATM-151,,10000,2026-07-20T08:22:00+00:00,8860a259bbfffff
WD-00001144,ACC-00002551,ATM-299,,10000,2026-09-04T21:04:00+00:00,88618c4f29fffff
WD-00001145,ACC-00000833,ATM-225,,10000,2026-08-02T21:31:00+00:00,8861892517fffff
WD-00001146,ACC-00003103,ATM-151,,23854,2026-08-10T08:31:00+00:00,8860a259bbfffff
WD-00001147,ACC-00001568,ATM-001,,19996,2026-08-03T23:45:00+00:00,883da11455fffff
WD-00001148,ACC-00002373,ATM-225,,10000,2026-08-15T22:08:00+00:00,8861892517fffff
WD-00001149,ACC-00004288,ATM-447,,10000,2026-06-20T19:32:00+00:00,883d8dcf37fffff
WD-00001150,ACC-00010639,ATM-001,,11942,2026-08-03T13:09:00+00:00,883da11455fffff
WD-00001151,ACC-00009710,ATM-299,,24564,2026-07-12T10:21:00+00:00,88618c4f29fffff
WD-00001152,ACC-00011484,ATM-076,,38259,2026-09-09T21:01:00+00:00,88608b0945fffff
WD-00001153,ACC-00010493,ATM-148,,10000,2026-07-09T17:00:00+00:00,88608b0961fffff
WD-00001154,ACC-00001117,ATM-151,,10000,2026-06-02T10:34:00+00:00,8860a259bbfffff
WD-00001155,ACC-00006848,ATM-151,,41487,2026-07-23T08:17:00+00:00,8860a259bbfffff
WD-00001156,ACC-00007400,ATM-373,,10000,2026-08-06T04:33:00+00:00,8842ceb4a7fffff
WD-00001157,ACC-00004279,ATM-152,,19753,2026-06-17T03:12:00+00:00,8860b52c91fffff
WD-00001158,ACC-00002839,ATM-001,,11427,2026-09-02T19:24:00+00:00,883da11455fffff
WD-00001159,ACC-00003743,ATM-373,,10000,2026-07-10T22:29:00+00:00,8842ceb4a7fffff
WD-00001160,ACC-00009476,ATM-447,,13509,2026-09-03T16:17:00+00:00,883d8dcf37fffff
WD-00001161,ACC-00004984,ATM-225,,10000,2026-09-06T08:31:00+00:00,8861892517fffff
WD-00001162,ACC-00008229,ATM-373,,10000,2026-06-15T07:16:00+00:00,8842ceb4a7fffff
WD-00001163,ACC-00010263,ATM-001,,16096,2026-07-23T23:08:00+00:00,883da11455fffff
WD-00001164,ACC-00003055,ATM-285,,14487,2026-06-23T06:38:00+00:00,88618925e9fffff
WD-00001165,ACC-00011032,ATM-001,,32620,2026-06-16T04:18:00+00:00,883da11455fffff
WD-00001166,ACC-00003602,ATM-312,,10000,2026-06-08T13:24:00+00:00,88618c4d35fffff
WD-00001167,ACC-00005699,ATM-447,,23014,2026-06-27T02:48:00+00:00,883d8dcf37fffff
WD-00001168,ACC-00003891,ATM-225,,24926,2026-06-02T02:23:00+00:00,8861892517fffff
WD-00001169,ACC-00011619,ATM-447,,10000,2026-08-24T11:12:00+00:00,883d8dcf37fffff
WD-00001170,ACC-00010801,ATM-299,,10000,2026-06-07T06:55:00+00:00,88618c4f29fffff
WD-00001171,ACC-00003551,ATM-300,,15617,2026-08-19T01:52:00+00:00,88618c4d03fffff
WD-00001172,ACC-00011319,ATM-151,,13878,2026-06-11T08:56:00+00:00,8860a259bbfffff
WD-00001173,ACC-00004719,ATM-151,,10000,2026-06-05T15:38:00+00:00,8860a259bbfffff
WD-00001174,ACC-00002455,ATM-001,,11389,2026-06-05T13:50:00+00:00,883da11455fffff
WD-00001175,ACC-00004462,ATM-297,,11319,2026-07-01T01:08:00+00:00,88618925c7fffff
WD-00001176,ACC-00004431,ATM-001,,39787,2026-07-23T15:26:00+00:00,883da11455fffff
WD-00001177,ACC-00008112,ATM-151,,10819,2026-07-21T11:41:00+00:00,8860a259bbfffff
WD-00001178,ACC-00001917,ATM-374,,12705,2026-07-12T19:06:00+00:00,8842cea44dfffff
WD-00001179,ACC-00005715,ATM-001,,14648,2026-06-18T10:08:00+00:00,883da11455fffff
WD-00001180,ACC-00003213,ATM-299,,10000,2026-07-13T12:02:00+00:00,88618c4f29fffff
WD-00001181,ACC-00005926,ATM-299,,10000,2026-08-31T09:35:00+00:00,88618c4f29fffff
WD-00001182,ACC-00004700,ATM-429,,10644,2026-08-11T00:40:00+00:00,8842ceb4a7fffff
WD-00001183,ACC-00010213,ATM-002,,10000,2026-06-03T22:12:00+00:00,883da11627fffff
WD-00001184,ACC-00007870,ATM-299,,11190,2026-07-02T20:17:00+00:00,88618c4f29fffff
WD-00001185,ACC-00007933,ATM-225,,12219,2026-08-17T12:23:00+00:00,8861892517fffff
WD-00001186,ACC-00002414,ATM-225,,10000,2026-08-06T16:17:00+00:00,8861892517fffff
WD-00001187,ACC-00007238,ATM-151,,10286,2026-09-06T12:22:00+00:00,8860a259bbfffff
WD-00001188,ACC-00009034,ATM-373,,11953,2026-06-17T03:27:00+00:00,8842ceb4a7fffff
WD-00001189,ACC-00011602,ATM-299,,10000,2026-06-19T14:05:00+00:00,88618c4f29fffff
WD-00001190,ACC-00007990,ATM-447,,10000,2026-06-24T12:11:00+00:00,883d8dcf37fffff
WD-00001191,ACC-00006089,ATM-001,,42113,2026-06-07T10:49:00+00:00,883da11455fffff
WD-00001192,ACC-00003322,ATM-225,,10000,2026-06-04T20:50:00+00:00,8861892517fffff
WD-00001193,ACC-00005497,ATM-151,,54308,2026-08-24T00:22:00+00:00,8860a259bbfffff
WD-00001194,ACC-00011095,ATM-447,,10000,2026-06-06T02:49:00+00:00,883d8dcf37fffff
WD-00001195,ACC-00001616,ATM-299,,13810,2026-09-07T17:45:00+00:00,88618c4f29fffff
WD-00001196,ACC-00005301,ATM-001,,20885,2026-08-18T22:54:00+00:00,883da11455fffff
WD-00001197,ACC-00010517,ATM-339,,10000,2026-07-02T01:15:00+00:00,88618c4d49fffff
WD-00001198,ACC-00005789,ATM-299,,10000,2026-07-10T09:47:00+00:00,88618c4f29fffff
WD-00001199,ACC-00006148,ATM-225,,10000,2026-06-02T17:52:00+00:00,8861892517fffff
WD-00001200,ACC-00005883,ATM-289,,38523,2026-06-30T11:52:00+00:00,88618925e9fffff
WD-00001201,ACC-00005333,ATM-001,,24714,2026-07-21T15:26:00+00:00,883da11455fffff
WD-00001202,ACC-00003817,ATM-151,,23140,2026-07-12T09:28:00+00:00,8860a259bbfffff
WD-00001203,ACC-00009344,ATM-299,,16286,2026-08-29T21:22:00+00:00,88618c4f29fffff
WD-00001204,ACC-00002466,ATM-151,,10000,2026-08-12T16:28:00+00:00,8860a259bbfffff
WD-00001205,ACC-00008675,ATM-299,,17981,2026-09-07T14:18:00+00:00,88618c4f29fffff
WD-00001206,ACC-00005249,ATM-373,,33412,2026-08-09T05:14:00+00:00,8842ceb4a7fffff
WD-00001207,ACC-00007212,ATM-076,,16498,2026-06-04T02:10:00+00:00,88608b0945fffff
WD-00001208,ACC-00011948,ATM-151,,15153,2026-08-03T07:32:00+00:00,8860a259bbfffff
WD-00001209,ACC-00004648,ATM-001,,15865,2026-06-16T02:50:00+00:00,883da11455fffff
WD-00001210,ACC-00011529,ATM-511,,20191,2026-06-19T10:09:00+00:00,883d8dcd4bfffff
WD-00001211,ACC-00008455,ATM-153,,10000,2026-07-13T17:09:00+00:00,8860b525a1fffff
WD-00001212,ACC-00003361,ATM-448,,10000,2026-08-25T18:52:00+00:00,883d8dcd8bfffff
WD-00001213,ACC-00011876,ATM-299,,22852,2026-07-27T00:56:00+00:00,88618c4f29fffff
WD-00001214,ACC-00001256,ATM-151,,37301,2026-08-30T20:10:00+00:00,8860a259bbfffff
WD-00001215,ACC-00009036,ATM-335,,19962,2026-06-06T03:08:00+00:00,88618c4f21fffff
WD-00001216,ACC-00007638,ATM-077,,13003,2026-07-15T01:55:00+00:00,88608b0a29fffff
WD-00001217,ACC-00002423,ATM-001,,10000,2026-08-10T15:17:00+00:00,883da11455fffff
WD-00001218,ACC-00002345,ATM-299,,20303,2026-07-16T01:28:00+00:00,88618c4f29fffff
WD-00001219,ACC-00002967,ATM-447,,16134,2026-07-11T09:30:00+00:00,883d8dcf37fffff
WD-00001220,ACC-00002092,ATM-227,,10000,2026-06-27T10:19:00+00:00,8861892537fffff
WD-00001221,ACC-00003401,ATM-151,,54880,2026-07-24T14:43:00+00:00,8860a259bbfffff
WD-00001222,ACC-00008656,ATM-225,,17981,2026-07-26T01:37:00+00:00,8861892517fffff
WD-00001223,ACC-00011655,ATM-001,,13930,2026-08-30T12:29:00+00:00,883da11455fffff
WD-00001224,ACC-00003539,ATM-076,,32003,2026-07-16T06:49:00+00:00,88608b0945fffff
WD-00001225,ACC-00006884,ATM-447,,10000,2026-08-27T02:14:00+00:00,883d8dcf37fffff
WD-00001226,ACC-00004051,ATM-001,,12285,2026-08-08T17:44:00+00:00,883da11455fffff
WD-00001227,ACC-00007858,ATM-299,,22102,2026-06-16T01:43:00+00:00,88618c4f29fffff
WD-00001228,ACC-00004854,ATM-226,,19981,2026-07-17T12:02:00+00:00,8861892033fffff
WD-00001229,ACC-00010310,ATM-001,,10000,2026-06-26T14:02:00+00:00,883da11455fffff
WD-00001230,ACC-00008059,ATM-076,,10000,2026-06-14T19:42:00+00:00,88608b0945fffff
WD-00001231,ACC-00003602,ATM-225,,20294,2026-06-26T10:03:00+00:00,8861892517fffff
WD-00001232,ACC-00011633,ATM-226,,61982,2026-06-16T12:44:00+00:00,8861892033fffff
WD-00001233,ACC-00011487,ATM-225,,19782,2026-09-09T10:40:00+00:00,8861892517fffff
WD-00001234,ACC-00001768,ATM-225,,10000,2026-09-03T09:50:00+00:00,8861892517fffff
WD-00001235,ACC-00001226,ATM-299,,15915,2026-06-09T20:34:00+00:00,88618c4f29fffff
WD-00001236,ACC-00007797,ATM-076,,13566,2026-08-16T06:06:00+00:00,88608b0945fffff
WD-00001237,ACC-00004122,ATM-447,,17878,2026-08-09T14:36:00+00:00,883d8dcf37fffff
WD-00001238,ACC-00002521,ATM-045,,25443,2026-07-30T09:31:00+00:00,883da1144bfffff
WD-00001239,ACC-00006152,ATM-347,,17676,2026-08-12T02:43:00+00:00,88618c4f2bfffff
WD-00001240,ACC-00004897,ATM-455,,10000,2026-08-19T01:40:00+00:00,883d8dcd47fffff
WD-00001241,ACC-00007942,ATM-495,,10000,2026-09-09T14:44:00+00:00,883d8dcd1dfffff
WD-00001242,ACC-00003822,ATM-225,,10000,2026-06-16T19:55:00+00:00,8861892517fffff
WD-00001243,ACC-00008559,ATM-373,,10000,2026-07-10T03:45:00+00:00,8842ceb4a7fffff
WD-00001244,ACC-00000760,ATM-076,,10000,2026-08-05T14:40:00+00:00,88608b0945fffff
WD-00001245,ACC-00002104,ATM-373,,10000,2026-08-10T17:33:00+00:00,8842ceb4a7fffff
WD-00001246,ACC-00009343,ATM-299,,38182,2026-06-02T18:19:00+00:00,88618c4f29fffff
WD-00001247,ACC-00006392,ATM-001,,31681,2026-07-29T02:14:00+00:00,883da11455fffff
WD-00001248,ACC-00005794,ATM-312,,16162,2026-06-23T05:14:00+00:00,88618c4d35fffff
WD-00001249,ACC-00009992,ATM-225,,34976,2026-09-03T05:02:00+00:00,8861892517fffff
WD-00001250,ACC-00009605,ATM-136,,48500,2026-08-23T07:21:00+00:00,88608b096dfffff
WD-00001251,ACC-00011625,ATM-447,,12781,2026-07-10T06:05:00+00:00,883d8dcf37fffff
WD-00001252,ACC-00006479,ATM-430,,10000,2026-07-27T21:07:00+00:00,8842cea605fffff
WD-00001253,ACC-00008135,ATM-299,,10000,2026-08-29T05:42:00+00:00,88618c4f29fffff
WD-00001254,ACC-00000640,ATM-076,,10000,2026-08-15T07:48:00+00:00,88608b0945fffff
WD-00001255,ACC-00001301,ATM-076,,23910,2026-08-16T05:44:00+00:00,88608b0945fffff
WD-00001256,ACC-00002996,ATM-001,,10000,2026-07-31T19:53:00+00:00,883da11455fffff
WD-00001257,ACC-00007541,ATM-001,,37521,2026-09-01T18:22:00+00:00,883da11455fffff
WD-00001258,ACC-00003015,ATM-151,,23841,2026-07-25T14:31:00+00:00,8860a259bbfffff
WD-00001259,ACC-00005766,ATM-001,,14005,2026-08-27T22:11:00+00:00,883da11455fffff
WD-00001260,ACC-00001697,ATM-001,,10000,2026-07-11T15:38:00+00:00,883da11455fffff
WD-00001261,ACC-00006462,ATM-001,,10000,2026-07-06T21:37:00+00:00,883da11455fffff
WD-00001262,ACC-00011385,ATM-001,,10000,2026-08-22T03:30:00+00:00,883da11455fffff
WD-00001263,ACC-00003425,ATM-373,,17384,2026-06-21T17:58:00+00:00,8842ceb4a7fffff
WD-00001264,ACC-00001226,ATM-299,,10000,2026-07-25T22:44:00+00:00,88618c4f29fffff
WD-00001265,ACC-00001232,ATM-001,,69274,2026-06-09T10:23:00+00:00,883da11455fffff
WD-00001266,ACC-00008041,ATM-447,,10000,2026-08-06T14:27:00+00:00,883d8dcf37fffff
WD-00001267,ACC-00005134,ATM-076,,13365,2026-07-12T11:02:00+00:00,88608b0945fffff
WD-00001268,ACC-00010979,ATM-151,,29501,2026-07-05T23:37:00+00:00,8860a259bbfffff
WD-00001269,ACC-00008700,ATM-108,,10842,2026-06-23T00:11:00+00:00,88608b0961fffff
WD-00001270,ACC-00008115,ATM-299,,10000,2026-06-08T07:54:00+00:00,88618c4f29fffff
WD-00001271,ACC-00002279,ATM-447,,29989,2026-07-14T21:23:00+00:00,883d8dcf37fffff
WD-00001272,ACC-00010486,ATM-299,,10000,2026-07-04T08:04:00+00:00,88618c4f29fffff
WD-00001273,ACC-00006188,ATM-001,,12542,2026-08-01T20:59:00+00:00,883da11455fffff
WD-00001274,ACC-00006819,ATM-151,,18727,2026-07-05T01:33:00+00:00,8860a259bbfffff
WD-00001275,ACC-00004250,ATM-151,,10000,2026-07-15T08:53:00+00:00,8860a259bbfffff
WD-00001276,ACC-00004791,ATM-347,,12267,2026-08-02T17:59:00+00:00,88618c4f2bfffff
WD-00001277,ACC-00007386,ATM-120,,19637,2026-06-09T09:17:00+00:00,88608b0967fffff
WD-00001278,ACC-00009761,ATM-001,,18958,2026-07-11T07:35:00+00:00,883da11455fffff
WD-00001279,ACC-00009532,ATM-073,,23190,2026-06-23T14:10:00+00:00,883da11403fffff
WD-00001280,ACC-00005464,ATM-441,,10000,2026-06-08T16:59:00+00:00,8842ceb599fffff
WD-00001281,ACC-00004006,ATM-447,,10000,2026-06-24T23:03:00+00:00,883d8dcf37fffff
WD-00001282,ACC-00004577,ATM-076,,10000,2026-07-03T10:49:00+00:00,88608b0945fffff
WD-00001283,ACC-00009618,ATM-225,,10000,2026-07-23T00:52:00+00:00,8861892517fffff
WD-00001284,ACC-00004879,ATM-225,,20251,2026-08-04T16:41:00+00:00,8861892517fffff
WD-00001285,ACC-00008534,ATM-225,,17188,2026-06-22T21:38:00+00:00,8861892517fffff
WD-00001286,ACC-00009699,ATM-299,,11908,2026-06-27T06:36:00+00:00,88618c4f29fffff
WD-00001287,ACC-00003780,ATM-225,,16646,2026-06-04T22:37:00+00:00,8861892517fffff
WD-00001288,ACC-00009000,ATM-299,,11784,2026-07-29T18:53:00+00:00,88618c4f29fffff
WD-00001289,ACC-00001876,ATM-373,,10000,2026-06-05T09:08:00+00:00,8842ceb4a7fffff
WD-00001290,ACC-00008586,ATM-299,,32106,2026-07-01T23:30:00+00:00,88618c4f29fffff
WD-00001291,ACC-00003730,ATM-151,,54316,2026-07-19T17:33:00+00:00,8860a259bbfffff
WD-00001292,ACC-00002584,ATM-225,,17375,2026-08-26T17:15:00+00:00,8861892517fffff
WD-00001293,ACC-00003393,ATM-299,,10026,2026-08-23T15:49:00+00:00,88618c4f29fffff
WD-00001294,ACC-00004147,ATM-373,,10000,2026-06-23T07:17:00+00:00,8842ceb4a7fffff
WD-00001295,ACC-00010678,ATM-376,,24720,2026-06-06T10:50:00+00:00,8842ceb4edfffff
WD-00001296,ACC-00010028,ATM-225,,10000,2026-07-01T21:42:00+00:00,8861892517fffff
WD-00001297,ACC-00006381,ATM-076,,12948,2026-07-09T10:05:00+00:00,88608b0945fffff
WD-00001298,ACC-00011614,ATM-076,,10000,2026-08-23T01:22:00+00:00,88608b0945fffff
WD-00001299,ACC-00006667,ATM-076,,23616,2026-07-08T06:51:00+00:00,88608b0945fffff
WD-00001300,ACC-00011931,ATM-001,,10000,2026-06-01T09:45:00+00:00,883da11455fffff
WD-00001301,ACC-00011594,ATM-112,,10000,2026-07-19T05:30:00+00:00,88608b5493fffff
WD-00001302,ACC-00008640,ATM-079,,10000,2026-06-13T21:34:00+00:00,88608b5691fffff
WD-00001303,ACC-00002937,ATM-151,,10000,2026-07-20T21:34:00+00:00,8860a259bbfffff
WD-00001304,ACC-00011859,ATM-447,,10000,2026-06-06T03:08:00+00:00,883d8dcf37fffff
WD-00001305,ACC-00006493,ATM-373,,10000,2026-07-20T06:31:00+00:00,8842ceb4a7fffff
WD-00001306,ACC-00009679,ATM-299,,22209,2026-09-04T10:11:00+00:00,88618c4f29fffff
WD-00001307,ACC-00007880,ATM-278,,15294,2026-08-18T11:49:00+00:00,88618921c3fffff
WD-00001308,ACC-00004465,ATM-151,,24292,2026-06-10T07:33:00+00:00,8860a259bbfffff
WD-00001309,ACC-00005491,ATM-299,,22221,2026-06-27T03:37:00+00:00,88618c4f29fffff
WD-00001310,ACC-00008362,ATM-043,,10000,2026-06-23T00:28:00+00:00,883da115e7fffff
WD-00001311,ACC-00004390,ATM-299,,19437,2026-06-13T08:43:00+00:00,88618c4f29fffff
WD-00001312,ACC-00006261,ATM-299,,10438,2026-06-03T02:51:00+00:00,88618c4f29fffff
WD-00001313,ACC-00006777,ATM-225,,10000,2026-09-01T02:11:00+00:00,8861892517fffff
WD-00001314,ACC-00005513,ATM-445,,18481,2026-06-26T02:59:00+00:00,8842ceb4a9fffff
WD-00001315,ACC-00002817,ATM-301,,10000,2026-08-25T21:56:00+00:00,88618c4e63fffff
WD-00001316,ACC-00005396,ATM-084,,11577,2026-08-01T18:41:00+00:00,88608b096bfffff
WD-00001317,ACC-00011150,ATM-076,,14747,2026-07-25T06:56:00+00:00,88608b0945fffff
WD-00001318,ACC-00003372,ATM-367,,22002,2026-06-02T05:59:00+00:00,88618c4f31fffff
WD-00001319,ACC-00005648,ATM-447,,10000,2026-08-21T09:04:00+00:00,883d8dcf37fffff
WD-00001320,ACC-00010292,ATM-225,,22526,2026-07-05T14:12:00+00:00,8861892517fffff
WD-00001321,ACC-00001312,ATM-151,,31553,2026-08-05T08:12:00+00:00,8860a259bbfffff
WD-00001322,ACC-00002967,ATM-001,,11842,2026-06-15T17:41:00+00:00,883da11455fffff
WD-00001323,ACC-00009156,ATM-076,,22990,2026-06-29T10:37:00+00:00,88608b0945fffff
WD-00001324,ACC-00005621,ATM-373,,10000,2026-07-07T14:19:00+00:00,8842ceb4a7fffff
WD-00001325,ACC-00007770,ATM-225,,63020,2026-07-18T22:43:00+00:00,8861892517fffff
WD-00001326,ACC-00000794,ATM-039,,10000,2026-08-04T08:23:00+00:00,883da115abfffff
WD-00001327,ACC-00004450,ATM-151,,44570,2026-06-07T06:12:00+00:00,8860a259bbfffff
WD-00001328,ACC-00010087,ATM-447,,33002,2026-07-13T06:05:00+00:00,883d8dcf37fffff
WD-00001329,ACC-00006316,ATM-373,,18198,2026-07-20T05:53:00+00:00,8842ceb4a7fffff
WD-00001330,ACC-00004311,ATM-448,,10000,2026-07-04T13:41:00+00:00,883d8dcd8bfffff
WD-00001331,ACC-00011293,ATM-076,,10000,2026-06-23T07:47:00+00:00,88608b0945fffff
WD-00001332,ACC-00008128,ATM-299,,10000,2026-07-28T20:49:00+00:00,88618c4f29fffff
WD-00001333,ACC-00001400,ATM-225,,10000,2026-08-02T11:02:00+00:00,8861892517fffff
WD-00001334,ACC-00011680,ATM-447,,10000,2026-08-01T14:47:00+00:00,883d8dcf37fffff
WD-00001335,ACC-00006658,ATM-447,,10000,2026-08-08T10:21:00+00:00,883d8dcf37fffff
WD-00001336,ACC-00001670,ATM-225,,32182,2026-08-25T10:24:00+00:00,8861892517fffff
WD-00001337,ACC-00011729,ATM-373,,145679,2026-07-23T05:24:00+00:00,8842ceb4a7fffff
WD-00001338,ACC-00011324,ATM-225,,10000,2026-09-05T03:14:00+00:00,8861892517fffff
WD-00001339,ACC-00000901,ATM-447,,15769,2026-08-13T02:58:00+00:00,883d8dcf37fffff
WD-00001340,ACC-00001541,ATM-373,,17935,2026-06-10T00:46:00+00:00,8842ceb4a7fffff
WD-00001341,ACC-00004901,ATM-151,,72874,2026-07-28T08:43:00+00:00,8860a259bbfffff
WD-00001342,ACC-00009812,ATM-225,,45398,2026-09-06T12:57:00+00:00,8861892517fffff
WD-00001343,ACC-00006214,ATM-301,,10000,2026-06-07T13:51:00+00:00,88618c4e63fffff
WD-00001344,ACC-00004763,ATM-299,,10000,2026-08-21T07:38:00+00:00,88618c4f29fffff
WD-00001345,ACC-00006013,ATM-151,,12440,2026-08-03T20:53:00+00:00,8860a259bbfffff
WD-00001346,ACC-00001839,ATM-076,,25812,2026-06-13T19:18:00+00:00,88608b0945fffff
WD-00001347,ACC-00011353,ATM-373,,63557,2026-07-15T12:57:00+00:00,8842ceb4a7fffff
WD-00001348,ACC-00005684,ATM-001,,10000,2026-07-26T22:38:00+00:00,883da11455fffff
WD-00001349,ACC-00011671,ATM-499,,10000,2026-08-27T03:53:00+00:00,883d8dcd0bfffff
WD-00001350,ACC-00011783,ATM-373,,43374,2026-07-21T10:12:00+00:00,8842ceb4a7fffff
WD-00001351,ACC-00009776,ATM-299,,13612,2026-08-22T18:25:00+00:00,88618c4f29fffff
WD-00001352,ACC-00007027,ATM-227,,32338,2026-08-22T14:00:00+00:00,8861892537fffff
WD-00001353,ACC-00003786,ATM-447,,29871,2026-06-07T10:17:00+00:00,883d8dcf37fffff
WD-00001354,ACC-00002108,ATM-373,,45173,2026-07-08T20:29:00+00:00,8842ceb4a7fffff
WD-00001355,ACC-00000923,ATM-077,,10000,2026-08-10T05:57:00+00:00,88608b0a29fffff
WD-00001356,ACC-00000866,ATM-001,,12181,2026-06-26T06:23:00+00:00,883da11455fffff
WD-00001357,ACC-00007917,ATM-001,,10000,2026-08-15T00:40:00+00:00,883da11455fffff
WD-00001358,ACC-00009407,ATM-448,,52515,2026-08-01T02:53:00+00:00,883d8dcd8bfffff
WD-00001359,ACC-00006301,ATM-373,,10325,2026-06-05T19:36:00+00:00,8842ceb4a7fffff
WD-00001360,ACC-00006764,ATM-001,,10000,2026-07-15T03:06:00+00:00,883da11455fffff
WD-00001361,ACC-00005118,ATM-447,,10000,2026-09-06T19:19:00+00:00,883d8dcf37fffff
WD-00001362,ACC-00009451,ATM-151,,10000,2026-07-12T11:24:00+00:00,8860a259bbfffff
WD-00001363,ACC-00008146,ATM-447,,10000,2026-07-09T18:29:00+00:00,883d8dcf37fffff
WD-00001364,ACC-00004261,ATM-447,,10235,2026-08-04T04:53:00+00:00,883d8dcf37fffff
WD-00001365,ACC-00005948,ATM-151,,10000,2026-09-03T04:20:00+00:00,8860a259bbfffff
WD-00001366,ACC-00000646,ATM-225,,15609,2026-06-12T08:30:00+00:00,8861892517fffff
WD-00001367,ACC-00007123,ATM-373,,22517,2026-08-17T17:55:00+00:00,8842ceb4a7fffff
WD-00001368,ACC-00009603,ATM-002,,10000,2026-06-26T01:06:00+00:00,883da11627fffff
WD-00001369,ACC-00010733,ATM-078,,10000,2026-08-14T23:50:00+00:00,88608b4731fffff
WD-00001370,ACC-00011968,ATM-447,,24780,2026-06-13T09:01:00+00:00,883d8dcf37fffff
WD-00001371,ACC-00001324,ATM-299,,14253,2026-08-31T09:00:00+00:00,88618c4f29fffff
WD-00001372,ACC-00001000,ATM-076,,11853,2026-09-09T15:22:00+00:00,88608b0945fffff
WD-00001373,ACC-00006929,ATM-447,,12382,2026-07-24T06:17:00+00:00,883d8dcf37fffff
WD-00001374,ACC-00005751,ATM-299,,10000,2026-09-02T04:02:00+00:00,88618c4f29fffff
WD-00001375,ACC-00008046,ATM-163,,28208,2026-07-05T14:23:00+00:00,8860a259b7fffff
WD-00001376,ACC-00010075,ATM-151,,26985,2026-06-09T01:35:00+00:00,8860a259bbfffff
WD-00001377,ACC-00009633,ATM-001,,10906,2026-07-11T06:24:00+00:00,883da11455fffff
WD-00001378,ACC-00010458,ATM-447,,10000,2026-09-05T07:03:00+00:00,883d8dcf37fffff
WD-00001379,ACC-00000893,ATM-151,,11363,2026-08-01T20:11:00+00:00,8860a259bbfffff
WD-00001380,ACC-00009165,ATM-225,,21494,2026-08-21T20:04:00+00:00,8861892517fffff
WD-00001381,ACC-00005719,ATM-001,,13677,2026-08-20T12:19:00+00:00,883da11455fffff
WD-00001382,ACC-00008698,ATM-447,,52183,2026-08-23T00:00:00+00:00,883d8dcf37fffff
WD-00001383,ACC-00003033,ATM-225,,63482,2026-07-25T23:38:00+00:00,8861892517fffff
WD-00001384,ACC-00011786,ATM-001,,10000,2026-07-10T18:00:00+00:00,883da11455fffff
WD-00001385,ACC-00000706,ATM-076,,21254,2026-07-06T12:56:00+00:00,88608b0945fffff
WD-00001386,ACC-00010477,ATM-447,,10000,2026-07-01T03:36:00+00:00,883d8dcf37fffff
WD-00001387,ACC-00010769,ATM-227,,10000,2026-06-11T11:53:00+00:00,8861892537fffff
WD-00001388,ACC-00002894,ATM-301,,75416,2026-06-29T22:13:00+00:00,88618c4e63fffff
WD-00001389,ACC-00004968,ATM-225,,11854,2026-06-27T00:17:00+00:00,8861892517fffff
WD-00001390,ACC-00004821,ATM-519,,10000,2026-09-08T08:41:00+00:00,883d8dcd01fffff
WD-00001391,ACC-00006695,ATM-377,,38367,2026-07-04T03:18:00+00:00,8842ceb4abfffff
WD-00001392,ACC-00007103,ATM-447,,22564,2026-07-03T14:10:00+00:00,883d8dcf37fffff
WD-00001393,ACC-00003282,ATM-225,,10000,2026-07-15T03:46:00+00:00,8861892517fffff
WD-00001394,ACC-00005057,ATM-299,,10000,2026-06-24T08:46:00+00:00,88618c4f29fffff
WD-00001395,ACC-00002226,ATM-299,,10000,2026-07-24T05:42:00+00:00,88618c4f29fffff
WD-00001396,ACC-00010740,ATM-299,,18350,2026-08-06T04:00:00+00:00,88618c4f29fffff
WD-00001397,ACC-00008955,ATM-225,,28979,2026-07-23T11:22:00+00:00,8861892517fffff
WD-00001398,ACC-00010384,ATM-373,,10015,2026-09-01T11:52:00+00:00,8842ceb4a7fffff
WD-00001399,ACC-00004385,ATM-373,,39099,2026-08-07T16:56:00+00:00,8842ceb4a7fffff
WD-00001400,ACC-00004412,ATM-001,,10000,2026-08-11T00:21:00+00:00,883da11455fffff
WD-00001401,ACC-00001812,ATM-225,,10000,2026-08-10T20:36:00+00:00,8861892517fffff
WD-00001402,ACC-00000548,ATM-076,,61687,2026-07-21T15:43:00+00:00,88608b0945fffff
WD-00001403,ACC-00008382,ATM-151,,10000,2026-06-12T10:31:00+00:00,8860a259bbfffff
WD-00001404,ACC-00005984,ATM-299,,40611,2026-06-10T21:52:00+00:00,88618c4f29fffff
WD-00001405,ACC-00002394,ATM-519,,48391,2026-07-11T06:45:00+00:00,883d8dcd01fffff
WD-00001406,ACC-00009844,ATM-076,,15890,2026-07-07T16:16:00+00:00,88608b0945fffff
WD-00001407,ACC-00007324,ATM-151,,13784,2026-08-29T11:09:00+00:00,8860a259bbfffff
WD-00001408,ACC-00004145,ATM-301,,10000,2026-08-27T03:06:00+00:00,88618c4e63fffff
WD-00001409,ACC-00010471,ATM-226,,10000,2026-08-01T12:49:00+00:00,8861892033fffff
WD-00001410,ACC-00005077,ATM-299,,10000,2026-08-06T20:36:00+00:00,88618c4f29fffff
WD-00001411,ACC-00009514,ATM-001,,10282,2026-08-30T05:22:00+00:00,883da11455fffff
WD-00001412,ACC-00005843,ATM-076,,10000,2026-07-08T09:12:00+00:00,88608b0945fffff
WD-00001413,ACC-00004832,ATM-001,,10000,2026-09-09T14:40:00+00:00,883da11455fffff
WD-00001414,ACC-00005851,ATM-226,,10000,2026-08-16T21:16:00+00:00,8861892033fffff
WD-00001415,ACC-00003315,ATM-001,,15300,2026-09-02T02:49:00+00:00,883da11455fffff
WD-00001416,ACC-00011238,ATM-225,,10000,2026-07-03T11:20:00+00:00,8861892517fffff
WD-00001417,ACC-00006982,ATM-151,,14777,2026-08-10T07:53:00+00:00,8860a259bbfffff
WD-00001418,ACC-00011235,ATM-225,,36742,2026-06-02T16:32:00+00:00,8861892517fffff
WD-00001419,ACC-00005057,ATM-225,,10000,2026-08-24T11:22:00+00:00,8861892517fffff
WD-00001420,ACC-00003193,ATM-076,,23953,2026-08-22T12:51:00+00:00,88608b0945fffff
WD-00001421,ACC-00007997,ATM-447,,10000,2026-08-28T04:45:00+00:00,883d8dcf37fffff
WD-00001422,ACC-00006696,ATM-151,,29111,2026-09-09T23:35:00+00:00,8860a259bbfffff
WD-00001423,ACC-00003825,ATM-299,,10000,2026-08-23T19:36:00+00:00,88618c4f29fffff
WD-00001424,ACC-00006315,ATM-001,,12684,2026-06-17T20:33:00+00:00,883da11455fffff
WD-00001425,ACC-00008524,ATM-299,,19171,2026-08-31T03:52:00+00:00,88618c4f29fffff
WD-00001426,ACC-00005398,ATM-076,,10000,2026-06-29T12:35:00+00:00,88608b0945fffff
WD-00001427,ACC-00006323,ATM-225,,13057,2026-06-19T06:05:00+00:00,8861892517fffff
WD-00001428,ACC-00003185,ATM-447,,23273,2026-07-05T17:27:00+00:00,883d8dcf37fffff
WD-00001429,ACC-00003078,ATM-058,,10000,2026-06-11T10:24:00+00:00,883da11627fffff
WD-00001430,ACC-00004853,ATM-373,,10000,2026-07-13T15:14:00+00:00,8842ceb4a7fffff
WD-00001431,ACC-00010853,ATM-225,,13329,2026-08-24T23:35:00+00:00,8861892517fffff
WD-00001432,ACC-00003561,ATM-153,,41182,2026-06-16T16:30:00+00:00,8860b525a1fffff
WD-00001433,ACC-00002427,ATM-373,,18826,2026-07-21T18:32:00+00:00,8842ceb4a7fffff
WD-00001434,ACC-00005907,ATM-299,,12649,2026-07-27T04:50:00+00:00,88618c4f29fffff
WD-00001435,ACC-00010309,ATM-151,,21583,2026-07-10T07:11:00+00:00,8860a259bbfffff
WD-00001436,ACC-00005009,ATM-228,,14932,2026-06-21T14:48:00+00:00,886014594bfffff
WD-00001437,ACC-00003460,ATM-373,,14829,2026-08-12T11:29:00+00:00,8842ceb4a7fffff
WD-00001438,ACC-00003728,ATM-299,,10000,2026-08-13T04:58:00+00:00,88618c4f29fffff
WD-00001439,ACC-00009306,ATM-299,,17461,2026-09-03T18:49:00+00:00,88618c4f29fffff
WD-00001440,ACC-00010338,ATM-507,,127255,2026-07-31T06:45:00+00:00,883d8dcd59fffff
WD-00001441,ACC-00009237,ATM-299,,65318,2026-07-19T03:46:00+00:00,88618c4f29fffff
WD-00001442,ACC-00004646,ATM-225,,13322,2026-08-20T12:43:00+00:00,8861892517fffff
WD-00001443,ACC-00001768,ATM-002,,10000,2026-07-13T21:35:00+00:00,883da11627fffff
WD-00001444,ACC-00010508,ATM-373,,10000,2026-09-02T23:29:00+00:00,8842ceb4a7fffff
WD-00001445,ACC-00008768,ATM-078,,14635,2026-08-24T03:33:00+00:00,88608b4731fffff
WD-00001446,ACC-00007619,ATM-225,,33557,2026-09-01T19:54:00+00:00,8861892517fffff
WD-00001447,ACC-00000801,ATM-447,,24977,2026-09-07T01:51:00+00:00,883d8dcf37fffff
WD-00001448,ACC-00009398,ATM-343,,17087,2026-09-03T03:42:00+00:00,88618c4f07fffff
WD-00001449,ACC-00011120,ATM-151,,14206,2026-09-07T16:51:00+00:00,8860a259bbfffff
WD-00001450,ACC-00006930,ATM-373,,63701,2026-06-12T09:55:00+00:00,8842ceb4a7fffff
WD-00001451,ACC-00002556,ATM-076,,10000,2026-06-12T14:24:00+00:00,88608b0945fffff
WD-00001452,ACC-00003879,ATM-225,,16446,2026-06-25T12:59:00+00:00,8861892517fffff
WD-00001453,ACC-00001979,ATM-373,,13817,2026-09-09T23:20:00+00:00,8842ceb4a7fffff
WD-00001454,ACC-00011130,ATM-225,,15456,2026-09-07T04:29:00+00:00,8861892517fffff
WD-00001455,ACC-00009456,ATM-002,,10944,2026-09-06T09:45:00+00:00,883da11627fffff
WD-00001456,ACC-00005061,ATM-225,,18352,2026-08-15T14:34:00+00:00,8861892517fffff
WD-00001457,ACC-00003337,ATM-001,,17117,2026-09-02T11:03:00+00:00,883da11455fffff
WD-00001458,ACC-00004042,ATM-289,,22519,2026-08-05T01:41:00+00:00,88618925e9fffff
WD-00001459,ACC-00008941,ATM-053,,10000,2026-08-02T06:38:00+00:00,883da1140bfffff
WD-00001460,ACC-00010325,ATM-076,,16442,2026-09-02T03:14:00+00:00,88608b0945fffff
WD-00001461,ACC-00010746,ATM-299,,21326,2026-07-31T06:04:00+00:00,88618c4f29fffff
WD-00001462,ACC-00008814,ATM-447,,19502,2026-08-06T02:13:00+00:00,883d8dcf37fffff
WD-00001463,ACC-00009010,ATM-152,,12099,2026-08-29T22:26:00+00:00,8860b52c91fffff
WD-00001464,ACC-00004691,ATM-163,,93713,2026-08-07T21:20:00+00:00,8860a259b7fffff
WD-00001465,ACC-00006498,ATM-076,,20515,2026-07-17T12:12:00+00:00,88608b0945fffff
WD-00001466,ACC-00006341,ATM-076,,21541,2026-06-21T15:48:00+00:00,88608b0945fffff
WD-00001467,ACC-00006936,ATM-001,,26824,2026-06-07T16:12:00+00:00,883da11455fffff
WD-00001468,ACC-00004992,ATM-151,,69993,2026-07-29T07:52:00+00:00,8860a259bbfffff
WD-00001469,ACC-00006123,ATM-225,,13030,2026-06-01T23:01:00+00:00,8861892517fffff
WD-00001470,ACC-00005439,ATM-299,,15939,2026-08-06T05:04:00+00:00,88618c4f29fffff
WD-00001471,ACC-00010437,ATM-076,,35445,2026-07-01T10:05:00+00:00,88608b0945fffff
WD-00001472,ACC-00008144,ATM-076,,12681,2026-06-19T00:40:00+00:00,88608b0945fffff
WD-00001473,ACC-00008607,ATM-151,,10000,2026-06-21T06:58:00+00:00,8860a259bbfffff
WD-00001474,ACC-00011373,ATM-001,,10000,2026-07-28T03:07:00+00:00,883da11455fffff
WD-00001475,ACC-00011902,ATM-441,,16875,2026-08-22T20:02:00+00:00,8842ceb599fffff
WD-00001476,ACC-00001316,ATM-373,,10000,2026-07-11T04:19:00+00:00,8842ceb4a7fffff
WD-00001477,ACC-00006245,ATM-001,,28213,2026-06-13T20:02:00+00:00,883da11455fffff
WD-00001478,ACC-00005106,ATM-300,,17862,2026-07-31T07:14:00+00:00,88618c4d03fffff
WD-00001479,ACC-00003146,ATM-151,,19818,2026-06-10T05:28:00+00:00,8860a259bbfffff
WD-00001480,ACC-00007991,ATM-001,,21486,2026-07-09T16:49:00+00:00,883da11455fffff
WD-00001481,ACC-00001194,ATM-447,,10000,2026-07-31T18:06:00+00:00,883d8dcf37fffff
WD-00001482,ACC-00009500,ATM-151,,10000,2026-09-08T16:08:00+00:00,8860a259bbfffff
WD-00001483,ACC-00004027,ATM-373,,12280,2026-09-03T17:32:00+00:00,8842ceb4a7fffff
WD-00001484,ACC-00008490,ATM-151,,17872,2026-07-02T05:06:00+00:00,8860a259bbfffff
WD-00001485,ACC-00007076,ATM-299,,10000,2026-06-18T05:38:00+00:00,88618c4f29fffff
WD-00001486,ACC-00010999,ATM-001,,11445,2026-06-10T04:28:00+00:00,883da11455fffff
WD-00001487,ACC-00006644,ATM-374,,10000,2026-09-05T19:43:00+00:00,8842cea44dfffff
WD-00001488,ACC-00005461,ATM-225,,41040,2026-08-30T02:39:00+00:00,8861892517fffff
WD-00001489,ACC-00011291,ATM-300,,50216,2026-08-01T18:00:00+00:00,88618c4d03fffff
WD-00001490,ACC-00005405,ATM-299,,30194,2026-08-09T21:10:00+00:00,88618c4f29fffff
WD-00001491,ACC-00005903,ATM-183,,15927,2026-06-16T04:40:00+00:00,8860a259bbfffff
WD-00001492,ACC-00003258,ATM-373,,10000,2026-08-25T00:03:00+00:00,8842ceb4a7fffff
WD-00001493,ACC-00008623,ATM-447,,10000,2026-07-16T12:35:00+00:00,883d8dcf37fffff
WD-00001494,ACC-00003808,ATM-076,,32153,2026-08-26T07:44:00+00:00,88608b0945fffff
WD-00001495,ACC-00008061,ATM-076,,16751,2026-07-24T22:02:00+00:00,88608b0945fffff
WD-00001496,ACC-00003757,ATM-373,,12582,2026-06-11T22:34:00+00:00,8842ceb4a7fffff
WD-00001497,ACC-00011363,ATM-225,,80666,2026-09-09T09:39:00+00:00,8861892517fffff
WD-00001498,ACC-00011769,ATM-001,,10000,2026-07-03T02:50:00+00:00,883da11455fffff
WD-00001499,ACC-00010977,ATM-076,,10000,2026-07-23T14:45:00+00:00,88608b0945fffff
WD-00001500,ACC-00001945,ATM-001,,12351,2026-07-12T02:00:00+00:00,883da11455fffff
WD-00001501,ACC-00001872,ATM-001,,35943,2026-07-18T19:10:00+00:00,883da11455fffff
WD-00001502,ACC-00006428,ATM-076,,12971,2026-07-20T02:29:00+00:00,88608b0945fffff
WD-00001503,ACC-00006672,ATM-373,,10000,2026-07-08T23:42:00+00:00,8842ceb4a7fffff
WD-00001504,ACC-00000880,ATM-225,,14678,2026-08-19T18:43:00+00:00,8861892517fffff
WD-00001505,ACC-00006666,ATM-373,,10000,2026-09-05T12:31:00+00:00,8842ceb4a7fffff
WD-00001506,ACC-00001314,ATM-151,,10000,2026-08-10T21:35:00+00:00,8860a259bbfffff
WD-00001507,ACC-00011309,ATM-076,,10000,2026-06-03T14:03:00+00:00,88608b0945fffff
WD-00001508,ACC-00006991,ATM-076,,13079,2026-06-07T03:30:00+00:00,88608b0945fffff
WD-00001509,ACC-00004889,ATM-225,,28227,2026-08-03T06:12:00+00:00,8861892517fffff
WD-00001510,ACC-00009832,ATM-299,,53929,2026-06-14T04:18:00+00:00,88618c4f29fffff
WD-00001511,ACC-00010911,ATM-373,,30863,2026-06-19T14:31:00+00:00,8842ceb4a7fffff
WD-00001512,ACC-00007153,ATM-076,,46635,2026-07-27T03:14:00+00:00,88608b0945fffff
WD-00001513,ACC-00011942,ATM-076,,17646,2026-07-26T01:28:00+00:00,88608b0945fffff
WD-00001514,ACC-00004118,ATM-001,,10000,2026-07-22T14:47:00+00:00,883da11455fffff
WD-00001515,ACC-00004580,ATM-371,,16781,2026-07-22T05:02:00+00:00,88618c4f2dfffff
WD-00001516,ACC-00004288,ATM-002,,10000,2026-08-11T02:03:00+00:00,883da11627fffff
WD-00001517,ACC-00011568,ATM-001,,18765,2026-08-29T19:17:00+00:00,883da11455fffff
WD-00001518,ACC-00008382,ATM-225,,10000,2026-06-13T01:18:00+00:00,8861892517fffff
WD-00001519,ACC-00000732,ATM-471,,10000,2026-08-18T13:26:00+00:00,883d8dcd09fffff
WD-00001520,ACC-00008589,ATM-299,,10000,2026-08-06T16:16:00+00:00,88618c4f29fffff
WD-00001521,ACC-00001298,ATM-225,,15331,2026-08-11T08:47:00+00:00,8861892517fffff
WD-00001522,ACC-00006391,ATM-447,,10000,2026-06-18T07:11:00+00:00,883d8dcf37fffff
WD-00001523,ACC-00003860,ATM-228,,12705,2026-08-09T09:58:00+00:00,886014594bfffff
WD-00001524,ACC-00005611,ATM-299,,10000,2026-08-19T16:17:00+00:00,88618c4f29fffff
WD-00001525,ACC-00009647,ATM-373,,15438,2026-07-20T09:15:00+00:00,8842ceb4a7fffff
WD-00001526,ACC-00004979,ATM-447,,12601,2026-06-07T11:30:00+00:00,883d8dcf37fffff
WD-00001527,ACC-00010334,ATM-225,,24674,2026-07-28T14:08:00+00:00,8861892517fffff
WD-00001528,ACC-00007476,ATM-299,,40210,2026-08-02T14:03:00+00:00,88618c4f29fffff
WD-00001529,ACC-00000822,ATM-225,,98985,2026-08-20T06:21:00+00:00,8861892517fffff
WD-00001530,ACC-00009240,ATM-225,,69839,2026-08-06T03:51:00+00:00,8861892517fffff
WD-00001531,ACC-00000741,ATM-299,,14601,2026-08-13T12:51:00+00:00,88618c4f29fffff
WD-00001532,ACC-00003166,ATM-151,,10000,2026-07-22T21:47:00+00:00,8860a259bbfffff
WD-00001533,ACC-00004197,ATM-447,,11297,2026-06-27T01:34:00+00:00,883d8dcf37fffff
WD-00001534,ACC-00009167,ATM-373,,10000,2026-09-07T08:08:00+00:00,8842ceb4a7fffff
WD-00001535,ACC-00006605,ATM-001,,10000,2026-06-17T10:30:00+00:00,883da11455fffff
WD-00001536,ACC-00006932,ATM-373,,24221,2026-07-11T01:54:00+00:00,8842ceb4a7fffff
WD-00001537,ACC-00001484,ATM-373,,10000,2026-08-02T10:09:00+00:00,8842ceb4a7fffff
WD-00001538,ACC-00001372,ATM-299,,47507,2026-06-06T23:22:00+00:00,88618c4f29fffff
WD-00001539,ACC-00000999,ATM-447,,16936,2026-08-02T14:40:00+00:00,883d8dcf37fffff
WD-00001540,ACC-00011219,ATM-225,,10000,2026-08-15T10:28:00+00:00,8861892517fffff
WD-00001541,ACC-00007105,ATM-373,,18983,2026-08-10T18:08:00+00:00,8842ceb4a7fffff
WD-00001542,ACC-00002952,ATM-225,,10000,2026-07-21T12:16:00+00:00,8861892517fffff
WD-00001543,ACC-00008293,ATM-371,,10000,2026-08-12T13:25:00+00:00,88618c4f2dfffff
WD-00001544,ACC-00007097,ATM-447,,12036,2026-08-06T21:25:00+00:00,883d8dcf37fffff
WD-00001545,ACC-00004586,ATM-151,,12721,2026-07-26T18:02:00+00:00,8860a259bbfffff
WD-00001546,ACC-00008688,ATM-447,,14472,2026-07-06T20:39:00+00:00,883d8dcf37fffff
WD-00001547,ACC-00010719,ATM-225,,10000,2026-07-06T15:21:00+00:00,8861892517fffff
WD-00001548,ACC-00009663,ATM-001,,16032,2026-07-27T08:34:00+00:00,883da11455fffff
WD-00001549,ACC-00009577,ATM-373,,30013,2026-06-30T00:15:00+00:00,8842ceb4a7fffff
WD-00001550,ACC-00003502,ATM-225,,21531,2026-07-23T00:17:00+00:00,8861892517fffff
WD-00001551,ACC-00008102,ATM-001,,10000,2026-07-24T03:13:00+00:00,883da11455fffff
WD-00001552,ACC-00000864,ATM-076,,10000,2026-06-02T22:45:00+00:00,88608b0945fffff
WD-00001553,ACC-00009920,ATM-225,,10533,2026-08-05T17:57:00+00:00,8861892517fffff
WD-00001554,ACC-00006320,ATM-299,,10000,2026-08-08T21:28:00+00:00,88618c4f29fffff
WD-00001555,ACC-00004747,ATM-076,,12608,2026-09-04T15:33:00+00:00,88608b0945fffff
WD-00001556,ACC-00001843,ATM-225,,21693,2026-06-23T07:02:00+00:00,8861892517fffff
WD-00001557,ACC-00011894,ATM-302,,10000,2026-09-08T14:26:00+00:00,88618c459dfffff
WD-00001558,ACC-00004924,ATM-299,,26543,2026-06-29T02:02:00+00:00,88618c4f29fffff
WD-00001559,ACC-00008920,ATM-001,,10000,2026-07-13T11:00:00+00:00,883da11455fffff
WD-00001560,ACC-00008727,ATM-076,,10000,2026-07-08T03:15:00+00:00,88608b0945fffff
WD-00001561,ACC-00010758,ATM-001,,10000,2026-07-27T11:50:00+00:00,883da11455fffff
WD-00001562,ACC-00003316,ATM-225,,10000,2026-08-19T09:34:00+00:00,8861892517fffff
WD-00001563,ACC-00008590,ATM-203,,27739,2026-06-26T17:19:00+00:00,8860a259b5fffff
WD-00001564,ACC-00006354,ATM-001,,12515,2026-09-07T14:51:00+00:00,883da11455fffff
WD-00001565,ACC-00008441,ATM-001,,48776,2026-08-26T16:12:00+00:00,883da11455fffff
WD-00001566,ACC-00003170,ATM-447,,11976,2026-08-23T10:15:00+00:00,883d8dcf37fffff
WD-00001567,ACC-00005675,ATM-449,,23333,2026-07-06T11:10:00+00:00,883d8dcf3bfffff
WD-00001568,ACC-00010161,ATM-001,,10000,2026-06-17T00:58:00+00:00,883da11455fffff
WD-00001569,ACC-00011302,ATM-299,,10000,2026-08-17T04:20:00+00:00,88618c4f29fffff
WD-00001570,ACC-00006000,ATM-001,,18129,2026-06-25T20:17:00+00:00,883da11455fffff
WD-00001571,ACC-00006649,ATM-447,,14246,2026-07-22T23:22:00+00:00,883d8dcf37fffff
WD-00001572,ACC-00010604,ATM-076,,16455,2026-06-15T04:59:00+00:00,88608b0945fffff
WD-00001573,ACC-00002909,ATM-227,,12271,2026-08-27T19:06:00+00:00,8861892537fffff
WD-00001574,ACC-00004312,ATM-078,,10000,2026-06-25T15:06:00+00:00,88608b4731fffff
WD-00001575,ACC-00007267,ATM-076,,10000,2026-07-19T22:59:00+00:00,88608b0945fffff
WD-00001576,ACC-00011875,ATM-151,,10000,2026-06-07T17:34:00+00:00,8860a259bbfffff
WD-00001577,ACC-00011539,ATM-001,,10000,2026-07-20T19:43:00+00:00,883da11455fffff
WD-00001578,ACC-00005134,ATM-151,,22038,2026-06-27T03:57:00+00:00,8860a259bbfffff
WD-00001579,ACC-00011382,ATM-004,,79638,2026-08-01T14:18:00+00:00,883da11239fffff
WD-00001580,ACC-00005985,ATM-151,,10000,2026-09-04T21:50:00+00:00,8860a259bbfffff
WD-00001581,ACC-00006703,ATM-076,,17001,2026-07-27T10:50:00+00:00,88608b0945fffff
WD-00001582,ACC-00003392,ATM-151,,11421,2026-08-08T17:02:00+00:00,8860a259bbfffff
WD-00001583,ACC-00010172,ATM-447,,10000,2026-08-14T04:39:00+00:00,883d8dcf37fffff
WD-00001584,ACC-00009960,ATM-299,,13143,2026-06-27T00:26:00+00:00,88618c4f29fffff
WD-00001585,ACC-00009090,ATM-225,,30118,2026-08-21T16:10:00+00:00,8861892517fffff
WD-00001586,ACC-00003475,ATM-447,,10000,2026-08-04T09:22:00+00:00,883d8dcf37fffff
WD-00001587,ACC-00006169,ATM-373,,32436,2026-06-22T23:17:00+00:00,8842ceb4a7fffff
WD-00001588,ACC-00011941,ATM-447,,16821,2026-07-27T03:06:00+00:00,883d8dcf37fffff
WD-00001589,ACC-00010004,ATM-001,,10000,2026-08-24T01:04:00+00:00,883da11455fffff
WD-00001590,ACC-00002669,ATM-225,,16773,2026-07-20T05:02:00+00:00,8861892517fffff
WD-00001591,ACC-00004554,ATM-299,,11372,2026-06-19T03:23:00+00:00,88618c4f29fffff
WD-00001592,ACC-00004167,ATM-002,,26345,2026-07-30T09:30:00+00:00,883da11627fffff
WD-00001593,ACC-00003453,ATM-225,,17158,2026-09-03T11:28:00+00:00,8861892517fffff
WD-00001594,ACC-00001798,ATM-140,,24365,2026-06-25T04:56:00+00:00,88608b5497fffff
WD-00001595,ACC-00002277,ATM-445,,33679,2026-08-14T20:43:00+00:00,8842ceb4a9fffff
WD-00001596,ACC-00007659,ATM-225,,37178,2026-06-01T13:49:00+00:00,8861892517fffff
WD-00001597,ACC-00009523,ATM-376,,10000,2026-07-29T07:29:00+00:00,8842ceb4edfffff
WD-00001598,ACC-00001199,ATM-225,,12691,2026-07-18T14:54:00+00:00,8861892517fffff
WD-00001599,ACC-00001628,ATM-152,,10000,2026-08-29T21:32:00+00:00,8860b52c91fffff
WD-00001600,ACC-00007603,ATM-447,,10000,2026-06-25T09:25:00+00:00,883d8dcf37fffff
WD-00001601,ACC-00008727,ATM-225,,32400,2026-08-23T02:13:00+00:00,8861892517fffff
WD-00001602,ACC-00005955,ATM-437,,10000,2026-08-21T00:54:00+00:00,8842ceb59bfffff
WD-00001603,ACC-00005896,ATM-151,,57506,2026-06-06T06:28:00+00:00,8860a259bbfffff
WD-00001604,ACC-00001768,ATM-227,,11177,2026-07-28T04:12:00+00:00,8861892537fffff
WD-00001605,ACC-00002470,ATM-359,,24166,2026-06-24T14:13:00+00:00,88618c4f3dfffff
WD-00001606,ACC-00002302,ATM-152,,11969,2026-07-19T03:54:00+00:00,8860b52c91fffff
WD-00001607,ACC-00011488,ATM-299,,10000,2026-09-05T14:19:00+00:00,88618c4f29fffff
WD-00001608,ACC-00002763,ATM-299,,10000,2026-07-15T18:36:00+00:00,88618c4f29fffff
WD-00001609,ACC-00008185,ATM-154,,13111,2026-07-03T18:28:00+00:00,8860a24b6dfffff
WD-00001610,ACC-00006810,ATM-373,,10000,2026-07-24T22:38:00+00:00,8842ceb4a7fffff
WD-00001611,ACC-00011987,ATM-373,,22240,2026-09-04T18:38:00+00:00,8842ceb4a7fffff
WD-00001612,ACC-00007138,ATM-299,,10000,2026-07-02T11:59:00+00:00,88618c4f29fffff
WD-00001613,ACC-00006508,ATM-151,,12207,2026-06-26T16:48:00+00:00,8860a259bbfffff
WD-00001614,ACC-00010113,ATM-373,,10000,2026-07-02T14:10:00+00:00,8842ceb4a7fffff
WD-00001615,ACC-00008012,ATM-001,,16297,2026-07-21T08:02:00+00:00,883da11455fffff
WD-00001616,ACC-00001591,ATM-373,,25904,2026-08-04T22:58:00+00:00,8842ceb4a7fffff
WD-00001617,ACC-00011945,ATM-447,,10951,2026-07-24T21:20:00+00:00,883d8dcf37fffff
WD-00001618,ACC-00005236,ATM-076,,46058,2026-07-06T11:24:00+00:00,88608b0945fffff
WD-00001619,ACC-00009387,ATM-299,,18441,2026-06-25T13:57:00+00:00,88618c4f29fffff
WD-00001620,ACC-00009159,ATM-373,,29774,2026-08-29T22:11:00+00:00,8842ceb4a7fffff
WD-00001621,ACC-00006647,ATM-092,,10000,2026-08-11T12:15:00+00:00,88608b5491fffff
WD-00001622,ACC-00009907,ATM-001,,20699,2026-07-04T06:32:00+00:00,883da11455fffff
WD-00001623,ACC-00007227,ATM-151,,10000,2026-06-19T16:28:00+00:00,8860a259bbfffff
WD-00001624,ACC-00009625,ATM-151,,141313,2026-07-23T00:35:00+00:00,8860a259bbfffff
WD-00001625,ACC-00008107,ATM-001,,16934,2026-08-07T20:38:00+00:00,883da11455fffff
WD-00001626,ACC-00003345,ATM-001,,16055,2026-08-17T21:23:00+00:00,883da11455fffff
WD-00001627,ACC-00001929,ATM-151,,48570,2026-08-06T20:20:00+00:00,8860a259bbfffff
WD-00001628,ACC-00007225,ATM-299,,23788,2026-09-09T01:18:00+00:00,88618c4f29fffff
WD-00001629,ACC-00007396,ATM-489,,34046,2026-06-19T18:11:00+00:00,883d8dcf39fffff
WD-00001630,ACC-00008674,ATM-001,,18448,2026-09-06T08:45:00+00:00,883da11455fffff
WD-00001631,ACC-00009211,ATM-373,,10000,2026-09-03T10:09:00+00:00,8842ceb4a7fffff
WD-00001632,ACC-00009080,ATM-225,,10000,2026-07-25T13:16:00+00:00,8861892517fffff
WD-00001633,ACC-00006656,ATM-151,,10000,2026-09-08T14:34:00+00:00,8860a259bbfffff
WD-00001634,ACC-00002053,ATM-447,,10000,2026-07-27T11:53:00+00:00,883d8dcf37fffff
WD-00001635,ACC-00011785,ATM-373,,16655,2026-06-11T13:23:00+00:00,8842ceb4a7fffff
WD-00001636,ACC-00009008,ATM-001,,10078,2026-06-12T12:33:00+00:00,883da11455fffff
WD-00001637,ACC-00001694,ATM-225,,10000,2026-06-13T12:49:00+00:00,8861892517fffff
WD-00001638,ACC-00003574,ATM-299,,10000,2026-07-18T01:55:00+00:00,88618c4f29fffff
WD-00001639,ACC-00009919,ATM-001,,12696,2026-07-12T18:30:00+00:00,883da11455fffff
WD-00001640,ACC-00003002,ATM-076,,10000,2026-08-28T01:35:00+00:00,88608b0945fffff
WD-00001641,ACC-00011785,ATM-076,,67304,2026-07-16T08:57:00+00:00,88608b0945fffff
WD-00001642,ACC-00010426,ATM-373,,26250,2026-07-07T08:18:00+00:00,8842ceb4a7fffff
WD-00001643,ACC-00001881,ATM-373,,18543,2026-07-18T03:19:00+00:00,8842ceb4a7fffff
WD-00001644,ACC-00009255,ATM-151,,14835,2026-08-29T01:37:00+00:00,8860a259bbfffff
WD-00001645,ACC-00001637,ATM-373,,10076,2026-06-20T22:57:00+00:00,8842ceb4a7fffff
WD-00001646,ACC-00007642,ATM-001,,12866,2026-06-20T08:09:00+00:00,883da11455fffff
WD-00001647,ACC-00011606,ATM-183,,15054,2026-08-21T01:17:00+00:00,8860a259bbfffff
WD-00001648,ACC-00009864,ATM-001,,35011,2026-06-25T07:49:00+00:00,883da11455fffff
WD-00001649,ACC-00004658,ATM-447,,17763,2026-07-14T12:45:00+00:00,883d8dcf37fffff
WD-00001650,ACC-00003477,ATM-001,,27678,2026-06-11T22:15:00+00:00,883da11455fffff
WD-00001651,ACC-00002643,ATM-001,,29962,2026-07-18T12:56:00+00:00,883da11455fffff
WD-00001652,ACC-00001899,ATM-001,,16530,2026-06-07T23:36:00+00:00,883da11455fffff
WD-00001653,ACC-00003213,ATM-076,,13296,2026-09-05T11:34:00+00:00,88608b0945fffff
WD-00001654,ACC-00001242,ATM-076,,13367,2026-08-07T20:48:00+00:00,88608b0945fffff
WD-00001655,ACC-00007705,ATM-151,,10000,2026-07-27T09:35:00+00:00,8860a259bbfffff
WD-00001656,ACC-00009559,ATM-447,,10000,2026-06-14T21:48:00+00:00,883d8dcf37fffff
WD-00001657,ACC-00011168,ATM-076,,10000,2026-06-29T09:48:00+00:00,88608b0945fffff
WD-00001658,ACC-00009590,ATM-373,,17821,2026-09-02T09:12:00+00:00,8842ceb4a7fffff
WD-00001659,ACC-00008863,ATM-225,,10000,2026-07-17T04:47:00+00:00,8861892517fffff
WD-00001660,ACC-00003129,ATM-373,,28878,2026-08-13T08:24:00+00:00,8842ceb4a7fffff
WD-00001661,ACC-00001441,ATM-373,,10000,2026-08-06T06:00:00+00:00,8842ceb4a7fffff
WD-00001662,ACC-00000714,ATM-447,,22116,2026-06-24T19:16:00+00:00,883d8dcf37fffff
WD-00001663,ACC-00009682,ATM-076,,12907,2026-08-17T03:34:00+00:00,88608b0945fffff
WD-00001664,ACC-00003368,ATM-076,,19066,2026-06-05T08:40:00+00:00,88608b0945fffff
WD-00001665,ACC-00003201,ATM-151,,19153,2026-07-11T10:21:00+00:00,8860a259bbfffff
WD-00001666,ACC-00011232,ATM-225,,48182,2026-08-24T06:36:00+00:00,8861892517fffff
WD-00001667,ACC-00008377,ATM-225,,10000,2026-09-03T01:40:00+00:00,8861892517fffff
WD-00001668,ACC-00009833,ATM-319,,10000,2026-07-12T13:11:00+00:00,88618c4f05fffff
WD-00001669,ACC-00007280,ATM-076,,12067,2026-08-08T04:21:00+00:00,88608b0945fffff
WD-00001670,ACC-00005461,ATM-299,,30751,2026-08-06T19:26:00+00:00,88618c4f29fffff
WD-00001671,ACC-00005866,ATM-151,,23218,2026-08-09T16:48:00+00:00,8860a259bbfffff
WD-00001672,ACC-00007030,ATM-300,,10000,2026-08-01T13:20:00+00:00,88618c4d03fffff
WD-00001673,ACC-00003227,ATM-225,,10000,2026-07-05T18:42:00+00:00,8861892517fffff
WD-00001674,ACC-00008021,ATM-299,,13470,2026-08-16T14:43:00+00:00,88618c4f29fffff
WD-00001675,ACC-00003013,ATM-076,,17658,2026-07-14T17:34:00+00:00,88608b0945fffff
WD-00001676,ACC-00000971,ATM-225,,25916,2026-08-08T20:22:00+00:00,8861892517fffff
WD-00001677,ACC-00009927,ATM-373,,21780,2026-08-28T14:19:00+00:00,8842ceb4a7fffff
WD-00001678,ACC-00003639,ATM-001,,10000,2026-07-14T14:45:00+00:00,883da11455fffff
WD-00001679,ACC-00006808,ATM-001,,19871,2026-07-16T08:45:00+00:00,883da11455fffff
WD-00001680,ACC-00009614,ATM-447,,103763,2026-07-12T20:56:00+00:00,883d8dcf37fffff
WD-00001681,ACC-00011957,ATM-076,,15351,2026-06-26T18:22:00+00:00,88608b0945fffff
WD-00001682,ACC-00001633,ATM-225,,10000,2026-09-05T12:42:00+00:00,8861892517fffff
WD-00001683,ACC-00004594,ATM-088,,10000,2026-07-17T20:49:00+00:00,88608b0961fffff
WD-00001684,ACC-00005200,ATM-373,,25416,2026-07-29T19:35:00+00:00,8842ceb4a7fffff
WD-00001685,ACC-00009059,ATM-001,,10000,2026-09-07T05:27:00+00:00,883da11455fffff
WD-00001686,ACC-00010010,ATM-229,,11489,2026-06-29T01:38:00+00:00,88618925c5fffff
WD-00001687,ACC-00003266,ATM-076,,10000,2026-08-07T01:54:00+00:00,88608b0945fffff
WD-00001688,ACC-00008093,ATM-001,,10000,2026-08-04T06:30:00+00:00,883da11455fffff
WD-00001689,ACC-00010225,ATM-447,,45982,2026-06-01T23:40:00+00:00,883d8dcf37fffff
WD-00001690,ACC-00009684,ATM-265,,10000,2026-06-12T06:53:00+00:00,88618925c1fffff
WD-00001691,ACC-00002410,ATM-373,,10000,2026-09-02T02:34:00+00:00,8842ceb4a7fffff
WD-00001692,ACC-00011280,ATM-373,,20068,2026-06-13T22:14:00+00:00,8842ceb4a7fffff
WD-00001693,ACC-00006704,ATM-459,,16464,2026-06-09T19:49:00+00:00,883d8dcf37fffff
WD-00001694,ACC-00008515,ATM-076,,15868,2026-08-07T14:15:00+00:00,88608b0945fffff
WD-00001695,ACC-00005489,ATM-299,,10000,2026-06-28T01:13:00+00:00,88618c4f29fffff
WD-00001696,ACC-00002232,ATM-151,,10000,2026-09-09T09:03:00+00:00,8860a259bbfffff
WD-00001697,ACC-00007145,ATM-447,,17514,2026-08-23T10:17:00+00:00,883d8dcf37fffff
WD-00001698,ACC-00007886,ATM-108,,10000,2026-07-25T13:05:00+00:00,88608b0961fffff
WD-00001699,ACC-00010066,ATM-225,,16212,2026-08-21T19:31:00+00:00,8861892517fffff
WD-00001700,ACC-00001164,ATM-001,,15915,2026-06-30T04:30:00+00:00,883da11455fffff
WD-00001701,ACC-00002624,ATM-355,,51552,2026-07-23T08:43:00+00:00,88618c4f25fffff
WD-00001702,ACC-00010784,ATM-373,,14397,2026-08-16T12:38:00+00:00,8842ceb4a7fffff
WD-00001703,ACC-00005919,ATM-001,,10000,2026-07-05T18:10:00+00:00,883da11455fffff
WD-00001704,ACC-00006654,ATM-076,,27366,2026-08-26T05:41:00+00:00,88608b0945fffff
WD-00001705,ACC-00006166,ATM-331,,16773,2026-08-12T17:49:00+00:00,88618c4f21fffff
WD-00001706,ACC-00001908,ATM-225,,10000,2026-07-08T00:07:00+00:00,8861892517fffff
WD-00001707,ACC-00000876,ATM-447,,21734,2026-08-12T14:25:00+00:00,883d8dcf37fffff
WD-00001708,ACC-00008134,ATM-001,,17105,2026-06-28T08:21:00+00:00,883da11455fffff
WD-00001709,ACC-00009206,ATM-447,,10000,2026-07-18T23:53:00+00:00,883d8dcf37fffff
WD-00001710,ACC-00008320,ATM-001,,10000,2026-06-18T20:10:00+00:00,883da11455fffff
WD-00001711,ACC-00009667,ATM-448,,10191,2026-07-04T20:02:00+00:00,883d8dcd8bfffff
WD-00001712,ACC-00003403,ATM-001,,20217,2026-08-10T06:20:00+00:00,883da11455fffff
WD-00001713,ACC-00011910,ATM-001,,12868,2026-08-26T18:25:00+00:00,883da11455fffff
WD-00001714,ACC-00006508,ATM-152,,18428,2026-07-10T11:36:00+00:00,8860b52c91fffff
WD-00001715,ACC-00004418,ATM-225,,41138,2026-06-03T00:38:00+00:00,8861892517fffff
WD-00001716,ACC-00010391,ATM-293,,20819,2026-08-05T00:54:00+00:00,88618925e1fffff
WD-00001717,ACC-00002625,ATM-245,,10000,2026-06-15T16:11:00+00:00,88618925e3fffff
WD-00001718,ACC-00009136,ATM-373,,10000,2026-09-02T00:46:00+00:00,8842ceb4a7fffff
WD-00001719,ACC-00004482,ATM-151,,24648,2026-08-03T22:45:00+00:00,8860a259bbfffff
WD-00001720,ACC-00005354,ATM-211,,10000,2026-08-14T06:56:00+00:00,8860a25995fffff
WD-00001721,ACC-00008216,ATM-225,,16829,2026-07-31T17:39:00+00:00,8861892517fffff
WD-00001722,ACC-00004922,ATM-447,,10000,2026-06-01T06:16:00+00:00,883d8dcf37fffff
WD-00001723,ACC-00008888,ATM-079,,19562,2026-08-09T01:30:00+00:00,88608b5691fffff
WD-00001724,ACC-00008241,ATM-191,,10000,2026-08-15T06:57:00+00:00,8860a2599dfffff
WD-00001725,ACC-00001858,ATM-374,,15513,2026-07-20T04:28:00+00:00,8842cea44dfffff
WD-00001726,ACC-00011858,ATM-003,,10000,2026-06-16T10:06:00+00:00,883da1029dfffff
WD-00001727,ACC-00008021,ATM-053,,48229,2026-07-31T19:05:00+00:00,883da1140bfffff
WD-00001728,ACC-00011996,ATM-293,,10000,2026-06-07T04:50:00+00:00,88618925e1fffff
WD-00001729,ACC-00010020,ATM-225,,10000,2026-07-17T14:43:00+00:00,8861892517fffff
WD-00001730,ACC-00000920,ATM-373,,28206,2026-06-29T12:43:00+00:00,8842ceb4a7fffff
WD-00001731,ACC-00011533,ATM-373,,19019,2026-06-25T19:59:00+00:00,8842ceb4a7fffff
WD-00001732,ACC-00004102,ATM-159,,13338,2026-09-01T07:00:00+00:00,8860a259b7fffff
WD-00001733,ACC-00010335,ATM-319,,31857,2026-06-03T15:46:00+00:00,88618c4f05fffff
WD-00001734,ACC-00007586,ATM-076,,10000,2026-08-05T04:12:00+00:00,88608b0945fffff
WD-00001735,ACC-00006944,ATM-076,,12681,2026-08-21T03:41:00+00:00,88608b0945fffff
WD-00001736,ACC-00001172,ATM-300,,10000,2026-08-18T17:06:00+00:00,88618c4d03fffff
WD-00001737,ACC-00008457,ATM-151,,10000,2026-06-05T21:35:00+00:00,8860a259bbfffff
WD-00001738,ACC-00011146,ATM-447,,27502,2026-06-04T23:12:00+00:00,883d8dcf37fffff
WD-00001739,ACC-00002478,ATM-300,,10000,2026-08-08T18:08:00+00:00,88618c4d03fffff
WD-00001740,ACC-00004933,ATM-151,,29002,2026-06-28T23:22:00+00:00,8860a259bbfffff
WD-00001741,ACC-00006762,ATM-151,,70940,2026-08-27T19:32:00+00:00,8860a259bbfffff
WD-00001742,ACC-00010807,ATM-151,,10000,2026-08-20T16:37:00+00:00,8860a259bbfffff
WD-00001743,ACC-00011737,ATM-447,,10000,2026-07-15T05:54:00+00:00,883d8dcf37fffff
WD-00001744,ACC-00003205,ATM-076,,10000,2026-08-20T05:56:00+00:00,88608b0945fffff
WD-00001745,ACC-00003726,ATM-373,,10000,2026-07-07T13:43:00+00:00,8842ceb4a7fffff
WD-00001746,ACC-00003721,ATM-225,,10000,2026-06-04T09:07:00+00:00,8861892517fffff
WD-00001747,ACC-00010578,ATM-299,,12226,2026-07-20T14:14:00+00:00,88618c4f29fffff
WD-00001748,ACC-00001845,ATM-447,,10000,2026-09-09T10:50:00+00:00,883d8dcf37fffff
WD-00001749,ACC-00001988,ATM-447,,14095,2026-07-11T03:50:00+00:00,883d8dcf37fffff
WD-00001750,ACC-00008809,ATM-385,,10000,2026-08-01T16:23:00+00:00,8842ceb4a1fffff
WD-00001751,ACC-00008961,ATM-076,,24680,2026-06-09T00:03:00+00:00,88608b0945fffff
WD-00001752,ACC-00006541,ATM-076,,18184,2026-09-02T17:50:00+00:00,88608b0945fffff
WD-00001753,ACC-00001845,ATM-151,,38303,2026-06-12T21:45:00+00:00,8860a259bbfffff
WD-00001754,ACC-00009669,ATM-078,,10159,2026-07-01T14:46:00+00:00,88608b4731fffff
WD-00001755,ACC-00008832,ATM-001,,10000,2026-08-13T05:23:00+00:00,883da11455fffff
WD-00001756,ACC-00006605,ATM-076,,28991,2026-07-24T08:17:00+00:00,88608b0945fffff
WD-00001757,ACC-00001995,ATM-373,,10000,2026-07-01T13:07:00+00:00,8842ceb4a7fffff
WD-00001758,ACC-00010757,ATM-001,,10000,2026-08-01T06:21:00+00:00,883da11455fffff
WD-00001759,ACC-00001398,ATM-373,,16443,2026-08-01T07:33:00+00:00,8842ceb4a7fffff
WD-00001760,ACC-00004758,ATM-152,,19979,2026-06-29T09:09:00+00:00,8860b52c91fffff
WD-00001761,ACC-00003784,ATM-151,,10000,2026-06-24T19:23:00+00:00,8860a259bbfffff
WD-00001762,ACC-00011955,ATM-001,,10000,2026-07-30T14:50:00+00:00,883da11455fffff
WD-00001763,ACC-00001736,ATM-225,,91913,2026-09-05T09:44:00+00:00,8861892517fffff
WD-00001764,ACC-00006610,ATM-448,,10000,2026-06-10T11:08:00+00:00,883d8dcd8bfffff
WD-00001765,ACC-00009201,ATM-299,,10000,2026-09-05T04:43:00+00:00,88618c4f29fffff
WD-00001766,ACC-00004062,ATM-151,,76557,2026-08-11T11:55:00+00:00,8860a259bbfffff
WD-00001767,ACC-00003748,ATM-374,,10000,2026-08-12T18:29:00+00:00,8842cea44dfffff
WD-00001768,ACC-00002647,ATM-373,,135609,2026-08-27T05:08:00+00:00,8842ceb4a7fffff
WD-00001769,ACC-00006379,ATM-167,,10000,2026-07-01T13:16:00+00:00,8860a24a65fffff
WD-00001770,ACC-00000904,ATM-225,,10000,2026-07-07T05:24:00+00:00,8861892517fffff
WD-00001771,ACC-00008202,ATM-447,,10000,2026-08-05T21:17:00+00:00,883d8dcf37fffff
WD-00001772,ACC-00006509,ATM-373,,13411,2026-07-17T05:57:00+00:00,8842ceb4a7fffff
WD-00001773,ACC-00007880,ATM-225,,15577,2026-08-07T04:42:00+00:00,8861892517fffff
WD-00001774,ACC-00004180,ATM-447,,10000,2026-07-01T22:19:00+00:00,883d8dcf37fffff
WD-00001775,ACC-00004960,ATM-225,,16892,2026-06-27T13:17:00+00:00,8861892517fffff
WD-00001776,ACC-00007091,ATM-001,,15915,2026-07-07T10:50:00+00:00,883da11455fffff
WD-00001777,ACC-00009268,ATM-373,,26135,2026-07-10T21:59:00+00:00,8842ceb4a7fffff
WD-00001778,ACC-00007890,ATM-225,,44678,2026-08-13T09:11:00+00:00,8861892517fffff
WD-00001779,ACC-00004435,ATM-199,,49728,2026-08-06T23:53:00+00:00,8860a25997fffff
WD-00001780,ACC-00007385,ATM-151,,16885,2026-09-09T23:52:00+00:00,8860a259bbfffff
WD-00001781,ACC-00008188,ATM-001,,10000,2026-06-18T01:42:00+00:00,883da11455fffff
WD-00001782,ACC-00002554,ATM-373,,22789,2026-08-09T19:11:00+00:00,8842ceb4a7fffff
WD-00001783,ACC-00004175,ATM-373,,10000,2026-06-04T20:12:00+00:00,8842ceb4a7fffff
WD-00001784,ACC-00008028,ATM-077,,23236,2026-08-09T10:46:00+00:00,88608b0a29fffff
WD-00001785,ACC-00003638,ATM-151,,11756,2026-08-20T11:41:00+00:00,8860a259bbfffff
WD-00001786,ACC-00010094,ATM-001,,10000,2026-07-14T05:15:00+00:00,883da11455fffff
WD-00001787,ACC-00007702,ATM-299,,16312,2026-07-24T07:06:00+00:00,88618c4f29fffff
WD-00001788,ACC-00006221,ATM-225,,15483,2026-08-17T22:58:00+00:00,8861892517fffff
WD-00001789,ACC-00006507,ATM-151,,10000,2026-06-10T13:03:00+00:00,8860a259bbfffff
WD-00001790,ACC-00001178,ATM-299,,10000,2026-07-25T02:13:00+00:00,88618c4f29fffff
WD-00001791,ACC-00008479,ATM-447,,10000,2026-06-25T05:11:00+00:00,883d8dcf37fffff
WD-00001792,ACC-00002841,ATM-299,,10919,2026-06-19T16:50:00+00:00,88618c4f29fffff
WD-00001793,ACC-00007455,ATM-171,,13364,2026-08-30T06:46:00+00:00,8860a259b9fffff
WD-00001794,ACC-00006687,ATM-001,,10000,2026-07-16T12:20:00+00:00,883da11455fffff
WD-00001795,ACC-00001806,ATM-151,,11203,2026-08-16T10:18:00+00:00,8860a259bbfffff
WD-00001796,ACC-00002063,ATM-447,,10000,2026-06-05T10:08:00+00:00,883d8dcf37fffff
WD-00001797,ACC-00003473,ATM-151,,47847,2026-06-20T18:34:00+00:00,8860a259bbfffff
WD-00001798,ACC-00008825,ATM-225,,33733,2026-06-17T03:46:00+00:00,8861892517fffff
WD-00001799,ACC-00010816,ATM-299,,90659,2026-07-02T14:15:00+00:00,88618c4f29fffff
WD-00001800,ACC-00003435,ATM-077,,17565,2026-07-26T21:02:00+00:00,88608b0a29fffff
WD-00001801,ACC-00011667,ATM-076,,42266,2026-08-21T10:55:00+00:00,88608b0945fffff
WD-00001802,ACC-00011893,ATM-299,,10000,2026-09-07T11:19:00+00:00,88618c4f29fffff
WD-00001803,ACC-00011753,ATM-300,,32196,2026-07-26T00:17:00+00:00,88618c4d03fffff
WD-00001804,ACC-00001102,ATM-373,,10000,2026-07-11T22:06:00+00:00,8842ceb4a7fffff
WD-00001805,ACC-00000928,ATM-299,,15581,2026-07-26T13:16:00+00:00,88618c4f29fffff
WD-00001806,ACC-00000683,ATM-076,,10000,2026-08-15T04:25:00+00:00,88608b0945fffff
WD-00001807,ACC-00004486,ATM-076,,10000,2026-07-08T18:35:00+00:00,88608b0945fffff
WD-00001808,ACC-00006497,ATM-299,,10656,2026-06-25T09:17:00+00:00,88618c4f29fffff
WD-00001809,ACC-00006786,ATM-076,,17003,2026-08-03T02:49:00+00:00,88608b0945fffff
WD-00001810,ACC-00011636,ATM-299,,11319,2026-06-28T21:56:00+00:00,88618c4f29fffff
WD-00001811,ACC-00010041,ATM-001,,10000,2026-06-07T21:34:00+00:00,883da11455fffff
WD-00001812,ACC-00004750,ATM-033,,11199,2026-08-03T21:34:00+00:00,883da1140dfffff
WD-00001813,ACC-00001420,ATM-373,,18069,2026-09-02T14:20:00+00:00,8842ceb4a7fffff
WD-00001814,ACC-00002243,ATM-001,,10000,2026-09-07T01:54:00+00:00,883da11455fffff
WD-00001815,ACC-00002103,ATM-076,,10000,2026-08-27T04:00:00+00:00,88608b0945fffff
WD-00001816,ACC-00005388,ATM-301,,16086,2026-07-14T19:06:00+00:00,88618c4e63fffff
WD-00001817,ACC-00006417,ATM-225,,10000,2026-08-30T18:05:00+00:00,8861892517fffff
WD-00001818,ACC-00003319,ATM-373,,10000,2026-07-07T05:42:00+00:00,8842ceb4a7fffff
WD-00001819,ACC-00007308,ATM-151,,22246,2026-08-31T16:19:00+00:00,8860a259bbfffff
WD-00001820,ACC-00006010,ATM-373,,10000,2026-08-10T22:03:00+00:00,8842ceb4a7fffff
WD-00001821,ACC-00003564,ATM-225,,15405,2026-08-05T18:10:00+00:00,8861892517fffff
WD-00001822,ACC-00006732,ATM-277,,30429,2026-07-10T19:32:00+00:00,8861892517fffff
WD-00001823,ACC-00003664,ATM-373,,10000,2026-08-23T15:14:00+00:00,8842ceb4a7fffff
WD-00001824,ACC-00009364,ATM-076,,10000,2026-07-01T07:51:00+00:00,88608b0945fffff
WD-00001825,ACC-00010023,ATM-447,,90515,2026-08-25T03:46:00+00:00,883d8dcf37fffff
WD-00001826,ACC-00005688,ATM-093,,13923,2026-08-23T06:34:00+00:00,88608b0a45fffff
WD-00001827,ACC-00007893,ATM-447,,10000,2026-07-15T19:11:00+00:00,883d8dcf37fffff
WD-00001828,ACC-00004609,ATM-151,,21378,2026-08-06T09:37:00+00:00,8860a259bbfffff
WD-00001829,ACC-00006360,ATM-001,,41923,2026-09-09T09:06:00+00:00,883da11455fffff
WD-00001830,ACC-00002988,ATM-299,,13825,2026-07-23T10:54:00+00:00,88618c4f29fffff
WD-00001831,ACC-00003477,ATM-183,,10873,2026-07-17T02:06:00+00:00,8860a259bbfffff
WD-00001832,ACC-00006194,ATM-203,,10000,2026-06-09T08:15:00+00:00,8860a259b5fffff
WD-00001833,ACC-00004607,ATM-373,,15429,2026-07-28T13:21:00+00:00,8842ceb4a7fffff
WD-00001834,ACC-00011772,ATM-151,,10946,2026-08-11T20:34:00+00:00,8860a259bbfffff
WD-00001835,ACC-00011052,ATM-299,,17395,2026-08-28T12:17:00+00:00,88618c4f29fffff
WD-00001836,ACC-00008839,ATM-447,,10000,2026-07-31T00:37:00+00:00,883d8dcf37fffff
WD-00001837,ACC-00001070,ATM-076,,21384,2026-08-10T13:52:00+00:00,88608b0945fffff
WD-00001838,ACC-00008874,ATM-001,,54021,2026-06-27T08:13:00+00:00,883da11455fffff
WD-00001839,ACC-00003793,ATM-447,,15374,2026-08-11T05:01:00+00:00,883d8dcf37fffff
WD-00001840,ACC-00009895,ATM-001,,73902,2026-08-12T22:34:00+00:00,883da11455fffff
WD-00001841,ACC-00001130,ATM-076,,10000,2026-09-07T04:57:00+00:00,88608b0945fffff
WD-00001842,ACC-00009083,ATM-151,,14025,2026-07-01T07:34:00+00:00,8860a259bbfffff
WD-00001843,ACC-00004925,ATM-057,,19426,2026-07-28T05:59:00+00:00,883da11455fffff
WD-00001844,ACC-00010137,ATM-375,,14475,2026-08-03T13:39:00+00:00,8842ceb559fffff
WD-00001845,ACC-00008591,ATM-447,,71968,2026-08-24T10:12:00+00:00,883d8dcf37fffff
WD-00001846,ACC-00001573,ATM-447,,12628,2026-06-09T23:40:00+00:00,883d8dcf37fffff
WD-00001847,ACC-00009678,ATM-447,,21888,2026-06-02T11:49:00+00:00,883d8dcf37fffff
WD-00001848,ACC-00011617,ATM-153,,10000,2026-08-10T07:11:00+00:00,8860b525a1fffff
WD-00001849,ACC-00009160,ATM-225,,10000,2026-07-22T05:18:00+00:00,8861892517fffff
WD-00001850,ACC-00010752,ATM-447,,17890,2026-08-04T01:53:00+00:00,883d8dcf37fffff
WD-00001851,ACC-00004797,ATM-211,,13089,2026-08-17T13:29:00+00:00,8860a25995fffff
WD-00001852,ACC-00003400,ATM-299,,10000,2026-07-03T09:05:00+00:00,88618c4f29fffff
WD-00001853,ACC-00009467,ATM-300,,16891,2026-08-09T23:35:00+00:00,88618c4d03fffff
WD-00001854,ACC-00003559,ATM-447,,16064,2026-06-23T08:42:00+00:00,883d8dcf37fffff
WD-00001855,ACC-00011396,ATM-151,,15173,2026-06-14T12:47:00+00:00,8860a259bbfffff
WD-00001856,ACC-00001494,ATM-154,,14899,2026-06-05T11:04:00+00:00,8860a24b6dfffff
WD-00001857,ACC-00005122,ATM-001,,10000,2026-09-03T11:46:00+00:00,883da11455fffff
WD-00001858,ACC-00009333,ATM-299,,16103,2026-07-25T03:54:00+00:00,88618c4f29fffff
WD-00001859,ACC-00007654,ATM-076,,14548,2026-07-27T08:37:00+00:00,88608b0945fffff
WD-00001860,ACC-00011634,ATM-001,,31034,2026-08-05T14:41:00+00:00,883da11455fffff
WD-00001861,ACC-00009733,ATM-151,,10000,2026-06-25T08:21:00+00:00,8860a259bbfffff
WD-00001862,ACC-00000762,ATM-225,,13056,2026-09-03T16:20:00+00:00,8861892517fffff
WD-00001863,ACC-00008747,ATM-225,,32555,2026-08-27T04:18:00+00:00,8861892517fffff
WD-00001864,ACC-00008717,ATM-136,,13648,2026-06-17T23:11:00+00:00,88608b096dfffff
WD-00001865,ACC-00008230,ATM-225,,10000,2026-08-04T16:59:00+00:00,8861892517fffff
WD-00001866,ACC-00004983,ATM-151,,17623,2026-07-15T06:44:00+00:00,8860a259bbfffff
WD-00001867,ACC-00007984,ATM-227,,92315,2026-08-09T06:41:00+00:00,8861892537fffff
WD-00001868,ACC-00008531,ATM-001,,10000,2026-08-25T14:25:00+00:00,883da11455fffff
WD-00001869,ACC-00001890,ATM-076,,29649,2026-08-16T01:16:00+00:00,88608b0945fffff
WD-00001870,ACC-00009969,ATM-225,,16955,2026-07-09T05:54:00+00:00,8861892517fffff
WD-00001871,ACC-00002782,ATM-447,,10000,2026-09-04T09:37:00+00:00,883d8dcf37fffff
WD-00001872,ACC-00004570,ATM-151,,21928,2026-08-03T23:19:00+00:00,8860a259bbfffff
WD-00001873,ACC-00010802,ATM-447,,10000,2026-07-05T16:26:00+00:00,883d8dcf37fffff
WD-00001874,ACC-00003118,ATM-447,,10000,2026-07-28T12:17:00+00:00,883d8dcf37fffff
WD-00001875,ACC-00006237,ATM-373,,10764,2026-09-03T11:34:00+00:00,8842ceb4a7fffff
WD-00001876,ACC-00002699,ATM-373,,16362,2026-07-31T15:55:00+00:00,8842ceb4a7fffff
WD-00001877,ACC-00004985,ATM-151,,10000,2026-07-14T22:11:00+00:00,8860a259bbfffff
WD-00001878,ACC-00003358,ATM-373,,22402,2026-06-03T09:27:00+00:00,8842ceb4a7fffff
WD-00001879,ACC-00007684,ATM-001,,10000,2026-08-11T22:57:00+00:00,883da11455fffff
WD-00001880,ACC-00003241,ATM-226,,43404,2026-08-09T23:16:00+00:00,8861892033fffff
WD-00001881,ACC-00011964,ATM-299,,10000,2026-07-27T00:04:00+00:00,88618c4f29fffff
WD-00001882,ACC-00002458,ATM-088,,26181,2026-06-22T16:36:00+00:00,88608b0961fffff
WD-00001883,ACC-00005050,ATM-153,,33724,2026-06-23T22:29:00+00:00,8860b525a1fffff
WD-00001884,ACC-00001838,ATM-076,,10000,2026-07-17T13:56:00+00:00,88608b0945fffff
WD-00001885,ACC-00006315,ATM-225,,11272,2026-06-08T14:15:00+00:00,8861892517fffff
WD-00001886,ACC-00007329,ATM-151,,10000,2026-06-24T20:49:00+00:00,8860a259bbfffff
WD-00001887,ACC-00001583,ATM-373,,14737,2026-06-03T23:54:00+00:00,8842ceb4a7fffff
WD-00001888,ACC-00005130,ATM-207,,18443,2026-08-31T20:24:00+00:00,8860a25993fffff
WD-00001889,ACC-00009668,ATM-076,,63742,2026-09-06T03:56:00+00:00,88608b0945fffff
WD-00001890,ACC-00005029,ATM-447,,10000,2026-08-09T16:05:00+00:00,883d8dcf37fffff
WD-00001891,ACC-00004448,ATM-108,,16652,2026-06-23T22:18:00+00:00,88608b0961fffff
WD-00001892,ACC-00008812,ATM-225,,32094,2026-07-17T03:02:00+00:00,8861892517fffff
WD-00001893,ACC-00000896,ATM-299,,10000,2026-09-01T08:42:00+00:00,88618c4f29fffff
WD-00001894,ACC-00006765,ATM-225,,10000,2026-07-07T19:38:00+00:00,8861892517fffff
WD-00001895,ACC-00005386,ATM-299,,10000,2026-06-02T04:19:00+00:00,88618c4f29fffff
WD-00001896,ACC-00006513,ATM-373,,43367,2026-08-29T05:28:00+00:00,8842ceb4a7fffff
WD-00001897,ACC-00004735,ATM-299,,10000,2026-08-04T15:58:00+00:00,88618c4f29fffff
WD-00001898,ACC-00008832,ATM-450,,10000,2026-09-03T17:27:00+00:00,883d8dcc05fffff
WD-00001899,ACC-00001748,ATM-225,,10000,2026-06-20T06:55:00+00:00,8861892517fffff
WD-00001900,ACC-00007369,ATM-299,,10163,2026-08-14T06:40:00+00:00,88618c4f29fffff
WD-00001901,ACC-00005951,ATM-299,,10166,2026-08-25T19:43:00+00:00,88618c4f29fffff
WD-00001902,ACC-00004396,ATM-373,,18855,2026-07-04T02:40:00+00:00,8842ceb4a7fffff
WD-00001903,ACC-00009905,ATM-076,,10000,2026-08-22T07:45:00+00:00,88608b0945fffff
WD-00001904,ACC-00008698,ATM-373,,30144,2026-08-26T18:02:00+00:00,8842ceb4a7fffff
WD-00001905,ACC-00003126,ATM-151,,10000,2026-06-10T01:11:00+00:00,8860a259bbfffff
WD-00001906,ACC-00008849,ATM-299,,10000,2026-09-07T00:28:00+00:00,88618c4f29fffff
WD-00001907,ACC-00008213,ATM-447,,10000,2026-08-04T18:07:00+00:00,883d8dcf37fffff
WD-00001908,ACC-00005466,ATM-233,,10000,2026-08-10T22:57:00+00:00,88618925cdfffff
WD-00001909,ACC-00011237,ATM-225,,28075,2026-07-09T06:48:00+00:00,8861892517fffff
WD-00001910,ACC-00006958,ATM-373,,14382,2026-08-24T06:29:00+00:00,8842ceb4a7fffff
WD-00001911,ACC-00010364,ATM-077,,21710,2026-09-05T05:30:00+00:00,88608b0a29fffff
WD-00001912,ACC-00006399,ATM-001,,12499,2026-08-02T00:11:00+00:00,883da11455fffff
WD-00001913,ACC-00011351,ATM-076,,11677,2026-07-04T21:37:00+00:00,88608b0945fffff
WD-00001914,ACC-00007904,ATM-151,,10000,2026-08-22T20:59:00+00:00,8860a259bbfffff
WD-00001915,ACC-00001646,ATM-151,,10000,2026-06-17T05:18:00+00:00,8860a259bbfffff
WD-00001916,ACC-00002889,ATM-299,,17694,2026-08-19T13:25:00+00:00,88618c4f29fffff
WD-00001917,ACC-00005552,ATM-076,,64935,2026-07-02T20:33:00+00:00,88608b0945fffff
WD-00001918,ACC-00010104,ATM-152,,18662,2026-07-24T16:13:00+00:00,8860b52c91fffff
WD-00001919,ACC-00005561,ATM-076,,36480,2026-08-19T07:41:00+00:00,88608b0945fffff
WD-00001920,ACC-00011999,ATM-225,,10000,2026-06-21T10:04:00+00:00,8861892517fffff
WD-00001921,ACC-00006277,ATM-151,,10000,2026-06-13T06:19:00+00:00,8860a259bbfffff
WD-00001922,ACC-00004482,ATM-327,,36030,2026-07-26T13:49:00+00:00,88618c4f3dfffff
WD-00001923,ACC-00002586,ATM-001,,10000,2026-06-07T17:26:00+00:00,883da11455fffff
WD-00001924,ACC-00005414,ATM-225,,12806,2026-08-10T17:20:00+00:00,8861892517fffff
WD-00001925,ACC-00011032,ATM-151,,11713,2026-09-06T00:30:00+00:00,8860a259bbfffff
WD-00001926,ACC-00001020,ATM-076,,10000,2026-09-03T09:06:00+00:00,88608b0945fffff
WD-00001927,ACC-00000550,ATM-447,,12276,2026-07-07T05:30:00+00:00,883d8dcf37fffff
WD-00001928,ACC-00002763,ATM-076,,22265,2026-08-15T09:46:00+00:00,88608b0945fffff
WD-00001929,ACC-00011516,ATM-076,,10000,2026-09-09T14:50:00+00:00,88608b0945fffff
WD-00001930,ACC-00004949,ATM-001,,10000,2026-08-16T19:40:00+00:00,883da11455fffff
WD-00001931,ACC-00001001,ATM-421,,47421,2026-08-29T01:16:00+00:00,8842ceb4e3fffff
WD-00001932,ACC-00007186,ATM-373,,63682,2026-08-20T18:04:00+00:00,8842ceb4a7fffff
WD-00001933,ACC-00006835,ATM-076,,10363,2026-08-24T21:31:00+00:00,88608b0945fffff
WD-00001934,ACC-00001925,ATM-277,,16598,2026-07-20T13:27:00+00:00,8861892517fffff
WD-00001935,ACC-00004354,ATM-447,,10000,2026-07-20T11:11:00+00:00,883d8dcf37fffff
WD-00001936,ACC-00001192,ATM-076,,10401,2026-08-23T21:25:00+00:00,88608b0945fffff
WD-00001937,ACC-00001763,ATM-299,,12530,2026-07-18T23:06:00+00:00,88618c4f29fffff
WD-00001938,ACC-00002984,ATM-076,,35768,2026-09-05T10:48:00+00:00,88608b0945fffff
WD-00001939,ACC-00002822,ATM-076,,12166,2026-06-14T15:05:00+00:00,88608b0945fffff
WD-00001940,ACC-00003358,ATM-151,,58432,2026-07-23T07:47:00+00:00,8860a259bbfffff
WD-00001941,ACC-00007987,ATM-499,,23573,2026-06-14T16:57:00+00:00,883d8dcd0bfffff
WD-00001942,ACC-00005598,ATM-151,,44587,2026-06-12T04:03:00+00:00,8860a259bbfffff
WD-00001943,ACC-00006037,ATM-373,,11460,2026-06-16T20:41:00+00:00,8842ceb4a7fffff
WD-00001944,ACC-00009145,ATM-001,,20840,2026-07-20T17:51:00+00:00,883da11455fffff
WD-00001945,ACC-00003518,ATM-441,,19854,2026-07-09T19:46:00+00:00,8842ceb599fffff
WD-00001946,ACC-00004118,ATM-447,,10000,2026-07-14T00:36:00+00:00,883d8dcf37fffff
WD-00001947,ACC-00011948,ATM-225,,18815,2026-07-11T03:56:00+00:00,8861892517fffff
WD-00001948,ACC-00003549,ATM-151,,10000,2026-07-21T20:26:00+00:00,8860a259bbfffff
WD-00001949,ACC-00003020,ATM-151,,10000,2026-07-21T10:08:00+00:00,8860a259bbfffff
WD-00001950,ACC-00009685,ATM-225,,12409,2026-07-02T18:48:00+00:00,8861892517fffff
WD-00001951,ACC-00010152,ATM-001,,30898,2026-08-30T15:44:00+00:00,883da11455fffff
WD-00001952,ACC-00000908,ATM-299,,20096,2026-08-04T00:09:00+00:00,88618c4f29fffff
WD-00001953,ACC-00009981,ATM-376,,36011,2026-06-21T14:09:00+00:00,8842ceb4edfffff
WD-00001954,ACC-00004830,ATM-151,,22915,2026-09-09T04:57:00+00:00,8860a259bbfffff
WD-00001955,ACC-00003655,ATM-508,,85057,2026-08-16T00:43:00+00:00,883d8dcdd1fffff
WD-00001956,ACC-00002971,ATM-401,,46739,2026-06-21T17:49:00+00:00,8842cea64dfffff
WD-00001957,ACC-00007138,ATM-076,,17231,2026-06-14T20:41:00+00:00,88608b0945fffff
WD-00001958,ACC-00005780,ATM-299,,10714,2026-08-23T10:31:00+00:00,88618c4f29fffff
WD-00001959,ACC-00007116,ATM-151,,51079,2026-06-10T18:19:00+00:00,8860a259bbfffff
WD-00001960,ACC-00006422,ATM-225,,40839,2026-06-15T03:21:00+00:00,8861892517fffff
WD-00001961,ACC-00002891,ATM-001,,10000,2026-07-13T02:23:00+00:00,883da11455fffff
WD-00001962,ACC-00010756,ATM-076,,10000,2026-07-18T20:27:00+00:00,88608b0945fffff
WD-00001963,ACC-00000847,ATM-373,,23021,2026-06-30T21:49:00+00:00,8842ceb4a7fffff
WD-00001964,ACC-00008116,ATM-001,,15765,2026-07-31T07:18:00+00:00,883da11455fffff
WD-00001965,ACC-00011196,ATM-001,,19631,2026-09-02T05:32:00+00:00,883da11455fffff
WD-00001966,ACC-00001609,ATM-373,,10000,2026-07-06T18:03:00+00:00,8842ceb4a7fffff
WD-00001967,ACC-00004612,ATM-001,,10000,2026-06-07T19:27:00+00:00,883da11455fffff
WD-00001968,ACC-00002958,ATM-447,,12613,2026-08-25T14:01:00+00:00,883d8dcf37fffff
WD-00001969,ACC-00001895,ATM-447,,10000,2026-06-03T11:46:00+00:00,883d8dcf37fffff
WD-00001970,ACC-00006086,ATM-373,,10000,2026-09-01T04:24:00+00:00,8842ceb4a7fffff
WD-00001971,ACC-00011447,ATM-001,,18043,2026-08-21T05:36:00+00:00,883da11455fffff
WD-00001972,ACC-00003818,ATM-225,,10000,2026-06-11T19:16:00+00:00,8861892517fffff
WD-00001973,ACC-00009645,ATM-515,,14983,2026-08-01T13:26:00+00:00,883d8dcd43fffff
WD-00001974,ACC-00001662,ATM-151,,10000,2026-08-11T00:21:00+00:00,8860a259bbfffff
WD-00001975,ACC-00006649,ATM-151,,10000,2026-07-28T09:19:00+00:00,8860a259bbfffff
WD-00001976,ACC-00009544,ATM-151,,16034,2026-06-24T04:22:00+00:00,8860a259bbfffff
WD-00001977,ACC-00011326,ATM-001,,10000,2026-07-09T20:08:00+00:00,883da11455fffff
WD-00001978,ACC-00004427,ATM-374,,10245,2026-07-31T06:05:00+00:00,8842cea44dfffff
WD-00001979,ACC-00000924,ATM-447,,16250,2026-06-24T20:35:00+00:00,883d8dcf37fffff
WD-00001980,ACC-00006263,ATM-003,,10000,2026-07-26T07:53:00+00:00,883da1029dfffff
WD-00001981,ACC-00003866,ATM-076,,10000,2026-07-14T23:49:00+00:00,88608b0945fffff
WD-00001982,ACC-00010812,ATM-447,,48671,2026-09-06T09:57:00+00:00,883d8dcf37fffff
WD-00001983,ACC-00010026,ATM-299,,10000,2026-09-07T16:01:00+00:00,88618c4f29fffff
WD-00001984,ACC-00001709,ATM-153,,13527,2026-06-19T16:17:00+00:00,8860b525a1fffff
WD-00001985,ACC-00008311,ATM-447,,10000,2026-08-01T15:21:00+00:00,883d8dcf37fffff
WD-00001986,ACC-00007882,ATM-001,,11182,2026-06-04T10:29:00+00:00,883da11455fffff
WD-00001987,ACC-00002763,ATM-001,,13692,2026-08-19T19:25:00+00:00,883da11455fffff
WD-00001988,ACC-00003618,ATM-315,,20159,2026-06-01T21:03:00+00:00,88618c4f23fffff
WD-00001989,ACC-00003078,ATM-076,,24989,2026-07-02T10:29:00+00:00,88608b0945fffff
WD-00001990,ACC-00010687,ATM-151,,10000,2026-06-04T08:46:00+00:00,8860a259bbfffff
WD-00001991,ACC-00004991,ATM-076,,10000,2026-07-28T08:31:00+00:00,88608b0945fffff
WD-00001992,ACC-00004409,ATM-226,,14030,2026-06-19T19:47:00+00:00,8861892033fffff
WD-00001993,ACC-00002018,ATM-076,,67689,2026-06-29T01:13:00+00:00,88608b0945fffff
WD-00001994,ACC-00010078,ATM-076,,10000,2026-06-15T14:40:00+00:00,88608b0945fffff
WD-00001995,ACC-00001479,ATM-299,,10000,2026-08-30T04:01:00+00:00,88618c4f29fffff
WD-00001996,ACC-00005599,ATM-447,,10000,2026-06-25T21:04:00+00:00,883d8dcf37fffff
WD-00001997,ACC-00009078,ATM-002,,10789,2026-06-21T16:26:00+00:00,883da11627fffff
WD-00001998,ACC-00000579,ATM-076,,10000,2026-08-04T06:35:00+00:00,88608b0945fffff
WD-00001999,ACC-00009037,ATM-373,,40114,2026-06-15T20:57:00+00:00,8842ceb4a7fffff
WD-00002000,ACC-00010211,ATM-299,,26134,2026-07-18T16:24:00+00:00,88618c4f29fffff
WD-00002001,ACC-00004733,ATM-151,,17652,2026-06-21T06:01:00+00:00,8860a259bbfffff
WD-00002002,ACC-00010724,ATM-151,,10000,2026-08-23T15:36:00+00:00,8860a259bbfffff
WD-00002003,ACC-00004959,ATM-228,,13617,2026-08-10T21:13:00+00:00,886014594bfffff
WD-00002004,ACC-00001953,ATM-151,,11346,2026-08-18T08:18:00+00:00,8860a259bbfffff
WD-00002005,ACC-00007677,ATM-211,,12848,2026-08-08T01:20:00+00:00,8860a25995fffff
WD-00002006,ACC-00008934,ATM-076,,26639,2026-07-20T12:02:00+00:00,88608b0945fffff
WD-00002007,ACC-00011844,ATM-301,,15840,2026-06-27T01:19:00+00:00,88618c4e63fffff
WD-00002008,ACC-00000999,ATM-001,,10000,2026-08-18T07:11:00+00:00,883da11455fffff
WD-00002009,ACC-00008193,ATM-299,,10000,2026-08-14T22:24:00+00:00,88618c4f29fffff
WD-00002010,ACC-00010416,ATM-302,,10000,2026-06-05T10:02:00+00:00,88618c459dfffff
WD-00002011,ACC-00007789,ATM-076,,10000,2026-06-20T01:47:00+00:00,88608b0945fffff
WD-00002012,ACC-00000551,ATM-151,,22042,2026-07-07T23:39:00+00:00,8860a259bbfffff
WD-00002013,ACC-00003732,ATM-151,,18477,2026-07-18T09:38:00+00:00,8860a259bbfffff
WD-00002014,ACC-00006917,ATM-076,,13457,2026-07-25T15:04:00+00:00,88608b0945fffff
WD-00002015,ACC-00004179,ATM-225,,14705,2026-08-12T15:04:00+00:00,8861892517fffff
WD-00002016,ACC-00004423,ATM-002,,10000,2026-07-22T05:48:00+00:00,883da11627fffff
WD-00002017,ACC-00009845,ATM-447,,16355,2026-08-04T09:29:00+00:00,883d8dcf37fffff
WD-00002018,ACC-00001103,ATM-433,,10000,2026-06-29T12:47:00+00:00,8842ceb59bfffff
WD-00002019,ACC-00005112,ATM-299,,10000,2026-09-07T22:54:00+00:00,88618c4f29fffff
WD-00002020,ACC-00001451,ATM-151,,71651,2026-06-18T07:06:00+00:00,8860a259bbfffff
WD-00002021,ACC-00011004,ATM-076,,18662,2026-07-18T15:01:00+00:00,88608b0945fffff
WD-00002022,ACC-00001439,ATM-076,,10000,2026-06-18T00:25:00+00:00,88608b0945fffff
WD-00002023,ACC-00008895,ATM-151,,22140,2026-08-13T04:43:00+00:00,8860a259bbfffff
WD-00002024,ACC-00006422,ATM-373,,54337,2026-08-18T14:41:00+00:00,8842ceb4a7fffff
WD-00002025,ACC-00004633,ATM-151,,17800,2026-07-09T16:58:00+00:00,8860a259bbfffff
WD-00002026,ACC-00005401,ATM-151,,27073,2026-06-17T05:28:00+00:00,8860a259bbfffff
WD-00002027,ACC-00006117,ATM-076,,10251,2026-07-11T21:26:00+00:00,88608b0945fffff
WD-00002028,ACC-00009191,ATM-076,,25684,2026-07-18T15:18:00+00:00,88608b0945fffff
WD-00002029,ACC-00003677,ATM-225,,10000,2026-06-25T22:19:00+00:00,8861892517fffff
WD-00002030,ACC-00005847,ATM-225,,14348,2026-09-07T07:52:00+00:00,8861892517fffff
WD-00002031,ACC-00006400,ATM-491,,20272,2026-07-02T10:42:00+00:00,883d8dcd51fffff
WD-00002032,ACC-00006261,ATM-373,,10000,2026-07-08T17:21:00+00:00,8842ceb4a7fffff
WD-00002033,ACC-00008516,ATM-151,,10000,2026-08-01T05:06:00+00:00,8860a259bbfffff
WD-00002034,ACC-00002361,ATM-076,,15657,2026-08-30T19:25:00+00:00,88608b0945fffff
WD-00002035,ACC-00002854,ATM-078,,10000,2026-08-28T15:56:00+00:00,88608b4731fffff
WD-00002036,ACC-00011293,ATM-447,,10000,2026-07-31T07:15:00+00:00,883d8dcf37fffff
WD-00002037,ACC-00003802,ATM-151,,12703,2026-06-29T09:13:00+00:00,8860a259bbfffff
WD-00002038,ACC-00002472,ATM-223,,12917,2026-06-14T19:22:00+00:00,8860a25995fffff
WD-00002039,ACC-00005968,ATM-151,,10219,2026-06-15T03:45:00+00:00,8860a259bbfffff
WD-00002040,ACC-00009464,ATM-373,,17616,2026-09-09T07:06:00+00:00,8842ceb4a7fffff
WD-00002041,ACC-00006026,ATM-447,,18700,2026-06-01T05:55:00+00:00,883d8dcf37fffff
WD-00002042,ACC-00009069,ATM-327,,56881,2026-08-17T13:54:00+00:00,88618c4f3dfffff
WD-00002043,ACC-00006989,ATM-001,,18409,2026-08-15T05:36:00+00:00,883da11455fffff
WD-00002044,ACC-00007337,ATM-076,,14094,2026-08-26T15:37:00+00:00,88608b0945fffff
WD-00002045,ACC-00000734,ATM-299,,10241,2026-08-01T07:17:00+00:00,88618c4f29fffff
WD-00002046,ACC-00007857,ATM-375,,28589,2026-08-21T02:31:00+00:00,8842ceb559fffff
WD-00002047,ACC-00001834,ATM-076,,10000,2026-06-26T01:27:00+00:00,88608b0945fffff
WD-00002048,ACC-00005810,ATM-001,,15837,2026-08-15T16:55:00+00:00,883da11455fffff
WD-00002049,ACC-00007442,ATM-447,,18106,2026-08-15T05:28:00+00:00,883d8dcf37fffff
WD-00002050,ACC-00009281,ATM-226,,17895,2026-08-24T09:21:00+00:00,8861892033fffff
WD-00002051,ACC-00007747,ATM-076,,43847,2026-08-31T00:05:00+00:00,88608b0945fffff
WD-00002052,ACC-00005603,ATM-373,,14623,2026-06-28T17:05:00+00:00,8842ceb4a7fffff
WD-00002053,ACC-00009096,ATM-447,,12586,2026-07-18T12:58:00+00:00,883d8dcf37fffff
WD-00002054,ACC-00005089,ATM-225,,20637,2026-06-24T05:57:00+00:00,8861892517fffff
WD-00002055,ACC-00001602,ATM-076,,17187,2026-06-26T15:43:00+00:00,88608b0945fffff
WD-00002056,ACC-00008924,ATM-151,,10000,2026-06-19T09:51:00+00:00,8860a259bbfffff
WD-00002057,ACC-00001380,ATM-001,,15024,2026-06-17T06:44:00+00:00,883da11455fffff
WD-00002058,ACC-00005912,ATM-154,,15150,2026-09-09T00:20:00+00:00,8860a24b6dfffff
WD-00002059,ACC-00008741,ATM-076,,10000,2026-09-02T16:28:00+00:00,88608b0945fffff
WD-00002060,ACC-00007152,ATM-151,,21193,2026-08-03T09:56:00+00:00,8860a259bbfffff
WD-00002061,ACC-00011090,ATM-375,,10000,2026-07-04T07:05:00+00:00,8842ceb559fffff
WD-00002062,ACC-00011137,ATM-225,,30070,2026-07-26T07:28:00+00:00,8861892517fffff
WD-00002063,ACC-00000555,ATM-373,,27435,2026-06-26T05:37:00+00:00,8842ceb4a7fffff
WD-00002064,ACC-00004608,ATM-447,,26406,2026-08-04T10:11:00+00:00,883d8dcf37fffff
WD-00002065,ACC-00005852,ATM-136,,30495,2026-06-12T00:13:00+00:00,88608b096dfffff
WD-00002066,ACC-00003548,ATM-373,,10712,2026-06-13T11:32:00+00:00,8842ceb4a7fffff
WD-00002067,ACC-00011457,ATM-429,,20972,2026-08-31T13:20:00+00:00,8842ceb4a7fffff
WD-00002068,ACC-00001950,ATM-373,,10000,2026-06-14T15:37:00+00:00,8842ceb4a7fffff
WD-00002069,ACC-00011778,ATM-076,,10000,2026-09-06T08:44:00+00:00,88608b0945fffff
WD-00002070,ACC-00010532,ATM-447,,32313,2026-06-13T18:45:00+00:00,883d8dcf37fffff
WD-00002071,ACC-00002555,ATM-299,,10000,2026-06-21T09:14:00+00:00,88618c4f29fffff
WD-00002072,ACC-00000686,ATM-001,,14502,2026-07-19T10:13:00+00:00,883da11455fffff
WD-00002073,ACC-00002200,ATM-373,,11935,2026-06-19T09:11:00+00:00,8842ceb4a7fffff
WD-00002074,ACC-00005379,ATM-076,,10000,2026-08-12T22:56:00+00:00,88608b0945fffff
WD-00002075,ACC-00011272,ATM-001,,33929,2026-07-03T16:32:00+00:00,883da11455fffff
WD-00002076,ACC-00004602,ATM-076,,45039,2026-07-20T00:07:00+00:00,88608b0945fffff
WD-00002077,ACC-00003866,ATM-225,,12183,2026-06-29T05:42:00+00:00,8861892517fffff
WD-00002078,ACC-00003132,ATM-076,,10000,2026-06-04T16:45:00+00:00,88608b0945fffff
WD-00002079,ACC-00009260,ATM-151,,10000,2026-06-19T22:30:00+00:00,8860a259bbfffff
WD-00002080,ACC-00007563,ATM-373,,36223,2026-06-10T15:12:00+00:00,8842ceb4a7fffff
WD-00002081,ACC-00004435,ATM-373,,10000,2026-06-27T03:21:00+00:00,8842ceb4a7fffff
WD-00002082,ACC-00006855,ATM-151,,16745,2026-09-03T00:52:00+00:00,8860a259bbfffff
WD-00002083,ACC-00007287,ATM-151,,10000,2026-09-05T14:28:00+00:00,8860a259bbfffff
WD-00002084,ACC-00006789,ATM-151,,10000,2026-08-07T04:24:00+00:00,8860a259bbfffff
WD-00002085,ACC-00010256,ATM-447,,13963,2026-08-20T17:18:00+00:00,883d8dcf37fffff
WD-00002086,ACC-00007514,ATM-265,,25862,2026-09-06T19:40:00+00:00,88618925c1fffff
WD-00002087,ACC-00004542,ATM-299,,17235,2026-06-04T10:01:00+00:00,88618c4f29fffff
WD-00002088,ACC-00008324,ATM-225,,13100,2026-06-03T22:20:00+00:00,8861892517fffff
WD-00002089,ACC-00011797,ATM-001,,10000,2026-07-16T14:26:00+00:00,883da11455fffff
WD-00002090,ACC-00009071,ATM-225,,10997,2026-08-18T15:35:00+00:00,8861892517fffff
WD-00002091,ACC-00006482,ATM-277,,10000,2026-08-01T17:16:00+00:00,8861892517fffff
WD-00002092,ACC-00011172,ATM-225,,10000,2026-08-14T01:34:00+00:00,8861892517fffff
WD-00002093,ACC-00002202,ATM-151,,18556,2026-08-10T06:02:00+00:00,8860a259bbfffff
WD-00002094,ACC-00010075,ATM-373,,10000,2026-08-06T00:12:00+00:00,8842ceb4a7fffff
WD-00002095,ACC-00002350,ATM-076,,10000,2026-09-07T18:37:00+00:00,88608b0945fffff
WD-00002096,ACC-00000848,ATM-076,,10000,2026-08-27T00:09:00+00:00,88608b0945fffff
WD-00002097,ACC-00007052,ATM-151,,94785,2026-08-20T21:38:00+00:00,8860a259bbfffff
WD-00002098,ACC-00008112,ATM-151,,10000,2026-09-01T16:16:00+00:00,8860a259bbfffff
WD-00002099,ACC-00009512,ATM-154,,11915,2026-06-08T07:02:00+00:00,8860a24b6dfffff
WD-00002100,ACC-00002135,ATM-441,,10000,2026-06-24T18:41:00+00:00,8842ceb599fffff
WD-00002101,ACC-00002030,ATM-001,,18937,2026-07-31T04:09:00+00:00,883da11455fffff
WD-00002102,ACC-00010554,ATM-447,,10000,2026-08-10T08:39:00+00:00,883d8dcf37fffff
WD-00002103,ACC-00002406,ATM-450,,16453,2026-07-24T10:22:00+00:00,883d8dcc05fffff
WD-00002104,ACC-00000516,ATM-001,,10000,2026-07-06T10:32:00+00:00,883da11455fffff
WD-00002105,ACC-00005217,ATM-077,,31987,2026-09-07T11:51:00+00:00,88608b0a29fffff
WD-00002106,ACC-00010899,ATM-076,,25382,2026-06-04T12:52:00+00:00,88608b0945fffff
WD-00002107,ACC-00005642,ATM-302,,10000,2026-08-13T14:47:00+00:00,88618c459dfffff
WD-00002108,ACC-00001104,ATM-373,,16214,2026-07-23T12:07:00+00:00,8842ceb4a7fffff
WD-00002109,ACC-00001029,ATM-447,,13042,2026-07-27T13:05:00+00:00,883d8dcf37fffff
WD-00002110,ACC-00000999,ATM-373,,17671,2026-06-14T09:21:00+00:00,8842ceb4a7fffff
WD-00002111,ACC-00003674,ATM-151,,13548,2026-06-07T05:47:00+00:00,8860a259bbfffff
WD-00002112,ACC-00011125,ATM-299,,10410,2026-08-21T15:57:00+00:00,88618c4f29fffff
WD-00002113,ACC-00002113,ATM-373,,10000,2026-08-03T03:31:00+00:00,8842ceb4a7fffff
WD-00002114,ACC-00005383,ATM-447,,53483,2026-08-15T15:29:00+00:00,883d8dcf37fffff
WD-00002115,ACC-00002311,ATM-225,,23457,2026-07-14T14:24:00+00:00,8861892517fffff
WD-00002116,ACC-00001486,ATM-281,,10335,2026-09-01T13:44:00+00:00,88618925c5fffff
WD-00002117,ACC-00006773,ATM-225,,10000,2026-09-02T21:05:00+00:00,8861892517fffff
WD-00002118,ACC-00000637,ATM-373,,10000,2026-07-10T02:55:00+00:00,8842ceb4a7fffff
WD-00002119,ACC-00001025,ATM-299,,27236,2026-08-15T09:46:00+00:00,88618c4f29fffff
WD-00002120,ACC-00003154,ATM-299,,53055,2026-06-28T15:50:00+00:00,88618c4f29fffff
WD-00002121,ACC-00001694,ATM-001,,22682,2026-08-31T03:51:00+00:00,883da11455fffff
WD-00002122,ACC-00008438,ATM-447,,14093,2026-08-23T06:53:00+00:00,883d8dcf37fffff
WD-00002123,ACC-00005385,ATM-078,,12877,2026-08-11T00:23:00+00:00,88608b4731fffff
WD-00002124,ACC-00003881,ATM-151,,10000,2026-07-12T09:53:00+00:00,8860a259bbfffff
WD-00002125,ACC-00003226,ATM-447,,10000,2026-08-31T01:00:00+00:00,883d8dcf37fffff
WD-00002126,ACC-00004651,ATM-076,,11551,2026-07-09T16:47:00+00:00,88608b0945fffff
WD-00002127,ACC-00009751,ATM-225,,10000,2026-07-09T22:33:00+00:00,8861892517fffff
WD-00002128,ACC-00003782,ATM-373,,46380,2026-06-19T07:11:00+00:00,8842ceb4a7fffff
WD-00002129,ACC-00006267,ATM-151,,14421,2026-06-06T17:59:00+00:00,8860a259bbfffff
WD-00002130,ACC-00004960,ATM-151,,10586,2026-09-07T21:20:00+00:00,8860a259bbfffff
WD-00002131,ACC-00006430,ATM-447,,26888,2026-06-07T04:05:00+00:00,883d8dcf37fffff
WD-00002132,ACC-00008865,ATM-225,,15271,2026-07-31T17:11:00+00:00,8861892517fffff
WD-00002133,ACC-00006770,ATM-076,,17736,2026-08-19T22:35:00+00:00,88608b0945fffff
WD-00002134,ACC-00006399,ATM-373,,14144,2026-07-20T00:30:00+00:00,8842ceb4a7fffff
WD-00002135,ACC-00009537,ATM-447,,10000,2026-07-18T08:29:00+00:00,883d8dcf37fffff
WD-00002136,ACC-00007399,ATM-373,,27015,2026-06-23T06:42:00+00:00,8842ceb4a7fffff
WD-00002137,ACC-00004387,ATM-225,,10000,2026-06-06T19:12:00+00:00,8861892517fffff
WD-00002138,ACC-00010627,ATM-001,,38705,2026-06-19T21:15:00+00:00,883da11455fffff
WD-00002139,ACC-00001372,ATM-076,,10000,2026-07-13T08:38:00+00:00,88608b0945fffff
WD-00002140,ACC-00002289,ATM-315,,10000,2026-08-11T23:21:00+00:00,88618c4f23fffff
WD-00002141,ACC-00001342,ATM-373,,16225,2026-06-05T20:47:00+00:00,8842ceb4a7fffff
WD-00002142,ACC-00005933,ATM-001,,12747,2026-08-04T13:27:00+00:00,883da11455fffff
WD-00002143,ACC-00003811,ATM-001,,10617,2026-07-16T06:15:00+00:00,883da11455fffff
WD-00002144,ACC-00009408,ATM-227,,23238,2026-08-08T00:20:00+00:00,8861892537fffff
WD-00002145,ACC-00005358,ATM-299,,10000,2026-07-29T08:41:00+00:00,88618c4f29fffff
WD-00002146,ACC-00008620,ATM-151,,26017,2026-06-18T22:24:00+00:00,8860a259bbfffff
WD-00002147,ACC-00006454,ATM-299,,15066,2026-07-15T11:20:00+00:00,88618c4f29fffff
WD-00002148,ACC-00007727,ATM-373,,10000,2026-08-18T03:47:00+00:00,8842ceb4a7fffff
WD-00002149,ACC-00002176,ATM-373,,67825,2026-07-20T21:07:00+00:00,8842ceb4a7fffff
WD-00002150,ACC-00010011,ATM-373,,16287,2026-08-10T03:30:00+00:00,8842ceb4a7fffff
WD-00002151,ACC-00001319,ATM-076,,23371,2026-08-14T16:38:00+00:00,88608b0945fffff
WD-00002152,ACC-00001967,ATM-307,,10000,2026-07-12T09:51:00+00:00,88618c4f29fffff
WD-00002153,ACC-00002717,ATM-447,,10000,2026-08-20T07:40:00+00:00,883d8dcf37fffff
WD-00002154,ACC-00004637,ATM-001,,10000,2026-06-24T23:13:00+00:00,883da11455fffff
WD-00002155,ACC-00005453,ATM-447,,26500,2026-08-13T18:09:00+00:00,883d8dcf37fffff
WD-00002156,ACC-00002131,ATM-300,,10544,2026-06-13T07:41:00+00:00,88618c4d03fffff
WD-00002157,ACC-00007412,ATM-447,,10000,2026-06-21T06:46:00+00:00,883d8dcf37fffff
WD-00002158,ACC-00000587,ATM-076,,10000,2026-08-31T09:28:00+00:00,88608b0945fffff
WD-00002159,ACC-00008321,ATM-078,,10000,2026-07-22T06:58:00+00:00,88608b4731fffff
WD-00002160,ACC-00011060,ATM-076,,10000,2026-06-18T04:47:00+00:00,88608b0945fffff
WD-00002161,ACC-00002898,ATM-299,,10000,2026-07-15T14:46:00+00:00,88618c4f29fffff
WD-00002162,ACC-00002987,ATM-001,,12659,2026-08-19T07:17:00+00:00,883da11455fffff
WD-00002163,ACC-00003157,ATM-449,,31472,2026-08-24T14:36:00+00:00,883d8dcf3bfffff
WD-00002164,ACC-00009240,ATM-373,,57913,2026-07-20T13:55:00+00:00,8842ceb4a7fffff
WD-00002165,ACC-00001827,ATM-373,,10000,2026-09-07T15:21:00+00:00,8842ceb4a7fffff
WD-00002166,ACC-00009870,ATM-373,,10000,2026-08-22T11:31:00+00:00,8842ceb4a7fffff
WD-00002167,ACC-00006207,ATM-076,,22567,2026-08-30T13:17:00+00:00,88608b0945fffff
WD-00002168,ACC-00010518,ATM-447,,37972,2026-08-19T02:19:00+00:00,883d8dcf37fffff
WD-00002169,ACC-00011424,ATM-373,,10000,2026-08-31T17:54:00+00:00,8842ceb4a7fffff
WD-00002170,ACC-00001894,ATM-151,,10000,2026-07-15T06:02:00+00:00,8860a259bbfffff
WD-00002171,ACC-00011670,ATM-447,,10000,2026-08-30T00:08:00+00:00,883d8dcf37fffff
WD-00002172,ACC-00008459,ATM-076,,17708,2026-08-18T16:54:00+00:00,88608b0945fffff
WD-00002173,ACC-00010973,ATM-080,,12190,2026-06-19T23:07:00+00:00,88608b0961fffff
WD-00002174,ACC-00008856,ATM-331,,46565,2026-07-28T00:18:00+00:00,88618c4f21fffff
WD-00002175,ACC-00008010,ATM-225,,10421,2026-07-07T13:56:00+00:00,8861892517fffff
WD-00002176,ACC-00003179,ATM-225,,28982,2026-09-01T08:04:00+00:00,8861892517fffff
WD-00002177,ACC-00011779,ATM-078,,42527,2026-07-07T19:10:00+00:00,88608b4731fffff
WD-00002178,ACC-00002998,ATM-001,,30660,2026-07-13T17:10:00+00:00,883da11455fffff
WD-00002179,ACC-00002777,ATM-227,,26415,2026-09-06T23:56:00+00:00,8861892537fffff
WD-00002180,ACC-00001853,ATM-447,,12264,2026-08-19T11:18:00+00:00,883d8dcf37fffff
WD-00002181,ACC-00004914,ATM-447,,15576,2026-06-08T14:48:00+00:00,883d8dcf37fffff
WD-00002182,ACC-00004579,ATM-076,,10083,2026-06-18T00:17:00+00:00,88608b0945fffff
WD-00002183,ACC-00011869,ATM-299,,20201,2026-07-20T10:33:00+00:00,88618c4f29fffff
WD-00002184,ACC-00003659,ATM-001,,14441,2026-08-11T08:54:00+00:00,883da11455fffff
WD-00002185,ACC-00004621,ATM-447,,10000,2026-08-05T23:27:00+00:00,883d8dcf37fffff
WD-00002186,ACC-00010211,ATM-299,,111011,2026-07-01T16:50:00+00:00,88618c4f29fffff
WD-00002187,ACC-00009010,ATM-373,,74430,2026-07-04T11:12:00+00:00,8842ceb4a7fffff
WD-00002188,ACC-00004695,ATM-151,,37972,2026-07-25T13:53:00+00:00,8860a259bbfffff
WD-00002189,ACC-00008726,ATM-001,,76843,2026-06-22T11:32:00+00:00,883da11455fffff
WD-00002190,ACC-00007959,ATM-076,,70028,2026-07-22T03:11:00+00:00,88608b0945fffff
WD-00002191,ACC-00011142,ATM-076,,13773,2026-07-16T21:40:00+00:00,88608b0945fffff
WD-00002192,ACC-00005134,ATM-151,,10000,2026-06-05T06:55:00+00:00,8860a259bbfffff
WD-00002193,ACC-00011995,ATM-076,,22897,2026-07-21T17:03:00+00:00,88608b0945fffff
WD-00002194,ACC-00008563,ATM-077,,10000,2026-08-29T12:17:00+00:00,88608b0a29fffff
WD-00002195,ACC-00006985,ATM-447,,10000,2026-08-25T19:48:00+00:00,883d8dcf37fffff
WD-00002196,ACC-00002098,ATM-076,,42890,2026-06-01T11:41:00+00:00,88608b0945fffff
WD-00002197,ACC-00011332,ATM-373,,14056,2026-06-30T08:40:00+00:00,8842ceb4a7fffff
WD-00002198,ACC-00003406,ATM-076,,30931,2026-08-03T20:54:00+00:00,88608b0945fffff
WD-00002199,ACC-00006500,ATM-001,,19536,2026-08-19T22:32:00+00:00,883da11455fffff
WD-00002200,ACC-00011615,ATM-001,,29614,2026-08-23T12:37:00+00:00,883da11455fffff
WD-00002201,ACC-00009664,ATM-001,,22795,2026-07-16T04:29:00+00:00,883da11455fffff
WD-00002202,ACC-00003500,ATM-001,,29800,2026-09-05T07:19:00+00:00,883da11455fffff
WD-00002203,ACC-00009868,ATM-373,,20799,2026-06-09T10:10:00+00:00,8842ceb4a7fffff
WD-00002204,ACC-00005795,ATM-300,,11438,2026-06-08T10:53:00+00:00,88618c4d03fffff
WD-00002205,ACC-00009916,ATM-076,,37718,2026-08-18T00:19:00+00:00,88608b0945fffff
WD-00002206,ACC-00001117,ATM-225,,22078,2026-09-08T16:13:00+00:00,8861892517fffff
WD-00002207,ACC-00007971,ATM-447,,10253,2026-08-18T16:03:00+00:00,883d8dcf37fffff
WD-00002208,ACC-00007707,ATM-320,,10000,2026-08-30T04:52:00+00:00,88618c4d01fffff
WD-00002209,ACC-00004591,ATM-076,,14215,2026-07-03T02:03:00+00:00,88608b0945fffff
WD-00002210,ACC-00009234,ATM-225,,10000,2026-06-23T18:14:00+00:00,8861892517fffff
WD-00002211,ACC-00003287,ATM-225,,15324,2026-08-12T08:37:00+00:00,8861892517fffff
WD-00002212,ACC-00010859,ATM-001,,12250,2026-06-25T05:08:00+00:00,883da11455fffff
WD-00002213,ACC-00009327,ATM-079,,10636,2026-09-09T00:17:00+00:00,88608b5691fffff
WD-00002214,ACC-00000574,ATM-225,,12537,2026-09-05T22:41:00+00:00,8861892517fffff
WD-00002215,ACC-00001567,ATM-225,,10000,2026-07-23T02:47:00+00:00,8861892517fffff
WD-00002216,ACC-00008516,ATM-299,,15674,2026-08-16T22:17:00+00:00,88618c4f29fffff
WD-00002217,ACC-00011954,ATM-499,,10000,2026-06-22T07:21:00+00:00,883d8dcd0bfffff
WD-00002218,ACC-00009863,ATM-447,,10000,2026-07-18T17:27:00+00:00,883d8dcf37fffff
WD-00002219,ACC-00008305,ATM-447,,21541,2026-08-04T05:37:00+00:00,883d8dcf37fffff
WD-00002220,ACC-00009045,ATM-151,,10000,2026-06-27T23:42:00+00:00,8860a259bbfffff
WD-00002221,ACC-00001383,ATM-225,,10523,2026-07-03T10:37:00+00:00,8861892517fffff
WD-00002222,ACC-00001467,ATM-076,,22154,2026-08-28T15:04:00+00:00,88608b0945fffff
WD-00002223,ACC-00007688,ATM-136,,10000,2026-06-12T06:39:00+00:00,88608b096dfffff
WD-00002224,ACC-00007471,ATM-373,,18361,2026-08-10T02:55:00+00:00,8842ceb4a7fffff
WD-00002225,ACC-00011671,ATM-225,,12620,2026-06-22T16:42:00+00:00,8861892517fffff
WD-00002226,ACC-00009453,ATM-373,,17658,2026-08-11T10:42:00+00:00,8842ceb4a7fffff
WD-00002227,ACC-00009874,ATM-151,,30717,2026-07-09T18:36:00+00:00,8860a259bbfffff
WD-00002228,ACC-00007763,ATM-151,,10000,2026-07-11T18:34:00+00:00,8860a259bbfffff
WD-00002229,ACC-00010937,ATM-151,,10000,2026-08-03T08:48:00+00:00,8860a259bbfffff
WD-00002230,ACC-00010864,ATM-001,,16268,2026-06-08T00:33:00+00:00,883da11455fffff
WD-00002231,ACC-00007549,ATM-076,,11006,2026-09-04T18:28:00+00:00,88608b0945fffff
WD-00002232,ACC-00006226,ATM-076,,10000,2026-06-21T07:23:00+00:00,88608b0945fffff
WD-00002233,ACC-00002981,ATM-225,,12176,2026-06-06T03:58:00+00:00,8861892517fffff
WD-00002234,ACC-00011646,ATM-076,,10000,2026-08-26T18:09:00+00:00,88608b0945fffff
WD-00002235,ACC-00006115,ATM-376,,10000,2026-06-02T05:38:00+00:00,8842ceb4edfffff
WD-00002236,ACC-00008591,ATM-225,,10000,2026-07-10T04:10:00+00:00,8861892517fffff
WD-00002237,ACC-00007217,ATM-299,,10000,2026-06-13T11:15:00+00:00,88618c4f29fffff
WD-00002238,ACC-00009348,ATM-171,,29432,2026-06-01T00:50:00+00:00,8860a259b9fffff
WD-00002239,ACC-00011679,ATM-225,,10000,2026-06-03T02:42:00+00:00,8861892517fffff
WD-00002240,ACC-00009799,ATM-447,,10641,2026-07-10T23:55:00+00:00,883d8dcf37fffff
WD-00002241,ACC-00001745,ATM-076,,10000,2026-06-25T20:01:00+00:00,88608b0945fffff
WD-00002242,ACC-00011001,ATM-373,,10000,2026-09-05T13:50:00+00:00,8842ceb4a7fffff
WD-00002243,ACC-00006781,ATM-076,,34697,2026-08-13T03:39:00+00:00,88608b0945fffff
WD-00002244,ACC-00007565,ATM-299,,10000,2026-06-14T09:10:00+00:00,88618c4f29fffff
WD-00002245,ACC-00006615,ATM-001,,35362,2026-07-27T05:51:00+00:00,883da11455fffff
WD-00002246,ACC-00007097,ATM-225,,10000,2026-06-26T05:18:00+00:00,8861892517fffff
WD-00002247,ACC-00000678,ATM-004,,35954,2026-07-20T20:30:00+00:00,883da11239fffff
WD-00002248,ACC-00006970,ATM-447,,25155,2026-06-28T17:42:00+00:00,883d8dcf37fffff
WD-00002249,ACC-00000971,ATM-151,,10000,2026-09-05T18:12:00+00:00,8860a259bbfffff
WD-00002250,ACC-00011168,ATM-515,,10000,2026-08-26T17:52:00+00:00,883d8dcd43fffff
WD-00002251,ACC-00011411,ATM-151,,10000,2026-07-28T16:22:00+00:00,8860a259bbfffff
WD-00002252,ACC-00005390,ATM-299,,22934,2026-09-08T01:34:00+00:00,88618c4f29fffff
WD-00002253,ACC-00007866,ATM-227,,16178,2026-08-24T06:07:00+00:00,8861892537fffff
WD-00002254,ACC-00010801,ATM-447,,13233,2026-06-27T22:37:00+00:00,883d8dcf37fffff
WD-00002255,ACC-00001695,ATM-299,,21741,2026-07-13T15:26:00+00:00,88618c4f29fffff
WD-00002256,ACC-00006345,ATM-225,,31757,2026-06-05T02:10:00+00:00,8861892517fffff
WD-00002257,ACC-00005347,ATM-151,,10000,2026-06-05T18:25:00+00:00,8860a259bbfffff
WD-00002258,ACC-00011676,ATM-151,,10000,2026-09-08T09:56:00+00:00,8860a259bbfffff
WD-00002259,ACC-00008987,ATM-225,,17978,2026-07-25T02:22:00+00:00,8861892517fffff
WD-00002260,ACC-00010238,ATM-447,,10000,2026-07-04T07:10:00+00:00,883d8dcf37fffff
WD-00002261,ACC-00007711,ATM-447,,13621,2026-07-19T20:36:00+00:00,883d8dcf37fffff
WD-00002262,ACC-00001310,ATM-225,,10000,2026-08-17T01:01:00+00:00,8861892517fffff
WD-00002263,ACC-00005412,ATM-151,,10000,2026-06-30T04:33:00+00:00,8860a259bbfffff
WD-00002264,ACC-00005544,ATM-025,,10000,2026-08-03T12:12:00+00:00,883da11401fffff
WD-00002265,ACC-00010609,ATM-299,,10000,2026-08-26T14:20:00+00:00,88618c4f29fffff
WD-00002266,ACC-00006562,ATM-447,,14950,2026-08-22T01:24:00+00:00,883d8dcf37fffff
WD-00002267,ACC-00011737,ATM-374,,17394,2026-06-18T00:04:00+00:00,8842cea44dfffff
WD-00002268,ACC-00009896,ATM-151,,20011,2026-06-14T13:35:00+00:00,8860a259bbfffff
WD-00002269,ACC-00001216,ATM-076,,68541,2026-08-18T16:44:00+00:00,88608b0945fffff
WD-00002270,ACC-00011334,ATM-299,,10614,2026-08-29T03:00:00+00:00,88618c4f29fffff
WD-00002271,ACC-00009413,ATM-373,,18225,2026-07-13T11:23:00+00:00,8842ceb4a7fffff
WD-00002272,ACC-00008402,ATM-225,,21381,2026-07-30T11:33:00+00:00,8861892517fffff
WD-00002273,ACC-00009988,ATM-076,,12241,2026-06-04T11:37:00+00:00,88608b0945fffff
WD-00002274,ACC-00002793,ATM-373,,10000,2026-07-23T20:37:00+00:00,8842ceb4a7fffff
WD-00002275,ACC-00002367,ATM-001,,15523,2026-09-04T14:48:00+00:00,883da11455fffff
WD-00002276,ACC-00006100,ATM-076,,31841,2026-08-06T12:00:00+00:00,88608b0945fffff
WD-00002277,ACC-00003646,ATM-225,,10007,2026-08-04T19:28:00+00:00,8861892517fffff
WD-00002278,ACC-00008169,ATM-447,,16502,2026-08-22T10:58:00+00:00,883d8dcf37fffff
WD-00002279,ACC-00011349,ATM-225,,38350,2026-07-04T09:59:00+00:00,8861892517fffff
WD-00002280,ACC-00010565,ATM-076,,17386,2026-06-12T22:11:00+00:00,88608b0945fffff
WD-00002281,ACC-00005255,ATM-447,,33543,2026-09-04T02:03:00+00:00,883d8dcf37fffff
WD-00002282,ACC-00002723,ATM-003,,10634,2026-07-14T08:06:00+00:00,883da1029dfffff
WD-00002283,ACC-00001496,ATM-373,,10000,2026-06-01T04:16:00+00:00,8842ceb4a7fffff
WD-00002284,ACC-00008639,ATM-151,,38816,2026-06-18T14:22:00+00:00,8860a259bbfffff
WD-00002285,ACC-00008869,ATM-447,,23738,2026-09-04T14:31:00+00:00,883d8dcf37fffff
WD-00002286,ACC-00005613,ATM-374,,10000,2026-08-14T17:45:00+00:00,8842cea44dfffff
WD-00002287,ACC-00010885,ATM-299,,10000,2026-08-06T08:42:00+00:00,88618c4f29fffff
WD-00002288,ACC-00007854,ATM-373,,10000,2026-08-29T00:09:00+00:00,8842ceb4a7fffff
WD-00002289,ACC-00007603,ATM-001,,17843,2026-08-04T02:36:00+00:00,883da11455fffff
WD-00002290,ACC-00004731,ATM-151,,17820,2026-06-09T03:29:00+00:00,8860a259bbfffff
WD-00002291,ACC-00003401,ATM-076,,11931,2026-07-16T17:15:00+00:00,88608b0945fffff
WD-00002292,ACC-00004566,ATM-299,,10000,2026-07-13T18:46:00+00:00,88618c4f29fffff
WD-00002293,ACC-00003121,ATM-076,,40361,2026-09-04T12:50:00+00:00,88608b0945fffff
WD-00002294,ACC-00002056,ATM-225,,14987,2026-06-14T07:40:00+00:00,8861892517fffff
WD-00002295,ACC-00003981,ATM-076,,17163,2026-07-17T07:59:00+00:00,88608b0945fffff
WD-00002296,ACC-00002110,ATM-116,,10000,2026-07-03T17:42:00+00:00,88608b0963fffff
WD-00002297,ACC-00005051,ATM-299,,10000,2026-08-07T03:50:00+00:00,88618c4f29fffff
WD-00002298,ACC-00009346,ATM-151,,10000,2026-07-04T07:28:00+00:00,8860a259bbfffff
WD-00002299,ACC-00004487,ATM-151,,10000,2026-06-08T13:35:00+00:00,8860a259bbfffff
WD-00002300,ACC-00004505,ATM-151,,21313,2026-06-30T00:18:00+00:00,8860a259bbfffff
WD-00002301,ACC-00004059,ATM-447,,10000,2026-08-03T19:30:00+00:00,883d8dcf37fffff
WD-00002302,ACC-00004903,ATM-151,,38893,2026-07-11T03:22:00+00:00,8860a259bbfffff
WD-00002303,ACC-00003578,ATM-448,,12203,2026-08-31T15:13:00+00:00,883d8dcd8bfffff
WD-00002304,ACC-00010976,ATM-001,,10000,2026-06-30T05:05:00+00:00,883da11455fffff
WD-00002305,ACC-00005216,ATM-447,,10455,2026-08-28T01:26:00+00:00,883d8dcf37fffff
WD-00002306,ACC-00000855,ATM-001,,27297,2026-07-22T15:58:00+00:00,883da11455fffff
WD-00002307,ACC-00010236,ATM-447,,23042,2026-06-19T20:27:00+00:00,883d8dcf37fffff
WD-00002308,ACC-00005719,ATM-001,,10000,2026-09-07T18:00:00+00:00,883da11455fffff
WD-00002309,ACC-00000527,ATM-447,,13209,2026-06-10T07:52:00+00:00,883d8dcf37fffff
WD-00002310,ACC-00010427,ATM-225,,10000,2026-06-18T16:34:00+00:00,8861892517fffff
WD-00002311,ACC-00005077,ATM-299,,10000,2026-08-22T17:54:00+00:00,88618c4f29fffff
WD-00002312,ACC-00001629,ATM-447,,15739,2026-08-25T02:28:00+00:00,883d8dcf37fffff
WD-00002313,ACC-00011228,ATM-299,,10000,2026-06-09T20:35:00+00:00,88618c4f29fffff
WD-00002314,ACC-00003842,ATM-001,,10000,2026-08-07T10:49:00+00:00,883da11455fffff
WD-00002315,ACC-00001470,ATM-447,,12597,2026-06-23T16:44:00+00:00,883d8dcf37fffff
WD-00002316,ACC-00003487,ATM-077,,10000,2026-08-21T03:16:00+00:00,88608b0a29fffff
WD-00002317,ACC-00011816,ATM-299,,24958,2026-06-07T08:18:00+00:00,88618c4f29fffff
WD-00002318,ACC-00001440,ATM-076,,10000,2026-08-05T14:58:00+00:00,88608b0945fffff
WD-00002319,ACC-00005239,ATM-228,,10000,2026-06-01T00:50:00+00:00,886014594bfffff
WD-00002320,ACC-00008661,ATM-225,,10000,2026-09-04T20:33:00+00:00,8861892517fffff
WD-00002321,ACC-00002817,ATM-299,,48544,2026-07-17T18:39:00+00:00,88618c4f29fffff
WD-00002322,ACC-00011284,ATM-076,,16478,2026-07-27T09:47:00+00:00,88608b0945fffff
WD-00002323,ACC-00010830,ATM-225,,10000,2026-07-12T09:13:00+00:00,8861892517fffff
WD-00002324,ACC-00006155,ATM-076,,34118,2026-09-02T18:22:00+00:00,88608b0945fffff
WD-00002325,ACC-00005949,ATM-076,,10000,2026-06-02T14:14:00+00:00,88608b0945fffff
WD-00002326,ACC-00007305,ATM-225,,17381,2026-06-18T10:45:00+00:00,8861892517fffff
WD-00002327,ACC-00004527,ATM-299,,27509,2026-06-29T01:58:00+00:00,88618c4f29fffff
WD-00002328,ACC-00001587,ATM-299,,10000,2026-08-30T23:40:00+00:00,88618c4f29fffff
WD-00002329,ACC-00004774,ATM-299,,12065,2026-09-05T08:07:00+00:00,88618c4f29fffff
WD-00002330,ACC-00001343,ATM-154,,10000,2026-07-18T14:54:00+00:00,8860a24b6dfffff
WD-00002331,ACC-00004601,ATM-001,,70265,2026-08-03T07:52:00+00:00,883da11455fffff
WD-00002332,ACC-00008928,ATM-299,,26323,2026-07-02T08:03:00+00:00,88618c4f29fffff
WD-00002333,ACC-00009387,ATM-373,,10000,2026-06-26T18:45:00+00:00,8842ceb4a7fffff
WD-00002334,ACC-00001607,ATM-001,,10000,2026-07-24T00:47:00+00:00,883da11455fffff
WD-00002335,ACC-00002667,ATM-447,,20829,2026-08-12T04:57:00+00:00,883d8dcf37fffff
WD-00002336,ACC-00005680,ATM-152,,29398,2026-08-11T14:55:00+00:00,8860b52c91fffff
WD-00002337,ACC-00010088,ATM-300,,23296,2026-07-01T07:30:00+00:00,88618c4d03fffff
WD-00002338,ACC-00009855,ATM-302,,30314,2026-09-03T08:08:00+00:00,88618c459dfffff
WD-00002339,ACC-00008028,ATM-152,,19271,2026-07-30T23:03:00+00:00,8860b52c91fffff
WD-00002340,ACC-00011471,ATM-151,,26510,2026-08-20T03:34:00+00:00,8860a259bbfffff
WD-00002341,ACC-00004448,ATM-226,,10000,2026-09-05T23:02:00+00:00,8861892033fffff
WD-00002342,ACC-00009616,ATM-151,,11803,2026-06-02T20:07:00+00:00,8860a259bbfffff
WD-00002343,ACC-00001796,ATM-001,,25315,2026-07-11T17:33:00+00:00,883da11455fffff
WD-00002344,ACC-00010689,ATM-001,,20253,2026-08-23T17:32:00+00:00,883da11455fffff
WD-00002345,ACC-00006966,ATM-151,,14506,2026-08-02T08:39:00+00:00,8860a259bbfffff
WD-00002346,ACC-00004039,ATM-373,,24394,2026-08-06T13:25:00+00:00,8842ceb4a7fffff
WD-00002347,ACC-00005946,ATM-001,,10797,2026-08-23T01:55:00+00:00,883da11455fffff
WD-00002348,ACC-00001519,ATM-076,,10000,2026-09-07T09:53:00+00:00,88608b0945fffff
WD-00002349,ACC-00011271,ATM-373,,27026,2026-06-28T10:26:00+00:00,8842ceb4a7fffff
WD-00002350,ACC-00000619,ATM-001,,10000,2026-07-02T16:14:00+00:00,883da11455fffff
WD-00002351,ACC-00001289,ATM-001,,10000,2026-06-17T18:06:00+00:00,883da11455fffff
WD-00002352,ACC-00007251,ATM-299,,20346,2026-09-08T04:21:00+00:00,88618c4f29fffff
WD-00002353,ACC-00003293,ATM-151,,10000,2026-08-29T18:13:00+00:00,8860a259bbfffff
WD-00002354,ACC-00002935,ATM-299,,17997,2026-07-15T08:53:00+00:00,88618c4f29fffff
WD-00002355,ACC-00001864,ATM-076,,13646,2026-07-22T21:02:00+00:00,88608b0945fffff
WD-00002356,ACC-00001750,ATM-299,,27316,2026-06-29T16:25:00+00:00,88618c4f29fffff
WD-00002357,ACC-00008570,ATM-447,,10000,2026-06-20T12:21:00+00:00,883d8dcf37fffff
WD-00002358,ACC-00000738,ATM-373,,10000,2026-07-14T06:26:00+00:00,8842ceb4a7fffff
WD-00002359,ACC-00001240,ATM-301,,21174,2026-07-12T02:36:00+00:00,88618c4e63fffff
WD-00002360,ACC-00011801,ATM-401,,15322,2026-08-03T22:00:00+00:00,8842cea64dfffff
WD-00002361,ACC-00011726,ATM-151,,10000,2026-07-18T04:41:00+00:00,8860a259bbfffff
WD-00002362,ACC-00000948,ATM-007,,38702,2026-09-02T00:49:00+00:00,883da115e7fffff
WD-00002363,ACC-00010578,ATM-002,,10000,2026-06-13T03:28:00+00:00,883da11627fffff
WD-00002364,ACC-00011371,ATM-299,,18437,2026-08-23T02:16:00+00:00,88618c4f29fffff
WD-00002365,ACC-00006222,ATM-381,,23188,2026-06-02T05:46:00+00:00,8842ceb59bfffff
WD-00002366,ACC-00011962,ATM-225,,10000,2026-07-27T17:51:00+00:00,8861892517fffff
WD-00002367,ACC-00002677,ATM-076,,12310,2026-06-06T10:40:00+00:00,88608b0945fffff
WD-00002368,ACC-00009611,ATM-373,,13213,2026-08-19T00:58:00+00:00,8842ceb4a7fffff
WD-00002369,ACC-00007273,ATM-373,,10000,2026-07-11T23:34:00+00:00,8842ceb4a7fffff
WD-00002370,ACC-00009957,ATM-076,,10000,2026-06-22T12:57:00+00:00,88608b0945fffff
WD-00002371,ACC-00009759,ATM-225,,10000,2026-08-10T15:35:00+00:00,8861892517fffff
WD-00002372,ACC-00004212,ATM-299,,10000,2026-07-24T18:14:00+00:00,88618c4f29fffff
WD-00002373,ACC-00008420,ATM-225,,10000,2026-08-25T10:56:00+00:00,8861892517fffff
WD-00002374,ACC-00005781,ATM-225,,10955,2026-08-26T16:39:00+00:00,8861892517fffff
WD-00002375,ACC-00002943,ATM-447,,12430,2026-06-03T18:24:00+00:00,883d8dcf37fffff
WD-00002376,ACC-00005879,ATM-225,,22665,2026-07-19T18:22:00+00:00,8861892517fffff
WD-00002377,ACC-00011971,ATM-001,,10000,2026-06-15T13:48:00+00:00,883da11455fffff
WD-00002378,ACC-00010271,ATM-187,,10000,2026-08-02T22:45:00+00:00,8860a25995fffff
WD-00002379,ACC-00002166,ATM-076,,14457,2026-08-05T14:14:00+00:00,88608b0945fffff
WD-00002380,ACC-00006052,ATM-225,,47584,2026-08-22T19:04:00+00:00,8861892517fffff
WD-00002381,ACC-00005307,ATM-076,,19619,2026-08-08T17:04:00+00:00,88608b0945fffff
WD-00002382,ACC-00001392,ATM-001,,14449,2026-06-05T01:14:00+00:00,883da11455fffff
WD-00002383,ACC-00010488,ATM-447,,26542,2026-07-27T04:13:00+00:00,883d8dcf37fffff
WD-00002384,ACC-00007397,ATM-076,,16938,2026-06-22T15:17:00+00:00,88608b0945fffff
WD-00002385,ACC-00004306,ATM-001,,22052,2026-08-20T14:23:00+00:00,883da11455fffff
WD-00002386,ACC-00001924,ATM-225,,10019,2026-08-11T18:09:00+00:00,8861892517fffff
WD-00002387,ACC-00008848,ATM-373,,12618,2026-09-04T07:54:00+00:00,8842ceb4a7fffff
WD-00002388,ACC-00006918,ATM-001,,10000,2026-07-10T15:47:00+00:00,883da11455fffff
WD-00002389,ACC-00001188,ATM-299,,10000,2026-08-24T20:25:00+00:00,88618c4f29fffff
WD-00002390,ACC-00004010,ATM-447,,10000,2026-07-25T16:06:00+00:00,883d8dcf37fffff
WD-00002391,ACC-00008322,ATM-077,,11834,2026-08-13T02:55:00+00:00,88608b0a29fffff
WD-00002392,ACC-00008801,ATM-373,,47157,2026-08-04T22:39:00+00:00,8842ceb4a7fffff
WD-00002393,ACC-00007157,ATM-299,,11040,2026-06-02T16:40:00+00:00,88618c4f29fffff
WD-00002394,ACC-00002860,ATM-004,,10000,2026-08-12T23:59:00+00:00,883da11239fffff
WD-00002395,ACC-00004350,ATM-001,,15192,2026-06-28T12:05:00+00:00,883da11455fffff
WD-00002396,ACC-00008782,ATM-001,,10765,2026-08-27T17:29:00+00:00,883da11455fffff
WD-00002397,ACC-00005420,ATM-079,,10943,2026-06-30T09:33:00+00:00,88608b5691fffff
WD-00002398,ACC-00004857,ATM-001,,14070,2026-06-29T15:10:00+00:00,883da11455fffff
WD-00002399,ACC-00004483,ATM-076,,18947,2026-06-24T00:03:00+00:00,88608b0945fffff
WD-00002400,ACC-00004531,ATM-001,,28356,2026-06-26T10:38:00+00:00,883da11455fffff
